#,Name,Primary Type,Secondary Type,Total,HP,Attack,Defense,Sp.Atk,Sp.Def,Speed,Variant,Generation,Evolution Stage,Category,Pre-evolution,Egg Group 1,Egg Group 2,Height (m),Weight (kg),Gender,Catch Rate,Catch Rate (%),Hatch Time,Egg Obtainable,Smash/Pass
1,Bulbasaur,Grass,Poison,318,45,49,49,65,65,45,,1,1,Seed,,Monster,Grass,0.7,6.9,Both,45,11.9%,20 cycles,Yes,Pass
2,Ivysaur,Grass,Poison,405,60,62,63,80,80,60,,1,2,Seed,Bulbasaur,Monster,Grass,1.0,13.0,Both,45,11.9%,20 cycles,Yes,Pass
3,Venusaur,Grass,Poison,525,80,82,83,100,100,80,Mega Venusaur; Gigantamax Venusaur,1,3,Seed,Ivysaur,Monster,Grass,2.0,100.0,Both,45,11.9%,20 cycles,Yes,Pass
4,Charmander,Fire,Dragon,309,39,52,43,60,50,65,,1,1,Lizard,,Monster,Dragon,0.6,8.5,Both,45,11.9%,20 cycles,Yes,Pass
5,Charmeleon,Fire,Dragon,405,58,64,58,80,65,80,,1,2,Flame,Charmander,Monster,Dragon,1.1,19.0,Both,45,11.9%,20 cycles,Yes,Pass
6,Charizard,Fire,Flying,534,78,84,78,109,85,100,Mega Charizard X; Mega Charizard Y; Gigantamax Charizard,1,3,Flame,Charmeleon,Monster,Dragon,1.7,90.5,Both,45,11.9%,20 cycles,Yes,Pass
7,Squirtle,Water,,314,44,48,65,50,64,43,,1,1,Tiny Turtle,,Monster,Water 1,0.5,9.0,Both,45,11.9%,20 cycles,Yes,Pass
8,Wartortle,Water,,405,59,63,80,65,80,58,,1,2,Turtle,Squirtle,Monster,Water 1,1.0,22.5,Both,45,11.9%,20 cycles,Yes,Pass
9,Blastoise,Water,,530,79,83,100,85,105,78,Mega Blastoise; Gigantamax Blastoise,1,3,Shellfish,Wartortle,Monster,Water 1,1.6,85.5,Both,45,11.9%,20 cycles,Yes,Pass
10,Caterpie,Bug,,195,45,30,35,20,20,45,,1,1,Worm,,Bug,,0.3,2.9,Both,255,43.9%,15 cycles,Yes,Pass
11,Metapod,Bug,,205,50,20,55,25,25,30,,1,2,Cocoon,Caterpie,Bug,,0.7,9.9,Both,120,24.9%,15 cycles,Yes,Pass
12,Butterfree,Bug,Flying,395,60,45,50,90,80,70,,1,3,Butterfly,Metapod,Bug,,1.1,32.0,Both,45,11.9%,15 cycles,Yes,Pass
13,Weedle,Bug,Poison,195,40,35,30,20,20,50,,1,1,Hairy Bug,,Bug,,0.3,3.2,Both,255,43.9%,15 cycles,Yes,Pass
14,Kakuna,Bug,Poison,205,45,25,50,25,25,35,,1,2,Cocoon,Weedle,Bug,,0.6,10.0,Both,120,24.9%,15 cycles,Yes,Pass
15,Beedrill,Bug,Poison,395,65,90,40,45,80,75,Mega Beedrill,1,3,Poison Bee,Kakuna,Bug,,1.0,29.5,Both,45,11.9%,15 cycles,Yes,Smash
16,Pidgey,Normal,Flying,251,40,45,40,35,35,56,,1,1,Tiny Bird,,Flying,,0.3,1.8,Both,255,43.9%,15 cycles,Yes,Pass
17,Pidgeotto,Normal,Flying,349,63,60,55,50,50,71,,1,2,Bird,Pidgey,Flying,,1.1,30.0,Both,120,24.9%,15 cycles,Yes,Pass
18,Pidgeot,Normal,Flying,479,83,80,75,70,70,101,Mega Pidgeot,1,3,Bird,Pidgeotto,Flying,,1.5,39.5,Both,45,11.9%,15 cycles,Yes,Pass
19,Rattata,Normal,Dark,253,30,56,35,25,35,72,Alolan Rattata,1,1,Mouse,,Field,,0.3,3.5,Both,255,43.9%,15 cycles,Yes,Pass
20,Raticate,Normal,Dark,413,55,81,60,50,70,97,Alolan Raticate,1,2,Mouse,Rattata,Field,,0.7,18.5,Both,127,26%,15 cycles,Yes,Pass
21,Spearow,Normal,Flying,262,40,60,30,31,31,70,,1,1,Tiny Bird,,Flying,,0.3,2.0,Both,255,43.9%,15 cycles,Yes,Pass
22,Fearow,Normal,Flying,442,65,90,65,61,61,100,,1,2,Beak,Spearow,Flying,,1.2,38.0,Both,90,20.1%,15 cycles,Yes,Pass
23,Ekans,Poison,Dragon,288,35,60,44,40,54,55,,1,1,Snake,,Field,Dragon,2.0,6.9,Both,255,43.9%,20 cycles,Yes,Pass
24,Arbok,Poison,Dragon,448,60,95,69,65,79,80,,1,2,Cobra,Ekans,Field,Dragon,3.5,65.0,Both,90,20.1%,20 cycles,Yes,Smash
25,Pikachu,Electric,Fairy,320,35,55,40,50,50,90,Cosplay Pikachu; Pikachu in a cap; Gigantamax Pikachu; Pale Pikachu; Partner Pikachu,1,2,Mouse,Pichu,Field,Fairy or No Eggs Discovered,0.4,6.0,Both,190,35.2%,10 cycles,Yes,Pass
26,Raichu,Electric,Psychic,485,60,90,55,90,80,110,Alolan Raichu; Mega Raichu X; Mega Raichu Y,1,3,Mouse,Pikachu,Field,Fairy,0.8,30.0,Both,75,17.5%,10 cycles,Yes,Pass
27,Sandshrew,Ground,Ice,300,50,75,85,20,30,40,Alolan Sandshrew,1,1,Mouse,,Field,,0.6,12.0,Both,255,43.9%,20 cycles,Yes,Pass
28,Sandslash,Ground,Ice,450,75,100,110,45,55,65,Alolan Sandslash,1,2,Mouse,Sandshrew,Field,,1.0,29.5,Both,90,20.1%,20 cycles,Yes,Pass
29,Nidoran♀,Poison,,275,55,47,52,40,40,41,,1,1,Poison Pin,,Monster,Field,0.4,7.0,Female,235,41.3%,20 cycles,Yes,Pass
30,Nidorina,Poison,,365,70,62,67,55,55,56,,1,2,Poison Pin,Nidoran♀,No Eggs Discovered,,0.8,20.0,Female,120,24.9%,20 cycles,Yes,Pass
31,Nidoqueen,Poison,Ground,505,90,92,87,75,85,76,,1,3,Drill,Nidorina,No Eggs Discovered,,1.3,60.0,Female,45,11.9%,20 cycles,Yes,Pass
32,Nidoran♂,Poison,,273,46,57,40,40,40,50,,1,1,Poison Pin,,Monster,Field,0.5,9.0,Male,235,41.3%,20 cycles,Yes,Pass
33,Nidorino,Poison,,365,61,72,57,55,55,65,,1,2,Poison Pin,Nidoran♂,Monster,Field,0.9,19.5,Male,120,24.9%,20 cycles,Yes,Pass
34,Nidoking,Poison,Ground,505,81,102,77,85,75,85,,1,3,Drill,Nidorino,Monster,Field,1.4,62.0,Male,45,11.9%,20 cycles,Yes,Pass
35,Clefairy,Fairy,,323,70,45,48,60,65,35,,1,2,Fairy,Cleffa,Fairy,,0.6,7.5,Both,150,29.5%,10 cycles,Yes,Pass
36,Clefable,Fairy,Flying,483,95,70,73,95,90,60,Mega Clefable,1,3,Fairy,Clefairy,Fairy,,1.3,40.0,Both,25,7.7%,10 cycles,Yes,Pass
37,Vulpix,Fire,Ice,299,38,41,40,50,65,65,Alolan Vulpix,1,1,Fox,,Field,,0.6,9.9,Both,190,35.2%,20 cycles,Yes,Pass
38,Ninetales,Fire,Ice,505,73,76,75,81,100,100,Alolan Ninetales,1,2,Fox,Vulpix,Field,,1.1,19.9,Both,75,17.5%,20 cycles,Yes,Smash
39,Jigglypuff,Normal,Fairy,270,115,45,20,45,25,20,,1,2,Balloon,Igglybuff,Fairy,,0.5,5.5,Both,170,32.4%,10 cycles,Yes,Pass
40,Wigglytuff,Normal,Fairy,435,140,70,45,85,50,45,,1,3,Balloon,Jigglypuff,Fairy,,1.0,12.0,Both,50,12.9%,10 cycles,Yes,Pass
41,Zubat,Poison,Flying,245,40,45,35,30,40,55,,1,1,Bat,,Flying,,0.8,7.5,Both,255,43.9%,15 cycles,Yes,Pass
42,Golbat,Poison,Flying,455,75,80,70,65,75,90,,1,2,Bat,Zubat,Flying,,1.6,55.0,Both,90,20.1%,15 cycles,Yes,Pass
43,Oddish,Grass,Poison,320,45,50,55,75,65,30,,1,1,Weed,,Grass,,0.5,5.4,Both,255,43.9%,20 cycles,Yes,Pass
44,Gloom,Grass,Poison,395,60,65,70,85,75,40,,1,2,Weed,Oddish,Grass,,0.8,8.6,Both,120,24.9%,20 cycles,Yes,Pass
45,Vileplume,Grass,Poison,490,75,80,85,110,90,50,,1,3,Flower,Gloom,Grass,,1.2,18.6,Both,45,11.9%,20 cycles,Yes,Pass
46,Paras,Bug,Grass,285,35,70,55,45,55,25,,1,1,Mushroom,,Bug,Grass,0.3,5.4,Both,190,35.2%,20 cycles,Yes,Pass
47,Parasect,Bug,Grass,405,60,95,80,60,80,30,,1,2,Mushroom,Paras,Bug,Grass,1.0,29.5,Both,75,17.5%,20 cycles,Yes,Pass
48,Venonat,Bug,Poison,305,60,55,50,40,55,45,,1,1,Insect,,Bug,,1.0,30.0,Both,190,35.2%,20 cycles,Yes,Pass
49,Venomoth,Bug,Poison,450,70,65,60,90,75,90,,1,2,Poison Moth,Venonat,Bug,,1.5,12.5,Both,75,17.5%,20 cycles,Yes,Pass
50,Diglett,Ground,Steel,265,10,55,25,35,45,95,Alolan Diglett,1,1,Mole,,Field,,0.2,0.8,Both,255,43.9%,20 cycles,Yes,Smash
51,Dugtrio,Ground,Steel,425,35,100,50,50,70,120,Alolan Dugtrio,1,2,Mole,Diglett,Field,,0.7,33.3,Both,50,12.9%,20 cycles,Yes,Smash
52,Meowth,Normal,Dark,290,40,45,35,40,40,90,Alolan Meowth; Galarian Meowth; Gigantamax Meowth,1,1,Scratch Cat,,Field,,0.4,4.2,Both,255,43.9%,20 cycles,Yes,Pass
53,Persian,Normal,Dark,440,65,70,60,65,65,115,Alolan Persian,1,2,Classy Cat,Meowth,Field,,1.0,32.0,Both,90,20.1%,20 cycles,Yes,Pass
54,Psyduck,Water,,320,50,52,48,65,50,55,,1,1,Duck,,Water 1,Field,0.8,19.6,Both,190,35.2%,20 cycles,Yes,Pass
55,Golduck,Water,,500,80,82,78,95,80,85,,1,2,Duck,Psyduck,Water 1,Field,1.7,76.6,Both,75,17.5%,20 cycles,Yes,Pass
56,Mankey,Fighting,,305,40,80,35,35,45,70,,1,1,Pig Monkey,,Field,,0.5,28.0,Both,190,35.2%,20 cycles,Yes,Pass
57,Primeape,Fighting,,455,65,105,60,60,70,95,,1,2,Pig Monkey,Mankey,Field,,1.0,32.0,Both,75,17.5%,20 cycles,Yes,Pass
58,Growlithe,Fire,Rock,350,55,70,45,70,50,60,Hisuian Growlithe,1,1,Puppy,,Field,,0.7,19.0,Both,190,35.2%,20 cycles,Yes,Pass
59,Arcanine,Fire,Rock,555,90,110,80,100,80,95,Hisuian Arcanine,1,2,Legendary,Growlithe,Field,,1.9,155.0,Both,75,17.5%,20 cycles,Yes,Pass
60,Poliwag,Water,,300,40,50,40,40,40,90,,1,1,Tadpole,,Water 1,,0.6,12.4,Both,255,43.9%,20 cycles,Yes,Pass
61,Poliwhirl,Water,,385,65,65,65,50,50,90,,1,2,Tadpole,Poliwag,Water 1,,1.0,20.0,Both,120,24.9%,20 cycles,Yes,Pass
62,Poliwrath,Water,Fighting,510,90,95,95,70,90,70,,1,3,Tadpole,Poliwhirl,Water 1,,1.3,54.0,Both,45,11.9%,20 cycles,Yes,Pass
63,Abra,Psychic,,310,25,20,15,105,55,90,,1,1,Psi,,Human-Like,,0.9,19.5,Both,200,36.6%,20 cycles,Yes,Pass
64,Kadabra,Psychic,,400,40,35,30,120,70,105,,1,2,Psi,Abra,Human-Like,,1.3,56.5,Both,100,21.7%,20 cycles,Yes,Pass
65,Alakazam,Psychic,,500,55,50,45,135,95,120,Mega Alakazam,1,3,Psi,Kadabra,Human-Like,,1.5,48.0,Both,50,12.9%,20 cycles,Yes,Pass
66,Machop,Fighting,,305,70,80,50,35,35,35,,1,1,Superpower,,Human-Like,,0.8,19.5,Both,180,33.8%,20 cycles,Yes,Pass
67,Machoke,Fighting,,405,80,100,70,50,60,45,,1,2,Superpower,Machop,Human-Like,,1.5,70.5,Both,90,20.1%,20 cycles,Yes,Pass
68,Machamp,Fighting,,505,90,130,80,65,85,55,,1,3,Superpower,Machoke,Human-Like,,1.6,130.0,Both,45,11.9%,20 cycles,Yes,Pass
69,Bellsprout,Grass,Poison,300,50,75,35,70,30,40,,1,1,Flower,,Grass,,0.7,4.0,Both,255,43.9%,20 cycles,Yes,Pass
70,Weepinbell,Grass,Poison,390,65,90,50,85,45,55,,1,2,Flycatcher,Bellsprout,Grass,,1.0,6.4,Both,120,24.9%,20 cycles,Yes,Smash
71,Victreebel,Grass,Poison,490,80,105,65,100,70,70,Mega Victreebel,1,3,Flycatcher,Weepinbell,Grass,,1.7,15.5,Both,45,11.9%,20 cycles,Yes,Pass
72,Tentacool,Water,Poison,335,40,40,35,50,100,70,,1,1,Jellyfish,,Water 3,,0.9,45.5,Both,190,35.2%,20 cycles,Yes,Pass
73,Tentacruel,Water,Poison,515,80,70,65,80,120,100,,1,2,Jellyfish,Tentacool,Water 3,,1.6,55.0,Both,60,14.8%,20 cycles,Yes,Pass
74,Geodude,Rock,Ground,300,40,80,100,30,30,20,Alolan Geodude,1,1,Rock,,Mineral,,0.4,20.0,Both,255,43.9%,15 cycles,Yes,Pass
75,Graveler,Rock,Ground,390,55,95,115,45,45,35,Alolan Graveler,1,2,Rock,Geodude,Mineral,,1.0,105.0,Both,120,24.9%,15 cycles,Yes,Pass
76,Golem,Rock,Ground,495,80,120,130,55,65,45,Alolan Golem,1,3,Megaton,Graveler,Mineral,,1.4,300.0,Both,45,11.9%,15 cycles,Yes,Pass
77,Ponyta,Fire,Psychic,410,50,85,55,65,65,90,Galarian Ponyta,1,1,Fire Horse,,Field,,1.0,30.0,Both,190,35.2%,20 cycles,Yes,Pass
78,Rapidash,Fire,Psychic,500,65,100,70,80,80,105,Galarian Rapidash,1,2,Fire Horse,Ponyta,Field,,1.7,95.0,Both,60,14.8%,20 cycles,Yes,Pass
79,Slowpoke,Water,Psychic,315,90,65,65,40,40,15,Galarian Slowpoke,1,1,Dopey,,Monster,Water 1,1.2,36.0,Both,190,35.2%,20 cycles,Yes,Pass
80,Slowbro,Water,Psychic,490,95,75,110,100,80,30,Mega Slowbro; Galarian Slowbro,1,2,Hermit Crab,Slowpoke,Monster,Water 1,1.6,78.5,Both,75,17.5%,20 cycles,Yes,Pass
81,Magnemite,Electric,Steel,325,25,35,70,95,55,45,,1,1,Magnet,,Mineral,,0.3,6.0,Neither,190,35.2%,20 cycles,Yes,Pass
82,Magneton,Electric,Steel,465,50,60,95,120,70,70,,1,2,Magnet,Magnemite,Mineral,,1.0,60.0,Neither,60,14.8%,20 cycles,Yes,Smash
83,Farfetch'd,Normal,Flying,377,52,90,55,58,62,60,Galarian Farfetch'd,1,1,Wild Duck,,Flying,Field,0.8,15.0,Both,45,11.9%,20 cycles,Yes,Pass
84,Doduo,Normal,Flying,310,35,85,45,35,35,75,,1,1,Twin Bird,,Flying,,1.4,39.2,Both,190,35.2%,20 cycles,Yes,Pass
85,Dodrio,Normal,Flying,470,60,110,70,60,60,110,,1,2,Triple Bird,Doduo,Flying,,1.8,85.2,Both,45,11.9%,20 cycles,Yes,Pass
86,Seel,Water,,325,65,45,55,45,70,45,,1,1,Sea Lion,,Water 1,Field,1.1,90.0,Both,190,35.2%,20 cycles,Yes,Pass
87,Dewgong,Water,Ice,475,90,70,80,70,95,70,,1,2,Sea Lion,Seel,Water 1,Field,1.7,120.0,Both,75,17.5%,20 cycles,Yes,Pass
88,Grimer,Poison,Dark,325,80,80,50,40,50,25,Alolan Grimer,1,1,Sludge,,Amorphous,,0.9,30.0,Both,190,35.2%,20 cycles,Yes,Pass
89,Muk,Poison,Dark,500,105,105,75,65,100,50,Alolan Muk,1,2,Sludge,Grimer,Amorphous,,1.2,30.0,Both,75,17.5%,20 cycles,Yes,Pass
90,Shellder,Water,,305,30,65,100,45,25,40,,1,1,Bivalve,,Water 3,,0.3,4.0,Both,190,35.2%,20 cycles,Yes,Smash
91,Cloyster,Water,Ice,525,50,95,180,85,45,70,,1,2,Bivalve,Shellder,Water 3,,1.5,132.5,Both,60,14.8%,20 cycles,Yes,Smash
92,Gastly,Ghost,Poison,310,30,35,30,100,35,80,,1,1,Gas,,Amorphous,,1.3,0.1,Both,190,35.2%,20 cycles,Yes,Pass
93,Haunter,Ghost,Poison,405,45,50,45,115,55,95,,1,2,Gas,Gastly,Amorphous,,1.6,0.1,Both,90,20.1%,20 cycles,Yes,Pass
94,Gengar,Ghost,Poison,500,60,65,60,130,75,110,Mega Gengar,1,3,Shadow,Haunter,Amorphous,,1.5,40.5,Both,45,11.9%,20 cycles,Yes,Pass
95,Onix,Rock,Ground,385,35,45,160,30,45,70,,1,1,Rock Snake,,Mineral,,8.8,210.0,Both,45,11.9%,25 cycles,Yes,Pass
96,Drowzee,Psychic,,328,60,48,45,43,90,42,,1,1,Hypnosis,,Human-Like,,1.0,32.4,Both,190,35.2%,20 cycles,Yes,Pass
97,Hypno,Psychic,,483,85,73,70,73,115,67,,1,2,Hypnosis,Drowzee,Human-Like,,1.6,75.6,Both,75,17.5%,20 cycles,Yes,Pass
98,Krabby,Water,,325,30,105,90,25,25,50,,1,1,River Crab,,Water 3,,0.4,6.5,Both,225,39.9%,20 cycles,Yes,Pass
99,Kingler,Water,,475,55,130,115,50,50,75,,1,2,Pincer,Krabby,Water 3,,1.3,60.0,Both,60,14.8%,20 cycles,Yes,Pass
100,Voltorb,Electric,Grass,330,40,30,50,55,55,100,Hisuian Voltorb,1,1,Ball,,Mineral,,0.5,10.4,Neither,190,35.2%,20 cycles,Yes,Pass
101,Electrode,Electric,Grass,490,60,50,70,80,80,150,Hisuian Electrode,1,2,Ball,Voltorb,Mineral,,1.2,66.6,Neither,60,14.8%,20 cycles,Yes,Pass
102,Exeggcute,Grass,Psychic,325,60,40,80,60,45,40,,1,1,Egg,,Grass,,0.4,2.5,Both,90,20.1%,20 cycles,Yes,Pass
103,Exeggutor,Grass,Psychic,530,95,95,85,125,75,55,Alolan Exeggutor,1,2,Coconut,Exeggcute,Grass,,2.0,120.0,Both,45,11.9%,20 cycles,Yes,Pass
104,Cubone,Ground,,320,50,50,95,40,50,35,,1,1,Lonely,,Monster,,0.4,6.5,Both,190,35.2%,20 cycles,Yes,Pass
105,Marowak,Ground,Fire,425,60,80,110,50,80,45,Alolan Marowak,1,2,Bone Keeper,Cubone,Monster,,1.0,45.0,Both,75,17.5%,20 cycles,Yes,Pass
106,Hitmonlee,Fighting,,455,50,120,53,35,110,87,,1,2,Kicking,Tyrogue,Human-Like,,1.5,49.8,Male,45,11.9%,25 cycles,Yes,Pass
107,Hitmonchan,Fighting,,455,50,105,79,35,110,76,,1,2,Punching,Tyrogue,Human-Like,,1.4,50.2,Male,45,11.9%,25 cycles,Yes,Smash
108,Lickitung,Normal,,385,90,55,75,60,75,30,,1,1,Licking,,Monster,,1.2,65.5,Both,45,11.9%,20 cycles,Yes,Pass
109,Koffing,Poison,,340,40,65,95,60,45,35,,1,1,Poison Gas,,Amorphous,,0.6,1.0,Both,190,35.2%,20 cycles,Yes,Pass
110,Weezing,Poison,Fairy,490,65,90,120,85,70,60,Galarian Weezing,1,2,Poison Gas,Koffing,Amorphous,,1.2,9.5,Both,60,14.8%,20 cycles,Yes,Pass
111,Rhyhorn,Ground,Rock,345,80,85,95,30,30,25,,1,1,Spikes,,Monster,Field,1.0,115.0,Both,120,24.9%,20 cycles,Yes,Pass
112,Rhydon,Ground,Rock,485,105,130,120,45,45,40,,1,2,Drill,Rhyperior,Monster,Field,1.9,120.0,Both,60,14.8%,20 cycles,Yes,Pass
113,Chansey,Normal,Fairy,450,250,5,5,35,105,50,,1,2,Egg,Happiny,Fairy,,1.1,34.6,Female,30,8.8%,40 cycles,Yes,Pass
114,Tangela,Grass,,435,65,55,115,100,40,60,,1,1,Vine,,Grass,,1.0,35.0,Both,45,11.9%,20 cycles,Yes,Pass
115,Kangaskhan,Normal,,490,105,95,80,40,80,90,Mega Kangaskhan,1,1,Parent,,Monster,,2.2,80.0,Female,45,11.9%,20 cycles,Yes,Pass
116,Horsea,Water,Dragon,295,30,40,70,70,25,60,,1,1,Dragon,,Water 1,Dragon,0.4,8.0,Both,225,39.9%,20 cycles,Yes,Pass
117,Seadra,Water,Dragon,440,55,65,95,95,45,85,,1,2,Dragon,Horsea,Water 1,Dragon,1.2,25.0,Both,75,17.5%,20 cycles,Yes,Pass
118,Goldeen,Water,,320,45,67,60,35,50,63,,1,1,Goldfish,,Water 2,,0.6,15.0,Both,225,39.9%,20 cycles,Yes,Pass
119,Seaking,Water,,450,80,92,65,65,80,68,,1,2,Goldfish,Goldeen,Water 2,,1.3,39.0,Both,60,14.8%,20 cycles,Yes,Pass
120,Staryu,Water,,340,30,45,55,70,55,85,,1,1,Star Shape,,Water 3,,0.8,34.5,Neither,225,39.9%,20 cycles,Yes,Pass
121,Starmie,Water,Psychic,520,60,75,85,100,85,115,Mega Starmie,1,2,Mysterious,Staryu,Water 3,,1.1,80.0,Neither,60,14.8%,20 cycles,Yes,Pass
122,Mr. Mime,Psychic,Fairy,460,40,45,65,100,120,90,Galarian Mr,1,2,Barrier,Mime Jr.,Human-Like,,1.3,54.5,Both,45,11.9%,25 cycles,Yes,Pass
123,Scyther,Bug,Flying,500,70,110,80,55,80,105,,1,1,Mantis,,Bug,,1.5,56.0,Both,45,11.9%,25 cycles,Yes,Pass
124,Jynx,Ice,Psychic,455,65,50,35,115,95,95,,1,2,Human Shape,Smoochum,Human-Like,,1.4,40.6,Female,45,11.9%,25 cycles,Yes,Pass
125,Electabuzz,Electric,,490,65,83,57,95,85,105,,1,2,Electric,Elekid,Human-Like,,1.1,30.0,Both,45,11.9%,25 cycles,Yes,Pass
126,Magmar,Fire,,495,65,95,57,100,85,93,,1,2,Spitfire,Magby,Human-Like,,1.3,44.5,Both,45,11.9%,25 cycles,Yes,Pass
127,Pinsir,Bug,Flying,500,65,125,100,55,70,85,Mega Pinsir,1,1,Stag Beetle,,Bug,,1.5,55.0,Both,45,11.9%,25 cycles,Yes,Pass
128,Tauros,Normal,Fighting,490,75,100,95,40,70,110,Combat Breed; Blaze Breed; Aqua Breed,1,1,Wild Bull,,Field,,1.4,88.4,Male,45,11.9%,20 cycles,Yes,Pass
129,Magikarp,Water,Dragon,200,20,10,55,15,20,80,,1,1,Fish,,Water 2,Dragon,0.9,10.0,Both,255,43.9%,5 cycles,Yes,Pass
130,Gyarados,Water,Flying,540,95,125,79,60,100,81,Mega Gyarados,1,2,Atrocious,Magikarp,Water 2,Dragon,6.5,235.0,Both,45,11.9%,5 cycles,Yes,Pass
131,Lapras,Water,Ice,535,130,85,80,85,95,60,,1,1,Transport,,Monster,Water 1,2.5,220.0,Both,45,11.9%,40 cycles,Yes,Smash
132,Ditto,Normal,,288,48,48,48,48,48,48,,1,1,Transform,,Ditto,,0.3,4.0,Neither,35,9.9%,20 cycles,Yes,Smash
133,Eevee,Normal,,325,55,55,50,45,65,55,Gigantamax Eevee; Partner Eevee,1,1,Evolution,,Field,,0.3,6.5,Both,45,11.9%,35 cycles,Yes,Pass
134,Vaporeon,Water,,525,130,65,60,110,95,65,,1,2,Bubble Jet,Eevee,Field,,1.0,29.0,Both,45,11.9%,35 cycles,Yes,Pass
135,Jolteon,Electric,,525,65,65,60,110,95,130,,1,2,Lightning,Eevee,Field,,0.8,24.5,Both,45,11.9%,35 cycles,Yes,Pass
136,Flareon,Fire,,525,65,130,60,95,110,65,,1,2,Flame,Eevee,Field,,0.9,25.0,Both,45,11.9%,35 cycles,Yes,Pass
137,Porygon,Normal,,395,65,60,70,85,75,40,,1,1,Virtual,,Mineral,,0.8,36.5,Neither,45,11.9%,20 cycles,Yes,Pass
138,Omanyte,Rock,Water,355,35,40,100,90,55,35,,1,1,Spiral,,Water 1,Water 3,0.4,7.5,Both,45,11.9%,30 cycles,Yes,Pass
139,Omastar,Rock,Water,495,70,60,125,115,70,55,,1,2,Spiral,Omanyte,Water 1,Water 3,1.0,35.0,Both,45,11.9%,30 cycles,Yes,Pass
140,Kabuto,Rock,Water,355,30,80,90,55,45,55,,1,1,Shellfish,,Water 1,Water 3,0.5,11.5,Both,45,11.9%,30 cycles,Yes,Pass
141,Kabutops,Rock,Water,495,60,115,105,65,70,80,,1,2,Shellfish,Kabuto,Water 1,Water 3,1.3,40.5,Both,45,11.9%,30 cycles,Yes,Pass
142,Aerodactyl,Rock,Flying,515,80,105,65,60,75,130,Mega Aerodactyl,1,1,Fossil,,Flying,,1.8,59.0,Both,45,11.9%,35 cycles,Yes,Pass
143,Snorlax,Normal,,540,160,110,65,65,110,30,Mossy Snorlax,1,2,Sleeping,Munchlax,Monster,,2.1,460.0,Both,25,7.7%,40 cycles,Yes,Pass
144,Articuno,Ice,Flying,580,90,85,100,95,125,85,Galarian Articuno,1,1,Freeze,,No Eggs Discovered,,1.7,55.4,Neither,3,1.6%,80 cycles,No,Pass
145,Zapdos,Electric,Flying,580,90,90,85,125,90,100,Galarian Zapdos,1,1,Electric,,No Eggs Discovered,,1.6,52.6,Neither,3,1.6%,80 cycles,No,Pass
146,Moltres,Fire,Flying,580,90,100,90,125,85,90,Galarian Moltres,1,1,Flame,,No Eggs Discovered,,2.0,60.0,Neither,3,1.6%,80 cycles,No,Pass
147,Dratini,Dragon,,300,41,64,45,50,50,50,,1,1,Dragon,,Water 1,Dragon,1.8,3.3,Both,45,11.9%,40 cycles,Yes,Pass
148,Dragonair,Dragon,,420,61,84,65,70,70,70,,1,2,Dragon,Dratini,Water 1,Dragon,4.0,16.5,Both,45,11.9%,40 cycles,Yes,Pass
149,Dragonite,Dragon,Flying,600,91,134,95,100,100,80,Mega Dragonite,1,3,Dragon,Dragonair,Water 1,Dragon,2.2,210.0,Both,45,11.9%,40 cycles,Yes,Pass
150,Mewtwo,Psychic,Fighting,680,106,110,90,154,90,130,Mega Mewtwo X; Mega Mewtwo Y,1,1,Genetic,,No Eggs Discovered,,2.0,122.0,Neither,3,1.6%,120 cycles,No,Smash
151,Mew,Psychic,,600,100,100,100,100,100,100,,1,1,New Species,,No Eggs Discovered,,0.4,4.0,Neither,45,11.9%,120 cycles,No,Pass
152,Chikorita,Grass,,318,45,49,65,49,65,45,,2,1,Leaf,,Monster,Grass,0.9,6.4,Both,45,11.9%,20 cycles,Yes,Pass
153,Bayleef,Grass,,405,60,62,80,63,80,60,,2,2,Leaf,Chikorita,Monster,Grass,1.2,15.8,Both,45,11.9%,20 cycles,Yes,Pass
154,Meganium,Grass,Fairy,525,80,82,100,83,100,80,Mega Meganium,2,3,Herb,Bayleef,Monster,Grass,1.8,100.5,Both,45,11.9%,20 cycles,Yes,Pass
155,Cyndaquil,Fire,,309,39,52,43,60,50,65,,2,1,Fire Mouse,,Field,,0.5,7.9,Both,45,11.9%,20 cycles,Yes,Pass
156,Quilava,Fire,,405,58,64,58,80,65,80,,2,2,Volcano,Cyndaquil,Field,,0.9,19.0,Both,45,11.9%,20 cycles,Yes,Pass
157,Typhlosion,Fire,Ghost,534,78,84,78,109,85,100,Hisuian Typhlosion,2,3,Volcano,Quilava,Field,,1.7,79.5,Both,45,11.9%,20 cycles,Yes,Pass
158,Totodile,Water,,314,50,65,64,44,48,43,,2,1,Big Jaw,,Monster,Water 1,0.6,9.5,Both,45,11.9%,20 cycles,Yes,Pass
159,Croconaw,Water,,405,65,80,80,59,63,58,,2,2,Big Jaw,Totodile,Monster,Water 1,1.1,25.0,Both,45,11.9%,20 cycles,Yes,Pass
160,Feraligatr,Water,Dragon,530,85,105,100,79,83,78,Mega Feraligatr,2,3,Big Jaw,Croconaw,Monster,Water 1,2.3,88.8,Both,45,11.9%,20 cycles,Yes,Pass
161,Sentret,Normal,,215,35,46,34,35,45,20,,2,1,Scout,,Field,,0.8,6.0,Both,255,43.9%,15 cycles,Yes,Pass
162,Furret,Normal,,415,85,76,64,45,55,90,,2,2,Long Body,Sentret,Field,,1.8,32.5,Both,90,20.1%,15 cycles,Yes,Pass
163,Hoothoot,Normal,Flying,262,60,30,30,36,56,50,,2,1,Owl,,Flying,,0.7,21.2,Both,255,43.9%,15 cycles,Yes,Pass
164,Noctowl,Normal,Flying,452,100,50,50,86,96,70,,2,2,Owl,Hoothoot,Flying,,1.6,40.8,Both,90,20.1%,15 cycles,Yes,Pass
165,Ledyba,Bug,Flying,265,40,20,30,40,80,55,,2,1,Five Star,,Bug,,1.0,10.8,Both,255,43.9%,15 cycles,Yes,Pass
166,Ledian,Bug,Flying,390,55,35,50,55,110,85,,2,2,Five Star,Ledyba,Bug,,1.4,35.6,Both,90,20.1%,15 cycles,Yes,Pass
167,Spinarak,Bug,Poison,250,40,60,40,40,40,30,,2,1,String Spit,,Bug,,0.5,8.5,Both,255,43.9%,15 cycles,Yes,Pass
168,Ariados,Bug,Poison,400,70,90,70,60,70,40,,2,2,Long Leg,Spinarak,Bug,,1.1,33.5,Both,90,20.1%,15 cycles,Yes,Pass
169,Crobat,Poison,Flying,535,85,90,80,70,80,130,,2,3,Bat,Golbat,Flying,,1.8,75.0,Both,90,20.1%,15 cycles,Yes,Pass
170,Chinchou,Water,Electric,330,75,38,38,56,56,67,,2,1,Angler,,Water 2,,0.5,12.0,Both,190,35.2%,20 cycles,Yes,Pass
171,Lanturn,Water,Electric,460,125,58,58,76,76,67,,2,2,Light,Chinchou,Water 2,,1.2,22.5,Both,75,17.5%,20 cycles,Yes,Pass
172,Pichu,Electric,,205,20,40,15,35,35,60,,2,1,Tiny Mouse,,No Eggs Discovered,,0.3,2.0,Both,190,35.2%,10 cycles,Yes,Pass
173,Cleffa,Fairy,,218,50,25,28,45,55,15,,2,1,Star Shape,,No Eggs Discovered,,0.3,3.0,Both,150,29.5%,10 cycles,Yes,Pass
174,Igglybuff,Normal,Fairy,210,90,30,15,40,20,15,,2,1,Balloon,,No Eggs Discovered,,0.3,1.0,Both,170,32.4%,10 cycles,Yes,Pass
175,Togepi,Fairy,,245,35,20,65,40,65,20,,2,1,Spike Ball,,No Eggs Discovered,,0.3,1.5,Both,190,35.2%,10 cycles,Yes,Pass
176,Togetic,Fairy,Flying,405,55,40,85,80,105,40,,2,2,Happiness,Togepi,Flying,Fairy,0.6,3.2,Both,75,17.5%,10 cycles,Yes,Pass
177,Natu,Psychic,Flying,320,40,50,45,70,45,70,,2,1,Tiny Bird,,Flying,,0.2,2.0,Both,190,35.2%,20 cycles,Yes,Pass
178,Xatu,Psychic,Flying,470,65,75,70,95,70,95,,2,2,Mystic,Natu,Flying,,1.5,15.0,Both,75,17.5%,20 cycles,Yes,Pass
179,Mareep,Electric,,280,55,40,40,65,45,35,,2,1,Wool,,Monster,Field,0.6,7.8,Both,235,41.3%,20 cycles,Yes,Pass
180,Flaaffy,Electric,,365,70,55,55,80,60,45,,2,2,Wool,Mareep,Monster,Field,0.8,13.3,Both,120,24.9%,20 cycles,Yes,Pass
181,Ampharos,Electric,Dragon,510,90,75,85,115,90,55,Mega Ampharos,2,3,Light,Flaaffy,Monster,Field,1.4,61.5,Both,45,11.9%,20 cycles,Yes,Pass
182,Bellossom,Grass,,490,75,80,95,90,100,50,,2,3,Flower,Gloom,Grass,,0.4,5.8,Both,45,11.9%,20 cycles,Yes,Pass
183,Marill,Water,Fairy,250,70,20,50,20,50,40,,2,2,Aqua Mouse,Azurill,Water 1,Fairy,0.4,8.5,Both,190,35.2%,10 cycles,Yes,Pass
184,Azumarill,Water,Fairy,420,100,50,80,60,80,50,,2,3,Aqua Rabbit,Marill,Water 1,Fairy,0.8,28.5,Both,75,17.5%,10 cycles,Yes,Pass
185,Sudowoodo,Rock,,410,70,100,115,30,65,30,,2,2,Imitation,Bonsly,Mineral,,1.2,38.0,Both,65,15.7%,20 cycles,Yes,Pass
186,Politoed,Water,,500,90,75,75,90,100,70,,2,3,Frog,Poliwhirl,Water 1,,1.1,33.9,Both,45,11.9%,20 cycles,Yes,Pass
187,Hoppip,Grass,Flying,250,35,35,40,35,55,50,,2,1,Cottonweed,,Fairy,Grass,0.4,0.5,Both,255,43.9%,20 cycles,Yes,Pass
188,Skiploom,Grass,Flying,340,55,45,50,45,65,80,,2,2,Cottonweed,Hoppip,Fairy,Grass,0.6,1.0,Both,120,24.9%,20 cycles,Yes,Pass
189,Jumpluff,Grass,Flying,460,75,55,70,55,95,110,,2,3,Cottonweed,Skiploom,Fairy,Grass,0.8,3.0,Both,45,11.9%,20 cycles,Yes,Pass
190,Aipom,Normal,,360,55,70,55,40,55,85,,2,1,Long Tail,,Field,,0.8,11.5,Both,45,11.9%,20 cycles,Yes,Pass
191,Sunkern,Grass,,180,30,30,30,30,30,30,,2,1,Seed,,Grass,,0.3,1.8,Both,235,41.3%,20 cycles,Yes,Pass
192,Sunflora,Grass,,425,75,75,55,105,85,30,,2,2,Sun,Sunkern,Grass,,0.8,8.5,Both,120,24.9%,20 cycles,Yes,Pass
193,Yanma,Bug,Flying,390,65,65,45,75,45,95,,2,1,Clear Wing,,Bug,,1.2,38.0,Both,75,17.5%,20 cycles,Yes,Pass
194,Wooper,Water,Ground,210,55,45,45,25,25,15,Paldean Wooper,2,1,Water Fish,,Water 1,Field,0.4,8.5,Both,255,43.9%,20 cycles,Yes,Pass
195,Quagsire,Water,Ground,430,95,85,85,65,65,35,,2,2,Water Fish,Wooper,Water 1,Field,1.4,75.0,Both,90,20.1%,20 cycles,Yes,Pass
196,Espeon,Psychic,,525,65,65,60,130,95,110,,2,2,Sun,Eevee,Field,,0.9,26.5,Both,45,11.9%,35 cycles,Yes,Pass
197,Umbreon,Dark,,525,95,65,110,60,130,65,,2,2,Moonlight,Eevee,Field,,1.0,27.0,Both,45,11.9%,35 cycles,Yes,Pass
198,Murkrow,Dark,Flying,405,60,85,42,85,42,91,,2,1,Darkness,,Flying,,0.5,2.1,Both,30,8.8%,20 cycles,Yes,Pass
199,Slowking,Water,Psychic,490,95,75,80,100,110,30,Galarian Slowking,2,2,Royal,Slowpoke,Monster,Water 1,2.0,79.5,Both,70,16.6%,20 cycles,Yes,Pass
200,Misdreavus,Ghost,,435,60,60,60,85,85,85,,2,1,Screech,,Amorphous,,0.7,1.0,Both,45,11.9%,25 cycles,Yes,Smash
201,Unown,Psychic,,336,48,72,48,72,48,48,,2,1,Symbol,,No Eggs Discovered,,0.5,5.0,Neither,225,39.9%,40 cycles,No,Pass
202,Wobbuffet,Psychic,,405,190,33,58,33,58,33,,2,2,Patient,Wynaut,Amorphous,,1.3,28.5,Both,45,11.9%,20 cycles,Yes,Pass
203,Girafarig,Normal,Psychic,455,70,80,65,90,65,85,,2,1,Long Neck,,Field,,1.5,41.5,Both,60,14.8%,20 cycles,Yes,Pass
204,Pineco,Bug,,290,50,65,90,35,35,15,,2,1,Bagworm,,Bug,,0.6,7.2,Both,190,35.2%,20 cycles,Yes,Pass
205,Forretress,Bug,Steel,465,75,90,140,60,60,40,,2,2,Bagworm,Pineco,Bug,,1.2,125.8,Both,75,17.5%,20 cycles,Yes,Pass
206,Dunsparce,Normal,,415,100,70,70,65,65,45,,2,1,Land Snake,,Field,,1.5,14.0,Both,190,35.2%,20 cycles,Yes,Pass
207,Gligar,Ground,Flying,430,65,75,105,35,65,85,,2,1,Fly Scorpion,,Bug,,1.1,64.8,Both,60,14.8%,20 cycles,Yes,Pass
208,Steelix,Steel,Ground,510,75,85,200,55,65,30,Mega Steelix,2,2,Iron Snake,Onix,Mineral,,9.2,400.0,Both,25,7.7%,25 cycles,Yes,Pass
209,Snubbull,Fairy,,300,60,80,50,40,40,30,,2,1,Fairy,,Field,Fairy,0.6,7.8,Both,190,35.2%,20 cycles,Yes,Pass
210,Granbull,Fairy,,450,90,120,75,60,60,45,,2,2,Fairy,Snubbull,Field,Fairy,1.4,48.7,Both,75,17.5%,20 cycles,Yes,Pass
211,Qwilfish,Water,Poison,440,65,95,85,55,55,85,Hisuian Qwilfish,2,1,Balloon,,Water 2,,0.5,3.9,Both,45,11.9%,20 cycles,Yes,Pass
212,Scizor,Bug,Steel,500,70,130,100,55,80,65,Mega Scizor,2,2,Pincer,Scyther,Bug,,1.8,118.0,Both,25,7.7%,25 cycles,Yes,Pass
213,Shuckle,Bug,Rock,505,20,10,230,10,230,5,,2,1,Mold,,Bug,,0.6,20.5,Both,190,35.2%,20 cycles,Yes,Pass
214,Heracross,Bug,Fighting,500,80,125,75,40,95,85,Mega Heracross,2,1,Single Horn,,Bug,,1.5,54.0,Both,45,11.9%,25 cycles,Yes,Pass
215,Sneasel,Dark,Ice,430,55,95,55,35,75,115,Hisuian Sneasel,2,1,Sharp Claw,,Field,,0.9,28.0,Both,60,14.8%,20 cycles,Yes,Pass
216,Teddiursa,Normal,,330,60,80,50,50,50,40,,2,1,Little Bear,,Field,,0.6,8.8,Both,120,24.9%,20 cycles,Yes,Pass
217,Ursaring,Normal,,500,90,130,75,75,75,55,,2,2,Hibernator,Teddiursa,Field,,1.8,125.8,Both,60,14.8%,20 cycles,Yes,Pass
218,Slugma,Fire,,250,40,40,40,70,40,20,,2,1,Lava,,Amorphous,,0.7,35.0,Both,190,35.2%,20 cycles,Yes,Pass
219,Magcargo,Fire,Rock,430,60,50,120,90,80,30,,2,2,Lava,Slugma,Amorphous,,0.8,55.0,Both,75,17.5%,20 cycles,Yes,Pass
220,Swinub,Ice,Ground,250,50,50,40,30,30,50,,2,1,Pig,,Field,,0.4,6.5,Both,225,39.9%,20 cycles,Yes,Pass
221,Piloswine,Ice,Ground,450,100,100,80,60,60,50,,2,2,Swine,Swinub,Field,,1.1,55.8,Both,75,17.5%,20 cycles,Yes,Pass
222,Corsola,Water,Rock,410,65,55,95,65,95,35,Galarian Corsola,2,1,Coral,,Water 1,Water 3,0.6,5.0,Both,60,14.8%,20 cycles,Yes,Pass
223,Remoraid,Water,,300,35,65,35,65,35,65,,2,1,Jet,,Water 1,Water 2,0.6,12.0,Both,190,35.2%,20 cycles,Yes,Pass
224,Octillery,Water,,480,75,105,75,105,75,45,,2,2,Jet,Remoraid,Water 1,Water 2,0.9,28.5,Both,75,17.5%,20 cycles,Yes,Pass
225,Delibird,Ice,Flying,330,45,55,45,65,45,75,,2,1,Delivery,,Water 1,Field,0.9,16.0,Both,45,11.9%,20 cycles,Yes,Pass
226,Mantine,Water,Flying,485,85,40,70,80,140,70,,2,2,Kite,Mantyke,Water 1,,2.1,220.0,Both,25,7.7%,25 cycles,Yes,Pass
227,Skarmory,Steel,Flying,465,65,80,140,40,70,70,Mega Skarmory,2,1,Armor Bird,,Flying,,1.7,50.5,Both,25,7.7%,25 cycles,Yes,Pass
228,Houndour,Dark,Fire,330,45,60,30,80,50,65,,2,1,Dark,,Field,,0.6,10.8,Both,120,24.9%,20 cycles,Yes,Pass
229,Houndoom,Dark,Fire,500,75,90,50,110,80,95,Mega Houndoom,2,2,Dark,Houndour,Field,,1.4,35.0,Both,45,11.9%,20 cycles,Yes,Pass
230,Kingdra,Water,Dragon,540,75,95,95,95,95,85,,2,3,Dragon,Seadra,Water 1,Dragon,1.8,152.0,Both,45,11.9%,20 cycles,Yes,Pass
231,Phanpy,Ground,,330,90,60,60,40,40,40,,2,1,Long Nose,,Field,,0.5,33.5,Both,120,24.9%,20 cycles,Yes,Pass
232,Donphan,Ground,,500,90,120,120,60,60,50,,2,2,Armor,Phanpy,Field,,1.1,120.0,Both,60,14.8%,20 cycles,Yes,Pass
233,Porygon2,Normal,,515,85,80,90,105,95,60,,2,2,Virtual,Porygon,Mineral,,0.6,32.5,Neither,45,11.9%,20 cycles,Yes,Pass
234,Stantler,Normal,,465,73,95,62,85,65,85,,2,1,Big Horn,,Field,,1.4,71.2,Both,45,11.9%,20 cycles,Yes,Pass
235,Smeargle,Normal,,250,55,20,35,20,45,75,,2,1,Painter,,Field,,1.2,58.0,Both,45,11.9%,20 cycles,Yes,Pass
236,Tyrogue,Fighting,,210,35,35,35,35,35,35,,2,1,Scuffle,,No Eggs Discovered,,0.7,21.0,Male,75,17.5%,25 cycles,Yes,Pass
237,Hitmontop,Fighting,,455,50,95,95,35,110,70,,2,2,Handstand,Tyrogue,Human-Like,,1.4,48.0,Male,45,11.9%,25 cycles,Yes,Pass
238,Smoochum,Ice,Psychic,305,45,30,15,85,65,65,,2,1,Kiss,,No Eggs Discovered,,0.4,6.0,Female,45,11.9%,25 cycles,Yes,Pass
239,Elekid,Electric,,360,45,63,37,65,55,95,,2,1,Electric,,No Eggs Discovered,,0.6,23.5,Both,45,11.9%,25 cycles,Yes,Pass
240,Magby,Fire,,365,45,75,37,70,55,83,,2,1,Live Coal,,No Eggs Discovered,,0.7,21.4,Both,45,11.9%,25 cycles,Yes,Pass
241,Miltank,Normal,,490,95,80,105,40,70,100,,2,1,Milk Cow,,Field,,1.2,75.5,Female,45,11.9%,20 cycles,Yes,Pass
242,Blissey,Normal,Fairy,540,255,10,10,75,135,55,,2,3,Happiness,Chansey,Fairy,,1.5,46.8,Female,30,8.8%,40 cycles,Yes,Smash
243,Raikou,Electric,,580,90,85,75,115,100,115,,2,1,Thunder,,No Eggs Discovered,,1.9,178.0,Neither,3,1.6%,80 cycles,No,Pass
244,Entei,Fire,,580,115,115,85,90,75,100,,2,1,Volcano,,No Eggs Discovered,,2.1,198.0,Neither,3,1.6%,80 cycles,No,Pass
245,Suicune,Water,,580,100,75,115,90,115,85,,2,1,Aurora,,No Eggs Discovered,,2.0,187.0,Neither,3,1.6%,80 cycles,No,Pass
246,Larvitar,Rock,Ground,300,50,64,50,45,50,41,,2,1,Rock Skin,,Monster,,0.6,72.0,Both,45,11.9%,40 cycles,Yes,Pass
247,Pupitar,Rock,Ground,410,70,84,70,65,70,51,,2,2,Hard Shell,Larvitar,Monster,,1.2,152.0,Both,45,11.9%,40 cycles,Yes,Pass
248,Tyranitar,Rock,Dark,600,100,134,110,95,100,61,Mega Tyranitar,2,3,Armor,Pupitar,Monster,,2.0,202.0,Both,45,11.9%,40 cycles,Yes,Pass
249,Lugia,Psychic,Flying,680,106,90,130,90,154,110,,2,1,Diving,,No Eggs Discovered,,5.2,216.0,Neither,3,1.6%,120 cycles,No,Pass
250,Ho-Oh,Fire,Flying,680,106,130,90,110,154,90,,2,1,Rainbow,,No Eggs Discovered,,3.8,199.0,Neither,3,1.6%,120 cycles,No,Pass
251,Celebi,Psychic,Grass,600,100,100,100,100,100,100,,2,1,Time Travel,,No Eggs Discovered,,0.6,5.0,Neither,45,11.9%,120 cycles,No,Pass
252,Treecko,Grass,Dragon,310,40,45,35,65,55,70,,3,1,Wood Gecko,,Monster,Dragon,0.5,5.0,Both,45,11.9%,20 cycles,Yes,Pass
253,Grovyle,Grass,Dragon,405,50,65,45,85,65,95,,3,2,Wood Gecko,Treecko,Monster,Dragon,0.9,21.6,Both,45,11.9%,20 cycles,Yes,Pass
254,Sceptile,Grass,Dragon,530,70,85,65,105,85,120,Mega Sceptile,3,3,Forest,Grovyle,Monster,Dragon,1.7,52.2,Both,45,11.9%,20 cycles,Yes,Pass
255,Torchic,Fire,,310,45,60,40,70,50,45,,3,1,Chick,,Field,,0.4,2.5,Both,45,11.9%,20 cycles,Yes,Pass
256,Combusken,Fire,Fighting,405,60,85,60,85,60,55,,3,2,Young Fowl,Torchic,Field,,0.9,19.5,Both,45,11.9%,20 cycles,Yes,Pass
257,Blaziken,Fire,Fighting,530,80,120,70,110,70,80,Mega Blaziken,3,3,Blaze,Combusken,Field,,1.9,52.0,Both,45,11.9%,20 cycles,Yes,Smash
258,Mudkip,Water,,310,50,70,50,50,50,40,,3,1,Mud Fish,,Monster,Water 1,0.4,7.6,Both,45,11.9%,20 cycles,Yes,Pass
259,Marshtomp,Water,Ground,405,70,85,70,60,70,50,,3,2,Mud Fish,Mudkip,Monster,Water 1,0.7,28.0,Both,45,11.9%,20 cycles,Yes,Pass
260,Swampert,Water,Ground,535,100,110,90,85,90,60,Mega Swampert,3,3,Mud Fish,Marshtomp,Monster,Water 1,1.5,81.9,Both,45,11.9%,20 cycles,Yes,Pass
261,Poochyena,Dark,,220,35,55,35,30,30,35,,3,1,Bite,,Field,,0.5,13.6,Both,255,43.9%,15 cycles,Yes,Pass
262,Mightyena,Dark,,420,70,90,70,60,60,70,,3,2,Bite,Poochyena,Field,,1.0,37.0,Both,127,26%,15 cycles,Yes,Pass
263,Zigzagoon,Normal,Dark,240,38,30,41,30,41,60,Galarian Zigzagoon,3,1,Tiny Raccoon,,Field,,0.4,17.5,Both,255,43.9%,15 cycles,Yes,Pass
264,Linoone,Normal,Dark,420,78,70,61,50,61,100,Galarian Linoone,3,2,Rushing,Zigzagoon,Field,,0.5,32.5,Both,90,20.1%,15 cycles,Yes,Pass
265,Wurmple,Bug,,195,45,45,35,20,30,20,,3,1,Worm,,Bug,,0.3,3.6,Both,255,43.9%,15 cycles,Yes,Pass
266,Silcoon,Bug,,205,50,35,55,25,25,15,,3,2,Cocoon,Wurmple,Bug,,0.6,10.0,Both,120,24.9%,15 cycles,Yes,Pass
267,Beautifly,Bug,Flying,395,60,70,50,100,50,65,,3,3,Butterfly,Silcoon,Bug,,1.0,28.4,Both,45,11.9%,15 cycles,Yes,Pass
268,Cascoon,Bug,,205,50,35,55,25,25,15,,3,2,Cocoon,Wurmple,Bug,,0.7,11.5,Both,120,24.9%,15 cycles,Yes,Pass
269,Dustox,Bug,Poison,385,60,50,70,50,90,65,,3,3,Poison Moth,Cascoon,Bug,,1.2,31.6,Both,45,11.9%,15 cycles,Yes,Pass
270,Lotad,Water,Grass,220,40,30,30,40,50,30,,3,1,Water Weed,,Water 1,Grass,0.5,2.6,Both,255,43.9%,15 cycles,Yes,Pass
271,Lombre,Water,Grass,340,60,50,50,60,70,50,,3,2,Jolly,Lotad,Water 1,Grass,1.2,32.5,Both,120,24.9%,15 cycles,Yes,Pass
272,Ludicolo,Water,Grass,480,80,70,70,90,100,70,,3,3,Carefree,Lombre,Water 1,Grass,1.5,55.0,Both,45,11.9%,15 cycles,Yes,Pass
273,Seedot,Grass,,220,40,40,50,30,30,30,,3,1,Acorn,,Field,Grass,0.5,4.0,Both,255,43.9%,15 cycles,Yes,Pass
274,Nuzleaf,Grass,Dark,340,70,70,40,60,40,60,,3,2,Wily,Seedot,Field,Grass,1.0,28.0,Both,120,24.9%,15 cycles,Yes,Pass
275,Shiftry,Grass,Dark,480,90,100,60,90,60,80,,3,3,Wicked,Nuzleaf,Field,Grass,1.3,59.6,Both,45,11.9%,15 cycles,Yes,Pass
276,Taillow,Normal,Flying,270,40,55,30,30,30,85,,3,1,Tiny Swallow,,Flying,,0.3,2.3,Both,200,36.6%,15 cycles,Yes,Pass
277,Swellow,Normal,Flying,455,60,85,60,75,50,125,,3,2,Swallow,Taillow,Flying,,0.7,19.8,Both,45,11.9%,15 cycles,Yes,Pass
278,Wingull,Water,Flying,270,40,30,30,55,30,85,,3,1,Seagull,,Water 1,Flying,0.6,9.5,Both,190,35.2%,20 cycles,Yes,Pass
279,Pelipper,Water,Flying,440,60,50,100,95,70,65,,3,2,Water Bird,Wingull,Water 1,Flying,1.2,28.0,Both,45,11.9%,20 cycles,Yes,Pass
280,Ralts,Psychic,Fairy,198,28,25,25,45,35,40,,3,1,Feeling,,Human-Like,Amorphous,0.4,6.6,Both,235,41.3%,20 cycles,Yes,Pass
281,Kirlia,Psychic,Fairy,278,38,35,35,65,55,50,,3,2,Emotion,Ralts,Human-Like,Amorphous,0.8,20.2,Both,120,24.9%,20 cycles,Yes,Pass
282,Gardevoir,Psychic,Fairy,518,68,65,65,125,115,80,Mega Gardevoir,3,3,Embrace,Kirlia,Human-Like,Amorphous,1.6,48.4,Both,45,11.9%,20 cycles,Yes,Smash
283,Surskit,Bug,Water,269,40,30,32,50,52,65,,3,1,Pond Skater,,Water 1,Bug,0.5,1.7,Both,200,36.6%,15 cycles,Yes,Pass
284,Masquerain,Bug,Flying,454,70,60,62,100,82,80,,3,2,Eyeball,Surskit,Water 1,Bug,0.8,3.6,Both,75,17.5%,15 cycles,Yes,Pass
285,Shroomish,Grass,Fairy,295,60,40,60,40,60,35,,3,1,Mushroom,,Fairy,Grass,0.4,4.5,Both,255,43.9%,15 cycles,Yes,Pass
286,Breloom,Grass,Fighting,460,60,130,80,60,60,70,,3,2,Mushroom,Shroomish,Fairy,Grass,1.2,39.2,Both,90,20.1%,15 cycles,Yes,Pass
287,Slakoth,Normal,,280,60,60,60,35,35,30,,3,1,Slacker,,Field,,0.8,24.0,Both,255,43.9%,15 cycles,Yes,Pass
288,Vigoroth,Normal,,440,80,80,80,55,55,90,,3,2,Wild Monkey,Slakoth,Field,,1.4,46.5,Both,120,24.9%,15 cycles,Yes,Pass
289,Slaking,Normal,,670,150,160,100,95,65,100,,3,3,Lazy,Vigoroth,Field,,2.0,130.5,Both,45,11.9%,15 cycles,Yes,Pass
290,Nincada,Bug,Ground,266,31,45,90,30,30,40,,3,1,Trainee,,Bug,,0.5,5.5,Both,255,43.9%,15 cycles,Yes,Pass
291,Ninjask,Bug,Flying,456,61,90,45,50,50,160,,3,2,Ninja,Nincada,Bug,,0.8,12.0,Both,120,24.9%,15 cycles,Yes,Pass
292,Shedinja,Bug,Ghost,236,1,90,45,30,30,40,,3,1,Shed,,Mineral,,0.8,1.2,Neither,45,11.9%,15 cycles,Yes,Pass
293,Whismur,Normal,,240,64,51,23,51,23,28,,3,1,Whisper,,Monster,Field,0.6,16.3,Both,190,35.2%,20 cycles,Yes,Pass
294,Loudred,Normal,,360,84,71,43,71,43,48,,3,2,Big Voice,Whismur,Monster,Field,1.0,40.5,Both,120,24.9%,20 cycles,Yes,Pass
295,Exploud,Normal,,490,104,91,63,91,73,68,,3,3,Loud Noise,Loudred,Monster,Field,1.5,84.0,Both,45,11.9%,20 cycles,Yes,Pass
296,Makuhita,Fighting,,237,72,60,30,20,30,25,,3,1,Guts,,Human-Like,,1.0,86.4,Both,180,33.8%,20 cycles,Yes,Pass
297,Hariyama,Fighting,,474,144,120,60,40,60,50,,3,2,Arm Thrust,Makuhita,Human-Like,,2.3,253.8,Both,200,36.6%,20 cycles,Yes,Pass
298,Azurill,Normal,Fairy,190,50,20,40,20,40,20,,3,1,Polka Dot,,No Eggs Discovered,,0.2,2.0,Both,150,29.5%,10 cycles,Yes,Pass
299,Nosepass,Rock,,375,30,45,135,45,90,30,,3,1,Compass,,Mineral,,1.0,97.0,Both,255,43.9%,20 cycles,Yes,Pass
300,Skitty,Normal,Fairy,260,50,45,45,35,35,50,,3,1,Kitten,,Field,Fairy,0.6,11.0,Both,255,43.9%,15 cycles,Yes,Pass
301,Delcatty,Normal,Fairy,400,70,65,65,55,55,90,,3,2,Prim,Skitty,Field,Fairy,1.1,32.6,Both,60,14.8%,15 cycles,Yes,Pass
302,Sableye,Dark,Ghost,380,50,75,75,65,65,50,Mega Sableye,3,1,Darkness,,Human-Like,,0.5,11.0,Both,45,11.9%,25 cycles,Yes,Pass
303,Mawile,Steel,Fairy,380,50,85,85,55,55,50,Mega Mawile,3,1,Deceiver,,Field,Fairy,0.6,11.5,Both,45,11.9%,20 cycles,Yes,Pass
304,Aron,Steel,Rock,330,50,70,100,40,40,30,,3,1,Iron Armor,,Monster,,0.4,60.0,Both,180,33.8%,35 cycles,Yes,Pass
305,Lairon,Steel,Rock,430,60,90,140,50,50,40,,3,2,Iron Armor,Aron,Monster,,0.9,120.0,Both,90,20.1%,35 cycles,Yes,Pass
306,Aggron,Steel,Rock,530,70,110,180,60,60,50,Mega Aggron,3,3,Iron Armor,Lairon,Monster,,2.1,360.0,Both,45,11.9%,35 cycles,Yes,Pass
307,Meditite,Fighting,Psychic,280,30,40,55,40,55,60,,3,1,Meditate,,Human-Like,,0.6,11.2,Both,180,33.8%,20 cycles,Yes,Pass
308,Medicham,Fighting,Psychic,410,60,60,75,60,75,80,Mega Medicham,3,2,Meditate,Meditite,Human-Like,,1.3,31.5,Both,90,20.1%,20 cycles,Yes,Pass
309,Electrike,Electric,,295,40,45,40,65,40,65,,3,1,Lightning,,Field,,0.6,15.2,Both,120,24.9%,20 cycles,Yes,Pass
310,Manectric,Electric,,475,70,75,60,105,60,105,Mega Manectric,3,2,Discharge,Electrike,Field,,1.5,40.2,Both,45,11.9%,20 cycles,Yes,Pass
311,Plusle,Electric,Fairy,405,60,50,40,85,75,95,,3,1,Cheering,,Fairy,,0.4,4.2,Both,200,36.6%,20 cycles,Yes,Pass
312,Minun,Electric,Fairy,405,60,40,50,75,85,95,,3,1,Cheering,,Fairy,,0.4,4.2,Both,200,36.6%,20 cycles,Yes,Pass
313,Volbeat,Bug,,430,65,73,75,47,85,85,,3,1,Firefly,,Bug,Human-Like,0.7,17.7,Male,150,29.5%,15 cycles,Yes,Pass
314,Illumise,Bug,,430,65,47,75,73,85,85,,3,1,Firefly,,Bug,Human-Like,0.6,17.7,Female,150,29.5%,15 cycles,Yes,Pass
315,Roselia,Grass,Poison,400,50,60,45,100,80,65,,3,2,Thorn,Budew,Fairy,Grass,0.3,2.0,Both,150,29.5%,20 cycles,Yes,Pass
316,Gulpin,Poison,,302,70,43,53,43,53,40,,3,1,Stomach,,Amorphous,,0.4,10.3,Both,225,39.9%,20 cycles,Yes,Pass
317,Swalot,Poison,,467,100,73,83,73,83,55,,3,2,Poison Bag,Gulpin,Amorphous,,1.7,80.0,Both,75,17.5%,20 cycles,Yes,Pass
318,Carvanha,Water,Dark,305,45,90,20,65,20,65,,3,1,Savage,,Water 2,,0.8,20.8,Both,225,39.9%,20 cycles,Yes,Pass
319,Sharpedo,Water,Dark,460,70,120,40,95,40,95,Mega Sharpedo,3,2,Brutal,Carvanha,Water 2,,1.8,88.8,Both,60,14.8%,20 cycles,Yes,Pass
320,Wailmer,Water,,400,130,70,35,70,35,60,,3,1,Ball Whale,,Field,Water 2,2.0,130.0,Both,125,25.7%,40 cycles,Yes,Pass
321,Wailord,Water,,500,170,90,45,90,45,60,,3,2,Float Whale,Wailmer,Field,Water 2,14.5,398.0,Both,60,14.8%,40 cycles,Yes,Smash
322,Numel,Fire,Ground,305,60,60,40,65,45,35,,3,1,Numb,,Field,,0.7,24.0,Both,255,43.9%,20 cycles,Yes,Pass
323,Camerupt,Fire,Ground,460,70,100,70,105,75,40,Mega Camerupt,3,2,Eruption,Numel,Field,,1.9,220.0,Both,150,29.5%,20 cycles,Yes,Pass
324,Torkoal,Fire,,470,70,85,140,85,70,20,,3,1,Coal,,Field,,0.5,80.4,Both,90,20.1%,20 cycles,Yes,Pass
325,Spoink,Psychic,,330,60,25,35,70,80,60,,3,1,Bounce,,Field,,0.7,30.6,Both,255,43.9%,20 cycles,Yes,Pass
326,Grumpig,Psychic,,470,80,45,65,90,110,80,,3,2,Manipulate,Spoink,Field,,0.9,71.5,Both,60,14.8%,20 cycles,Yes,Pass
327,Spinda,Normal,,360,60,60,60,60,60,60,,3,1,Spot Panda,,Field,Human-Like,1.1,5.0,Both,255,43.9%,15 cycles,Yes,Pass
328,Trapinch,Ground,Bug,290,45,100,45,45,45,10,,3,1,Ant Pit,,Bug,Dragon,0.7,15.0,Both,255,43.9%,20 cycles,Yes,Pass
329,Vibrava,Ground,Dragon,340,50,70,50,50,50,70,,3,2,Vibration,Trapinch,Bug,Dragon,1.1,15.3,Both,120,24.9%,20 cycles,Yes,Pass
330,Flygon,Ground,Dragon,520,80,100,80,80,80,100,,3,3,Mystic,Vibrava,Bug,Dragon,2.0,82.0,Both,45,11.9%,20 cycles,Yes,Pass
331,Cacnea,Grass,,335,50,85,40,85,40,35,,3,1,Cactus,,Grass,Human-Like,0.4,51.3,Both,190,35.2%,20 cycles,Yes,Pass
332,Cacturne,Grass,Dark,475,70,115,60,115,60,55,,3,2,Scarecrow,Cacnea,Grass,Human-Like,1.3,77.4,Both,60,14.8%,20 cycles,Yes,Pass
333,Swablu,Normal,Flying,310,45,40,60,40,75,50,,3,1,Cotton Bird,,Flying,Dragon,0.4,1.2,Both,255,43.9%,20 cycles,Yes,Pass
334,Altaria,Dragon,Flying,490,75,70,90,70,105,80,Mega Altaria,3,2,Humming,Swablu,Flying,Dragon,1.1,20.6,Both,45,11.9%,20 cycles,Yes,Pass
335,Zangoose,Normal,,458,73,115,60,60,60,90,,3,1,Cat Ferret,,Field,,1.3,40.3,Both,90,20.1%,20 cycles,Yes,Pass
336,Seviper,Poison,Dragon,458,73,100,60,100,60,65,,3,1,Fang Snake,,Field,Dragon,2.7,52.5,Both,90,20.1%,20 cycles,Yes,Pass
337,Lunatone,Rock,Psychic,460,90,55,65,95,85,70,,3,1,Meteorite,,Mineral,,1.0,168.0,Neither,45,11.9%,25 cycles,Yes,Pass
338,Solrock,Rock,Psychic,460,90,95,85,55,65,70,,3,1,Meteorite,,Mineral,,1.2,154.0,Neither,45,11.9%,25 cycles,Yes,Pass
339,Barboach,Water,Ground,288,50,48,43,46,41,60,,3,1,Whiskers,,Water 2,,0.4,1.9,Both,190,35.2%,20 cycles,Yes,Pass
340,Whiscash,Water,Ground,468,110,78,73,76,71,60,,3,2,Whiskers,Barboach,Water 2,,0.9,23.6,Both,75,17.5%,20 cycles,Yes,Pass
341,Corphish,Water,,308,43,80,65,50,35,35,,3,1,Ruffian,,Water 1,Water 3,0.6,11.5,Both,205,37.2%,15 cycles,Yes,Pass
342,Crawdaunt,Water,Dark,468,63,120,85,90,55,55,,3,2,Rogue,Corphish,Water 1,Water 3,1.1,32.8,Both,155,30.2%,15 cycles,Yes,Pass
343,Baltoy,Ground,Psychic,300,40,40,55,40,70,55,,3,1,Clay Doll,,Mineral,,0.5,21.5,Neither,255,43.9%,20 cycles,Yes,Pass
344,Claydol,Ground,Psychic,500,60,70,105,70,120,75,,3,2,Clay Doll,Baltoy,Mineral,,1.5,108.0,Neither,90,20.1%,20 cycles,Yes,Pass
345,Lileep,Rock,Grass,355,66,41,77,61,87,23,,3,1,Sea Lily,,Water 3,,1.0,23.8,Both,45,11.9%,30 cycles,Yes,Smash
346,Cradily,Rock,Grass,495,86,81,97,81,107,43,,3,2,Barnacle,Lileep,Water 3,,1.5,60.4,Both,45,11.9%,30 cycles,Yes,Pass
347,Anorith,Rock,Bug,355,45,95,50,40,50,75,,3,1,Old Shrimp,,Water 3,,0.7,12.5,Both,45,11.9%,30 cycles,Yes,Pass
348,Armaldo,Rock,Bug,495,75,125,100,70,80,45,,3,2,Plate,Anorith,Water 3,,1.5,68.2,Both,45,11.9%,30 cycles,Yes,Pass
349,Feebas,Water,Dragon,200,20,15,20,10,55,80,,3,1,Fish,,Water 1,Dragon,0.6,7.4,Both,255,43.9%,20 cycles,Yes,Pass
350,Milotic,Water,Dragon,540,95,60,79,100,125,81,,3,2,Tender,Feebas,Water 1,Dragon,6.2,162.0,Both,60,14.8%,20 cycles,Yes,Pass
351,Castform,Normal,Fire,420,70,70,70,70,70,70,Sunny Form; Rainy Form; Snowy Form,3,1,Weather,,Fairy,Amorphous,0.3,0.8,Both,45,11.9%,25 cycles,Yes,Pass
352,Kecleon,Normal,,440,60,90,70,60,120,40,,3,1,Color Swap,,Field,,1.0,22.0,Both,200,36.6%,20 cycles,Yes,Pass
353,Shuppet,Ghost,,295,44,75,35,63,33,45,,3,1,Puppet,,Amorphous,,0.6,2.3,Both,225,39.9%,25 cycles,Yes,Pass
354,Banette,Ghost,,455,64,115,65,83,63,65,Mega Banette,3,2,Marionette,Shuppet,Amorphous,,1.1,12.5,Both,45,11.9%,25 cycles,Yes,Pass
355,Duskull,Ghost,,295,20,40,90,30,90,25,,3,1,Requiem,,Amorphous,,0.8,15.0,Both,190,35.2%,25 cycles,Yes,Pass
356,Dusclops,Ghost,,455,40,70,130,60,130,25,,3,2,Beckon,Duskull,Amorphous,,1.6,30.6,Both,90,20.1%,25 cycles,Yes,Pass
357,Tropius,Grass,Flying,460,99,68,83,72,87,51,,3,1,Fruit,,Monster,Grass,2.0,100.0,Both,200,36.6%,25 cycles,Yes,Pass
358,Chimecho,Psychic,Steel,455,75,50,80,95,90,65,Mega Chimecho,3,2,Wind Chime,Chingling,Amorphous,,0.6,1.0,Both,45,11.9%,25 cycles,Yes,Pass
359,Absol,Dark,Ghost,465,65,130,60,75,60,75,Mega Absol; Mega Absol Z,3,1,Disaster,,Field,,1.2,47.0,Both,30,8.8%,25 cycles,Yes,Pass
360,Wynaut,Psychic,,260,95,23,48,23,48,23,,3,1,Bright,,No Eggs Discovered,,0.6,14.0,Both,125,25.7%,20 cycles,Yes,Pass
361,Snorunt,Ice,Fairy,300,50,50,50,50,50,50,,3,1,Snow Hat,,Fairy,Mineral,0.7,16.8,Both,190,35.2%,20 cycles,Yes,Pass
362,Glalie,Ice,Fairy,480,80,80,80,80,80,80,Mega Glalie,3,2,Face,Snorunt,Fairy,Mineral,1.5,256.5,Both,75,17.5%,20 cycles,Yes,Pass
363,Spheal,Ice,Water,290,70,40,50,55,50,25,,3,1,Clap,,Water 1,Field,0.8,39.5,Both,255,43.9%,20 cycles,Yes,Pass
364,Sealeo,Ice,Water,410,90,60,70,75,70,45,,3,2,Ball Roll,Spheal,Water 1,Field,1.1,87.6,Both,120,24.9%,20 cycles,Yes,Pass
365,Walrein,Ice,Water,530,110,80,90,95,90,65,,3,3,Ice Break,Sealeo,Water 1,Field,1.4,150.6,Both,45,11.9%,20 cycles,Yes,Pass
366,Clamperl,Water,,345,35,64,85,74,55,32,,3,1,Bivalve,,Water 1,,0.4,52.5,Both,255,43.9%,20 cycles,Yes,Pass
367,Huntail,Water,,485,55,104,105,94,75,52,,3,2,Deep Sea,Clamperl,Water 1,,1.7,27.0,Both,60,14.8%,20 cycles,Yes,Pass
368,Gorebyss,Water,,485,55,84,105,114,75,52,,3,2,South Sea,Clamperl,Water 1,,1.8,22.6,Both,60,14.8%,20 cycles,Yes,Smash
369,Relicanth,Water,Rock,485,100,90,130,45,65,55,,3,1,Longevity,,Water 1,Water 2,1.0,23.4,Both,25,7.7%,40 cycles,Yes,Pass
370,Luvdisc,Water,,330,43,30,55,40,65,97,,3,1,Rendezvous,,Water 2,,0.6,8.7,Both,225,39.9%,20 cycles,Yes,Pass
371,Bagon,Dragon,,300,45,75,60,40,30,50,,3,1,Rock Head,,Dragon,,0.6,42.1,Both,45,11.9%,40 cycles,Yes,Pass
372,Shelgon,Dragon,,420,65,95,100,60,50,50,,3,2,Endurance,Bagon,Dragon,,1.1,110.5,Both,45,11.9%,40 cycles,Yes,Pass
373,Salamence,Dragon,Flying,600,95,135,80,110,80,100,Mega Salamence,3,3,Dragon,Shelgon,Dragon,,1.5,102.6,Both,45,11.9%,40 cycles,Yes,Pass
374,Beldum,Steel,Psychic,300,40,55,80,35,60,30,,3,1,Iron Ball,,Mineral,,0.6,95.2,Neither,3,1.6%,40 cycles,Yes,Pass
375,Metang,Steel,Psychic,420,60,75,100,55,80,50,,3,2,Iron Claw,Beldum,Mineral,,1.2,202.5,Neither,3,1.6%,40 cycles,Yes,Pass
376,Metagross,Steel,Psychic,600,80,135,130,95,90,70,Mega Metagross,3,3,Iron Leg,Metang,Mineral,,1.6,550.0,Neither,3,1.6%,40 cycles,Yes,Pass
377,Regirock,Rock,,580,80,100,200,50,100,50,,3,1,Rock Peak,,No Eggs Discovered,,1.7,230.0,Neither,3,1.6%,80 cycles,No,Pass
378,Regice,Ice,,580,80,50,100,100,200,50,,3,1,Iceberg,,No Eggs Discovered,,1.8,175.0,Neither,3,1.6%,80 cycles,No,Pass
379,Registeel,Steel,,580,80,75,150,75,150,50,,3,1,Iron,,No Eggs Discovered,,1.9,205.0,Neither,3,1.6%,80 cycles,No,Pass
380,Latias,Dragon,Psychic,600,80,80,90,110,130,110,Mega Latias,3,1,Eon,,No Eggs Discovered,,1.4,40.0,Female,3,1.6%,120 cycles,No,Pass
381,Latios,Dragon,Psychic,600,80,90,80,130,110,110,Mega Latios,3,1,Eon,,No Eggs Discovered,,2.0,60.0,Male,3,1.6%,120 cycles,No,Pass
382,Kyogre,Water,,670,100,100,90,150,140,90,Primal Kyogre,3,1,Sea Basin,,No Eggs Discovered,,4.5,352.0,Neither,3,1.6%,120 cycles,No,Pass
383,Groudon,Ground,Fire,670,100,150,140,100,90,90,Primal Groudon,3,1,Continent,,No Eggs Discovered,,3.5,950.0,Neither,3,1.6%,120 cycles,No,Pass
384,Rayquaza,Dragon,Flying,680,105,150,90,150,90,95,Mega Rayquaza,3,1,Sky High,,No Eggs Discovered,,7.0,206.5,Neither,3,1.6%,120 cycles,No,Pass
385,Jirachi,Steel,Psychic,600,100,100,100,100,100,100,,3,1,Wish,,No Eggs Discovered,,0.3,1.1,Neither,3,1.6%,120 cycles,No,Pass
386,Deoxys,Psychic,,600,50,150,50,150,50,150,Normal Forme; Attack Forme; Defense Forme; Speed Forme,3,1,DNA,,No Eggs Discovered,,1.7,60.8,Neither,3,1.6%,120 cycles,No,Smash
387,Turtwig,Grass,,318,55,68,64,45,55,31,,4,1,Tiny Leaf,,Monster,Grass,0.4,10.2,Both,45,11.9%,20 cycles,Yes,Pass
388,Grotle,Grass,,405,75,89,85,55,65,36,,4,2,Grove,Turtwig,Monster,Grass,1.1,97.0,Both,45,11.9%,20 cycles,Yes,Pass
389,Torterra,Grass,Ground,525,95,109,105,75,85,56,,4,1,Continent,,Monster,Grass,2.2,310.0,Both,45,11.9%,20 cycles,Yes,Pass
390,Chimchar,Fire,,309,44,58,44,58,44,61,,4,1,Chimp,,Field,Human-Like,0.5,6.2,Both,45,11.9%,20 cycles,Yes,Pass
391,Monferno,Fire,Fighting,405,64,78,52,78,52,81,,4,2,Playful,Chimchar,Field,Human-Like,0.9,22.0,Both,45,11.9%,20 cycles,Yes,Pass
392,Infernape,Fire,Fighting,534,76,104,71,104,71,108,,4,3,Flame,Monferno,Field,Human-Like,1.2,55.0,Both,45,11.9%,20 cycles,Yes,Pass
393,Piplup,Water,,314,53,51,53,61,56,40,,4,1,Penguin,,Water 1,Field,0.4,5.2,Both,45,11.9%,20 cycles,Yes,Pass
394,Prinplup,Water,,405,64,66,68,81,76,50,,4,2,Penguin,Piplup,Water 1,Field,0.8,23.0,Both,45,11.9%,20 cycles,Yes,Pass
395,Empoleon,Water,Steel,530,84,86,88,111,101,60,,4,3,Emperor,Prinplup,Water 1,Field,1.7,84.5,Both,45,11.9%,20 cycles,Yes,Pass
396,Starly,Normal,Flying,245,40,55,30,30,30,60,,4,1,Starling,,Flying,,0.3,2.0,Both,255,43.9%,15 cycles,Yes,Pass
397,Staravia,Normal,Flying,340,55,75,50,40,40,80,,4,2,Starling,Starly,Flying,,0.6,15.5,Both,120,24.9%,15 cycles,Yes,Pass
398,Staraptor,Normal,Flying,485,85,120,70,50,60,100,Mega Staraptor,4,3,Predator,Staravia,Flying,,1.2,24.9,Both,45,11.9%,15 cycles,Yes,Pass
399,Bidoof,Normal,,250,59,45,40,35,40,31,,4,1,Plump Mouse,,Water 1,Field,0.5,20.0,Both,255,43.9%,15 cycles,Yes,Pass
400,Bibarel,Normal,Water,410,79,85,60,55,60,71,,4,2,Beaver,Bidoof,Water 1,Field,1.0,31.5,Both,127,26%,15 cycles,Yes,Pass
401,Kricketot,Bug,,194,37,25,41,25,41,25,,4,1,Cricket,,Bug,,0.3,2.2,Both,255,43.9%,15 cycles,Yes,Pass
402,Kricketune,Bug,,384,77,85,51,55,51,65,,4,2,Cricket,Kricketot,Bug,,1.0,25.5,Both,45,11.9%,15 cycles,Yes,Pass
403,Shinx,Electric,,263,45,65,34,40,34,45,,4,1,Flash,,Field,,0.5,9.5,Both,235,41.3%,20 cycles,Yes,Pass
404,Luxio,Electric,,363,60,85,49,60,49,60,,4,2,Spark,Shinx,Field,,0.9,30.5,Both,120,24.9%,20 cycles,Yes,Pass
405,Luxray,Electric,,523,80,120,79,95,79,70,,4,3,Gleam Eyes,Luxio,Field,,1.4,42.0,Both,45,11.9%,20 cycles,Yes,Pass
406,Budew,Grass,Poison,280,40,30,35,50,70,55,,4,1,Bud,,No Eggs Discovered,,0.2,1.2,Both,255,43.9%,20 cycles,Yes,Pass
407,Roserade,Grass,Poison,515,60,70,65,125,105,90,,4,3,Bouquet,Roselia,Fairy,Grass,0.9,14.5,Both,75,17.5%,20 cycles,Yes,Pass
408,Cranidos,Rock,,350,67,125,40,30,30,58,,4,1,Head Butt,,Monster,,0.9,31.5,Both,45,11.9%,30 cycles,Yes,Pass
409,Rampardos,Rock,,495,97,165,60,65,50,58,,4,2,Head Butt,Cranidos,Monster,,1.6,102.5,Both,45,11.9%,30 cycles,Yes,Pass
410,Shieldon,Rock,Steel,350,30,42,118,42,88,30,,4,1,Shield,,Monster,,0.5,57.0,Both,45,11.9%,30 cycles,Yes,Pass
411,Bastiodon,Rock,Steel,495,60,52,168,47,138,30,,4,2,Shield,Shieldon,Monster,,1.3,149.5,Both,45,11.9%,30 cycles,Yes,Pass
412,Burmy,Bug,,224,40,29,45,29,45,36,Plant Cloak; Sandy Cloak; Trash Cloak,4,1,Bagworm,,Bug,,0.2,3.4,Both,120,24.9%,15 cycles,Yes,Pass
413,Wormadam,Bug,Grass,424,60,59,85,79,105,36,Plant Cloak; Sandy Cloak; Trash Cloak,4,2,Bagworm,Burmy,Bug,,0.5,6.5,Female,45,11.9%,15 cycles,Yes,Pass
414,Mothim,Bug,Flying,424,70,94,50,94,50,66,,4,2,Moth,Burmy,Bug,,0.9,23.3,Male,45,11.9%,15 cycles,Yes,Pass
415,Combee,Bug,Flying,244,30,30,42,30,42,70,,4,1,Tiny Bee,,Bug,,0.3,5.5,Both,120,24.9%,15 cycles,Yes,Pass
416,Vespiquen,Bug,Flying,474,70,80,102,80,102,40,,4,1,Beehive,,Bug,,1.2,38.5,Female,45,11.9%,15 cycles,Yes,Smash
417,Pachirisu,Electric,Fairy,405,60,45,70,45,90,95,,4,1,EleSquirrel,,Field,Fairy,0.4,3.9,Both,200,36.6%,10 cycles,Yes,Pass
418,Buizel,Water,,330,55,65,35,60,30,85,,4,1,Sea Weasel,,Water 1,Field,0.7,29.5,Both,190,35.2%,20 cycles,Yes,Pass
419,Floatzel,Water,,495,85,105,55,85,50,115,,4,2,Sea Weasel,Buizel,Water 1,Field,1.1,33.5,Both,75,17.5%,20 cycles,Yes,Pass
420,Cherubi,Grass,Fairy,275,45,35,45,62,53,35,,4,1,Cherry,,Fairy,Grass,0.4,3.3,Both,190,35.2%,20 cycles,Yes,Pass
421,Cherrim,Grass,Fairy,450,70,60,70,87,78,85,Overcast Form; Sunshine Form,4,2,Blossom,Cherubi,Fairy,Grass,0.5,9.3,Both,75,17.5%,20 cycles,Yes,Pass
422,Shellos,Water,,325,76,48,48,57,62,34,West Sea Shellos; East Sea Shellos,4,1,Sea Slug,,Water 1,Amorphous,0.3,6.3,Both,190,35.2%,20 cycles,Yes,Pass
423,Gastrodon,Water,Ground,475,111,83,68,92,82,39,West Sea Gastrodon; East Sea Gastrodon,4,2,Sea Slug,Shellos,Water 1,Amorphous,0.9,29.9,Both,75,17.5%,20 cycles,Yes,Pass
424,Ambipom,Normal,,482,75,100,66,60,66,115,,4,2,Long Tail,Aipom,Field,,1.2,20.3,Both,45,11.9%,20 cycles,Yes,Pass
425,Drifloon,Ghost,Flying,348,90,50,34,60,44,70,,4,1,Balloon,,Amorphous,,0.4,1.2,Both,125,25.7%,30 cycles,Yes,Pass
426,Drifblim,Ghost,Flying,498,150,80,44,90,54,80,,4,2,Blimp,Drifloon,Amorphous,,1.2,15.0,Both,60,14.8%,30 cycles,Yes,Pass
427,Buneary,Normal,,350,55,66,44,44,56,85,,4,1,Rabbit,,Field,Human-Like,0.4,5.5,Both,190,35.2%,20 cycles,Yes,Pass
428,Lopunny,Normal,Fighting,480,65,76,84,54,96,105,Mega Lopunny,4,2,Rabbit,Buneary,Field,Human-Like,1.2,33.3,Both,60,14.8%,20 cycles,Yes,Smash
429,Mismagius,Ghost,,495,60,60,60,105,105,105,,4,2,Magical,Misdreavus,Amorphous,,0.9,4.4,Both,45,11.9%,25 cycles,Yes,Pass
430,Honchkrow,Dark,Flying,505,100,125,52,105,52,71,,4,2,Big Boss,Murkrow,Flying,,0.9,27.3,Both,30,8.8%,20 cycles,Yes,Pass
431,Glameow,Normal,,310,49,55,42,42,37,85,,4,1,Catty,,Field,,0.5,3.9,Both,190,35.2%,20 cycles,Yes,Pass
432,Purugly,Normal,,452,71,82,64,64,59,112,,4,2,Tiger Cat,Glameow,Field,,1.0,43.8,Both,75,17.5%,20 cycles,Yes,Pass
433,Chingling,Psychic,,285,45,30,50,65,50,45,,4,1,Bell,,No Eggs Discovered,,0.2,0.6,Both,120,24.9%,25 cycles,Yes,Pass
434,Stunky,Poison,Dark,329,63,63,47,41,41,74,,4,1,Skunk,,Field,,0.4,19.2,Both,225,39.9%,20 cycles,Yes,Pass
435,Skuntank,Poison,Dark,479,103,93,67,71,61,84,,4,2,Skunk,Stunky,Field,,1.0,38.0,Both,60,14.8%,20 cycles,Yes,Pass
436,Bronzor,Steel,Psychic,300,57,24,86,24,86,23,,4,1,Bronze,,Mineral,,0.5,60.5,Neither,255,43.9%,20 cycles,Yes,Pass
437,Bronzong,Steel,Psychic,500,67,89,116,79,116,33,,4,2,Bronze Bell,Bronzor,Mineral,,1.3,187.0,Neither,90,20.1%,20 cycles,Yes,Pass
438,Bonsly,Rock,,290,50,80,95,10,45,10,,4,1,Bonsai,,No Eggs Discovered,,0.5,15.0,Both,255,43.9%,20 cycles,Yes,Pass
439,Mime Jr.,Psychic,Fairy,310,20,25,45,70,90,60,,4,1,Mime,,No Eggs Discovered,,0.6,13.0,Both,145,28.7%,25 cycles,Yes,Pass
440,Happiny,Normal,,220,100,5,5,15,65,30,,4,1,Playhouse,,No Eggs Discovered,,0.6,24.4,Female,130,26.5%,40 cycles,Yes,Pass
441,Chatot,Normal,Flying,411,76,65,45,92,42,91,,4,1,Music Note,,Flying,,0.5,1.9,Both,30,8.8%,20 cycles,Yes,Pass
442,Spiritomb,Ghost,Dark,485,50,92,108,92,108,35,,4,1,Forbidden,,Amorphous,,1.0,108.0,Both,100,21.7%,30 cycles,Yes,Pass
443,Gible,Dragon,Ground,300,58,70,45,40,45,42,,4,1,Land Shark,,Monster,Dragon,0.7,20.5,Both,45,11.9%,40 cycles,Yes,Pass
444,Gabite,Dragon,Ground,410,68,90,65,50,55,82,,4,2,Cave,Gible,Monster,Dragon,1.4,56.0,Both,45,11.9%,40 cycles,Yes,Pass
445,Garchomp,Dragon,Ground,600,108,130,95,80,85,102,Mega Garchomp; Mega Garchomp Z,4,3,Mach,Gabite,Monster,Dragon,1.9,95.0,Both,45,11.9%,40 cycles,Yes,Pass
446,Munchlax,Normal,,390,135,85,40,40,85,5,,4,1,Big Eater,,No Eggs Discovered,,0.6,105.0,Both,50,12.9%,40 cycles,Yes,Pass
447,Riolu,Fighting,,285,40,70,40,35,40,60,,4,1,Emanation,,No Eggs Discovered,,0.7,20.2,Both,75,17.5%,25 cycles,Yes,Pass
448,Lucario,Fighting,Steel,525,70,110,70,115,70,90,Mega Lucario; Mega Lucario Z,4,2,Aura,Riolu,Field,Human-Like,1.2,54.0,Both,45,11.9%,25 cycles,Yes,Pass
449,Hippopotas,Ground,,330,68,72,78,38,42,32,,4,1,Hippo,,Field,,0.8,49.5,Both,140,28%,30 cycles,Yes,Pass
450,Hippowdon,Ground,,525,108,112,118,68,72,47,,4,2,Heavyweight,Hippopotas,Field,,2.0,300.0,Both,60,14.8%,30 cycles,Yes,Pass
451,Skorupi,Poison,Bug,330,40,50,90,30,55,65,,4,1,Scorpion,,Bug,Water 3,0.8,12.0,Both,120,24.9%,20 cycles,Yes,Pass
452,Drapion,Poison,Dark,500,70,90,110,60,75,95,,4,2,Ogre Scorpion,Skorupi,Bug,Water 3,1.3,61.5,Both,45,11.9%,20 cycles,Yes,Pass
453,Croagunk,Poison,Fighting,300,48,61,40,61,40,50,,4,1,Toxic Mouth,,Human-Like,,0.7,23.0,Both,140,28%,10 cycles,Yes,Pass
454,Toxicroak,Poison,Fighting,490,83,106,65,86,65,85,,4,2,Toxic Mouth,Croagunk,Human-Like,,1.3,44.4,Both,75,17.5%,20 cycles,Yes,Pass
455,Carnivine,Grass,,454,74,100,72,90,72,46,,4,1,Bug Catcher,,Grass,,1.4,27.0,Both,200,36.6%,25 cycles,Yes,Pass
456,Finneon,Water,,330,49,49,56,49,61,66,,4,1,Wing Fish,,Water 2,,0.4,7.0,Both,190,35.2%,20 cycles,Yes,Pass
457,Lumineon,Water,,460,69,69,76,69,86,91,,4,2,Neon,Finneon,Water 2,,1.2,24.0,Both,75,17.5%,20 cycles,Yes,Pass
458,Mantyke,Water,Flying,345,45,20,50,60,120,50,,4,1,Kite,,No Eggs Discovered,,1.0,65.0,Both,25,7.7%,25 cycles,Yes,Pass
459,Snover,Grass,Ice,334,60,62,50,62,60,40,,4,1,Frost Tree,,Monster,Grass,1.0,50.5,Both,120,24.9%,20 cycles,Yes,Pass
460,Abomasnow,Grass,Ice,494,90,92,75,92,85,60,Mega Abomasnow,4,2,Frost Tree,Snover,Monster,Grass,2.2,135.5,Both,60,14.8%,20 cycles,Yes,Pass
461,Weavile,Dark,Ice,510,70,120,65,45,85,125,,4,2,Sharp Claw,Sneasel,Field,,1.1,34.0,Both,45,11.9%,20 cycles,Yes,Pass
462,Magnezone,Electric,Steel,535,70,70,115,130,90,60,,4,3,Magnet Area,Magneton,Mineral,,1.2,180.0,Neither,30,8.8%,20 cycles,Yes,Pass
463,Lickilicky,Normal,,515,110,85,95,80,95,50,,4,2,Licking,Lickitung,Monster,,1.7,140.0,Both,30,8.8%,20 cycles,Yes,Pass
464,Rhyperior,Ground,Rock,535,115,140,130,55,55,40,,4,3,Drill,Rhydon,Monster,Field,2.4,282.8,Both,30,8.8%,20 cycles,Yes,Pass
465,Tangrowth,Grass,,535,100,100,125,110,50,50,,4,2,Vine,Tangela,Grass,,2.0,128.6,Both,30,8.8%,20 cycles,Yes,Pass
466,Electivire,Electric,,540,75,123,67,95,85,95,,4,3,Thunderbolt,Electabuzz,Human-Like,,1.8,138.6,Both,30,8.8%,25 cycles,Yes,Pass
467,Magmortar,Fire,,540,75,95,67,125,95,83,,4,3,Blast,Magmar,Human-Like,,1.6,68.0,Both,30,8.8%,25 cycles,Yes,Pass
468,Togekiss,Fairy,Flying,545,85,50,95,120,115,80,,4,3,Jubilee,Togetic,Flying,Fairy,1.5,38.0,Both,30,8.8%,10 cycles,Yes,Pass
469,Yanmega,Bug,Flying,515,86,76,86,116,56,95,,4,2,Ogre Darner,Yanma,Bug,,1.9,51.5,Both,30,8.8%,20 cycles,Yes,Pass
470,Leafeon,Grass,,525,65,110,130,60,65,95,,4,2,Verdant,Eevee,Field,,1.0,25.5,Both,45,11.9%,35 cycles,Yes,Pass
471,Glaceon,Ice,,525,65,60,110,130,95,65,,4,2,Fresh Snow,Eevee,Field,,0.8,25.9,Both,45,11.9%,35 cycles,Yes,Pass
472,Gliscor,Ground,Flying,510,75,95,125,45,75,95,,4,2,Fang Scorpion,Gligar,Bug,,2.0,42.5,Both,30,8.8%,20 cycles,Yes,Pass
473,Mamoswine,Ice,Ground,530,110,130,80,70,60,80,,4,3,Twin Tusk,Piloswine,Field,,2.5,291.0,Both,50,12.9%,20 cycles,Yes,Pass
474,Porygon-Z,Normal,,535,85,80,70,135,75,90,,4,3,Virtual,Porygon2,Mineral,,0.9,34.0,Neither,30,8.8%,20 cycles,Yes,Pass
475,Gallade,Psychic,Fighting,518,68,125,65,65,115,80,Mega Gallade,4,3,Blade,Kirlia,Human-Like,Amorphous,1.6,52.0,Male,45,11.9%,20 cycles,Yes,Pass
476,Probopass,Rock,Steel,525,60,55,145,75,150,40,,4,2,Compass,Nosepass,Mineral,,1.4,340.0,Both,60,14.8%,20 cycles,Yes,Pass
477,Dusknoir,Ghost,,525,45,100,135,65,135,45,,4,3,Gripper,Dusclops,Amorphous,,2.2,106.6,Both,45,11.9%,25 cycles,Yes,Pass
478,Froslass,Ice,Ghost,480,70,80,70,80,70,110,Mega Froslass,4,2,Snow Land,Snorunt,Fairy,Mineral,1.3,26.6,Female,75,17.5%,20 cycles,Yes,Pass
479,Rotom,Electric,Ghost,440,50,50,77,95,77,91,Heat Rotom; Wash Rotom; Frost Rotom; Fan Rotom; Mow Rotom; Stereo Rotom,4,1,Plasma,,Amorphous,,0.3,0.3,Neither,45,11.9%,20 cycles,Yes,Pass
480,Uxie,Psychic,,580,75,75,130,75,130,95,,4,1,Knowledge,,No Eggs Discovered,,0.3,0.3,Neither,3,1.6%,80 cycles,No,Pass
481,Mesprit,Psychic,,580,80,105,105,105,105,80,,4,1,Emotion,,No Eggs Discovered,,0.3,0.3,Neither,3,1.6%,80 cycles,No,Pass
482,Azelf,Psychic,,580,75,125,70,125,70,115,,4,1,Willpower,,No Eggs Discovered,,0.3,0.3,Neither,3,1.6%,80 cycles,No,Pass
483,Dialga,Steel,Dragon,680,100,120,120,150,100,90,,4,1,Temporal,,No Eggs Discovered,,5.4,683.0,Neither,3,1.6%,120 cycles,No,Pass
484,Palkia,Water,Dragon,680,90,120,100,150,120,100,,4,1,Spatial,,No Eggs Discovered,,4.2,336.0,Neither,3,1.6%,120 cycles,No,Pass
485,Heatran,Fire,Steel,600,91,90,106,130,106,77,Mega Heatran,4,1,Lava Dome,,No Eggs Discovered,,1.7,430.0,Both,3,1.6%,10 cycles,No,Pass
486,Regigigas,Normal,,670,110,160,110,80,110,100,,4,1,Colossal,,No Eggs Discovered,,3.7,420.0,Neither,3,1.6%,120 cycles,No,Pass
487,Giratina,Ghost,Dragon,680,150,100,120,100,120,90,Altered Forme; Origin Forme,4,1,Renegade,,No Eggs Discovered,,4.5,750.0,Neither,3,1.6%,120 cycles,No,Pass
488,Cresselia,Psychic,,580,120,70,110,75,120,85,,4,1,Lunar,,No Eggs Discovered,,1.5,85.6,Female,3,1.6%,120 cycles,No,Pass
489,Phione,Water,Fairy,480,80,80,80,80,80,80,,4,1,Sea Drifter,,Water 1,Fairy,0.4,3.1,Neither,30,8.8%,40 cycles,Yes,Pass
490,Manaphy,Water,Fairy,600,100,100,100,100,100,100,,4,1,Seafaring,,Water 1,Fairy,0.3,1.4,Neither,3,1.6%,10 cycles,Yes,Pass
491,Darkrai,Dark,,600,70,90,90,135,90,125,Mega Darkrai,4,1,Pitch-Black,,No Eggs Discovered,,1.5,50.5,Neither,3,1.6%,120 cycles,No,Smash
492,Shaymin,Grass,Flying,600,100,100,100,100,100,100,,4,1,Gratitude,,No Eggs Discovered,,0.2,2.1,Neither,45,11.9%,120 cycles,No,Pass
493,Arceus,Normal,,720,120,120,120,120,120,120,,4,1,Alpha,,No Eggs Discovered,,3.2,320.0,Neither,3,1.6%,120 cycles,No,Pass
494,Victini,Psychic,Fire,600,100,100,100,100,100,100,,5,1,Victory,,No Eggs Discovered,,0.4,4.0,Neither,3,1.6%,120 cycles,No,Pass
495,Snivy,Grass,,308,45,45,55,45,55,63,,5,1,Grass Snake,,Field,Grass,0.6,8.1,Both,45,11.9%,20 cycles,Yes,Pass
496,Servine,Grass,,413,60,60,75,60,75,83,,5,2,Grass Snake,Snivy,Field,Grass,0.8,16.0,Both,45,11.9%,20 cycles,Yes,Pass
497,Serperior,Grass,,528,75,75,95,75,95,113,,5,3,Regal,Servine,Field,Grass,3.3,63.0,Both,45,11.9%,20 cycles,Yes,Pass
498,Tepig,Fire,,308,65,63,45,45,45,45,,5,1,Fire Pig,,Field,,0.5,9.9,Both,45,11.9%,20 cycles,Yes,Pass
499,Pignite,Fire,Fighting,418,90,93,55,70,55,55,,5,2,Fire Pig,Tepig,Field,,1.0,55.5,Both,45,11.9%,20 cycles,Yes,Pass
500,Emboar,Fire,Fighting,528,110,123,65,100,65,65,Mega Emboar,5,3,Mega Fire Pig,Pignite,Field,,1.6,150.0,Both,45,11.9%,20 cycles,Yes,Pass
501,Oshawott,Water,,308,55,55,45,63,45,45,,5,1,Sea Otter,,Field,,0.5,5.9,Both,45,11.9%,20 cycles,Yes,Pass
502,Dewott,Water,,413,75,75,60,83,60,60,,5,2,Discipline,Oshawott,Field,,0.8,24.5,Both,45,11.9%,20 cycles,Yes,Pass
503,Samurott,Water,Dark,528,95,100,85,108,70,70,Hisuian Samurott,5,3,Formidable,Dewott,Field,,1.5,94.6,Both,45,11.9%,20 cycles,Yes,Pass
504,Patrat,Normal,,255,45,55,39,35,39,42,,5,1,Scout,,Field,,0.5,11.6,Both,255,43.9%,15 cycles,Yes,Pass
505,Watchog,Normal,,420,60,85,69,60,69,77,,5,2,Lookout,Patrat,Field,,1.1,27.0,Both,255,43.9%,20 cycles,Yes,Pass
506,Lillipup,Normal,,275,45,60,45,25,45,55,,5,1,Puppy,,Field,,0.4,4.1,Both,255,43.9%,15 cycles,Yes,Pass
507,Herdier,Normal,,370,65,80,65,35,65,60,,5,2,Loyal Dog,Lillipup,Field,,0.9,14.7,Both,120,24.9%,15 cycles,Yes,Pass
508,Stoutland,Normal,,500,85,110,90,45,90,80,,5,3,Big-Hearted,Herdier,Field,,1.2,61.0,Both,45,11.9%,15 cycles,Yes,Pass
509,Purrloin,Dark,,281,41,50,37,50,37,66,,5,1,Devious,,Field,,0.4,10.1,Both,255,43.9%,20 cycles,Yes,Pass
510,Liepard,Dark,,446,64,88,50,88,50,106,,5,2,Cruel,Purrloin,Field,,1.1,37.5,Both,90,20.1%,20 cycles,Yes,Pass
511,Pansage,Grass,,316,50,53,48,53,48,64,,5,1,Grass Monkey,,Field,,0.6,10.5,Both,190,35.2%,20 cycles,Yes,Pass
512,Simisage,Grass,,498,75,98,63,98,63,101,,5,2,Thorn Monkey,Pansage,Field,,1.1,30.5,Both,75,17.5%,20 cycles,Yes,Pass
513,Pansear,Fire,,316,50,53,48,53,48,64,,5,1,High Temp,,Field,,0.6,11.0,Both,190,35.2%,20 cycles,Yes,Pass
514,Simisear,Fire,,498,75,98,63,98,63,101,,5,2,Ember,Pansear,Field,,1.0,28.0,Both,75,17.5%,20 cycles,Yes,Pass
515,Panpour,Water,,316,50,53,48,53,48,64,,5,1,Spray,,Field,,0.6,13.5,Both,190,35.2%,20 cycles,Yes,Pass
516,Simipour,Water,,498,75,98,63,98,63,101,,5,2,Geyser,Panpour,Field,,1.0,29.0,Both,75,17.5%,20 cycles,Yes,Pass
517,Munna,Psychic,,292,76,25,45,67,55,24,,5,1,Dream Eater,,Field,,0.6,23.3,Both,190,35.2%,10 cycles,Yes,Pass
518,Musharna,Psychic,,487,116,55,85,107,95,29,,5,2,Drowsing,Munna,Field,,1.1,60.5,Both,75,17.5%,10 cycles,Yes,Pass
519,Pidove,Normal,Flying,264,50,55,50,36,30,43,,5,1,Tiny Pigeon,,Flying,,0.3,2.1,Both,255,43.9%,15 cycles,Yes,Pass
520,Tranquill,Normal,Flying,358,62,77,62,50,42,65,,5,2,Wild Pigeon,Pidove,Flying,,0.6,15.0,Both,120,24.9%,15 cycles,Yes,Smash
521,Unfezant,Normal,Flying,488,80,115,80,65,55,93,,5,3,Proud,Tranquill,Flying,,1.2,29.0,Both,45,11.9%,15 cycles,Yes,Smash
522,Blitzle,Electric,,295,45,60,32,50,32,76,,5,1,Electrified,,Field,,0.8,29.8,Both,190,35.2%,20 cycles,Yes,Pass
523,Zebstrika,Electric,,497,75,100,63,80,63,116,,5,2,Thunderbolt,Blitzle,Field,,1.6,79.5,Both,75,17.5%,20 cycles,Yes,Pass
524,Roggenrola,Rock,,280,55,75,85,25,25,15,,5,1,Mantle,,Mineral,,0.4,18.0,Both,255,43.9%,15 cycles,Yes,Pass
525,Boldore,Rock,,390,70,105,105,50,40,20,,5,2,Ore,Roggenrola,Mineral,,0.9,102.0,Both,120,24.9%,15 cycles,Yes,Pass
526,Gigalith,Rock,,515,85,135,130,60,80,25,,5,3,Compressed,Boldore,Mineral,,1.7,260.0,Both,45,11.9%,15 cycles,Yes,Pass
527,Woobat,Psychic,Flying,323,65,45,43,55,43,72,,5,1,Bat,,Field,Flying,0.4,2.1,Both,190,35.2%,15 cycles,Yes,Pass
528,Swoobat,Psychic,Flying,425,67,57,55,77,55,114,,5,2,Courting,Woobat,Field,Flying,0.9,10.5,Both,45,11.9%,15 cycles,Yes,Pass
529,Drilbur,Ground,,328,60,85,40,30,45,68,,5,1,Mole,,Field,,0.3,8.5,Both,120,24.9%,20 cycles,Yes,Pass
530,Excadrill,Ground,Steel,508,110,135,60,50,65,88,Mega Excadrill,5,2,Subterrene,Drilbur,Field,,0.7,40.4,Both,60,14.8%,20 cycles,Yes,Pass
531,Audino,Normal,Fairy,445,103,60,86,60,86,50,Mega Audino,5,1,Hearing,,Fairy,,1.1,31.0,Both,255,43.9%,20 cycles,Yes,Pass
532,Timburr,Fighting,,305,75,80,55,25,35,35,,5,1,Muscular,,Human-Like,,0.6,12.5,Both,180,33.8%,20 cycles,Yes,Pass
533,Gurdurr,Fighting,,405,85,105,85,40,50,40,,5,2,Muscular,Timburr,Human-Like,,1.2,40.0,Both,90,20.1%,20 cycles,Yes,Pass
534,Conkeldurr,Fighting,,505,105,140,95,55,65,45,,5,3,Muscular,Gurdurr,Human-Like,,1.4,87.0,Both,45,11.9%,20 cycles,Yes,Smash
535,Tympole,Water,,294,50,50,40,50,40,64,,5,1,Tadpole,,Water 1,,0.5,4.5,Both,255,43.9%,20 cycles,Yes,Pass
536,Palpitoad,Water,Ground,384,75,65,55,65,55,69,,5,2,Vibration,Tympole,Water 1,,0.8,17.0,Both,120,24.9%,20 cycles,Yes,Pass
537,Seismitoad,Water,Ground,509,105,95,75,85,75,74,,5,3,Vibration,Palpitoad,Water 1,,1.5,62.0,Both,45,11.9%,20 cycles,Yes,Pass
538,Throh,Fighting,,465,120,100,85,30,85,45,,5,1,Judo,,Human-Like,,1.3,55.5,Male,45,11.9%,20 cycles,Yes,Pass
539,Sawk,Fighting,,465,75,125,75,30,75,85,,5,1,Karate,,Human-Like,,1.4,51.0,Male,45,11.9%,20 cycles,Yes,Pass
540,Sewaddle,Bug,Grass,310,45,53,70,40,60,42,,5,1,Sewing,,Bug,,0.3,2.5,Both,255,43.9%,15 cycles,Yes,Pass
541,Swadloon,Bug,Grass,380,55,63,90,50,80,42,,5,2,Leaf-Wrapped,Sewaddle,Bug,,0.5,7.3,Both,120,24.9%,15 cycles,Yes,Pass
542,Leavanny,Bug,Grass,500,75,103,80,70,80,92,,5,3,Nurturing,Swadloon,Bug,,1.2,20.5,Both,45,11.9%,15 cycles,Yes,Smash
543,Venipede,Bug,Poison,260,30,45,59,30,39,57,,5,1,Centipede,,Bug,,0.4,5.3,Both,255,43.9%,15 cycles,Yes,Pass
544,Whirlipede,Bug,Poison,360,40,55,99,40,79,47,,5,2,Curlipede,Venipede,Bug,,1.2,58.5,Both,120,24.9%,15 cycles,Yes,Pass
545,Scolipede,Bug,Poison,485,60,100,89,55,69,112,Mega Scolipede,5,3,Megapede,Whirlipede,Bug,,2.5,200.5,Both,45,11.9%,20 cycles,Yes,Pass
546,Cottonee,Grass,Fairy,280,40,27,60,37,50,66,,5,1,Cotton Puff,,Grass,Fairy,0.3,0.6,Both,190,35.2%,20 cycles,Yes,Pass
547,Whimsicott,Grass,Fairy,480,60,67,85,77,75,116,,5,2,Windveiled,Cottonee,Grass,Fairy,0.7,6.6,Both,75,17.5%,20 cycles,Yes,Pass
548,Petilil,Grass,,280,45,35,50,70,50,30,,5,1,Bulb,,Grass,,0.5,6.6,Female,190,35.2%,20 cycles,Yes,Pass
549,Lilligant,Grass,Fighting,480,70,60,75,110,75,90,Hisuian Lilligant,5,2,Flowering,Petilil,Grass,,1.1,16.3,Female,75,17.5%,20 cycles,Yes,Smash
550,Basculin,Water,,460,70,92,65,80,55,98,Red-Striped Form; Blue-Striped Form; White-Striped Form,5,1,Hostile,,Water 2,,1.0,18.0,Both,190,35.2%,40 cycles,Yes,Pass
551,Sandile,Ground,Dark,292,50,72,35,35,35,65,,5,1,Desert Croc,,Field,,0.7,15.2,Both,180,33.8%,20 cycles,Yes,Pass
552,Krokorok,Ground,Dark,351,60,82,45,45,45,74,,5,2,Desert Croc,Sandile,Field,,1.0,33.4,Both,90,20.1%,20 cycles,Yes,Pass
553,Krookodile,Ground,Dark,519,95,117,80,65,70,92,,5,3,Intimidation,Krokorok,Field,,1.5,96.3,Both,45,11.9%,20 cycles,Yes,Pass
554,Darumaka,Fire,Ice,315,70,90,45,15,45,50,Galarian Darumaka,5,1,Zen Charm,,Field,,0.6,37.5,Both,120,24.9%,20 cycles,Yes,Pass
555,Darmanitan,Fire,Psychic,480,105,140,55,30,55,95,Standard Mode; Zen Mode; Galarian Darmanitan,5,2,Blazing,Darumaka,Field,,1.3,92.9,Both,60,14.8%,20 cycles,Yes,Pass
556,Maractus,Grass,,461,75,86,67,106,67,60,,5,1,Cactus,,Grass,,1.0,28.0,Both,255,43.9%,20 cycles,Yes,Pass
557,Dwebble,Bug,Rock,325,50,65,85,35,35,55,,5,1,Rock Inn,,Bug,Mineral,0.3,14.5,Both,190,35.2%,20 cycles,Yes,Pass
558,Crustle,Bug,Rock,485,70,105,125,65,75,45,,5,2,Stone Home,Dwebble,Bug,Mineral,1.4,200.0,Both,75,17.5%,20 cycles,Yes,Pass
559,Scraggy,Dark,Fighting,348,50,75,70,35,70,48,,5,1,Shedding,,Field,Dragon,0.6,11.8,Both,180,33.8%,15 cycles,Yes,Pass
560,Scrafty,Dark,Fighting,488,65,90,115,45,115,58,Mega Scrafty,5,2,Hoodlum,Scraggy,Field,Dragon,1.1,30.0,Both,90,20.1%,15 cycles,Yes,Pass
561,Sigilyph,Psychic,Flying,490,72,58,80,103,80,97,,5,1,Avianoid,,Flying,,1.4,14.0,Both,45,11.9%,20 cycles,Yes,Smash
562,Yamask,Ghost,Ground,303,38,30,85,55,65,30,Galarian Yamask,5,1,Spirit,,Mineral,Amorphous,0.5,1.5,Both,190,35.2%,25 cycles,Yes,Pass
563,Cofagrigus,Ghost,,483,58,50,145,95,105,30,,5,2,Coffin,Yamask,Mineral,Amorphous,1.7,76.5,Both,90,20.1%,25 cycles,Yes,Pass
564,Tirtouga,Water,Rock,355,54,78,103,53,45,22,,5,1,Prototurtle,,Water 1,Water 3,0.7,16.5,Both,45,11.9%,30 cycles,Yes,Pass
565,Carracosta,Water,Rock,495,74,108,133,83,65,32,,5,2,Prototurtle,Tirtouga,Water 1,Water 3,1.2,81.0,Both,45,11.9%,30 cycles,Yes,Pass
566,Archen,Rock,Flying,401,55,112,45,74,45,70,,5,1,First Bird,,Flying,Water 3,0.5,9.5,Both,45,11.9%,30 cycles,Yes,Pass
567,Archeops,Rock,Flying,567,75,140,65,112,65,110,,5,2,First Bird,Archen,Flying,Water 3,1.4,32.0,Both,45,11.9%,30 cycles,Yes,Pass
568,Trubbish,Poison,,329,50,50,62,40,62,65,,5,1,Trash Bag,,Mineral,,0.6,31.0,Both,190,35.2%,20 cycles,Yes,Pass
569,Garbodor,Poison,,474,80,95,82,60,82,75,,5,2,Trash Heap,Trubbish,Mineral,,1.9,107.3,Both,60,14.8%,20 cycles,Yes,Pass
570,Zorua,Dark,Normal,330,40,65,40,80,40,65,Hisuian Zorua,5,1,Tricky Fox,,Field,,0.7,12.5,Both,75,17.5%,25 cycles,Yes,Pass
571,Zoroark,Dark,Normal,510,60,105,60,120,60,105,Hisuian Zoroark,5,2,Illusion Fox,Zorua,Field,,1.6,81.1,Both,45,11.9%,20 cycles,Yes,Smash
572,Minccino,Normal,,300,55,50,40,40,40,75,,5,1,Chinchilla,,Field,,0.4,5.8,Both,255,43.9%,15 cycles,Yes,Pass
573,Cinccino,Normal,,470,75,95,60,65,60,115,,5,2,Scarf,Minccino,Field,,0.5,7.5,Both,60,14.8%,15 cycles,Yes,Pass
574,Gothita,Psychic,,290,45,30,50,55,65,45,,5,1,Fixation,,Human-Like,,0.4,5.8,Both,200,36.6%,20 cycles,Yes,Pass
575,Gothorita,Psychic,,390,60,45,70,75,85,55,,5,2,Manipulate,Gothita,Human-Like,,0.7,18.0,Both,100,21.7%,20 cycles,Yes,Pass
576,Gothitelle,Psychic,,490,70,55,95,95,110,65,,5,3,Astral Body,Gothorita,Human-Like,,1.5,44.0,Both,50,12.9%,20 cycles,Yes,Smash
577,Solosis,Psychic,,290,45,30,40,105,50,20,,5,1,Cell,,Amorphous,,0.3,1.0,Both,200,36.6%,20 cycles,Yes,Pass
578,Duosion,Psychic,,370,65,40,50,125,60,30,,5,2,Mitosis,Solosis,Amorphous,,0.6,8.0,Both,100,21.7%,20 cycles,Yes,Pass
579,Reuniclus,Psychic,,490,110,65,75,125,85,30,,5,3,Multiplying,Duosion,Amorphous,,1.0,20.1,Both,50,12.9%,20 cycles,Yes,Pass
580,Ducklett,Water,Flying,305,62,44,50,44,50,55,,5,1,Water Bird,,Water 1,Flying,0.5,5.5,Both,190,35.2%,20 cycles,Yes,Pass
581,Swanna,Water,Flying,473,75,87,63,87,63,98,,5,2,White Bird,Ducklett,Water 1,Flying,1.3,24.2,Both,45,11.9%,20 cycles,Yes,Smash
582,Vanillite,Ice,,305,36,50,50,65,60,44,,5,1,Fresh Snow,,Mineral,,0.4,5.7,Both,255,43.9%,20 cycles,Yes,Pass
583,Vanillish,Ice,,395,51,65,65,80,75,59,,5,2,Icy Snow,Vanillite,Mineral,,1.1,41.0,Both,120,24.9%,20 cycles,Yes,Pass
584,Vanilluxe,Ice,,535,71,95,85,110,95,79,,5,3,Snowstorm,Vanillish,Mineral,,1.3,57.5,Both,45,11.9%,20 cycles,Yes,Smash
585,Deerling,Normal,Grass,335,60,60,50,40,50,75,Spring Form; Summer Form; Autumn Form; Winter Form,5,1,Season,,Field,,0.6,19.5,Both,190,35.2%,20 cycles,Yes,Pass
586,Sawsbuck,Normal,Grass,475,80,100,70,60,70,95,Spring Form; Summer Form; Autumn Form; Winter Form,5,2,Season,Deerling,Field,,1.9,92.5,Both,75,17.5%,20 cycles,Yes,Pass
587,Emolga,Electric,Flying,428,55,75,60,75,60,103,,5,1,Sky Squirrel,,Field,,0.4,5.0,Both,200,36.6%,20 cycles,Yes,Pass
588,Karrablast,Bug,,315,50,75,45,40,45,60,,5,1,Clamping,,Bug,,0.5,5.9,Both,200,36.6%,15 cycles,Yes,Pass
589,Escavalier,Bug,Steel,495,70,135,105,60,105,20,,5,2,Cavalry,Karrablast,Bug,,1.0,33.0,Both,75,17.5%,15 cycles,Yes,Smash
590,Foongus,Grass,Poison,294,69,55,45,55,55,15,,5,1,Mushroom,,Grass,,0.2,1.0,Both,190,35.2%,20 cycles,Yes,Pass
591,Amoonguss,Grass,Poison,464,114,85,70,85,80,30,,5,2,Mushroom,Foongus,Grass,,0.6,10.5,Both,75,17.5%,20 cycles,Yes,Pass
592,Frillish,Water,Ghost,335,55,40,50,65,85,40,,5,1,Floating,,Amorphous,,1.2,33.0,Both,190,35.2%,20 cycles,Yes,Pass
593,Jellicent,Water,Ghost,480,100,60,70,85,105,60,,5,2,Floating,Frillish,Amorphous,,2.2,135.0,Both,60,14.8%,20 cycles,Yes,Pass
594,Alomomola,Water,,470,165,75,80,40,45,65,,5,1,Caring,,Water 1,Water 2,1.2,31.6,Both,75,17.5%,40 cycles,Yes,Pass
595,Joltik,Bug,Electric,319,50,47,50,57,50,65,,5,1,Attaching,,Bug,,0.1,0.6,Both,190,35.2%,20 cycles,Yes,Pass
596,Galvantula,Bug,Electric,472,70,77,60,97,60,108,,5,2,EleSpider,Joltik,Bug,,0.8,14.3,Both,75,17.5%,20 cycles,Yes,Pass
597,Ferroseed,Grass,Steel,305,44,50,91,24,86,10,,5,1,Thorn Seed,,Grass,Mineral,0.6,18.8,Both,255,43.9%,20 cycles,Yes,Pass
598,Ferrothorn,Grass,Steel,489,74,94,131,54,116,20,,5,2,Thorn Pod,Ferroseed,Grass,Mineral,1.0,110.0,Both,90,20.1%,20 cycles,Yes,Pass
599,Klink,Steel,,300,40,55,70,45,60,30,,5,1,Gear,,Mineral,,0.3,21.0,Neither,130,26.5%,20 cycles,Yes,Pass
600,Klang,Steel,,440,60,80,95,70,85,50,,5,2,Gear,Klink,Mineral,,0.6,51.0,Neither,60,14.8%,20 cycles,Yes,Pass
601,Klinklang,Steel,,520,60,100,115,70,85,90,,5,3,Gear,Klang,Mineral,,0.6,81.0,Neither,30,8.8%,20 cycles,Yes,Pass
602,Tynamo,Electric,,275,35,55,40,45,40,60,,5,1,EleFish,,Amorphous,,0.2,0.3,Both,190,35.2%,20 cycles,Yes,Pass
603,Eelektrik,Electric,,405,65,85,70,75,70,40,,5,2,EleFish,Tynamo,Amorphous,,1.2,22.0,Both,60,14.8%,20 cycles,Yes,Pass
604,Eelektross,Electric,,515,85,115,80,105,80,50,Mega Eelektross,5,3,EleFish,Eelektrik,Amorphous,,2.1,80.5,Both,30,8.8%,20 cycles,Yes,Pass
605,Elgyem,Psychic,,335,55,55,55,85,55,30,,5,1,Cerebral,,Human-Like,,0.5,9.0,Both,255,43.9%,20 cycles,Yes,Pass
606,Beheeyem,Psychic,,485,75,75,75,125,95,40,,5,2,Cerebral,Elgyem,Human-Like,,1.0,34.5,Both,90,20.1%,20 cycles,Yes,Pass
607,Litwick,Ghost,Fire,275,50,30,55,65,55,20,,5,1,Candle,,Amorphous,,0.3,3.1,Both,190,35.2%,20 cycles,Yes,Pass
608,Lampent,Ghost,Fire,370,60,40,60,95,60,55,,5,2,Lamp,Litwick,Amorphous,,0.6,13.0,Both,90,20.1%,20 cycles,Yes,Pass
609,Chandelure,Ghost,Fire,520,60,55,90,145,90,80,Mega Chandelure,5,3,Luring,Lampent,Amorphous,,1.0,34.3,Both,45,11.9%,20 cycles,Yes,Pass
610,Axew,Dragon,,320,46,87,60,30,40,57,,5,1,Tusk,,Monster,Dragon,0.6,18.0,Both,75,17.5%,40 cycles,Yes,Pass
611,Fraxure,Dragon,,410,66,117,70,40,50,67,,5,2,Axe Jaw,Axew,Monster,Dragon,1.0,36.0,Both,60,14.8%,40 cycles,Yes,Pass
612,Haxorus,Dragon,,540,76,147,90,60,70,97,,5,3,Axe Jaw,Fraxure,Monster,Dragon,1.8,105.5,Both,45,11.9%,40 cycles,Yes,Pass
613,Cubchoo,Ice,,305,55,70,40,60,40,40,,5,1,Chill,,Field,,0.5,8.5,Both,120,24.9%,20 cycles,Yes,Pass
614,Beartic,Ice,,505,95,130,80,70,80,50,,5,2,Freezing,Cubchoo,Field,,2.6,260.0,Both,60,14.8%,20 cycles,Yes,Pass
615,Cryogonal,Ice,,515,80,50,50,95,135,105,,5,1,Crystallizing,,Mineral,,1.1,148.0,Neither,25,7.7%,25 cycles,Yes,Pass
616,Shelmet,Bug,,305,50,40,85,40,65,25,,5,1,Snail,,Bug,,0.4,7.7,Both,200,36.6%,15 cycles,Yes,Pass
617,Accelgor,Bug,,495,80,70,40,100,60,145,,5,2,Shell Out,Shelmet,Bug,,0.8,25.3,Both,75,17.5%,15 cycles,Yes,Smash
618,Stunfisk,Ground,Electric,471,109,66,84,81,99,32,Galarian Stunfisk,5,1,Trap,,Water 1,Amorphous,0.7,11.0,Both,75,17.5%,20 cycles,Yes,Pass
619,Mienfoo,Fighting,,350,45,85,50,55,50,65,,5,1,Martial Arts,,Field,Human-Like,0.9,20.0,Both,180,33.8%,25 cycles,Yes,Pass
620,Mienshao,Fighting,,510,65,125,60,95,60,105,,5,2,Martial Arts,Mienfoo,Field,Human-Like,1.4,35.5,Both,45,11.9%,25 cycles,Yes,Pass
621,Druddigon,Dragon,,485,77,120,90,60,90,48,,5,1,Cave,,Dragon,Monster,1.6,139.0,Both,45,11.9%,30 cycles,Yes,Pass
622,Golett,Ground,Ghost,303,59,74,50,35,50,35,,5,1,Automaton,,Mineral,,1.0,92.0,Neither,190,35.2%,25 cycles,Yes,Pass
623,Golurk,Ground,Ghost,483,89,124,80,55,80,55,Mega Golurk,5,2,Automaton,Golett,Mineral,,2.8,330.0,Neither,90,20.1%,25 cycles,Yes,Pass
624,Pawniard,Dark,Steel,340,45,85,70,40,40,60,,5,1,Sharp Blade,,Human-Like,,0.5,10.2,Both,120,24.9%,20 cycles,Yes,Pass
625,Bisharp,Dark,Steel,490,65,125,100,60,70,70,,5,2,Sword Blade,Pawniard,Human-Like,,1.6,70.0,Both,45,11.9%,20 cycles,Yes,Pass
626,Bouffalant,Normal,,490,95,110,95,40,95,55,,5,1,Bash Buffalo,,Field,,1.6,94.6,Both,45,11.9%,20 cycles,Yes,Pass
627,Rufflet,Normal,Flying,350,70,83,50,37,50,60,,5,1,Eaglet,,Flying,,0.5,10.5,Male,190,35.2%,20 cycles,Yes,Pass
628,Braviary,Normal,Flying,510,100,123,75,57,75,80,Hisuian Braviary,5,2,Valiant,Rufflet,Flying,,1.5,41.0,Male,60,14.8%,20 cycles,Yes,Pass
629,Vullaby,Dark,Flying,370,70,55,75,45,65,60,,5,1,Diapered,,Flying,,0.5,9.0,Female,190,35.2%,20 cycles,Yes,Pass
630,Mandibuzz,Dark,Flying,510,110,65,105,55,95,80,,5,2,Bone Vulture,Vullaby,Flying,,1.2,39.5,Female,60,14.8%,20 cycles,Yes,Smash
631,Heatmor,Fire,,484,85,97,66,105,66,65,,5,1,Anteater,,Field,,1.4,58.0,Both,90,20.1%,20 cycles,Yes,Pass
632,Durant,Bug,Steel,484,58,109,112,48,48,109,,5,1,Iron Ant,,Bug,,0.3,33.0,Both,90,20.1%,20 cycles,Yes,Pass
633,Deino,Dark,Dragon,300,52,65,50,45,50,38,,5,1,Irate,,Dragon,,0.8,17.3,Both,45,11.9%,40 cycles,Yes,Pass
634,Zweilous,Dark,Dragon,420,72,85,70,65,70,58,,5,2,Hostile,Deino,Dragon,,1.4,50.0,Both,45,11.9%,40 cycles,Yes,Pass
635,Hydreigon,Dark,Dragon,600,92,105,90,125,90,98,,5,3,Brutal,Zweilous,Dragon,,1.8,160.0,Both,45,11.9%,40 cycles,Yes,Pass
636,Larvesta,Bug,Fire,360,55,85,55,50,55,60,,5,1,Torch,,Bug,,1.1,28.8,Both,45,11.9%,40 cycles,Yes,Pass
637,Volcarona,Bug,Fire,550,85,60,65,135,105,100,,5,2,Sun,Larvesta,Bug,,1.6,46.0,Both,15,5.2%,40 cycles,Yes,Pass
638,Cobalion,Steel,Fighting,580,91,90,129,90,72,108,,5,1,Iron Will,,No Eggs Discovered,,2.1,250.0,Neither,3,1.6%,80 cycles,No,Pass
639,Terrakion,Rock,Fighting,580,91,129,90,72,90,108,,5,1,Cavern,,No Eggs Discovered,,1.9,260.0,Neither,3,1.6%,80 cycles,No,Pass
640,Virizion,Grass,Fighting,580,91,90,72,90,129,108,,5,1,Grassland,,No Eggs Discovered,,2.0,200.0,Neither,3,1.6%,80 cycles,No,Pass
641,Tornadus,Flying,,580,79,115,70,125,80,111,Incarnate Forme; Therian Forme,5,1,Cyclone,,No Eggs Discovered,,1.5,63.0,Male,3,1.6%,120 cycles,No,Pass
642,Thundurus,Electric,Flying,580,79,115,70,125,80,111,Incarnate Forme; Therian Forme,5,1,Bolt Strike,,No Eggs Discovered,,1.5,61.0,Male,3,1.6%,120 cycles,No,Pass
643,Reshiram,Dragon,Fire,680,100,120,100,150,120,90,,5,1,Vast White,,No Eggs Discovered,,3.2,330.0,Neither,3,1.6%,120 cycles,No,Pass
644,Zekrom,Dragon,Electric,680,100,150,120,120,100,90,,5,1,Deep Black,,No Eggs Discovered,,2.9,345.0,Neither,3,1.6%,120 cycles,No,Pass
645,Landorus,Ground,Flying,600,89,125,90,115,80,101,Incarnate Forme; Therian Forme,5,1,Abundance,,No Eggs Discovered,,1.5,68.0,Male,3,1.6%,120 cycles,No,Pass
646,Kyurem,Dragon,Ice,660,125,130,90,130,90,95,White Kyurem; Black Kyurem,5,1,Boundary,,No Eggs Discovered,,3.0,325.0,Neither,3,1.6%,120 cycles,No,Pass
647,Keldeo,Water,Fighting,580,91,72,90,129,90,108,Ordinary Form; Resolute Form,5,1,Colt,,No Eggs Discovered,,1.4,48.5,Neither,3,1.6%,80 cycles,No,Pass
648,Meloetta,Normal,Psychic,600,100,77,77,128,128,90,,5,1,Melody,,No Eggs Discovered,,0.6,6.5,Neither,3,1.6%,120 cycles,No,Pass
649,Genesect,Bug,Steel,600,71,120,95,120,95,99,,5,1,Paleozoic,,No Eggs Discovered,,1.5,82.5,Neither,3,1.6%,120 cycles,No,Pass
650,Chespin,Grass,,313,56,61,65,48,45,38,,6,1,Spiny Nut,,Field,,0.4,9.0,Both,45,11.9%,20 cycles,Yes,Pass
651,Quilladin,Grass,,405,61,78,95,56,58,57,,6,2,Spiny Armor,Chespin,Field,,0.7,29.0,Both,45,11.9%,20 cycles,Yes,Pass
652,Chesnaught,Grass,Fighting,530,88,107,122,74,75,64,Mega Chesnaught,6,3,Spiny Armor,Quilladin,Field,,1.6,90.0,Both,45,11.9%,20 cycles,Yes,Pass
653,Fennekin,Fire,,307,40,45,40,62,60,60,,6,1,Fox,,Field,,0.4,9.4,Both,45,11.9%,20 cycles,Yes,Pass
654,Braixen,Fire,,409,59,59,58,90,70,73,,6,2,Fox,Fennekin,Field,,1.0,14.5,Both,45,11.9%,20 cycles,Yes,Pass
655,Delphox,Fire,Psychic,534,75,69,72,114,100,104,Mega Delphox,6,3,Fox,Braixen,Field,,1.5,39.0,Both,45,11.9%,20 cycles,Yes,Smash
656,Froakie,Water,,314,41,56,40,62,44,71,,6,1,Bubble Frog,,Water 1,,0.3,7.0,Both,45,11.9%,20 cycles,Yes,Pass
657,Frogadier,Water,,405,54,63,52,83,56,97,,6,2,Bubble Frog,Froakie,Water 1,,0.6,10.9,Both,45,11.9%,20 cycles,Yes,Pass
658,Greninja,Water,Dark,530,72,95,67,103,71,122,Ash-Greninja; Mega Greninja,6,3,Ninja,Frogadier,Water 1,No Eggs Discovered,1.5,40.0,Both,45,11.9%,20 cycles,Yes,Smash
659,Bunnelby,Normal,,237,38,36,38,32,36,57,,6,1,Digging,,Field,,0.4,5.0,Both,255,43.9%,15 cycles,Yes,Pass
660,Diggersby,Normal,Ground,423,85,56,77,50,77,78,,6,2,Digging,Bunnelby,Field,,1.0,42.4,Both,127,26%,15 cycles,Yes,Pass
661,Fletchling,Normal,Flying,278,45,50,43,40,38,62,,6,1,Tiny Robin,,Flying,,0.3,1.7,Both,255,43.9%,15 cycles,Yes,Pass
662,Fletchinder,Fire,Flying,382,62,73,55,56,52,84,,6,2,Ember,Fletchling,Flying,,0.7,16.0,Both,120,24.9%,15 cycles,Yes,Pass
663,Talonflame,Fire,Flying,499,78,81,71,74,69,126,,6,3,Scorching,Fletchinder,Flying,,1.2,24.5,Both,45,11.9%,15 cycles,Yes,Pass
664,Scatterbug,Bug,,200,38,35,40,27,25,35,,6,1,Scatterdust,,Bug,,0.3,2.5,Both,255,43.9%,15 cycles,Yes,Pass
665,Spewpa,Bug,,213,45,22,60,27,30,29,,6,2,Scatterdust,Scatterbug,Bug,,0.3,8.4,Both,120,24.9%,15 cycles,Yes,Pass
666,Vivillon,Bug,Flying,411,80,52,50,90,50,89,,6,3,Scale,Spewpa,Bug,,1.2,17.0,Both,45,11.9%,15 cycles,Yes,Pass
667,Litleo,Fire,Normal,369,62,50,58,73,54,72,,6,1,Lion Cub,,Field,,0.6,13.5,Both,220,39.3%,20 cycles,Yes,Pass
668,Pyroar,Fire,Normal,507,86,68,72,109,66,106,Mega Pyroar,6,2,Royal,Litleo,Field,,1.5,81.5,Both,65,15.7%,20 cycles,Yes,Pass
669,Flabébé,Fairy,,303,44,38,39,61,79,42,Red Flower; Yellow Flower; Orange Flower; Blue Flower; White Flower,6,1,Single Bloom,,Fairy,,0.1,0.1,Female,225,39.9%,20 cycles,Yes,Pass
670,Floette,Fairy,,371,54,45,47,75,98,52,Eternal Flower; Mega Floette,6,2,Single Bloom,Flabébé,Fairy,No Eggs Discovered,0.2,0.9,Female,120,24.9%,20 cycles,Yes,Pass
671,Florges,Fairy,,552,78,65,68,112,154,75,Red Flower; Yellow Flower; Orange Flower; Blue Flower; White Flower,6,3,Garden,Floette,Fairy,,1.1,10.0,Female,45,11.9%,20 cycles,Yes,Smash
672,Skiddo,Grass,,350,66,65,48,62,57,52,,6,1,Mount,,Field,,0.9,31.0,Both,200,36.6%,20 cycles,Yes,Pass
673,Gogoat,Grass,,531,123,100,62,97,81,68,,6,2,Mount,Skiddo,Field,,1.7,91.0,Both,45,11.9%,20 cycles,Yes,Pass
674,Pancham,Fighting,,348,67,82,62,46,48,43,,6,1,Playful,,Field,Human-Like,0.6,8.0,Both,220,39.3%,25 cycles,Yes,Pass
675,Pangoro,Fighting,Dark,495,95,124,78,69,71,58,,6,2,Daunting,Pancham,Field,Human-Like,2.1,136.0,Both,65,15.7%,25 cycles,Yes,Pass
676,Furfrou,Normal,,472,75,80,60,65,90,102,,6,1,Poodle,,Field,,1.2,28.0,Both,160,30.9%,20 cycles,Yes,Pass
677,Espurr,Psychic,,355,62,48,54,63,60,68,,6,1,Restraint,,Field,,0.3,3.5,Both,190,35.2%,20 cycles,Yes,Pass
678,Meowstic,Psychic,,466,74,48,76,83,81,104,Mega Meowstic,6,2,Constraint,Espurr,Field,,0.6,8.5,Both,75,17.5%,20 cycles,Yes,Pass
679,Honedge,Steel,Ghost,325,45,80,100,35,37,28,,6,1,Sword,,Mineral,,0.8,2.0,Both,180,33.8%,20 cycles,Yes,Pass
680,Doublade,Steel,Ghost,448,59,110,150,45,49,35,,6,2,Sword,Honedge,Mineral,,0.8,4.5,Both,90,20.1%,20 cycles,Yes,Pass
681,Aegislash,Steel,Ghost,500,60,140,50,140,50,60,Shield Forme; Blade Forme,6,3,Royal Sword,Doublade,Mineral,,1.7,53.0,Both,45,11.9%,20 cycles,Yes,Pass
682,Spritzee,Fairy,,341,78,52,60,63,65,23,,6,1,Perfume,,Fairy,,0.2,0.5,Both,200,36.6%,20 cycles,Yes,Smash
683,Aromatisse,Fairy,,462,101,72,72,99,89,29,,6,2,Fragrance,Spritzee,Fairy,,0.8,15.5,Both,140,28%,20 cycles,Yes,Smash
684,Swirlix,Fairy,,341,62,48,66,59,57,49,,6,1,Cotton Candy,,Fairy,,0.4,3.5,Both,200,36.6%,20 cycles,Yes,Pass
685,Slurpuff,Fairy,,480,82,80,86,85,75,72,,6,2,Meringue,Swirlix,Fairy,,0.8,5.0,Both,140,28%,20 cycles,Yes,Pass
686,Inkay,Dark,Psychic,288,53,54,53,37,46,45,,6,1,Revolving,,Water 1,Water 2,0.4,3.5,Both,190,35.2%,20 cycles,Yes,Pass
687,Malamar,Dark,Psychic,482,86,92,88,68,75,73,Mega Malamar,6,2,Overturning,Inkay,Water 1,Water 2,1.5,47.0,Both,80,18.4%,20 cycles,Yes,Smash
688,Binacle,Rock,Water,306,42,52,67,39,56,50,,6,1,Two-Handed,,Water 3,,0.5,31.0,Both,120,24.9%,20 cycles,Yes,Pass
689,Barbaracle,Rock,Water,500,72,105,115,54,86,68,Mega Barbaracle,6,2,Collective,Binacle,Water 3,,1.3,96.0,Both,45,11.9%,20 cycles,Yes,Pass
690,Skrelp,Poison,Water,320,50,60,60,60,60,30,,6,1,Mock Kelp,,Water 1,Dragon,0.5,7.3,Both,225,39.9%,20 cycles,Yes,Pass
691,Dragalge,Poison,Dragon,494,65,75,90,97,123,44,Mega Dragalge,6,2,Mock Kelp,Skrelp,Water 1,Dragon,1.8,81.5,Both,55,13.9%,20 cycles,Yes,Smash
692,Clauncher,Water,,330,50,53,62,58,63,44,,6,1,Water Gun,,Water 1,Water 3,0.5,8.3,Both,225,39.9%,15 cycles,Yes,Pass
693,Clawitzer,Water,,500,71,73,88,120,89,59,,6,2,Howitzer,Clauncher,Water 1,Water 3,1.3,35.3,Both,55,13.9%,15 cycles,Yes,Pass
694,Helioptile,Electric,Normal,289,44,38,33,61,43,70,,6,1,Generator,,Monster,Dragon,0.5,6.0,Both,190,35.2%,20 cycles,Yes,Pass
695,Heliolisk,Electric,Normal,481,62,55,52,109,94,109,,6,2,Generator,Helioptile,Monster,Dragon,1.0,21.0,Both,75,17.5%,20 cycles,Yes,Pass
696,Tyrunt,Rock,Dragon,362,58,89,77,45,45,48,,6,1,Royal Heir,,Monster,Dragon,0.8,26.0,Both,45,11.9%,30 cycles,Yes,Pass
697,Tyrantrum,Rock,Dragon,521,82,121,119,69,59,71,,6,2,Despot,Tyrunt,Monster,Dragon,2.5,270.0,Both,45,11.9%,30 cycles,Yes,Pass
698,Amaura,Rock,Ice,362,77,59,50,67,63,46,,6,1,Tundra,,Monster,,1.3,25.2,Both,45,11.9%,30 cycles,Yes,Pass
699,Aurorus,Rock,Ice,521,123,77,72,99,92,58,,6,2,Tundra,Amaura,Monster,,2.7,225.0,Both,45,11.9%,30 cycles,Yes,Pass
700,Sylveon,Fairy,,525,95,65,65,110,130,60,,6,2,Intertwining,Eevee,Field,,1.0,23.5,Both,45,11.9%,35 cycles,Yes,Pass
701,Hawlucha,Fighting,Flying,500,78,92,75,74,63,118,Mega Hawlucha,6,1,Wrestling,,Flying,Human-Like,0.8,21.5,Both,100,21.7%,20 cycles,Yes,Pass
702,Dedenne,Electric,Fairy,431,67,58,57,81,67,101,,6,1,Antenna,,Field,Fairy,0.2,2.2,Both,180,33.8%,20 cycles,Yes,Pass
703,Carbink,Rock,Fairy,500,50,50,150,50,150,50,,6,1,Jewel,,Fairy,Mineral,0.3,5.7,Neither,60,14.8%,25 cycles,Yes,Pass
704,Goomy,Dragon,,300,45,50,35,55,75,40,,6,1,Soft Tissue,,Dragon,,0.3,2.8,Both,45,11.9%,40 cycles,Yes,Smash
705,Sliggoo,Dragon,Steel,452,68,75,53,83,113,60,Hisuian Sliggoo,6,2,Soft Tissue,Goomy,Dragon,,0.8,17.5,Both,45,11.9%,40 cycles,Yes,Smash
706,Goodra,Dragon,Steel,600,90,100,70,110,150,80,Hisuian Goodra,6,3,Dragon,Sliggoo,Dragon,,2.0,150.5,Both,45,11.9%,40 cycles,Yes,Pass
707,Klefki,Steel,Fairy,470,57,80,91,80,87,75,,6,1,Key Ring,,Mineral,,0.2,3.0,Both,75,17.5%,20 cycles,Yes,Pass
708,Phantump,Ghost,Grass,309,43,70,48,50,60,38,,6,1,Stump,,Grass,Amorphous,0.4,7.0,Both,120,24.9%,20 cycles,Yes,Pass
709,Trevenant,Ghost,Grass,474,85,110,76,65,82,56,,6,2,Elder Tree,Phantump,Grass,Amorphous,1.5,71.0,Both,60,14.8%,20 cycles,Yes,Pass
710,Pumpkaboo,Ghost,Grass,335,49,66,70,44,55,51,Medium Variety; Small Variety; Large Variety; Jumbo Variety,6,1,Pumpkin,,Amorphous,,0.4,5.0,Both,120,24.9%,20 cycles,Yes,Pass
711,Gourgeist,Ghost,Grass,494,65,90,122,58,75,84,Medium Variety; Small Variety; Large Variety; Jumbo Variety,6,2,Pumpkin,Pumpkaboo,Amorphous,,0.9,12.5,Both,60,14.8%,20 cycles,Yes,Smash
712,Bergmite,Ice,,304,55,69,85,32,35,28,,6,1,Ice Chunk,,Monster,Mineral,1.0,99.5,Both,190,35.2%,20 cycles,Yes,Pass
713,Avalugg,Ice,Rock,514,95,117,184,44,46,28,Hisuian Avalugg,6,2,Iceberg,Bergmite,Monster,Mineral,2.0,505.0,Both,55,13.9%,20 cycles,Yes,Pass
714,Noibat,Flying,Dragon,245,40,30,35,45,40,55,,6,1,Sound Wave,,Flying,Dragon,0.5,8.0,Both,190,35.2%,20 cycles,Yes,Pass
715,Noivern,Flying,Dragon,535,85,70,80,97,80,123,,6,2,Sound Wave,Noibat,Flying,Dragon,1.5,85.0,Both,45,11.9%,20 cycles,Yes,Pass
716,Xerneas,Fairy,,680,126,131,95,131,98,99,Active Mode; Neutral Mode,6,1,Life,,No Eggs Discovered,,3.0,215.0,Neither,45,11.9%,120 cycles,No,Pass
717,Yveltal,Dark,Flying,680,126,131,95,131,98,99,,6,1,Destruction,,No Eggs Discovered,,5.8,203.0,Neither,45,11.9%,120 cycles,No,Pass
718,Zygarde,Dragon,Ground,600,108,100,121,81,95,95,10% Forme; 50% Forme; Complete Forme; Mega Zygarde,6,1,Order,,No Eggs Discovered,,5.0,305.0,Neither,3,1.6%,120 cycles,No,Pass
719,Diancie,Rock,Fairy,600,50,100,150,100,150,50,Mega Diancie,6,1,Jewel,,No Eggs Discovered,,0.7,8.8,Neither,3,1.6%,25 cycles,No,Pass
720,Hoopa,Psychic,Ghost,600,80,110,60,150,130,70,Hoopa Confined; Hoopa Unbound,6,1,Mischief,,No Eggs Discovered,,0.5,9.0,Neither,3,1.6%,120 cycles,No,Pass
721,Volcanion,Fire,Water,600,80,110,120,130,90,70,,6,1,Steam,,No Eggs Discovered,,1.7,195.0,Neither,3,1.6%,120 cycles,No,Pass
722,Rowlet,Grass,Flying,320,68,55,55,50,50,42,,7,1,Grass Quill,,Flying,,0.3,1.5,Both,45,11.9%,15 cycles,Yes,Pass
723,Dartrix,Grass,Flying,420,78,75,75,70,70,52,,7,2,Blade Quill,Rowlet,Flying,,0.7,16.0,Both,45,11.9%,15 cycles,Yes,Pass
724,Decidueye,Grass,Ghost,530,78,107,75,100,100,70,Hisuian Decidueye,7,3,Arrow Quill,Dartrix,Flying,,1.6,36.6,Both,45,11.9%,15 cycles,Yes,Smash
725,Litten,Fire,,320,45,65,40,60,40,70,,7,1,Fire Cat,,Field,,0.4,4.3,Both,45,11.9%,15 cycles,Yes,Pass
726,Torracat,Fire,,420,65,85,50,80,50,90,,7,2,Fire Cat,Litten,Field,,0.7,25.0,Both,45,11.9%,15 cycles,Yes,Pass
727,Incineroar,Fire,Dark,530,95,115,90,80,90,60,,7,3,Heel,Torracat,Field,,1.8,83.0,Both,45,11.9%,15 cycles,Yes,Pass
728,Popplio,Water,,320,50,54,54,66,56,40,,7,1,Sea Lion,,Water 1,Field,0.4,7.5,Both,45,11.9%,15 cycles,Yes,Pass
729,Brionne,Water,,420,60,69,69,91,81,50,,7,2,Pop Star,Popplio,Water 1,Field,0.6,17.5,Both,45,11.9%,15 cycles,Yes,Pass
730,Primarina,Water,Fairy,530,80,74,74,126,116,60,,7,3,Soloist,Brionne,Water 1,Field,1.8,44.0,Both,45,11.9%,15 cycles,Yes,Smash
731,Pikipek,Normal,Flying,265,35,75,30,30,30,65,,7,1,Woodpecker,,Flying,,0.3,1.2,Both,255,43.9%,15 cycles,Yes,Pass
732,Trumbeak,Normal,Flying,355,55,85,50,40,50,75,,7,2,Bugle Beak,Pikipek,Flying,,0.6,14.8,Both,120,24.9%,15 cycles,Yes,Pass
733,Toucannon,Normal,Flying,485,80,120,75,75,75,60,,7,3,Cannon,Trumbeak,Flying,,1.1,26.0,Both,45,11.9%,15 cycles,Yes,Pass
734,Yungoos,Normal,,253,48,70,30,30,30,45,,7,1,Loitering,,Field,,0.4,6.0,Both,255,43.9%,15 cycles,Yes,Pass
735,Gumshoos,Normal,,418,88,110,60,55,60,45,,7,2,Stakeout,Yungoos,Field,,0.7,14.2,Both,127,26%,15 cycles,Yes,Pass
736,Grubbin,Bug,,300,47,62,45,55,45,46,,7,1,Larva,,Bug,,0.4,4.4,Both,255,43.9%,15 cycles,Yes,Pass
737,Charjabug,Bug,Electric,400,57,82,95,55,75,36,,7,2,Battery,Grubbin,Bug,,0.5,10.5,Both,120,24.9%,15 cycles,Yes,Smash
738,Vikavolt,Bug,Electric,500,77,70,90,145,75,43,,7,3,Stag Beetle,Charjabug,Bug,,1.5,45.0,Both,45,11.9%,15 cycles,Yes,Pass
739,Crabrawler,Fighting,,338,47,82,57,42,47,63,,7,1,Boxing,,Water 3,,0.6,7.0,Both,225,39.9%,20 cycles,Yes,Pass
740,Crabominable,Fighting,Ice,478,97,132,77,62,67,43,Mega Crabominable,7,2,Woolly Crab,Crabrawler,Water 3,,1.7,180.0,Both,60,14.8%,20 cycles,Yes,Pass
741,Oricorio,Fire,Flying,476,75,70,70,98,70,93,Baile Style; Pom-Pom Style; Pa'u Style; Sensu Style,7,1,Dancing,,Flying,,0.6,3.4,Both,45,11.9%,20 cycles,Yes,Smash
742,Cutiefly,Bug,Fairy,304,40,45,40,55,40,84,,7,1,Bee Fly,,Bug,Fairy,0.1,0.2,Both,190,35.2%,20 cycles,Yes,Pass
743,Ribombee,Bug,Fairy,464,60,55,60,95,70,124,,7,2,Bee Fly,Cutiefly,Bug,Fairy,0.2,0.5,Both,75,17.5%,20 cycles,Yes,Pass
744,Rockruff,Rock,,280,45,65,40,30,40,60,,7,1,Puppy,,Field,,0.5,9.2,Both,190,35.2%,15 cycles,Yes,Pass
745,Lycanroc,Rock,,487,75,115,65,55,65,112,Midday Form; Midnight Form; Dusk Form,7,2,Wolf,Rockruff,Field,,0.8,25.0,Both,90,20.1%,15 cycles,Yes,Pass
746,Wishiwashi,Water,,175,45,20,20,25,25,40,Solo Form; School Form,7,1,Small Fry,,Water 2,,0.2,0.3,Both,60,14.8%,15 cycles,Yes,Pass
747,Mareanie,Poison,Water,305,50,53,62,43,52,45,,7,1,Brutal Star,,Water 1,,0.4,8.0,Both,190,35.2%,20 cycles,Yes,Pass
748,Toxapex,Poison,Water,495,50,63,152,53,142,35,,7,2,Brutal Star,Mareanie,Water 1,,0.7,14.5,Both,75,17.5%,20 cycles,Yes,Pass
749,Mudbray,Ground,,385,70,100,70,45,55,45,,7,1,Donkey,,Field,,1.0,110.0,Both,190,35.2%,20 cycles,Yes,Pass
750,Mudsdale,Ground,,500,100,125,100,55,85,35,,7,2,Draft Horse,Mudbray,Field,,2.5,920.0,Both,60,14.8%,20 cycles,Yes,Pass
751,Dewpider,Water,Bug,269,38,40,52,40,72,27,,7,1,Water Bubble,,Water 1,Bug,0.3,4.0,Both,200,36.6%,15 cycles,Yes,Pass
752,Araquanid,Water,Bug,454,68,70,92,50,132,42,,7,2,Water Bubble,Dewpider,Water 1,Bug,1.8,82.0,Both,100,21.7%,15 cycles,Yes,Pass
753,Fomantis,Grass,,250,40,55,35,50,35,35,,7,1,Sickle Grass,,Grass,,0.3,1.5,Both,190,35.2%,20 cycles,Yes,Pass
754,Lurantis,Grass,,480,70,105,90,80,90,45,,7,2,Bloom Sickle,Fomantis,Grass,,0.9,18.5,Both,75,17.5%,20 cycles,Yes,Smash
755,Morelull,Grass,Fairy,285,40,35,55,65,75,15,,7,1,Illuminating,,Grass,,0.2,1.5,Both,190,35.2%,20 cycles,Yes,Pass
756,Shiinotic,Grass,Fairy,405,60,45,80,90,100,30,,7,2,Illuminating,Morelull,Grass,,1.0,11.5,Both,75,17.5%,20 cycles,Yes,Pass
757,Salandit,Poison,Fire,320,48,44,40,71,40,77,,7,1,Toxic Lizard,,Monster,Dragon,0.6,4.8,Both,120,24.9%,20 cycles,Yes,Pass
758,Salazzle,Poison,Fire,480,68,64,60,111,60,117,,7,2,Toxic Lizard,Salandit,Monster,Dragon,1.2,22.2,Female,45,11.9%,20 cycles,Yes,Smash
759,Stufful,Normal,Fighting,340,70,75,50,45,50,50,,7,1,Flailing,,Field,,0.5,6.8,Both,140,28%,15 cycles,Yes,Pass
760,Bewear,Normal,Fighting,500,120,125,80,55,60,60,,7,2,Strong Arm,Stufful,Field,,2.1,135.0,Both,70,16.6%,15 cycles,Yes,Pass
761,Bounsweet,Grass,,210,42,30,38,30,38,32,,7,1,Fruit,,Grass,,0.3,3.2,Female,235,41.3%,20 cycles,Yes,Pass
762,Steenee,Grass,,290,52,40,48,40,48,62,,7,2,Fruit,Bounsweet,Grass,,0.7,8.2,Female,120,24.9%,20 cycles,Yes,Pass
763,Tsareena,Grass,,510,72,120,98,50,98,72,,7,3,Fruit,Steenee,Grass,,1.2,21.4,Female,45,11.9%,20 cycles,Yes,Smash
764,Comfey,Fairy,Grass,485,51,52,90,82,110,100,,7,1,Posy Picker,,Grass,,0.1,0.3,Both,60,14.8%,20 cycles,Yes,Pass
765,Oranguru,Normal,Psychic,490,90,60,80,90,110,60,,7,1,Sage,,Field,,1.5,76.0,Both,45,11.9%,20 cycles,Yes,Pass
766,Passimian,Fighting,,490,100,120,90,40,60,80,,7,1,Teamwork,,Field,,2.0,82.8,Both,45,11.9%,20 cycles,Yes,Pass
767,Wimpod,Bug,Water,230,25,35,40,20,30,80,,7,1,Turn Tail,,Bug,Water 3,0.5,12.0,Both,90,20.1%,20 cycles,Yes,Pass
768,Golisopod,Bug,Water,530,75,125,140,60,90,40,Mega Golisopod,7,2,Hard Scale,Wimpod,Bug,Water 3,2.0,108.0,Both,45,11.9%,20 cycles,Yes,Pass
769,Sandygast,Ghost,Ground,320,55,55,80,70,45,15,,7,1,Sand Heap,,Amorphous,,0.5,70.0,Both,140,28%,15 cycles,Yes,Pass
770,Palossand,Ghost,Ground,480,85,75,110,100,75,35,,7,2,Sand Castle,Sandygast,Amorphous,,1.3,250.0,Both,60,14.8%,15 cycles,Yes,Smash
771,Pyukumuku,Water,,410,55,60,130,30,130,5,,7,1,Sea Cucumber,,Water 1,,0.3,1.2,Both,60,14.8%,15 cycles,Yes,Pass
772,Type: Null,Normal,,534,95,95,95,95,95,59,,7,1,Synthetic,,No Eggs Discovered,,1.9,120.5,Neither,3,1.6%,120 cycles,No,Pass
773,Silvally,Normal,,570,95,95,95,95,95,95,,7,2,Synthetic,Type: Null,No Eggs Discovered,,2.3,100.5,Neither,3,1.6%,120 cycles,No,Pass
774,Minior,Rock,Flying,440,60,60,100,60,100,60,Meteor Form; Core,7,1,Meteor,,Mineral,,0.3,40.0,Neither,30,8.8%,25 cycles,Yes,Pass
775,Komala,Normal,,480,65,115,65,75,95,65,,7,1,Drowsing,,Field,,0.4,19.9,Both,45,11.9%,20 cycles,Yes,Pass
776,Turtonator,Fire,Dragon,485,60,78,135,91,85,36,,7,1,Blast Turtle,,Monster,Dragon,2.0,212.0,Both,70,16.6%,20 cycles,Yes,Smash
777,Togedemaru,Electric,Steel,435,65,98,63,40,73,96,,7,1,Roly-Poly,,Field,Fairy,0.3,3.3,Both,180,33.8%,10 cycles,Yes,Pass
778,Mimikyu,Ghost,Fairy,476,55,90,80,50,105,96,Disguised Form; Busted Form,7,1,Disguise,,Amorphous,,0.2,0.7,Both,45,11.9%,20 cycles,Yes,Pass
779,Bruxish,Water,Psychic,475,68,105,70,70,70,92,,7,1,Gnash Teeth,,Water 2,,0.9,19.0,Both,80,18.4%,15 cycles,Yes,Smash
780,Drampa,Normal,Dragon,485,78,60,85,135,91,36,Mega Drampa,7,1,Placid,,Monster,Dragon,3.0,185.0,Both,70,16.6%,20 cycles,Yes,Pass
781,Dhelmise,Ghost,Grass,517,70,131,100,86,90,40,,7,1,Sea Creeper,,Mineral,,3.9,210.0,Neither,25,7.7%,25 cycles,Yes,Pass
782,Jangmo-o,Dragon,,300,45,55,65,45,45,45,,7,1,Scaly,,Dragon,,0.6,29.7,Both,45,11.9%,40 cycles,Yes,Pass
783,Hakamo-o,Dragon,Fighting,420,55,75,90,65,70,65,,7,2,Scaly,Jangmo-o,Dragon,,1.2,47.0,Both,45,11.9%,40 cycles,Yes,Pass
784,Kommo-o,Dragon,Fighting,600,75,110,125,100,105,85,,7,3,Scaly,Hakamo-o,Dragon,,1.6,78.2,Both,45,11.9%,40 cycles,Yes,Pass
785,Tapu Koko,Electric,Fairy,570,70,115,85,95,75,130,,7,1,Land Spirit,,No Eggs Discovered,,1.8,20.5,Neither,3,1.6%,15 cycles,No,Pass
786,Tapu Lele,Psychic,Fairy,570,70,85,75,130,115,95,,7,1,Land Spirit,,No Eggs Discovered,,1.2,18.6,Neither,3,1.6%,15 cycles,No,Smash
787,Tapu Bulu,Grass,Fairy,570,70,130,115,85,95,75,,7,1,Land Spirit,,No Eggs Discovered,,1.9,45.5,Neither,3,1.6%,15 cycles,No,Pass
788,Tapu Fini,Water,Fairy,570,70,75,115,95,130,85,,7,1,Land Spirit,,No Eggs Discovered,,1.3,21.2,Neither,3,1.6%,15 cycles,No,Smash
789,Cosmog,Psychic,,200,43,29,31,29,31,37,,7,1,Nebula,,No Eggs Discovered,,0.2,0.1,Neither,3,1.6%,120 cycles,No,Pass
790,Cosmoem,Psychic,,400,43,29,131,29,131,37,,7,2,Protostar,Cosmog,No Eggs Discovered,,0.1,999.9,Neither,3,1.6%,120 cycles,No,Pass
791,Solgaleo,Psychic,Steel,680,137,137,107,113,89,97,,7,3,Sunne,Cosmoem,No Eggs Discovered,,3.4,230.0,Neither,3,1.6%,120 cycles,No,Pass
792,Lunala,Psychic,Ghost,680,137,113,89,137,107,97,,7,3,Moone,Cosmoem,No Eggs Discovered,,4.0,120.0,Neither,3,1.6%,120 cycles,No,Smash
793,Nihilego,Rock,Poison,570,109,53,47,127,131,103,,7,1,Parasite,,No Eggs Discovered,,1.2,55.5,Neither,45,11.9%,120 cycles,No,Smash
794,Buzzwole,Bug,Fighting,570,107,139,139,53,53,79,,7,1,Swollen,,No Eggs Discovered,,2.4,333.6,Neither,45,11.9%,120 cycles,No,Pass
795,Pheromosa,Bug,Fighting,570,71,137,37,137,37,151,,7,1,Lissome,,No Eggs Discovered,,1.8,25.0,Neither,45,11.9%,120 cycles,No,Smash
796,Xurkitree,Electric,,570,83,89,71,173,71,83,,7,1,Glowing,,No Eggs Discovered,,3.8,100.0,Neither,45,11.9%,120 cycles,No,Pass
797,Celesteela,Steel,Flying,570,97,101,103,107,101,61,,7,1,Launch,,No Eggs Discovered,,9.2,999.9,Neither,45,11.9%,120 cycles,No,Pass
798,Kartana,Grass,Steel,570,59,181,131,59,31,109,,7,1,Drawn Sword,,No Eggs Discovered,,0.3,0.1,Neither,45,11.9%,120 cycles,No,Pass
799,Guzzlord,Dark,Dragon,570,223,101,53,97,53,43,,7,1,Junkivore,,No Eggs Discovered,,5.5,888.0,Neither,45,11.9%,120 cycles,No,Pass
800,Necrozma,Psychic,Steel,600,97,107,101,127,89,79,Dusk Mane Necrozma; Dawn Wings Necrozma; Ultra Necrozma,7,1,Prism,,No Eggs Discovered,,2.4,230.0,Neither,3,1.6%,120 cycles,No,Pass
801,Magearna,Steel,Fairy,600,80,95,115,130,115,65,Original Color; Mega Magearna,7,1,Artificial,,No Eggs Discovered,,1.0,80.5,Neither,3,1.6%,120 cycles,No,Pass
802,Marshadow,Fighting,Ghost,600,90,125,80,90,90,125,,7,1,Gloomdweller,,No Eggs Discovered,,0.7,22.2,Neither,3,1.6%,120 cycles,No,Pass
803,Poipole,Poison,,420,67,73,67,73,67,73,,7,1,Poison Pin,,No Eggs Discovered,,0.6,1.8,Neither,45,11.9%,120 cycles,No,Pass
804,Naganadel,Poison,Dragon,540,73,73,73,127,73,121,,7,2,Poison Pin,Poipole,No Eggs Discovered,,3.6,150.0,Neither,45,11.9%,120 cycles,No,Pass
805,Stakataka,Rock,Steel,570,61,131,211,53,101,13,,7,1,Rampart,,No Eggs Discovered,,5.5,820.0,Neither,30,8.8%,120 cycles,No,Pass
806,Blacephalon,Fire,Ghost,570,53,127,53,151,79,107,,7,1,Fireworks,,No Eggs Discovered,,1.8,13.0,Neither,30,8.8%,120 cycles,No,Smash
807,Zeraora,Electric,,600,88,112,75,102,80,143,Mega Zeraora,7,1,Thunderclap,,No Eggs Discovered,,1.5,44.5,Neither,3,1.6%,120 cycles,No,Pass
808,Meltan,Steel,,300,46,65,65,55,35,34,,7,1,Hex Nut,,No Eggs Discovered,,0.2,8.0,Neither,3,1.6%,120 cycles,No,Pass
809,Melmetal,Steel,,600,135,143,143,80,65,34,,7,2,Hex Nut,Meltan,No Eggs Discovered,,2.5,800.0,Neither,3,1.6%,120 cycles,No,Pass
810,Grookey,Grass,,310,50,65,50,40,40,65,,8,1,Chimp,,Field,Grass,0.3,5.0,Both,45,11.9%,20 cycles,Yes,Pass
811,Thwackey,Grass,,420,70,85,70,55,60,80,,8,2,Beat,Grookey,Field,Grass,0.7,14.0,Both,45,11.9%,20 cycles,Yes,Pass
812,Rillaboom,Grass,,530,100,125,90,60,70,85,,8,3,Drummer,Thwackey,Field,Grass,2.1,90.0,Both,45,11.9%,20 cycles,Yes,Pass
813,Scorbunny,Fire,,310,50,71,40,40,40,69,,8,1,Rabbit,,Field,Human-Like,0.3,4.5,Both,45,11.9%,20 cycles,Yes,Pass
814,Raboot,Fire,,420,65,86,60,55,60,94,,8,2,Rabbit,Scorbunny,Field,Human-Like,0.6,9.0,Both,45,11.9%,20 cycles,Yes,Pass
815,Cinderace,Fire,,530,80,116,75,65,75,119,,8,3,Striker,Raboot,Field,Human-Like,1.4,33.0,Both,45,11.9%,20 cycles,Yes,Smash
816,Sobble,Water,,310,50,40,40,70,40,70,,8,1,Water Lizard,,Water 1,Field,0.3,4.0,Both,45,11.9%,20 cycles,Yes,Pass
817,Drizzile,Water,,420,65,60,55,95,55,90,,8,2,Water Lizard,Sobble,Water 1,Field,0.7,11.5,Both,45,11.9%,20 cycles,Yes,Pass
818,Inteleon,Water,,530,70,85,65,125,65,120,Gigantamax Inteleon,8,3,Secret Agent,Drizzile,Water 1,Field,1.9,45.2,Both,45,11.9%,20 cycles,Yes,Pass
819,Skwovet,Normal,,275,70,55,55,35,35,25,,8,1,Cheeky,,Field,,0.3,2.5,Both,255,43.9%,20 cycles,Yes,Pass
820,Greedent,Normal,,460,120,95,95,55,75,20,,8,2,Greedy,Skwovet,Field,,0.6,6.0,Both,90,20.1%,20 cycles,Yes,Pass
821,Rookidee,Flying,,245,38,47,35,33,35,57,,8,1,Tiny Bird,,Flying,,0.2,1.8,Both,255,43.9%,15 cycles,Yes,Pass
822,Corvisquire,Flying,,365,68,67,55,43,55,77,,8,2,Raven,Rookidee,Flying,,0.8,16.0,Both,120,24.9%,15 cycles,Yes,Pass
823,Corviknight,Flying,Steel,495,98,87,105,53,85,67,,8,3,Raven,Corvisquire,Flying,,2.2,75.0,Both,45,11.9%,15 cycles,Yes,Pass
824,Blipbug,Bug,,180,25,20,20,25,45,45,,8,1,Larva,,Bug,,0.4,8.0,Both,255,43.9%,15 cycles,Yes,Pass
825,Dottler,Bug,Psychic,335,50,35,80,50,90,30,,8,2,Radome,Blipbug,Bug,,0.4,19.5,Both,120,24.9%,15 cycles,Yes,Pass
826,Orbeetle,Bug,Psychic,505,60,45,110,80,120,90,,8,3,Seven Spot,Dottler,Bug,,0.4,40.8,Both,45,11.9%,15 cycles,Yes,Pass
827,Nickit,Dark,,245,40,28,28,47,52,50,,8,1,Fox,,Field,,0.6,8.9,Both,255,43.9%,15 cycles,Yes,Pass
828,Thievul,Dark,,455,70,58,58,87,92,90,,8,2,Fox,Nickit,Field,,1.2,19.9,Both,127,26%,15 cycles,Yes,Pass
829,Gossifleur,Grass,,250,40,40,60,40,60,10,,8,1,Flowering,,Grass,,0.4,2.2,Both,190,35.2%,20 cycles,Yes,Pass
830,Eldegoss,Grass,,460,60,50,90,80,120,60,,8,2,Cotton Bloom,Gossifleur,Grass,,0.5,2.5,Both,75,17.5%,20 cycles,Yes,Pass
831,Wooloo,Normal,,270,42,40,55,40,45,48,,8,1,Sheep,,Field,,0.6,6.0,Both,255,43.9%,15 cycles,Yes,Pass
832,Dubwool,Normal,,490,72,80,100,60,90,88,,8,2,Sheep,Wooloo,Field,,1.3,43.0,Both,127,26%,15 cycles,Yes,Pass
833,Chewtle,Water,,284,50,64,50,38,38,44,,8,1,Snapping,,Monster,Water 1,0.3,8.5,Both,255,43.9%,20 cycles,Yes,Pass
834,Drednaw,Water,Rock,485,90,115,90,48,68,74,,8,2,Bite,Chewtle,Monster,Water 1,1.0,115.5,Both,75,17.5%,20 cycles,Yes,Pass
835,Yamper,Electric,,270,59,45,50,40,50,26,,8,1,Puppy,,Field,,0.3,13.5,Both,255,43.9%,20 cycles,Yes,Pass
836,Boltund,Electric,,490,69,90,60,90,60,121,,8,2,Dog,Yamper,Field,,1.0,34.0,Both,45,11.9%,20 cycles,Yes,Pass
837,Rolycoly,Rock,,240,30,40,50,40,50,30,,8,1,Coal,,Mineral,,0.3,12.0,Both,255,43.9%,15 cycles,Yes,Pass
838,Carkol,Rock,Fire,410,80,60,90,60,70,50,,8,2,Coal,Rolycoly,Mineral,,1.1,78.0,Both,120,24.9%,15 cycles,Yes,Pass
839,Coalossal,Rock,Fire,510,110,80,120,80,90,30,,8,3,Coal,Carkol,Mineral,,2.8,310.5,Both,45,11.9%,15 cycles,Yes,Pass
840,Applin,Grass,Dragon,260,40,40,80,40,40,20,,8,1,Apple Core,,Grass,Dragon,0.2,0.5,Both,255,43.9%,20 cycles,Yes,Pass
841,Flapple,Grass,Dragon,485,70,110,80,95,60,70,,8,2,Apple Wing,Applin,Grass,Dragon,0.3,1.0,Both,45,11.9%,20 cycles,Yes,Pass
842,Appletun,Grass,Dragon,485,110,85,80,100,80,30,,8,2,Apple Nectar,Applin,Grass,Dragon,0.4,13.0,Both,45,11.9%,20 cycles,Yes,Pass
843,Silicobra,Ground,Dragon,315,52,57,75,35,50,46,,8,1,Sand Snake,,Field,Dragon,2.2,7.6,Both,255,43.9%,20 cycles,Yes,Pass
844,Sandaconda,Ground,Dragon,510,72,107,125,65,70,71,,8,2,Sand Snake,Silicobra,Field,Dragon,3.8,65.5,Both,120,24.9%,20 cycles,Yes,Smash
845,Cramorant,Flying,Water,475,70,85,55,85,95,85,Gulping Form; Gorging Form,8,1,Gulp,,Water 1,Flying,0.8,18.0,Both,45,11.9%,20 cycles,Yes,Pass
846,Arrokuda,Water,,280,41,63,40,40,30,66,,8,1,Rush,,Water 2,,0.5,1.0,Both,255,43.9%,20 cycles,Yes,Pass
847,Barraskewda,Water,,490,61,123,60,60,50,136,,8,2,Skewer,Arrokuda,Water 2,,1.3,30.0,Both,60,14.8%,20 cycles,Yes,Pass
848,Toxel,Electric,Poison,242,40,38,35,54,35,40,,8,1,Baby,,No Eggs Discovered,,0.4,11.0,Both,75,17.5%,25 cycles,Yes,Pass
849,Toxtricity,Electric,Poison,502,75,98,70,114,70,75,Amped Form; Low Key Form; Gigantamax Toxtricity,8,2,Punk,Toxel,Human-Like,,1.6,40.0,Both,45,11.9%,25 cycles,Yes,Smash
850,Sizzlipede,Fire,Bug,305,50,65,45,50,50,45,,8,1,Radiator,,Bug,,0.7,1.0,Both,190,35.2%,20 cycles,Yes,Pass
851,Centiskorch,Fire,Bug,525,100,115,65,90,90,65,,8,2,Radiator,Sizzlipede,Bug,,3.0,120.0,Both,75,17.5%,20 cycles,Yes,Pass
852,Clobbopus,Fighting,,310,50,68,60,50,50,32,,8,1,Tantrum,,Water 1,Human-Like,0.6,4.0,Both,180,33.8%,25 cycles,Yes,Pass
853,Grapploct,Fighting,,480,80,118,90,70,80,42,,8,2,Jujitsu,Clobbopus,Water 1,Human-Like,1.6,39.0,Both,45,11.9%,25 cycles,Yes,Pass
854,Sinistea,Ghost,,308,40,45,45,74,54,50,Phony Form; Antique Form,8,1,Black Tea,,Mineral,Amorphous,0.1,0.2,Neither,120,24.9%,20 cycles,Yes,Smash
855,Polteageist,Ghost,,508,60,65,65,134,114,70,Phony Form; Antique Form,8,2,Black Tea,Sinistea,Mineral,Amorphous,0.2,0.4,Neither,60,14.8%,20 cycles,Yes,Pass
856,Hatenna,Psychic,Fairy,265,42,30,45,56,53,39,,8,1,Calm,,Fairy,,0.4,3.4,Female,235,41.3%,20 cycles,Yes,Pass
857,Hattrem,Psychic,Fairy,370,57,40,65,86,73,49,,8,2,Serene,Hatenna,Fairy,,0.6,4.8,Female,120,24.9%,20 cycles,Yes,Pass
858,Hatterene,Psychic,Fairy,510,57,90,95,136,103,29,,8,3,Silent,Hattrem,Fairy,,2.1,5.1,Female,45,11.9%,20 cycles,Yes,Smash
859,Impidimp,Dark,Fairy,265,45,45,30,55,40,50,,8,1,Wily,,Fairy,Human-Like,0.4,5.5,Male,255,43.9%,20 cycles,Yes,Pass
860,Morgrem,Dark,Fairy,370,65,60,45,75,55,70,,8,2,Devious,Impidimp,Fairy,Human-Like,0.8,12.5,Male,120,24.9%,20 cycles,Yes,Pass
861,Grimmsnarl,Dark,Fairy,510,95,120,65,95,75,60,,8,3,Bulk Up,Morgrem,Fairy,Human-Like,1.5,61.0,Male,45,11.9%,20 cycles,Yes,Pass
862,Obstagoon,Dark,Normal,520,93,90,101,60,81,95,,8,3,Blocking,Linoone,Field,,1.6,46.0,Both,45,11.9%,15 cycles,Yes,Pass
863,Perrserker,Steel,,440,70,110,100,50,60,50,,8,2,Viking,Meowth,Field,,0.8,28.0,Both,90,20.1%,20 cycles,Yes,Pass
864,Cursola,Ghost,,510,60,95,50,145,130,30,,8,1,Coral,,Water 1,Water 3,1.0,0.4,Both,30,8.8%,20 cycles,Yes,Pass
865,Sirfetch'd,Fighting,Flying,507,62,135,95,68,82,65,,8,2,Wild Duck,Farfetch'd,Flying,Field,0.8,117.0,Both,45,11.9%,20 cycles,Yes,Pass
866,Mr. Rime,Ice,Psychic,520,80,85,75,110,100,70,,8,3,Comedian,Mr. Mime,Human-Like,,1.5,58.2,Both,45,11.9%,25 cycles,Yes,Pass
867,Runerigus,Ground,Ghost,483,58,95,145,50,105,30,,8,2,Grudge,Yamask,Mineral,Amorphous,1.6,66.6,Both,90,20.1%,25 cycles,Yes,Smash
868,Milcery,Fairy,,270,45,40,40,50,61,34,,8,1,Cream,,Fairy,Amorphous,0.2,0.3,Female,200,36.6%,20 cycles,Yes,Pass
869,Alcremie,Fairy,,495,65,60,75,110,121,64,,8,2,Cream,Milcery,Fairy,Amorphous,0.3,0.5,Female,100,21.7%,20 cycles,Yes,Pass
870,Falinks,Fighting,Fairy,470,65,100,100,70,60,75,Mega Falinks,8,1,Formation,,Fairy,Mineral,3.0,62.0,Neither,45,11.9%,25 cycles,Yes,Pass
871,Pincurchin,Electric,,435,48,101,95,91,85,15,,8,1,Sea Urchin,,Water 1,Amorphous,0.3,1.0,Both,75,17.5%,20 cycles,Yes,Pass
872,Snom,Ice,Bug,185,30,25,35,45,30,20,,8,1,Worm,,Bug,,0.3,3.8,Both,190,35.2%,20 cycles,Yes,Smash
873,Frosmoth,Ice,Bug,475,70,65,60,125,90,65,,8,2,Frost Moth,Snom,Bug,,1.3,42.0,Both,75,17.5%,20 cycles,Yes,Pass
874,Stonjourner,Rock,,470,100,125,135,20,20,70,,8,1,Big Rock,,Mineral,,2.5,520.0,Both,60,14.8%,25 cycles,Yes,Smash
875,Eiscue,Ice,,470,75,80,110,65,90,50,Ice Face; Noice Face,8,1,Penguin,,Water 1,Field,1.4,89.0,Both,60,14.8%,25 cycles,Yes,
876,Indeedee,Psychic,Normal,475,65,60,60,100,100,90,,8,1,Emotion,,Fairy,,0.9,28.0,Both,30,8.8%,40 cycles,Yes,Pass
877,Morpeko,Electric,Dark,436,58,95,58,70,58,97,Full Belly Mode; Hangry Mode,8,1,Two-Sided,,Field,Fairy,0.3,3.0,Both,180,33.8%,10 cycles,Yes,Pass
878,Cufant,Steel,,330,72,80,49,40,49,40,,8,1,Copperderm,,Field,Mineral,1.2,100.0,Both,190,35.2%,25 cycles,Yes,Pass
879,Copperajah,Steel,,500,122,130,69,80,69,30,,8,2,Copperderm,Cufant,Field,Mineral,3.0,650.0,Both,90,20.1%,25 cycles,Yes,Pass
880,Dracozolt,Electric,Dragon,505,90,100,90,80,70,75,,8,1,Fossil,,No Eggs Discovered,,1.8,190.0,Neither,45,11.9%,35 cycles,No,Pass
881,Arctozolt,Electric,Ice,505,90,100,90,90,80,55,,8,1,Fossil,,No Eggs Discovered,,2.3,150.0,Neither,45,11.9%,35 cycles,No,Pass
882,Dracovish,Water,Dragon,505,90,90,100,70,80,75,,8,1,Fossil,,No Eggs Discovered,,2.3,215.0,Neither,45,11.9%,35 cycles,No,Pass
883,Arctovish,Water,Ice,505,90,90,100,80,90,55,,8,1,Fossil,,No Eggs Discovered,,2.0,175.0,Neither,45,11.9%,35 cycles,No,Pass
884,Duraludon,Steel,Dragon,535,70,95,115,120,50,85,,8,1,Alloy,,Mineral,Dragon,1.8,40.0,Both,45,11.9%,30 cycles,Yes,Pass
885,Dreepy,Dragon,Ghost,270,28,60,30,40,30,82,,8,1,Lingering,,Amorphous,Dragon,0.5,2.0,Both,45,11.9%,40 cycles,Yes,Pass
886,Drakloak,Dragon,Ghost,410,68,80,50,60,50,102,,8,2,Caretaker,Dreepy,Amorphous,Dragon,1.4,11.0,Both,45,11.9%,40 cycles,Yes,Pass
887,Dragapult,Dragon,Ghost,600,88,120,75,100,75,142,,8,3,Stealth,Drakloak,Amorphous,Dragon,3.0,50.0,Both,45,11.9%,40 cycles,Yes,Pass
888,Zacian,Fairy,Steel,660,92,120,115,80,115,138,Hero of Many Battles; Crowned Sword,8,1,Warrior,,No Eggs Discovered,,2.8,110.0,Neither,10,3.9%,120 cycles,No,Pass
889,Zamazenta,Fighting,Steel,660,92,120,115,80,115,138,Hero of Many Battles; Crowned Shield,8,1,Warrior,,No Eggs Discovered,,2.9,210.0,Neither,10,3.9%,120 cycles,No,Pass
890,Eternatus,Poison,Dragon,690,140,85,95,145,95,130,,8,1,Gigantic,,No Eggs Discovered,,20.0,950.0,Neither,255,43.9%,120 cycles,No,Pass
891,Kubfu,Fighting,,385,60,90,60,53,50,72,,8,1,Wushu,,No Eggs Discovered,,0.6,12.0,Both,3,1.6%,120 cycles,No,Pass
892,Urshifu,Fighting,Dark,550,100,130,100,63,60,97,Single Strike Style; Rapid Strike Style; Gigantamax Urshifu (Single Strike Style); Gigantamax Urshifu (Rapid Strike Style),8,2,Wushu,Kubfu,No Eggs Discovered,,1.9,105.0,Both,3,1.6%,120 cycles,No,Smash
893,Zarude,Dark,Grass,600,105,120,105,70,95,105,,8,1,Rogue Monkey,,No Eggs Discovered,,1.8,70.0,Neither,3,1.6%,120 cycles,No,Pass
894,Regieleki,Electric,,580,80,100,50,100,50,200,,8,1,Electron,,No Eggs Discovered,,1.2,145.0,Neither,3,1.6%,120 cycles,No,Pass
895,Regidrago,Dragon,,580,200,100,50,100,50,80,,8,1,Dragon Orb,,No Eggs Discovered,,2.1,200.0,Neither,3,1.6%,120 cycles,No,Smash
896,Glastrier,Ice,,580,100,145,130,65,110,30,,8,1,Wild Horse,,No Eggs Discovered,,2.2,800.0,Neither,3,1.6%,120 cycles,No,Pass
897,Spectrier,Ghost,,580,100,65,60,145,80,130,,8,1,Swift Horse,,No Eggs Discovered,,2.0,44.5,Neither,3,1.6%,120 cycles,No,Pass
898,Calyrex,Psychic,Grass,500,100,80,80,80,80,80,Ice Rider Calyrex; Shadow Rider Calyrex,8,1,King,,No Eggs Discovered,,1.1,7.7,Neither,3,1.6%,120 cycles,No,Pass
899,Wyrdeer,Normal,Psychic,525,103,105,72,105,75,65,,8,2,Big Horn,Stantler,Field,,1.8,95.1,Both,45,11.9%,20 cycles,Yes,Pass
900,Kleavor,Bug,Rock,500,70,130,95,45,75,85,,8,2,Axe,Scyther,Bug,,1.8,89.0,Both,15,5.2%,20 cycles,Yes,N/A
901,Ursaluna,Ground,Normal,550,130,140,105,45,80,50,,8,3,Peat,Ursaring,Field,,2.4,290.0,Both,20,6.5%,20 cycles,Yes,N/A
903,Sneasler,Fighting,Poison,510,80,130,60,40,80,120,,8,2,Big Fish,Sneasel,Field,,1.3,43.0,Both,20,6.5%,20 cycles,Yes,N/A
904,Overqwil,Dark,Poison,510,85,115,95,65,65,85,,8,2,Free Climb,Qwilfish,Water 2,,2.5,60.5,Both,45,11.9%,20 cycles,Yes,N/A
905,Enamorus,Fairy,Flying,580,74,115,110,135,100,46,Incarnate Forme; Therian Forme,8,1,Love-Hate,,No Eggs Discovered,,1.6,48.0,Female,3,1.6%,20 cycles,No,N/A
906,Sprigatito,Grass,,310,40,61,54,45,45,65,,9,1,Grass Cat,,Field,Grass,0.4,4.1,Both,45,11.9%,20 cycles,Yes,N/A
907,Floragato,Grass,,410,61,80,63,60,63,83,,9,2,Grass Cat,Sprigatito,Field,Grass,0.9,12.2,Both,45,11.9%,20 cycles,Yes,N/A
908,Meowscarada,Grass,Dark,530,76,110,70,81,70,123,,9,3,Magician,Floragato,Field,Grass,1.5,31.2,Both,45,11.9%,20 cycles,Yes,N/A
909,Fuecoco,Fire,,310,67,45,59,63,40,36,,9,1,Fire Croc,,Field,,0.4,9.8,Both,45,11.9%,20 cycles,Yes,N/A
910,Crocalor,Fire,,411,81,55,78,90,58,49,,9,2,Fire Croc,Fuecoco,Field,,1.0,30.7,Both,45,11.9%,20 cycles,Yes,N/A
911,Skeledirge,Fire,Ghost,530,104,75,100,110,75,66,,9,3,Singer,Crocalor,Field,,1.6,326.5,Both,45,11.9%,20 cycles,Yes,N/A
912,Quaxly,Water,Flying,310,55,65,45,50,45,50,,9,1,Duckling,,Flying,Water 1,0.5,6.1,Both,45,11.9%,20 cycles,Yes,N/A
913,Quaxwell,Water,Flying,410,70,85,65,65,60,65,,9,2,Practicing,Quaxly,Flying,Water 1,1.2,21.5,Both,45,11.9%,20 cycles,Yes,N/A
914,Quaquaval,Water,Fighting,530,85,120,80,85,75,85,,9,3,Dancer,Quaxwell,Flying,Water 1,1.8,61.9,Both,45,11.9%,20 cycles,Yes,N/A
915,Lechonk,Normal,,254,54,45,40,35,45,35,,9,1,Hog,,Field,,0.5,10.2,Both,255,43.9%,15 cycles,Yes,N/A
916,Oinkologne,Normal,,489,113,95,73,59,85,65,,9,2,Hog,Lechonk,Field,,1.0,120.0,Both,100,21.7%,15 cycles,Yes,N/A
917,Tarountula,Bug,,210,35,41,45,29,40,20,,9,1,String Ball,,Bug,,0.3,4.0,Both,255,43.9%,15 cycles,Yes,N/A
918,Spidops,Bug,,404,60,79,92,52,86,35,,9,2,Trap,Tarountula,Bug,,1.0,16.5,Both,120,24.9%,15 cycles,Yes,N/A
919,Nymble,Bug,,210,33,46,40,21,25,45,,9,1,Grasshopper,,Bug,,0.2,1.0,Both,190,35.2%,20 cycles,Yes,N/A
920,Lokix,Bug,Dark,450,71,102,78,52,55,92,,9,2,Grasshopper,Nymble,Bug,,1.0,17.5,Both,30,8.8%,20 cycles,Yes,N/A
921,Pawmi,Electric,,240,45,50,20,40,25,60,,9,1,Mouse,,Field,,0.3,2.5,Both,190,35.2%,15 cycles,Yes,N/A
922,Pawmo,Electric,Fighting,350,60,75,40,50,40,85,,9,2,Mouse,Pawmi,Field,,0.4,6.5,Both,80,18.4%,15 cycles,Yes,N/A
923,Pawmot,Electric,Fighting,490,70,115,70,70,60,105,,9,3,Hands-On,Pawmo,Field,,0.9,41.0,Both,45,11.9%,15 cycles,Yes,N/A
924,Tandemaus,Normal,Fairy,305,50,50,45,40,45,75,,9,1,Couple,,Field,Fairy,0.3,1.8,Neither,150,29.5%,10 cycles,Yes,N/A
925,Maushold,Normal,Fairy,470,74,75,70,65,75,111,Family of Four; Family of Three,9,2,Family,Tandemaus,Field,Fairy,0.3,2.8,Neither,75,17.5%,10 cycles,Yes,N/A
926,Fidough,Fairy,,312,37,55,70,30,55,65,,9,1,Puppy,,Field,Mineral,0.3,10.9,Both,190,35.2%,20 cycles,Yes,N/A
927,Dachsbun,Fairy,,477,57,80,115,50,80,95,,9,2,Dog,Fidough,Field,Mineral,0.5,14.9,Both,90,20.1%,20 cycles,Yes,N/A
928,Smoliv,Grass,Normal,260,41,35,45,58,51,30,,9,1,Olive,,Grass,,0.3,6.5,Both,255,43.9%,20 cycles,Yes,N/A
929,Dolliv,Grass,Normal,354,52,53,60,78,78,33,,9,2,Olive,Smoliv,Grass,,0.6,11.9,Both,120,24.9%,20 cycles,Yes,N/A
930,Arboliva,Grass,Normal,510,78,69,90,125,109,39,,9,3,Olive,Dolliv,Grass,,1.4,48.2,Both,45,11.9%,20 cycles,Yes,N/A
931,Squawkabilly,Normal,Flying,417,82,96,51,45,51,92,Green Plumage; Blue Plumage; Yellow Plumage; White Plumage,9,1,Parrot,,Flying,,0.6,2.4,Both,190,35.2%,15 cycles,Yes,N/A
932,Nacli,Rock,,280,55,55,75,35,35,25,,9,1,Rock Salt,,Mineral,,0.4,16.0,Both,255,43.9%,20 cycles,Yes,N/A
933,Naclstack,Rock,,355,60,60,100,35,65,35,,9,2,Rock Salt,Nacli,Mineral,,0.6,105.0,Both,120,24.9%,20 cycles,Yes,N/A
934,Garganacl,Rock,,500,100,100,130,45,90,35,,9,3,Rock Salt,Naclstack,Mineral,,2.3,240.0,Both,45,11.9%,20 cycles,Yes,N/A
935,Charcadet,Fire,,255,40,50,40,50,40,35,,9,1,Fire Child,,Human-Like,,0.6,10.5,Both,90,20.1%,35 cycles,Yes,N/A
936,Armarouge,Fire,Psychic,525,85,60,100,125,80,75,,9,2,Fire Warrior,Charcadet,Human-Like,,1.5,85.0,Both,25,7.7%,35 cycles,Yes,N/A
937,Ceruledge,Fire,Ghost,525,75,125,80,60,100,85,,9,2,Fire Blades,Charcadet,Human-Like,,1.6,62.0,Both,25,7.7%,35 cycles,Yes,N/A
938,Tadbulb,Electric,,272,61,31,41,59,35,45,,9,1,EleTadpole,,Water 1,,0.3,0.4,Both,190,35.2%,20 cycles,Yes,N/A
939,Bellibolt,Electric,,495,109,64,91,103,83,45,,9,2,EleFrog,Tadbulb,Water 1,,1.2,113.0,Both,50,12.9%,20 cycles,Yes,N/A
940,Wattrel,Electric,Flying,280,40,40,35,55,40,70,,9,1,Storm Petrel,,Water 1,Flying,0.4,3.6,Both,180,33.8%,20 cycles,Yes,N/A
941,Kilowattrel,Electric,Flying,490,70,70,60,105,60,125,,9,2,Frigatebird,Wattrel,Water 1,Flying,1.4,38.6,Both,90,20.1%,20 cycles,Yes,N/A
942,Maschiff,Dark,,340,60,78,60,40,51,51,,9,1,Rascal,,Field,,0.5,16.0,Both,150,29.5%,20 cycles,Yes,N/A
943,Mabosstiff,Dark,,505,80,120,90,60,70,85,,9,2,Boss,Maschiff,Field,,1.1,61.0,Both,75,17.5%,20 cycles,Yes,N/A
944,Shroodle,Poison,Normal,290,40,65,35,40,35,75,,9,1,Toxic Mouse,,Field,,0.2,0.7,Both,190,35.2%,20 cycles,Yes,N/A
945,Grafaiai,Poison,Normal,485,63,95,65,80,72,110,,9,2,Toxic Monkey,Shroodle,Field,,0.7,27.2,Both,90,20.1%,20 cycles,Yes,N/A
946,Bramblin,Grass,Ghost,275,40,65,30,45,35,60,,9,1,Tumbleweed,,Grass,,0.6,0.6,Both,190,35.2%,20 cycles,Yes,N/A
947,Brambleghast,Grass,Ghost,480,55,115,70,80,70,90,,9,2,Tumbleweed,Bramblin,Grass,,1.2,6.0,Both,45,11.9%,20 cycles,Yes,N/A
948,Toedscool,Ground,Grass,335,40,40,35,50,100,70,,9,1,Woodear,,Grass,,0.9,33.0,Both,190,35.2%,20 cycles,Yes,N/A
949,Toedscruel,Ground,Grass,515,80,70,65,80,120,100,,9,2,Woodear,Toedscool,Grass,,1.9,58.0,Both,90,20.1%,20 cycles,Yes,N/A
950,Klawf,Rock,,450,70,100,115,35,55,75,,9,1,Ambush,,Water 3,,1.3,79.0,Both,120,24.9%,35 cycles,Yes,N/A
951,Capsakid,Grass,,304,50,62,40,62,40,50,,9,1,Spicy Pepper,,Grass,,0.3,3.0,Both,190,35.2%,20 cycles,Yes,N/A
952,Scovillain,Grass,Fire,486,65,108,65,108,65,75,Mega Scovillain,9,2,Spicy Pepper,Capsakid,Grass,,0.9,15.0,Both,75,17.5%,20 cycles,Yes,N/A
953,Rellor,Bug,,270,41,50,60,31,58,30,,9,1,Rolling,,Bug,,0.2,1.0,Both,190,35.2%,20 cycles,Yes,N/A
954,Rabsca,Bug,Psychic,470,75,50,85,115,100,45,,9,2,Rolling,Rellor,Bug,,0.3,3.5,Both,45,11.9%,20 cycles,Yes,N/A
955,Flittle,Psychic,Flying,255,30,35,30,55,30,75,,9,1,Frill,,Flying,,0.2,1.5,Both,120,24.9%,20 cycles,Yes,N/A
956,Espathra,Psychic,Flying,481,95,60,60,101,60,105,,9,2,Ostrich,Flittle,Flying,,1.9,90.0,Both,60,14.8%,20 cycles,Yes,N/A
957,Tinkatink,Fairy,Steel,297,50,45,45,35,64,58,,9,1,Metalsmith,,Fairy,,0.4,8.9,Female,190,35.2%,20 cycles,Yes,N/A
958,Tinkatuff,Fairy,Steel,380,65,55,55,45,82,78,,9,2,Hammer,Tinkatink,Fairy,,0.7,59.1,Female,90,20.1%,20 cycles,Yes,N/A
959,Tinkaton,Fairy,Steel,506,85,75,77,70,105,94,,9,3,Hammer,Tinkatuff,Fairy,,0.7,112.8,Female,45,11.9%,20 cycles,Yes,N/A
960,Wiglett,Water,,245,10,55,25,35,25,95,,9,1,Garden Eel,,Water 3,,1.2,1.8,Both,255,43.9%,20 cycles,Yes,N/A
961,Wugtrio,Water,,425,35,100,50,50,70,120,,9,2,Garden Eel,Wiglett,Water 3,,1.2,5.4,Both,50,12.9%,20 cycles,Yes,N/A
962,Bombirdier,Flying,Dark,485,70,103,85,60,85,82,,9,1,Item Drop,,Flying,,1.5,42.9,Both,25,7.7%,35 cycles,Yes,N/A
963,Finizen,Water,,315,70,45,40,45,40,75,,9,1,Dolphin,,Field,Water 2,1.3,60.2,Both,200,36.6%,40 cycles,Yes,N/A
964,Palafin,Water,,457,100,70,72,53,62,100,Zero Form; Hero Form,9,2,Dolphin,Finizen,Field,Water 2,1.3,60.2,Both,45,11.9%,40 cycles,Yes,N/A
965,Varoom,Steel,Poison,300,45,70,63,30,45,47,,9,1,Single-Cyl,,Mineral,,1.0,35.0,Both,190,35.2%,20 cycles,Yes,N/A
966,Revavroom,Steel,Poison,500,80,119,90,54,67,90,,9,2,Multi-Cyl,Varoom,Mineral,,1.8,120.0,Both,75,17.5%,20 cycles,Yes,N/A
967,Cyclizar,Dragon,Normal,501,70,95,65,85,65,121,,9,1,Mount,,Field,,1.6,63.0,Both,190,35.2%,30 cycles,Yes,N/A
968,Orthworm,Steel,,480,70,85,145,60,55,65,,9,1,Earthworm,,Field,,2.5,310.0,Both,25,7.7%,35 cycles,Yes,N/A
969,Glimmet,Rock,Poison,350,48,35,42,105,60,60,,9,1,Ore,,Mineral,,0.7,8.0,Both,70,16.6%,30 cycles,Yes,N/A
970,Glimmora,Rock,Poison,525,83,55,90,130,81,86,Mega Glimmora,9,2,Ore,Glimmet,Mineral,,1.5,45.0,Both,25,7.7%,30 cycles,Yes,N/A
971,Greavard,Ghost,,290,50,61,60,30,55,34,,9,1,Ghost Dog,,Field,,0.6,35.0,Both,120,24.9%,20 cycles,Yes,N/A
972,Houndstone,Ghost,,488,72,101,100,50,97,68,,9,2,Ghost Dog,Greavard,Field,,2.0,15.0,Both,60,14.8%,20 cycles,Yes,N/A
973,Flamigo,Flying,Fighting,500,82,115,74,75,64,90,,9,1,Synchronize,,Flying,,1.6,37.0,Both,100,21.7%,20 cycles,Yes,N/A
974,Cetoddle,Ice,,334,108,68,45,30,40,43,,9,1,Terra Whale,,Field,,1.2,45.0,Both,150,29.5%,25 cycles,Yes,N/A
975,Cetitan,Ice,,521,170,113,65,45,55,73,,9,2,Terra Whale,Cetoddle,Field,,4.5,700.0,Both,50,12.9%,25 cycles,Yes,N/A
976,Veluza,Water,Psychic,478,90,102,73,78,65,70,,9,1,Jettison,,Water 2,,2.5,90.0,Both,100,21.7%,20 cycles,Yes,N/A
977,Dondozo,Water,,530,150,100,115,65,65,35,,9,1,Big Catfish,,Water 2,,12.0,220.0,Both,25,7.7%,40 cycles,Yes,N/A
978,Tatsugiri,Dragon,Water,475,68,50,60,120,95,82,Curly Form; Droopy Form; Stretchy Form; Mega Tatsugiri,9,1,Mimicry,,Water 2,,0.3,8.0,Both,100,21.7%,35 cycles,Yes,N/A
979,Annihilape,Fighting,Ghost,535,110,115,80,50,90,90,,9,3,Rage Monkey,Primeape,Field,,1.2,56.0,Both,45,11.9%,20 cycles,Yes,N/A
980,Clodsire,Poison,Ground,430,130,75,60,45,100,20,,9,2,Spiny Fish,Wooper,Water 1,Field,1.8,223.0,Both,90,20.1%,20 cycles,Yes,N/A
981,Farigiraf,Normal,Psychic,520,120,90,70,110,70,60,,9,2,Long Neck,Girafarig,Field,,3.2,160.0,Both,45,11.9%,20 cycles,Yes,N/A
982,Dudunsparce,Normal,,520,125,100,80,85,75,55,Two-Segment Form; Three-Segment Form,9,2,Land Snake,Dunsparce,Field,,3.6,39.2,Both,45,11.9%,20 cycles,Yes,N/A
983,Kingambit,Dark,Steel,550,100,135,120,60,85,50,,9,3,Big Blade,Bisharp,Human-Like,,2.0,120.0,Both,25,7.7%,20 cycles,Yes,N/A
984,Great Tusk,Ground,Fighting,570,115,131,131,53,53,87,,9,1,Paradox,,No Eggs Discovered,,2.2,320.0,Neither,30,8.8%,50 cycles,No,N/A
985,Scream Tail,Fairy,Psychic,570,115,65,99,65,115,111,,9,1,Paradox,,No Eggs Discovered,,1.2,8.0,Neither,50,12.9%,50 cycles,Yes,N/A
986,Brute Bonnet,Grass,Dark,570,111,127,99,79,99,55,,9,1,Paradox,,No Eggs Discovered,,1.2,21.0,Neither,50,12.9%,50 cycles,Yes,N/A
987,Flutter Mane,Ghost,Fairy,570,55,55,55,135,135,135,,9,1,Paradox,,No Eggs Discovered,,1.4,4.0,Neither,30,8.8%,50 cycles,Yes,N/A
988,Slither Wing,Bug,Fighting,570,85,135,79,85,105,81,,9,1,Paradox,,No Eggs Discovered,,3.2,92.0,Neither,30,8.8%,50 cycles,Yes,N/A
989,Sandy Shocks,Electric,Ground,570,85,81,97,121,85,101,,9,1,Paradox,,No Eggs Discovered,,2.3,60.0,Neither,30,8.8%,50 cycles,Yes,N/A
990,Iron Treads,Ground,Steel,570,90,112,120,72,70,106,,9,1,Paradox,,No Eggs Discovered,,0.9,240.0,Neither,30,8.8%,50 cycles,Yes,N/A
991,Iron Bundle,Ice,Water,570,56,80,114,124,60,136,,9,1,Paradox,,No Eggs Discovered,,0.6,11.0,Neither,50,12.9%,50 cycles,Yes,N/A
992,Iron Hands,Fighting,Electric,570,154,140,108,50,68,50,,9,1,Paradox,,No Eggs Discovered,,1.8,380.7,Neither,50,12.9%,50 cycles,No,N/A
993,Iron Jugulis,Dark,Flying,570,94,80,86,122,80,108,,9,1,Paradox,,No Eggs Discovered,,1.3,111.0,Neither,30,8.8%,50 cycles,Yes,N/A
994,Iron Moth,Fire,Poison,570,80,70,60,140,110,110,,9,1,Paradox,,No Eggs Discovered,,1.2,36.0,Neither,30,8.8%,50 cycles,Yes,N/A
995,Iron Thorns,Rock,Electric,570,100,134,110,70,84,72,,9,1,Paradox,,No Eggs Discovered,,1.6,303.0,Neither,30,8.8%,50 cycles,Yes,N/A
996,Frigibax,Dragon,Ice,320,65,75,45,35,45,55,,9,1,Ice Fin,,Dragon,Mineral,0.5,17.0,Both,45,11.9%,40 cycles,Yes,N/A
997,Arctibax,Dragon,Ice,423,90,95,66,45,65,62,,9,2,Ice Fin,Frigibax,Dragon,Mineral,0.8,30.0,Both,25,7.7%,40 cycles,Yes,N/A
998,Baxcalibur,Dragon,Ice,600,115,145,92,75,86,87,Mega Baxcalibur,9,3,Ice Dragon,Arctibax,Dragon,Mineral,2.1,210.0,Both,10,3.9%,40 cycles,Yes,N/A
999,Gimmighoul,Ghost,,300,45,30,70,75,70,10,Chest Form; Roaming Form,9,1,Coin Chest,,No Eggs Discovered,,0.3,5.0,Neither,45,11.9%,50 cycles,No,N/A
1000,Gholdengo,Steel,Ghost,550,87,60,95,133,91,84,,9,2,Coin Entity,Gimmighoul,No Eggs Discovered,,1.2,30.0,Neither,45,11.9%,50 cycles,No,N/A
1001,Wo-Chien,Dark,Grass,570,85,85,100,95,135,70,,9,1,Ruinous,,No Eggs Discovered,,1.5,74.2,Neither,6,2.6%,50 cycles,No,N/A
1002,Chien-Pao,Dark,Ice,570,80,120,80,90,65,135,,9,1,Ruinous,,No Eggs Discovered,,1.9,152.2,Neither,6,2.6%,50 cycles,No,N/A
1003,Ting-Lu,Dark,Ground,570,155,110,125,55,80,45,,9,1,Ruinous,,No Eggs Discovered,,2.7,699.7,Neither,6,2.6%,50 cycles,No,N/A
1004,Chi-Yu,Dark,Fire,570,55,80,80,135,120,100,,9,1,Ruinous,,No Eggs Discovered,,0.4,4.9,Neither,6,2.6%,50 cycles,No,N/A
1005,Roaring Moon,Dragon,Dark,590,105,139,71,55,101,119,,9,1,Paradox,,No Eggs Discovered,,2.0,380.0,Neither,10,3.9%,50 cycles,No,N/A
1006,Iron Valiant,Fairy,Fighting,590,74,130,90,120,60,116,,9,1,Paradox,,No Eggs Discovered,,1.4,35.0,Neither,10,3.9%,50 cycles,No,N/A
1007,Koraidon,Fighting,Dragon,670,100,135,115,85,100,135,Apex Build; Limited Build; Sprinting Build; Swimming Build; Gliding Build,9,1,Paradox,,No Eggs Discovered,,2.5,303.0,Neither,3,1.6%,50 cycles,No,N/A
1008,Miraidon,Electric,Dragon,670,100,85,100,135,115,135,Ultimate Mode; Low-Power Mode; Drive Mode; Aquatic Mode; Glide Mode,9,1,Paradox,,No Eggs Discovered,,3.5,240.0,Neither,3,1.6%,50 cycles,No,N/A
1009,Walking Wake,Water,Dragon,590,99,83,91,125,83,109,,9,1,Paradox,,No Eggs Discovered,,3.5,280.0,Neither,5,2.3%,50 cycles,No,N/A
1010,Iron Leaves,Grass,Psychic,590,90,130,88,70,108,104,,9,1,Paradox,,No Eggs Discovered,,1.5,125.0,Neither,5,2.3%,50 cycles,No,N/A
1011,Dipplin,Grass,Dragon,485,80,80,110,95,80,40,,9,2,Candy Apple,Applin,Grass,Dragon,0.4,4.4,Both,45,11.9%,20 cycles,Yes,N/A
1012,Poltchageist,Grass,Ghost,308,40,45,45,74,54,50,Counterfeit Form; Artisan Form,9,1,Matcha,,Mineral,Amorphous,0.1,1.1,Neither,120,24.9%,20 cycles,Yes,N/A
1013,Sinistcha,Grass,Ghost,508,71,60,106,121,80,70,Unremarkable Form; Masterpiece Form,9,2,Matcha,Poltchageist,Mineral,Amorphous,0.2,2.2,Neither,60,14.8%,20 cycles,Yes,N/A
1014,Okidogi,Poison,Fighting,555,88,128,115,58,86,80,,9,1,Retainer,,No Eggs Discovered,,1.8,92.2,Male,3,1.6%,120 cycles,No,N/A
1015,Munkidori,Poison,Psychic,555,88,75,66,130,90,106,,9,1,Retainer,,No Eggs Discovered,,1.0,12.2,Male,3,1.6%,120 cycles,No,N/A
1016,Fezandipiti,Poison,Fairy,555,88,91,82,70,125,99,,9,1,Retainer,,No Eggs Discovered,,1.4,30.1,Male,3,1.6%,120 cycles,No,N/A
1017,Ogerpon,Grass,Water,550,80,120,84,60,96,110,Teal Mask; Wellspring Mask; Hearthflame Mask; Cornerstone Mask,9,1,Mask,,No Eggs Discovered,,1.2,39.8,Female,5,2.3%,10 cycles,No,N/A
1018,Archaludon,Steel,Dragon,600,90,105,130,125,65,85,,9,2,Alloy,Duraludon,Mineral,Dragon,2.0,60.0,Both,10,3.9%,30 cycles,Yes,N/A
1019,Hydrapple,Grass,Dragon,540,106,80,110,120,80,44,,9,3,Apple Hydra,Dipplin,Grass,Dragon,1.8,93.0,Both,10,3.9%,20 cycles,Yes,N/A
1020,Gouging Fire,Fire,Dragon,590,105,115,121,65,93,91,,9,1,Paradox,,No Eggs Discovered,,3.5,590.0,Neither,10,3.9%,50 cycles,No,N/A
1021,Raging Bolt,Electric,Dragon,590,125,73,91,137,89,75,,9,1,Paradox,,No Eggs Discovered,,5.2,480.0,Neither,10,3.9%,50 cycles,No,N/A
1022,Iron Boulder,Rock,Psychic,590,90,120,80,68,108,124,,9,1,Paradox,,No Eggs Discovered,,1.5,162.5,Neither,10,3.9%,50 cycles,No,N/A
1023,Iron Crown,Steel,Psychic,590,90,72,100,122,108,98,,9,1,Paradox,,No Eggs Discovered,,1.6,156.0,Neither,10,3.9%,50 cycles,No,N/A
1024,Terapagos,Normal,,450,90,65,85,65,85,60,Normal Form; Terastal Form; Stellar Form,9,1,Tera,,No Eggs Discovered,,0.2,6.5,Both,255,43.9%,5 cycles,No,N/A
1025,Pecharunt,Poison,Ghost,600,88,88,160,88,88,88,,9,1,Subjugation,,No Eggs Discovered,,0.3,0.3,Neither,3,1.6%,20 cycles,No,N/A
