Launching browser...
Browser launched.
Found 1025 Pokemon in CSV
Resuming: 0 Pokemon already scraped in pokemon-data.json.
1025 Pokemon left to scrape.

[1/1025] Bulbasaur -> https://bulbapedia.bulbagarden.net/wiki/Bulbasaur_(Pokémon)
  ERROR scraping Bulbasaur: net::ERR_NAME_NOT_RESOLVED at https://bulbapedia.bulbagarden.net/wiki/Bulbasaur_(Pokémon)

[2/1025] Ivysaur -> https://bulbapedia.bulbagarden.net/wiki/Ivysaur_(Pokémon)
  ERROR scraping Ivysaur: net::ERR_NAME_NOT_RESOLVED at https://bulbapedia.bulbagarden.net/wiki/Ivysaur_(Pokémon)

[3/1025] Venusaur -> https://bulbapedia.bulbagarden.net/wiki/Venusaur_(Pokémon)
  ERROR scraping Venusaur: net::ERR_NAME_NOT_RESOLVED at https://bulbapedia.bulbagarden.net/wiki/Venusaur_(Pokémon)

[4/1025] Charmander -> https://bulbapedia.bulbagarden.net/wiki/Charmander_(Pokémon)
  ERROR scraping Charmander: net::ERR_NAME_NOT_RESOLVED at https://bulbapedia.bulbagarden.net/wiki/Charmander_(Pokémon)

[5/1025] Charmeleon -> https://bulbapedia.bulbagarden.net/wiki/Charmeleon_(Pokémon)
  ERROR scraping Charmeleon: net::ERR_NAME_NOT_RESOLVED at https://bulbapedia.bulbagarden.net/wiki/Charmeleon_(Pokémon)

[6/1025] Charizard -> https://bulbapedia.bulbagarden.net/wiki/Charizard_(Pokémon)
  ERROR scraping Charizard: net::ERR_NAME_NOT_RESOLVED at https://bulbapedia.bulbagarden.net/wiki/Charizard_(Pokémon)

[7/1025] Squirtle -> https://bulbapedia.bulbagarden.net/wiki/Squirtle_(Pokémon)
  ERROR scraping Squirtle: net::ERR_NAME_NOT_RESOLVED at https://bulbapedia.bulbagarden.net/wiki/Squirtle_(Pokémon)

[8/1025] Wartortle -> https://bulbapedia.bulbagarden.net/wiki/Wartortle_(Pokémon)
  ERROR scraping Wartortle: net::ERR_NAME_NOT_RESOLVED at https://bulbapedia.bulbagarden.net/wiki/Wartortle_(Pokémon)

[9/1025] Blastoise -> https://bulbapedia.bulbagarden.net/wiki/Blastoise_(Pokémon)
  ERROR scraping Blastoise: net::ERR_NAME_NOT_RESOLVED at https://bulbapedia.bulbagarden.net/wiki/Blastoise_(Pokémon)

[10/1025] Caterpie -> https://bulbapedia.bulbagarden.net/wiki/Caterpie_(Pokémon)
  ERROR scraping Caterpie: net::ERR_NAME_NOT_RESOLVED at https://bulbapedia.bulbagarden.net/wiki/Caterpie_(Pokémon)

[11/1025] Metapod -> https://bulbapedia.bulbagarden.net/wiki/Metapod_(Pokémon)
  ERROR scraping Metapod: net::ERR_NAME_NOT_RESOLVED at https://bulbapedia.bulbagarden.net/wiki/Metapod_(Pokémon)

[12/1025] Butterfree -> https://bulbapedia.bulbagarden.net/wiki/Butterfree_(Pokémon)
  ERROR scraping Butterfree: net::ERR_NAME_NOT_RESOLVED at https://bulbapedia.bulbagarden.net/wiki/Butterfree_(Pokémon)

[13/1025] Weedle -> https://bulbapedia.bulbagarden.net/wiki/Weedle_(Pokémon)
  ERROR scraping Weedle: net::ERR_NAME_NOT_RESOLVED at https://bulbapedia.bulbagarden.net/wiki/Weedle_(Pokémon)

[14/1025] Kakuna -> https://bulbapedia.bulbagarden.net/wiki/Kakuna_(Pokémon)
  ERROR scraping Kakuna: net::ERR_NAME_NOT_RESOLVED at https://bulbapedia.bulbagarden.net/wiki/Kakuna_(Pokémon)

[15/1025] Beedrill -> https://bulbapedia.bulbagarden.net/wiki/Beedrill_(Pokémon)
  ERROR scraping Beedrill: net::ERR_NAME_NOT_RESOLVED at https://bulbapedia.bulbagarden.net/wiki/Beedrill_(Pokémon)

[16/1025] Pidgey -> https://bulbapedia.bulbagarden.net/wiki/Pidgey_(Pokémon)
  ERROR scraping Pidgey: net::ERR_NAME_NOT_RESOLVED at https://bulbapedia.bulbagarden.net/wiki/Pidgey_(Pokémon)

[17/1025] Pidgeotto -> https://bulbapedia.bulbagarden.net/wiki/Pidgeotto_(Pokémon)
  ERROR scraping Pidgeotto: net::ERR_NAME_NOT_RESOLVED at https://bulbapedia.bulbagarden.net/wiki/Pidgeotto_(Pokémon)

[18/1025] Pidgeot -> https://bulbapedia.bulbagarden.net/wiki/Pidgeot_(Pokémon)
  ERROR scraping Pidgeot: net::ERR_NAME_NOT_RESOLVED at https://bulbapedia.bulbagarden.net/wiki/Pidgeot_(Pokémon)

[19/1025] Rattata -> https://bulbapedia.bulbagarden.net/wiki/Rattata_(Pokémon)
  ERROR scraping Rattata: net::ERR_NAME_NOT_RESOLVED at https://bulbapedia.bulbagarden.net/wiki/Rattata_(Pokémon)

[20/1025] Raticate -> https://bulbapedia.bulbagarden.net/wiki/Raticate_(Pokémon)
  ERROR scraping Raticate: net::ERR_NAME_NOT_RESOLVED at https://bulbapedia.bulbagarden.net/wiki/Raticate_(Pokémon)

[21/1025] Spearow -> https://bulbapedia.bulbagarden.net/wiki/Spearow_(Pokémon)
  ERROR scraping Spearow: net::ERR_NAME_NOT_RESOLVED at https://bulbapedia.bulbagarden.net/wiki/Spearow_(Pokémon)

[22/1025] Fearow -> https://bulbapedia.bulbagarden.net/wiki/Fearow_(Pokémon)
  ERROR scraping Fearow: net::ERR_NAME_NOT_RESOLVED at https://bulbapedia.bulbagarden.net/wiki/Fearow_(Pokémon)

[23/1025] Ekans -> https://bulbapedia.bulbagarden.net/wiki/Ekans_(Pokémon)
  ERROR scraping Ekans: net::ERR_NAME_NOT_RESOLVED at https://bulbapedia.bulbagarden.net/wiki/Ekans_(Pokémon)

[24/1025] Arbok -> https://bulbapedia.bulbagarden.net/wiki/Arbok_(Pokémon)
  ERROR scraping Arbok: net::ERR_NAME_NOT_RESOLVED at https://bulbapedia.bulbagarden.net/wiki/Arbok_(Pokémon)

[25/1025] Pikachu -> https://bulbapedia.bulbagarden.net/wiki/Pikachu_(Pokémon)
  ERROR scraping Pikachu: net::ERR_NAME_NOT_RESOLVED at https://bulbapedia.bulbagarden.net/wiki/Pikachu_(Pokémon)

[26/1025] Raichu -> https://bulbapedia.bulbagarden.net/wiki/Raichu_(Pokémon)
  ERROR scraping Raichu: net::ERR_NAME_NOT_RESOLVED at https://bulbapedia.bulbagarden.net/wiki/Raichu_(Pokémon)

[27/1025] Sandshrew -> https://bulbapedia.bulbagarden.net/wiki/Sandshrew_(Pokémon)
  ERROR scraping Sandshrew: net::ERR_NAME_NOT_RESOLVED at https://bulbapedia.bulbagarden.net/wiki/Sandshrew_(Pokémon)

[28/1025] Sandslash -> https://bulbapedia.bulbagarden.net/wiki/Sandslash_(Pokémon)
  ERROR scraping Sandslash: net::ERR_NAME_NOT_RESOLVED at https://bulbapedia.bulbagarden.net/wiki/Sandslash_(Pokémon)

[29/1025] Nidoran♀ -> https://bulbapedia.bulbagarden.net/wiki/Nidoran%E2%99%80_(Pokémon)
  ERROR scraping Nidoran♀: net::ERR_NAME_NOT_RESOLVED at https://bulbapedia.bulbagarden.net/wiki/Nidoran%E2%99%80_(Pokémon)

[30/1025] Nidorina -> https://bulbapedia.bulbagarden.net/wiki/Nidorina_(Pokémon)
  ERROR scraping Nidorina: net::ERR_NAME_NOT_RESOLVED at https://bulbapedia.bulbagarden.net/wiki/Nidorina_(Pokémon)

[31/1025] Nidoqueen -> https://bulbapedia.bulbagarden.net/wiki/Nidoqueen_(Pokémon)
  ERROR scraping Nidoqueen: net::ERR_NAME_NOT_RESOLVED at https://bulbapedia.bulbagarden.net/wiki/Nidoqueen_(Pokémon)

[32/1025] Nidoran♂ -> https://bulbapedia.bulbagarden.net/wiki/Nidoran%E2%99%82_(Pokémon)
  ERROR scraping Nidoran♂: net::ERR_NAME_NOT_RESOLVED at https://bulbapedia.bulbagarden.net/wiki/Nidoran%E2%99%82_(Pokémon)

[33/1025] Nidorino -> https://bulbapedia.bulbagarden.net/wiki/Nidorino_(Pokémon)
  ERROR scraping Nidorino: net::ERR_NAME_NOT_RESOLVED at https://bulbapedia.bulbagarden.net/wiki/Nidorino_(Pokémon)

[34/1025] Nidoking -> https://bulbapedia.bulbagarden.net/wiki/Nidoking_(Pokémon)
  ERROR scraping Nidoking: net::ERR_NAME_NOT_RESOLVED at https://bulbapedia.bulbagarden.net/wiki/Nidoking_(Pokémon)

[35/1025] Clefairy -> https://bulbapedia.bulbagarden.net/wiki/Clefairy_(Pokémon)
  ERROR scraping Clefairy: net::ERR_NAME_NOT_RESOLVED at https://bulbapedia.bulbagarden.net/wiki/Clefairy_(Pokémon)

[36/1025] Clefable -> https://bulbapedia.bulbagarden.net/wiki/Clefable_(Pokémon)
  ERROR scraping Clefable: net::ERR_NAME_NOT_RESOLVED at https://bulbapedia.bulbagarden.net/wiki/Clefable_(Pokémon)

[37/1025] Vulpix -> https://bulbapedia.bulbagarden.net/wiki/Vulpix_(Pokémon)
  ERROR scraping Vulpix: net::ERR_NAME_NOT_RESOLVED at https://bulbapedia.bulbagarden.net/wiki/Vulpix_(Pokémon)

[38/1025] Ninetales -> https://bulbapedia.bulbagarden.net/wiki/Ninetales_(Pokémon)
  ERROR scraping Ninetales: net::ERR_NAME_NOT_RESOLVED at https://bulbapedia.bulbagarden.net/wiki/Ninetales_(Pokémon)

[39/1025] Jigglypuff -> https://bulbapedia.bulbagarden.net/wiki/Jigglypuff_(Pokémon)
  ERROR scraping Jigglypuff: net::ERR_NAME_NOT_RESOLVED at https://bulbapedia.bulbagarden.net/wiki/Jigglypuff_(Pokémon)

[40/1025] Wigglytuff -> https://bulbapedia.bulbagarden.net/wiki/Wigglytuff_(Pokémon)
  ERROR scraping Wigglytuff: net::ERR_NAME_NOT_RESOLVED at https://bulbapedia.bulbagarden.net/wiki/Wigglytuff_(Pokémon)

[41/1025] Zubat -> https://bulbapedia.bulbagarden.net/wiki/Zubat_(Pokémon)
  ERROR scraping Zubat: net::ERR_NAME_NOT_RESOLVED at https://bulbapedia.bulbagarden.net/wiki/Zubat_(Pokémon)

[42/1025] Golbat -> https://bulbapedia.bulbagarden.net/wiki/Golbat_(Pokémon)
  ERROR scraping Golbat: net::ERR_NAME_NOT_RESOLVED at https://bulbapedia.bulbagarden.net/wiki/Golbat_(Pokémon)

[43/1025] Oddish -> https://bulbapedia.bulbagarden.net/wiki/Oddish_(Pokémon)
  ERROR scraping Oddish: net::ERR_NAME_NOT_RESOLVED at https://bulbapedia.bulbagarden.net/wiki/Oddish_(Pokémon)

[44/1025] Gloom -> https://bulbapedia.bulbagarden.net/wiki/Gloom_(Pokémon)
  ERROR scraping Gloom: net::ERR_NAME_NOT_RESOLVED at https://bulbapedia.bulbagarden.net/wiki/Gloom_(Pokémon)

[45/1025] Vileplume -> https://bulbapedia.bulbagarden.net/wiki/Vileplume_(Pokémon)
  ERROR scraping Vileplume: net::ERR_NAME_NOT_RESOLVED at https://bulbapedia.bulbagarden.net/wiki/Vileplume_(Pokémon)

[46/1025] Paras -> https://bulbapedia.bulbagarden.net/wiki/Paras_(Pokémon)
  ERROR scraping Paras: net::ERR_NAME_NOT_RESOLVED at https://bulbapedia.bulbagarden.net/wiki/Paras_(Pokémon)

[47/1025] Parasect -> https://bulbapedia.bulbagarden.net/wiki/Parasect_(Pokémon)
  ERROR scraping Parasect: net::ERR_NAME_NOT_RESOLVED at https://bulbapedia.bulbagarden.net/wiki/Parasect_(Pokémon)

[48/1025] Venonat -> https://bulbapedia.bulbagarden.net/wiki/Venonat_(Pokémon)
  ERROR scraping Venonat: net::ERR_NAME_NOT_RESOLVED at https://bulbapedia.bulbagarden.net/wiki/Venonat_(Pokémon)

[49/1025] Venomoth -> https://bulbapedia.bulbagarden.net/wiki/Venomoth_(Pokémon)
  ERROR scraping Venomoth: net::ERR_NAME_NOT_RESOLVED at https://bulbapedia.bulbagarden.net/wiki/Venomoth_(Pokémon)

[50/1025] Diglett -> https://bulbapedia.bulbagarden.net/wiki/Diglett_(Pokémon)
  ERROR scraping Diglett: net::ERR_NAME_NOT_RESOLVED at https://bulbapedia.bulbagarden.net/wiki/Diglett_(Pokémon)

[51/1025] Dugtrio -> https://bulbapedia.bulbagarden.net/wiki/Dugtrio_(Pokémon)
  ERROR scraping Dugtrio: net::ERR_NAME_NOT_RESOLVED at https://bulbapedia.bulbagarden.net/wiki/Dugtrio_(Pokémon)

[52/1025] Meowth -> https://bulbapedia.bulbagarden.net/wiki/Meowth_(Pokémon)
  ERROR scraping Meowth: net::ERR_NAME_NOT_RESOLVED at https://bulbapedia.bulbagarden.net/wiki/Meowth_(Pokémon)

[53/1025] Persian -> https://bulbapedia.bulbagarden.net/wiki/Persian_(Pokémon)
  ERROR scraping Persian: net::ERR_NAME_NOT_RESOLVED at https://bulbapedia.bulbagarden.net/wiki/Persian_(Pokémon)

[54/1025] Psyduck -> https://bulbapedia.bulbagarden.net/wiki/Psyduck_(Pokémon)
  ERROR scraping Psyduck: net::ERR_NAME_NOT_RESOLVED at https://bulbapedia.bulbagarden.net/wiki/Psyduck_(Pokémon)

[55/1025] Golduck -> https://bulbapedia.bulbagarden.net/wiki/Golduck_(Pokémon)
  ERROR scraping Golduck: net::ERR_NAME_NOT_RESOLVED at https://bulbapedia.bulbagarden.net/wiki/Golduck_(Pokémon)

[56/1025] Mankey -> https://bulbapedia.bulbagarden.net/wiki/Mankey_(Pokémon)
  ERROR scraping Mankey: net::ERR_NAME_NOT_RESOLVED at https://bulbapedia.bulbagarden.net/wiki/Mankey_(Pokémon)

[57/1025] Primeape -> https://bulbapedia.bulbagarden.net/wiki/Primeape_(Pokémon)
  ERROR scraping Primeape: net::ERR_NAME_NOT_RESOLVED at https://bulbapedia.bulbagarden.net/wiki/Primeape_(Pokémon)

[58/1025] Growlithe -> https://bulbapedia.bulbagarden.net/wiki/Growlithe_(Pokémon)
  ERROR scraping Growlithe: net::ERR_NAME_NOT_RESOLVED at https://bulbapedia.bulbagarden.net/wiki/Growlithe_(Pokémon)

[59/1025] Arcanine -> https://bulbapedia.bulbagarden.net/wiki/Arcanine_(Pokémon)
  ERROR scraping Arcanine: net::ERR_NAME_NOT_RESOLVED at https://bulbapedia.bulbagarden.net/wiki/Arcanine_(Pokémon)

[60/1025] Poliwag -> https://bulbapedia.bulbagarden.net/wiki/Poliwag_(Pokémon)
  ERROR scraping Poliwag: net::ERR_NAME_NOT_RESOLVED at https://bulbapedia.bulbagarden.net/wiki/Poliwag_(Pokémon)

[61/1025] Poliwhirl -> https://bulbapedia.bulbagarden.net/wiki/Poliwhirl_(Pokémon)
  ERROR scraping Poliwhirl: net::ERR_NAME_NOT_RESOLVED at https://bulbapedia.bulbagarden.net/wiki/Poliwhirl_(Pokémon)

[62/1025] Poliwrath -> https://bulbapedia.bulbagarden.net/wiki/Poliwrath_(Pokémon)
  ERROR scraping Poliwrath: net::ERR_NAME_NOT_RESOLVED at https://bulbapedia.bulbagarden.net/wiki/Poliwrath_(Pokémon)

[63/1025] Abra -> https://bulbapedia.bulbagarden.net/wiki/Abra_(Pokémon)
  ERROR scraping Abra: net::ERR_NAME_NOT_RESOLVED at https://bulbapedia.bulbagarden.net/wiki/Abra_(Pokémon)

[64/1025] Kadabra -> https://bulbapedia.bulbagarden.net/wiki/Kadabra_(Pokémon)
  ERROR scraping Kadabra: net::ERR_NAME_NOT_RESOLVED at https://bulbapedia.bulbagarden.net/wiki/Kadabra_(Pokémon)

[65/1025] Alakazam -> https://bulbapedia.bulbagarden.net/wiki/Alakazam_(Pokémon)
  ERROR scraping Alakazam: net::ERR_NAME_NOT_RESOLVED at https://bulbapedia.bulbagarden.net/wiki/Alakazam_(Pokémon)

[66/1025] Machop -> https://bulbapedia.bulbagarden.net/wiki/Machop_(Pokémon)
  ERROR scraping Machop: net::ERR_NAME_NOT_RESOLVED at https://bulbapedia.bulbagarden.net/wiki/Machop_(Pokémon)

[67/1025] Machoke -> https://bulbapedia.bulbagarden.net/wiki/Machoke_(Pokémon)
  ERROR scraping Machoke: net::ERR_NAME_NOT_RESOLVED at https://bulbapedia.bulbagarden.net/wiki/Machoke_(Pokémon)

[68/1025] Machamp -> https://bulbapedia.bulbagarden.net/wiki/Machamp_(Pokémon)
  ERROR scraping Machamp: net::ERR_NAME_NOT_RESOLVED at https://bulbapedia.bulbagarden.net/wiki/Machamp_(Pokémon)

[69/1025] Bellsprout -> https://bulbapedia.bulbagarden.net/wiki/Bellsprout_(Pokémon)
  ERROR scraping Bellsprout: net::ERR_NAME_NOT_RESOLVED at https://bulbapedia.bulbagarden.net/wiki/Bellsprout_(Pokémon)

[70/1025] Weepinbell -> https://bulbapedia.bulbagarden.net/wiki/Weepinbell_(Pokémon)
  ERROR scraping Weepinbell: net::ERR_NAME_NOT_RESOLVED at https://bulbapedia.bulbagarden.net/wiki/Weepinbell_(Pokémon)

[71/1025] Victreebel -> https://bulbapedia.bulbagarden.net/wiki/Victreebel_(Pokémon)
  ERROR scraping Victreebel: net::ERR_NAME_NOT_RESOLVED at https://bulbapedia.bulbagarden.net/wiki/Victreebel_(Pokémon)

[72/1025] Tentacool -> https://bulbapedia.bulbagarden.net/wiki/Tentacool_(Pokémon)
  ERROR scraping Tentacool: net::ERR_NAME_NOT_RESOLVED at https://bulbapedia.bulbagarden.net/wiki/Tentacool_(Pokémon)

[73/1025] Tentacruel -> https://bulbapedia.bulbagarden.net/wiki/Tentacruel_(Pokémon)
  ERROR scraping Tentacruel: net::ERR_NAME_NOT_RESOLVED at https://bulbapedia.bulbagarden.net/wiki/Tentacruel_(Pokémon)

[74/1025] Geodude -> https://bulbapedia.bulbagarden.net/wiki/Geodude_(Pokémon)
  ERROR scraping Geodude: net::ERR_NAME_NOT_RESOLVED at https://bulbapedia.bulbagarden.net/wiki/Geodude_(Pokémon)

[75/1025] Graveler -> https://bulbapedia.bulbagarden.net/wiki/Graveler_(Pokémon)
  ERROR scraping Graveler: net::ERR_NAME_NOT_RESOLVED at https://bulbapedia.bulbagarden.net/wiki/Graveler_(Pokémon)

[76/1025] Golem -> https://bulbapedia.bulbagarden.net/wiki/Golem_(Pokémon)
  ERROR scraping Golem: net::ERR_NAME_NOT_RESOLVED at https://bulbapedia.bulbagarden.net/wiki/Golem_(Pokémon)

[77/1025] Ponyta -> https://bulbapedia.bulbagarden.net/wiki/Ponyta_(Pokémon)
  ERROR scraping Ponyta: net::ERR_NAME_NOT_RESOLVED at https://bulbapedia.bulbagarden.net/wiki/Ponyta_(Pokémon)

[78/1025] Rapidash -> https://bulbapedia.bulbagarden.net/wiki/Rapidash_(Pokémon)
  ERROR scraping Rapidash: net::ERR_NAME_NOT_RESOLVED at https://bulbapedia.bulbagarden.net/wiki/Rapidash_(Pokémon)

[79/1025] Slowpoke -> https://bulbapedia.bulbagarden.net/wiki/Slowpoke_(Pokémon)
  ERROR scraping Slowpoke: net::ERR_NAME_NOT_RESOLVED at https://bulbapedia.bulbagarden.net/wiki/Slowpoke_(Pokémon)

[80/1025] Slowbro -> https://bulbapedia.bulbagarden.net/wiki/Slowbro_(Pokémon)
  ERROR scraping Slowbro: net::ERR_NAME_NOT_RESOLVED at https://bulbapedia.bulbagarden.net/wiki/Slowbro_(Pokémon)

[81/1025] Magnemite -> https://bulbapedia.bulbagarden.net/wiki/Magnemite_(Pokémon)
  ERROR scraping Magnemite: net::ERR_NAME_NOT_RESOLVED at https://bulbapedia.bulbagarden.net/wiki/Magnemite_(Pokémon)

[82/1025] Magneton -> https://bulbapedia.bulbagarden.net/wiki/Magneton_(Pokémon)
  ERROR scraping Magneton: net::ERR_NAME_NOT_RESOLVED at https://bulbapedia.bulbagarden.net/wiki/Magneton_(Pokémon)

[83/1025] Farfetchd -> https://bulbapedia.bulbagarden.net/wiki/Farfetchd_(Pokémon)
  ERROR scraping Farfetchd: net::ERR_NAME_NOT_RESOLVED at https://bulbapedia.bulbagarden.net/wiki/Farfetchd_(Pokémon)

[84/1025] Doduo -> https://bulbapedia.bulbagarden.net/wiki/Doduo_(Pokémon)
  ERROR scraping Doduo: net::ERR_NAME_NOT_RESOLVED at https://bulbapedia.bulbagarden.net/wiki/Doduo_(Pokémon)

[85/1025] Dodrio -> https://bulbapedia.bulbagarden.net/wiki/Dodrio_(Pokémon)
  ERROR scraping Dodrio: net::ERR_NAME_NOT_RESOLVED at https://bulbapedia.bulbagarden.net/wiki/Dodrio_(Pokémon)

[86/1025] Seel -> https://bulbapedia.bulbagarden.net/wiki/Seel_(Pokémon)
  ERROR scraping Seel: net::ERR_NAME_NOT_RESOLVED at https://bulbapedia.bulbagarden.net/wiki/Seel_(Pokémon)

[87/1025] Dewgong -> https://bulbapedia.bulbagarden.net/wiki/Dewgong_(Pokémon)
  ERROR scraping Dewgong: net::ERR_NAME_NOT_RESOLVED at https://bulbapedia.bulbagarden.net/wiki/Dewgong_(Pokémon)

[88/1025] Grimer -> https://bulbapedia.bulbagarden.net/wiki/Grimer_(Pokémon)
  ERROR scraping Grimer: net::ERR_NAME_NOT_RESOLVED at https://bulbapedia.bulbagarden.net/wiki/Grimer_(Pokémon)

[89/1025] Muk -> https://bulbapedia.bulbagarden.net/wiki/Muk_(Pokémon)
  ERROR scraping Muk: net::ERR_NAME_NOT_RESOLVED at https://bulbapedia.bulbagarden.net/wiki/Muk_(Pokémon)

[90/1025] Shellder -> https://bulbapedia.bulbagarden.net/wiki/Shellder_(Pokémon)
  ERROR scraping Shellder: net::ERR_NAME_NOT_RESOLVED at https://bulbapedia.bulbagarden.net/wiki/Shellder_(Pokémon)

[91/1025] Cloyster -> https://bulbapedia.bulbagarden.net/wiki/Cloyster_(Pokémon)
  ERROR scraping Cloyster: net::ERR_NAME_NOT_RESOLVED at https://bulbapedia.bulbagarden.net/wiki/Cloyster_(Pokémon)

[92/1025] Gastly -> https://bulbapedia.bulbagarden.net/wiki/Gastly_(Pokémon)
  ERROR scraping Gastly: net::ERR_NAME_NOT_RESOLVED at https://bulbapedia.bulbagarden.net/wiki/Gastly_(Pokémon)

[93/1025] Haunter -> https://bulbapedia.bulbagarden.net/wiki/Haunter_(Pokémon)
  ERROR scraping Haunter: net::ERR_NAME_NOT_RESOLVED at https://bulbapedia.bulbagarden.net/wiki/Haunter_(Pokémon)

[94/1025] Gengar -> https://bulbapedia.bulbagarden.net/wiki/Gengar_(Pokémon)
  ERROR scraping Gengar: net::ERR_NAME_NOT_RESOLVED at https://bulbapedia.bulbagarden.net/wiki/Gengar_(Pokémon)

[95/1025] Onix -> https://bulbapedia.bulbagarden.net/wiki/Onix_(Pokémon)
  ERROR scraping Onix: net::ERR_NAME_NOT_RESOLVED at https://bulbapedia.bulbagarden.net/wiki/Onix_(Pokémon)

[96/1025] Drowzee -> https://bulbapedia.bulbagarden.net/wiki/Drowzee_(Pokémon)
  ERROR scraping Drowzee: net::ERR_NAME_NOT_RESOLVED at https://bulbapedia.bulbagarden.net/wiki/Drowzee_(Pokémon)

[97/1025] Hypno -> https://bulbapedia.bulbagarden.net/wiki/Hypno_(Pokémon)
  ERROR scraping Hypno: net::ERR_NAME_NOT_RESOLVED at https://bulbapedia.bulbagarden.net/wiki/Hypno_(Pokémon)

[98/1025] Krabby -> https://bulbapedia.bulbagarden.net/wiki/Krabby_(Pokémon)
  ERROR scraping Krabby: net::ERR_NAME_NOT_RESOLVED at https://bulbapedia.bulbagarden.net/wiki/Krabby_(Pokémon)

[99/1025] Kingler -> https://bulbapedia.bulbagarden.net/wiki/Kingler_(Pokémon)
  ERROR scraping Kingler: net::ERR_NAME_NOT_RESOLVED at https://bulbapedia.bulbagarden.net/wiki/Kingler_(Pokémon)

[100/1025] Voltorb -> https://bulbapedia.bulbagarden.net/wiki/Voltorb_(Pokémon)
  ERROR scraping Voltorb: net::ERR_NAME_NOT_RESOLVED at https://bulbapedia.bulbagarden.net/wiki/Voltorb_(Pokémon)

[101/1025] Electrode -> https://bulbapedia.bulbagarden.net/wiki/Electrode_(Pokémon)
  ERROR scraping Electrode: net::ERR_NAME_NOT_RESOLVED at https://bulbapedia.bulbagarden.net/wiki/Electrode_(Pokémon)

[102/1025] Exeggcute -> https://bulbapedia.bulbagarden.net/wiki/Exeggcute_(Pokémon)
  ERROR scraping Exeggcute: net::ERR_NAME_NOT_RESOLVED at https://bulbapedia.bulbagarden.net/wiki/Exeggcute_(Pokémon)

[103/1025] Exeggutor -> https://bulbapedia.bulbagarden.net/wiki/Exeggutor_(Pokémon)
  ERROR scraping Exeggutor: net::ERR_NAME_NOT_RESOLVED at https://bulbapedia.bulbagarden.net/wiki/Exeggutor_(Pokémon)

[104/1025] Cubone -> https://bulbapedia.bulbagarden.net/wiki/Cubone_(Pokémon)
  ERROR scraping Cubone: net::ERR_NAME_NOT_RESOLVED at https://bulbapedia.bulbagarden.net/wiki/Cubone_(Pokémon)

[105/1025] Marowak -> https://bulbapedia.bulbagarden.net/wiki/Marowak_(Pokémon)
  ERROR scraping Marowak: net::ERR_NAME_NOT_RESOLVED at https://bulbapedia.bulbagarden.net/wiki/Marowak_(Pokémon)

[106/1025] Hitmonlee -> https://bulbapedia.bulbagarden.net/wiki/Hitmonlee_(Pokémon)
  ERROR scraping Hitmonlee: net::ERR_NAME_NOT_RESOLVED at https://bulbapedia.bulbagarden.net/wiki/Hitmonlee_(Pokémon)

[107/1025] Hitmonchan -> https://bulbapedia.bulbagarden.net/wiki/Hitmonchan_(Pokémon)
  ERROR scraping Hitmonchan: net::ERR_NAME_NOT_RESOLVED at https://bulbapedia.bulbagarden.net/wiki/Hitmonchan_(Pokémon)

[108/1025] Lickitung -> https://bulbapedia.bulbagarden.net/wiki/Lickitung_(Pokémon)
  ERROR scraping Lickitung: net::ERR_NAME_NOT_RESOLVED at https://bulbapedia.bulbagarden.net/wiki/Lickitung_(Pokémon)

[109/1025] Koffing -> https://bulbapedia.bulbagarden.net/wiki/Koffing_(Pokémon)
  ERROR scraping Koffing: net::ERR_NAME_NOT_RESOLVED at https://bulbapedia.bulbagarden.net/wiki/Koffing_(Pokémon)

[110/1025] Weezing -> https://bulbapedia.bulbagarden.net/wiki/Weezing_(Pokémon)
  ERROR scraping Weezing: net::ERR_NAME_NOT_RESOLVED at https://bulbapedia.bulbagarden.net/wiki/Weezing_(Pokémon)

[111/1025] Rhyhorn -> https://bulbapedia.bulbagarden.net/wiki/Rhyhorn_(Pokémon)
  ERROR scraping Rhyhorn: net::ERR_NAME_NOT_RESOLVED at https://bulbapedia.bulbagarden.net/wiki/Rhyhorn_(Pokémon)

[112/1025] Rhydon -> https://bulbapedia.bulbagarden.net/wiki/Rhydon_(Pokémon)
  ERROR scraping Rhydon: net::ERR_NAME_NOT_RESOLVED at https://bulbapedia.bulbagarden.net/wiki/Rhydon_(Pokémon)

[113/1025] Chansey -> https://bulbapedia.bulbagarden.net/wiki/Chansey_(Pokémon)
  ERROR scraping Chansey: net::ERR_NAME_NOT_RESOLVED at https://bulbapedia.bulbagarden.net/wiki/Chansey_(Pokémon)

[114/1025] Tangela -> https://bulbapedia.bulbagarden.net/wiki/Tangela_(Pokémon)
  ERROR scraping Tangela: net::ERR_NAME_NOT_RESOLVED at https://bulbapedia.bulbagarden.net/wiki/Tangela_(Pokémon)

[115/1025] Kangaskhan -> https://bulbapedia.bulbagarden.net/wiki/Kangaskhan_(Pokémon)
  ERROR scraping Kangaskhan: net::ERR_NAME_NOT_RESOLVED at https://bulbapedia.bulbagarden.net/wiki/Kangaskhan_(Pokémon)

[116/1025] Horsea -> https://bulbapedia.bulbagarden.net/wiki/Horsea_(Pokémon)
  ERROR scraping Horsea: net::ERR_NAME_NOT_RESOLVED at https://bulbapedia.bulbagarden.net/wiki/Horsea_(Pokémon)

[117/1025] Seadra -> https://bulbapedia.bulbagarden.net/wiki/Seadra_(Pokémon)
  ERROR scraping Seadra: net::ERR_NAME_NOT_RESOLVED at https://bulbapedia.bulbagarden.net/wiki/Seadra_(Pokémon)

[118/1025] Goldeen -> https://bulbapedia.bulbagarden.net/wiki/Goldeen_(Pokémon)
  ERROR scraping Goldeen: net::ERR_NAME_NOT_RESOLVED at https://bulbapedia.bulbagarden.net/wiki/Goldeen_(Pokémon)

[119/1025] Seaking -> https://bulbapedia.bulbagarden.net/wiki/Seaking_(Pokémon)
  ERROR scraping Seaking: net::ERR_NAME_NOT_RESOLVED at https://bulbapedia.bulbagarden.net/wiki/Seaking_(Pokémon)

[120/1025] Staryu -> https://bulbapedia.bulbagarden.net/wiki/Staryu_(Pokémon)
  ERROR scraping Staryu: net::ERR_NAME_NOT_RESOLVED at https://bulbapedia.bulbagarden.net/wiki/Staryu_(Pokémon)

[121/1025] Starmie -> https://bulbapedia.bulbagarden.net/wiki/Starmie_(Pokémon)
  ERROR scraping Starmie: net::ERR_NAME_NOT_RESOLVED at https://bulbapedia.bulbagarden.net/wiki/Starmie_(Pokémon)

[122/1025] Mr. Mime -> https://bulbapedia.bulbagarden.net/wiki/Mr.%20Mime_(Pokémon)
  ERROR scraping Mr. Mime: net::ERR_NAME_NOT_RESOLVED at https://bulbapedia.bulbagarden.net/wiki/Mr.%20Mime_(Pokémon)

[123/1025] Scyther -> https://bulbapedia.bulbagarden.net/wiki/Scyther_(Pokémon)
  ERROR scraping Scyther: net::ERR_NAME_NOT_RESOLVED at https://bulbapedia.bulbagarden.net/wiki/Scyther_(Pokémon)

[124/1025] Jynx -> https://bulbapedia.bulbagarden.net/wiki/Jynx_(Pokémon)
  ERROR scraping Jynx: net::ERR_NAME_NOT_RESOLVED at https://bulbapedia.bulbagarden.net/wiki/Jynx_(Pokémon)

[125/1025] Electabuzz -> https://bulbapedia.bulbagarden.net/wiki/Electabuzz_(Pokémon)
  ERROR scraping Electabuzz: net::ERR_NAME_NOT_RESOLVED at https://bulbapedia.bulbagarden.net/wiki/Electabuzz_(Pokémon)

[126/1025] Magmar -> https://bulbapedia.bulbagarden.net/wiki/Magmar_(Pokémon)
  ERROR scraping Magmar: net::ERR_NAME_NOT_RESOLVED at https://bulbapedia.bulbagarden.net/wiki/Magmar_(Pokémon)

[127/1025] Pinsir -> https://bulbapedia.bulbagarden.net/wiki/Pinsir_(Pokémon)
  ERROR scraping Pinsir: net::ERR_NAME_NOT_RESOLVED at https://bulbapedia.bulbagarden.net/wiki/Pinsir_(Pokémon)

[128/1025] Tauros -> https://bulbapedia.bulbagarden.net/wiki/Tauros_(Pokémon)
  ERROR scraping Tauros: net::ERR_NAME_NOT_RESOLVED at https://bulbapedia.bulbagarden.net/wiki/Tauros_(Pokémon)

[129/1025] Magikarp -> https://bulbapedia.bulbagarden.net/wiki/Magikarp_(Pokémon)
  ERROR scraping Magikarp: net::ERR_NAME_NOT_RESOLVED at https://bulbapedia.bulbagarden.net/wiki/Magikarp_(Pokémon)

[130/1025] Gyarados -> https://bulbapedia.bulbagarden.net/wiki/Gyarados_(Pokémon)
  ERROR scraping Gyarados: net::ERR_NAME_NOT_RESOLVED at https://bulbapedia.bulbagarden.net/wiki/Gyarados_(Pokémon)

[131/1025] Lapras -> https://bulbapedia.bulbagarden.net/wiki/Lapras_(Pokémon)
  ERROR scraping Lapras: net::ERR_NAME_NOT_RESOLVED at https://bulbapedia.bulbagarden.net/wiki/Lapras_(Pokémon)

[132/1025] Ditto -> https://bulbapedia.bulbagarden.net/wiki/Ditto_(Pokémon)
  ERROR scraping Ditto: net::ERR_NAME_NOT_RESOLVED at https://bulbapedia.bulbagarden.net/wiki/Ditto_(Pokémon)

[133/1025] Eevee -> https://bulbapedia.bulbagarden.net/wiki/Eevee_(Pokémon)
  ERROR scraping Eevee: net::ERR_NAME_NOT_RESOLVED at https://bulbapedia.bulbagarden.net/wiki/Eevee_(Pokémon)

[134/1025] Vaporeon -> https://bulbapedia.bulbagarden.net/wiki/Vaporeon_(Pokémon)
  ERROR scraping Vaporeon: net::ERR_NAME_NOT_RESOLVED at https://bulbapedia.bulbagarden.net/wiki/Vaporeon_(Pokémon)

[135/1025] Jolteon -> https://bulbapedia.bulbagarden.net/wiki/Jolteon_(Pokémon)
  ERROR scraping Jolteon: net::ERR_NAME_NOT_RESOLVED at https://bulbapedia.bulbagarden.net/wiki/Jolteon_(Pokémon)

[136/1025] Flareon -> https://bulbapedia.bulbagarden.net/wiki/Flareon_(Pokémon)
  ERROR scraping Flareon: net::ERR_NAME_NOT_RESOLVED at https://bulbapedia.bulbagarden.net/wiki/Flareon_(Pokémon)

[137/1025] Porygon -> https://bulbapedia.bulbagarden.net/wiki/Porygon_(Pokémon)
  ERROR scraping Porygon: net::ERR_NAME_NOT_RESOLVED at https://bulbapedia.bulbagarden.net/wiki/Porygon_(Pokémon)

[138/1025] Omanyte -> https://bulbapedia.bulbagarden.net/wiki/Omanyte_(Pokémon)
  ERROR scraping Omanyte: net::ERR_NAME_NOT_RESOLVED at https://bulbapedia.bulbagarden.net/wiki/Omanyte_(Pokémon)

[139/1025] Omastar -> https://bulbapedia.bulbagarden.net/wiki/Omastar_(Pokémon)
  ERROR scraping Omastar: net::ERR_NAME_NOT_RESOLVED at https://bulbapedia.bulbagarden.net/wiki/Omastar_(Pokémon)

[140/1025] Kabuto -> https://bulbapedia.bulbagarden.net/wiki/Kabuto_(Pokémon)
  ERROR scraping Kabuto: net::ERR_NAME_NOT_RESOLVED at https://bulbapedia.bulbagarden.net/wiki/Kabuto_(Pokémon)

[141/1025] Kabutops -> https://bulbapedia.bulbagarden.net/wiki/Kabutops_(Pokémon)
  ERROR scraping Kabutops: net::ERR_NAME_NOT_RESOLVED at https://bulbapedia.bulbagarden.net/wiki/Kabutops_(Pokémon)

[142/1025] Aerodactyl -> https://bulbapedia.bulbagarden.net/wiki/Aerodactyl_(Pokémon)
  ERROR scraping Aerodactyl: net::ERR_NAME_NOT_RESOLVED at https://bulbapedia.bulbagarden.net/wiki/Aerodactyl_(Pokémon)

[143/1025] Snorlax -> https://bulbapedia.bulbagarden.net/wiki/Snorlax_(Pokémon)
  ERROR scraping Snorlax: net::ERR_NAME_NOT_RESOLVED at https://bulbapedia.bulbagarden.net/wiki/Snorlax_(Pokémon)

[144/1025] Articuno -> https://bulbapedia.bulbagarden.net/wiki/Articuno_(Pokémon)
  ERROR scraping Articuno: net::ERR_NAME_NOT_RESOLVED at https://bulbapedia.bulbagarden.net/wiki/Articuno_(Pokémon)

[145/1025] Zapdos -> https://bulbapedia.bulbagarden.net/wiki/Zapdos_(Pokémon)
  ERROR scraping Zapdos: net::ERR_NAME_NOT_RESOLVED at https://bulbapedia.bulbagarden.net/wiki/Zapdos_(Pokémon)

[146/1025] Moltres -> https://bulbapedia.bulbagarden.net/wiki/Moltres_(Pokémon)
  ERROR scraping Moltres: net::ERR_NAME_NOT_RESOLVED at https://bulbapedia.bulbagarden.net/wiki/Moltres_(Pokémon)

[147/1025] Dratini -> https://bulbapedia.bulbagarden.net/wiki/Dratini_(Pokémon)
  ERROR scraping Dratini: net::ERR_NAME_NOT_RESOLVED at https://bulbapedia.bulbagarden.net/wiki/Dratini_(Pokémon)

[148/1025] Dragonair -> https://bulbapedia.bulbagarden.net/wiki/Dragonair_(Pokémon)
  ERROR scraping Dragonair: net::ERR_NAME_NOT_RESOLVED at https://bulbapedia.bulbagarden.net/wiki/Dragonair_(Pokémon)

[149/1025] Dragonite -> https://bulbapedia.bulbagarden.net/wiki/Dragonite_(Pokémon)
  ERROR scraping Dragonite: net::ERR_NAME_NOT_RESOLVED at https://bulbapedia.bulbagarden.net/wiki/Dragonite_(Pokémon)

[150/1025] Mewtwo -> https://bulbapedia.bulbagarden.net/wiki/Mewtwo_(Pokémon)
  ERROR scraping Mewtwo: net::ERR_NAME_NOT_RESOLVED at https://bulbapedia.bulbagarden.net/wiki/Mewtwo_(Pokémon)

[151/1025] Mew -> https://bulbapedia.bulbagarden.net/wiki/Mew_(Pokémon)
  ERROR scraping Mew: net::ERR_NAME_NOT_RESOLVED at https://bulbapedia.bulbagarden.net/wiki/Mew_(Pokémon)

[152/1025] Chikorita -> https://bulbapedia.bulbagarden.net/wiki/Chikorita_(Pokémon)
  ERROR scraping Chikorita: net::ERR_NAME_NOT_RESOLVED at https://bulbapedia.bulbagarden.net/wiki/Chikorita_(Pokémon)

[153/1025] Bayleef -> https://bulbapedia.bulbagarden.net/wiki/Bayleef_(Pokémon)
  ERROR scraping Bayleef: net::ERR_NAME_NOT_RESOLVED at https://bulbapedia.bulbagarden.net/wiki/Bayleef_(Pokémon)

[154/1025] Meganium -> https://bulbapedia.bulbagarden.net/wiki/Meganium_(Pokémon)
  ERROR scraping Meganium: net::ERR_NAME_NOT_RESOLVED at https://bulbapedia.bulbagarden.net/wiki/Meganium_(Pokémon)

[155/1025] Cyndaquil -> https://bulbapedia.bulbagarden.net/wiki/Cyndaquil_(Pokémon)
  ERROR scraping Cyndaquil: net::ERR_NAME_NOT_RESOLVED at https://bulbapedia.bulbagarden.net/wiki/Cyndaquil_(Pokémon)

[156/1025] Quilava -> https://bulbapedia.bulbagarden.net/wiki/Quilava_(Pokémon)
  ERROR scraping Quilava: net::ERR_NAME_NOT_RESOLVED at https://bulbapedia.bulbagarden.net/wiki/Quilava_(Pokémon)

[157/1025] Typhlosion -> https://bulbapedia.bulbagarden.net/wiki/Typhlosion_(Pokémon)
  ERROR scraping Typhlosion: net::ERR_NAME_NOT_RESOLVED at https://bulbapedia.bulbagarden.net/wiki/Typhlosion_(Pokémon)

[158/1025] Totodile -> https://bulbapedia.bulbagarden.net/wiki/Totodile_(Pokémon)
  ERROR scraping Totodile: net::ERR_NAME_NOT_RESOLVED at https://bulbapedia.bulbagarden.net/wiki/Totodile_(Pokémon)

[159/1025] Croconaw -> https://bulbapedia.bulbagarden.net/wiki/Croconaw_(Pokémon)
  ERROR scraping Croconaw: net::ERR_NAME_NOT_RESOLVED at https://bulbapedia.bulbagarden.net/wiki/Croconaw_(Pokémon)

[160/1025] Feraligatr -> https://bulbapedia.bulbagarden.net/wiki/Feraligatr_(Pokémon)
  ERROR scraping Feraligatr: net::ERR_NAME_NOT_RESOLVED at https://bulbapedia.bulbagarden.net/wiki/Feraligatr_(Pokémon)

[161/1025] Sentret -> https://bulbapedia.bulbagarden.net/wiki/Sentret_(Pokémon)
  ERROR scraping Sentret: net::ERR_NAME_NOT_RESOLVED at https://bulbapedia.bulbagarden.net/wiki/Sentret_(Pokémon)

[162/1025] Furret -> https://bulbapedia.bulbagarden.net/wiki/Furret_(Pokémon)
  ERROR scraping Furret: net::ERR_NAME_NOT_RESOLVED at https://bulbapedia.bulbagarden.net/wiki/Furret_(Pokémon)

[163/1025] Hoothoot -> https://bulbapedia.bulbagarden.net/wiki/Hoothoot_(Pokémon)
  ERROR scraping Hoothoot: net::ERR_NAME_NOT_RESOLVED at https://bulbapedia.bulbagarden.net/wiki/Hoothoot_(Pokémon)

[164/1025] Noctowl -> https://bulbapedia.bulbagarden.net/wiki/Noctowl_(Pokémon)
  ERROR scraping Noctowl: net::ERR_NAME_NOT_RESOLVED at https://bulbapedia.bulbagarden.net/wiki/Noctowl_(Pokémon)

[165/1025] Ledyba -> https://bulbapedia.bulbagarden.net/wiki/Ledyba_(Pokémon)
  ERROR scraping Ledyba: net::ERR_NAME_NOT_RESOLVED at https://bulbapedia.bulbagarden.net/wiki/Ledyba_(Pokémon)

[166/1025] Ledian -> https://bulbapedia.bulbagarden.net/wiki/Ledian_(Pokémon)
  ERROR scraping Ledian: net::ERR_NAME_NOT_RESOLVED at https://bulbapedia.bulbagarden.net/wiki/Ledian_(Pokémon)

[167/1025] Spinarak -> https://bulbapedia.bulbagarden.net/wiki/Spinarak_(Pokémon)
  ERROR scraping Spinarak: net::ERR_NAME_NOT_RESOLVED at https://bulbapedia.bulbagarden.net/wiki/Spinarak_(Pokémon)

[168/1025] Ariados -> https://bulbapedia.bulbagarden.net/wiki/Ariados_(Pokémon)
  ERROR scraping Ariados: net::ERR_NAME_NOT_RESOLVED at https://bulbapedia.bulbagarden.net/wiki/Ariados_(Pokémon)

[169/1025] Crobat -> https://bulbapedia.bulbagarden.net/wiki/Crobat_(Pokémon)
  ERROR scraping Crobat: net::ERR_NAME_NOT_RESOLVED at https://bulbapedia.bulbagarden.net/wiki/Crobat_(Pokémon)

[170/1025] Chinchou -> https://bulbapedia.bulbagarden.net/wiki/Chinchou_(Pokémon)
  ERROR scraping Chinchou: net::ERR_NAME_NOT_RESOLVED at https://bulbapedia.bulbagarden.net/wiki/Chinchou_(Pokémon)

[171/1025] Lanturn -> https://bulbapedia.bulbagarden.net/wiki/Lanturn_(Pokémon)
  ERROR scraping Lanturn: net::ERR_NAME_NOT_RESOLVED at https://bulbapedia.bulbagarden.net/wiki/Lanturn_(Pokémon)

[172/1025] Pichu -> https://bulbapedia.bulbagarden.net/wiki/Pichu_(Pokémon)
  ERROR scraping Pichu: net::ERR_NAME_NOT_RESOLVED at https://bulbapedia.bulbagarden.net/wiki/Pichu_(Pokémon)

[173/1025] Cleffa -> https://bulbapedia.bulbagarden.net/wiki/Cleffa_(Pokémon)
  ERROR scraping Cleffa: net::ERR_NAME_NOT_RESOLVED at https://bulbapedia.bulbagarden.net/wiki/Cleffa_(Pokémon)

[174/1025] Igglybuff -> https://bulbapedia.bulbagarden.net/wiki/Igglybuff_(Pokémon)
  ERROR scraping Igglybuff: net::ERR_NAME_NOT_RESOLVED at https://bulbapedia.bulbagarden.net/wiki/Igglybuff_(Pokémon)

[175/1025] Togepi -> https://bulbapedia.bulbagarden.net/wiki/Togepi_(Pokémon)
  ERROR scraping Togepi: net::ERR_NAME_NOT_RESOLVED at https://bulbapedia.bulbagarden.net/wiki/Togepi_(Pokémon)

[176/1025] Togetic -> https://bulbapedia.bulbagarden.net/wiki/Togetic_(Pokémon)
  ERROR scraping Togetic: net::ERR_NAME_NOT_RESOLVED at https://bulbapedia.bulbagarden.net/wiki/Togetic_(Pokémon)

[177/1025] Natu -> https://bulbapedia.bulbagarden.net/wiki/Natu_(Pokémon)
  ERROR scraping Natu: net::ERR_NAME_NOT_RESOLVED at https://bulbapedia.bulbagarden.net/wiki/Natu_(Pokémon)

[178/1025] Xatu -> https://bulbapedia.bulbagarden.net/wiki/Xatu_(Pokémon)
  ERROR scraping Xatu: net::ERR_NAME_NOT_RESOLVED at https://bulbapedia.bulbagarden.net/wiki/Xatu_(Pokémon)

[179/1025] Mareep -> https://bulbapedia.bulbagarden.net/wiki/Mareep_(Pokémon)
  ERROR scraping Mareep: net::ERR_NAME_NOT_RESOLVED at https://bulbapedia.bulbagarden.net/wiki/Mareep_(Pokémon)

[180/1025] Flaaffy -> https://bulbapedia.bulbagarden.net/wiki/Flaaffy_(Pokémon)
  ERROR scraping Flaaffy: net::ERR_NAME_NOT_RESOLVED at https://bulbapedia.bulbagarden.net/wiki/Flaaffy_(Pokémon)

[181/1025] Ampharos -> https://bulbapedia.bulbagarden.net/wiki/Ampharos_(Pokémon)
  ERROR scraping Ampharos: net::ERR_NAME_NOT_RESOLVED at https://bulbapedia.bulbagarden.net/wiki/Ampharos_(Pokémon)

[182/1025] Bellossom -> https://bulbapedia.bulbagarden.net/wiki/Bellossom_(Pokémon)
  ERROR scraping Bellossom: net::ERR_NAME_NOT_RESOLVED at https://bulbapedia.bulbagarden.net/wiki/Bellossom_(Pokémon)

[183/1025] Marill -> https://bulbapedia.bulbagarden.net/wiki/Marill_(Pokémon)
  ERROR scraping Marill: net::ERR_NAME_NOT_RESOLVED at https://bulbapedia.bulbagarden.net/wiki/Marill_(Pokémon)

[184/1025] Azumarill -> https://bulbapedia.bulbagarden.net/wiki/Azumarill_(Pokémon)
  ERROR scraping Azumarill: net::ERR_NAME_NOT_RESOLVED at https://bulbapedia.bulbagarden.net/wiki/Azumarill_(Pokémon)

[185/1025] Sudowoodo -> https://bulbapedia.bulbagarden.net/wiki/Sudowoodo_(Pokémon)
  ERROR scraping Sudowoodo: net::ERR_NAME_NOT_RESOLVED at https://bulbapedia.bulbagarden.net/wiki/Sudowoodo_(Pokémon)

[186/1025] Politoed -> https://bulbapedia.bulbagarden.net/wiki/Politoed_(Pokémon)
  ERROR scraping Politoed: net::ERR_NAME_NOT_RESOLVED at https://bulbapedia.bulbagarden.net/wiki/Politoed_(Pokémon)

[187/1025] Hoppip -> https://bulbapedia.bulbagarden.net/wiki/Hoppip_(Pokémon)
  ERROR scraping Hoppip: net::ERR_NAME_NOT_RESOLVED at https://bulbapedia.bulbagarden.net/wiki/Hoppip_(Pokémon)

[188/1025] Skiploom -> https://bulbapedia.bulbagarden.net/wiki/Skiploom_(Pokémon)
  ERROR scraping Skiploom: net::ERR_NAME_NOT_RESOLVED at https://bulbapedia.bulbagarden.net/wiki/Skiploom_(Pokémon)

[189/1025] Jumpluff -> https://bulbapedia.bulbagarden.net/wiki/Jumpluff_(Pokémon)
  ERROR scraping Jumpluff: net::ERR_NAME_NOT_RESOLVED at https://bulbapedia.bulbagarden.net/wiki/Jumpluff_(Pokémon)

[190/1025] Aipom -> https://bulbapedia.bulbagarden.net/wiki/Aipom_(Pokémon)
  ERROR scraping Aipom: net::ERR_NAME_NOT_RESOLVED at https://bulbapedia.bulbagarden.net/wiki/Aipom_(Pokémon)

[191/1025] Sunkern -> https://bulbapedia.bulbagarden.net/wiki/Sunkern_(Pokémon)
  ERROR scraping Sunkern: net::ERR_NAME_NOT_RESOLVED at https://bulbapedia.bulbagarden.net/wiki/Sunkern_(Pokémon)

[192/1025] Sunflora -> https://bulbapedia.bulbagarden.net/wiki/Sunflora_(Pokémon)
  ERROR scraping Sunflora: net::ERR_NAME_NOT_RESOLVED at https://bulbapedia.bulbagarden.net/wiki/Sunflora_(Pokémon)

[193/1025] Yanma -> https://bulbapedia.bulbagarden.net/wiki/Yanma_(Pokémon)
  ERROR scraping Yanma: net::ERR_NAME_NOT_RESOLVED at https://bulbapedia.bulbagarden.net/wiki/Yanma_(Pokémon)

[194/1025] Wooper -> https://bulbapedia.bulbagarden.net/wiki/Wooper_(Pokémon)
  ERROR scraping Wooper: net::ERR_NAME_NOT_RESOLVED at https://bulbapedia.bulbagarden.net/wiki/Wooper_(Pokémon)

[195/1025] Quagsire -> https://bulbapedia.bulbagarden.net/wiki/Quagsire_(Pokémon)
  ERROR scraping Quagsire: net::ERR_NAME_NOT_RESOLVED at https://bulbapedia.bulbagarden.net/wiki/Quagsire_(Pokémon)

[196/1025] Espeon -> https://bulbapedia.bulbagarden.net/wiki/Espeon_(Pokémon)
  ERROR scraping Espeon: net::ERR_NAME_NOT_RESOLVED at https://bulbapedia.bulbagarden.net/wiki/Espeon_(Pokémon)

[197/1025] Umbreon -> https://bulbapedia.bulbagarden.net/wiki/Umbreon_(Pokémon)
  ERROR scraping Umbreon: net::ERR_NAME_NOT_RESOLVED at https://bulbapedia.bulbagarden.net/wiki/Umbreon_(Pokémon)

[198/1025] Murkrow -> https://bulbapedia.bulbagarden.net/wiki/Murkrow_(Pokémon)
  ERROR scraping Murkrow: net::ERR_NAME_NOT_RESOLVED at https://bulbapedia.bulbagarden.net/wiki/Murkrow_(Pokémon)

[199/1025] Slowking -> https://bulbapedia.bulbagarden.net/wiki/Slowking_(Pokémon)
  ERROR scraping Slowking: net::ERR_NAME_NOT_RESOLVED at https://bulbapedia.bulbagarden.net/wiki/Slowking_(Pokémon)

[200/1025] Misdreavus -> https://bulbapedia.bulbagarden.net/wiki/Misdreavus_(Pokémon)
  ERROR scraping Misdreavus: net::ERR_NAME_NOT_RESOLVED at https://bulbapedia.bulbagarden.net/wiki/Misdreavus_(Pokémon)

[201/1025] Unown -> https://bulbapedia.bulbagarden.net/wiki/Unown_(Pokémon)
  ERROR scraping Unown: net::ERR_NAME_NOT_RESOLVED at https://bulbapedia.bulbagarden.net/wiki/Unown_(Pokémon)

[202/1025] Wobbuffet -> https://bulbapedia.bulbagarden.net/wiki/Wobbuffet_(Pokémon)
  ERROR scraping Wobbuffet: net::ERR_NAME_NOT_RESOLVED at https://bulbapedia.bulbagarden.net/wiki/Wobbuffet_(Pokémon)

[203/1025] Girafarig -> https://bulbapedia.bulbagarden.net/wiki/Girafarig_(Pokémon)
  ERROR scraping Girafarig: net::ERR_NAME_NOT_RESOLVED at https://bulbapedia.bulbagarden.net/wiki/Girafarig_(Pokémon)

[204/1025] Pineco -> https://bulbapedia.bulbagarden.net/wiki/Pineco_(Pokémon)
  ERROR scraping Pineco: net::ERR_NAME_NOT_RESOLVED at https://bulbapedia.bulbagarden.net/wiki/Pineco_(Pokémon)

[205/1025] Forretress -> https://bulbapedia.bulbagarden.net/wiki/Forretress_(Pokémon)
  ERROR scraping Forretress: net::ERR_NAME_NOT_RESOLVED at https://bulbapedia.bulbagarden.net/wiki/Forretress_(Pokémon)

[206/1025] Dunsparce -> https://bulbapedia.bulbagarden.net/wiki/Dunsparce_(Pokémon)
  ERROR scraping Dunsparce: net::ERR_NAME_NOT_RESOLVED at https://bulbapedia.bulbagarden.net/wiki/Dunsparce_(Pokémon)

[207/1025] Gligar -> https://bulbapedia.bulbagarden.net/wiki/Gligar_(Pokémon)
  ERROR scraping Gligar: net::ERR_NAME_NOT_RESOLVED at https://bulbapedia.bulbagarden.net/wiki/Gligar_(Pokémon)

[208/1025] Steelix -> https://bulbapedia.bulbagarden.net/wiki/Steelix_(Pokémon)
  ERROR scraping Steelix: net::ERR_NAME_NOT_RESOLVED at https://bulbapedia.bulbagarden.net/wiki/Steelix_(Pokémon)

[209/1025] Snubbull -> https://bulbapedia.bulbagarden.net/wiki/Snubbull_(Pokémon)
  ERROR scraping Snubbull: net::ERR_NAME_NOT_RESOLVED at https://bulbapedia.bulbagarden.net/wiki/Snubbull_(Pokémon)

[210/1025] Granbull -> https://bulbapedia.bulbagarden.net/wiki/Granbull_(Pokémon)
  ERROR scraping Granbull: net::ERR_NAME_NOT_RESOLVED at https://bulbapedia.bulbagarden.net/wiki/Granbull_(Pokémon)

[211/1025] Qwilfish -> https://bulbapedia.bulbagarden.net/wiki/Qwilfish_(Pokémon)
  ERROR scraping Qwilfish: net::ERR_NAME_NOT_RESOLVED at https://bulbapedia.bulbagarden.net/wiki/Qwilfish_(Pokémon)

[212/1025] Scizor -> https://bulbapedia.bulbagarden.net/wiki/Scizor_(Pokémon)
  ERROR scraping Scizor: net::ERR_NAME_NOT_RESOLVED at https://bulbapedia.bulbagarden.net/wiki/Scizor_(Pokémon)

[213/1025] Shuckle -> https://bulbapedia.bulbagarden.net/wiki/Shuckle_(Pokémon)
  ERROR scraping Shuckle: net::ERR_NAME_NOT_RESOLVED at https://bulbapedia.bulbagarden.net/wiki/Shuckle_(Pokémon)

[214/1025] Heracross -> https://bulbapedia.bulbagarden.net/wiki/Heracross_(Pokémon)
  ERROR scraping Heracross: net::ERR_NAME_NOT_RESOLVED at https://bulbapedia.bulbagarden.net/wiki/Heracross_(Pokémon)

[215/1025] Sneasel -> https://bulbapedia.bulbagarden.net/wiki/Sneasel_(Pokémon)
  ERROR scraping Sneasel: net::ERR_NAME_NOT_RESOLVED at https://bulbapedia.bulbagarden.net/wiki/Sneasel_(Pokémon)

[216/1025] Teddiursa -> https://bulbapedia.bulbagarden.net/wiki/Teddiursa_(Pokémon)
  ERROR scraping Teddiursa: net::ERR_NAME_NOT_RESOLVED at https://bulbapedia.bulbagarden.net/wiki/Teddiursa_(Pokémon)

[217/1025] Ursaring -> https://bulbapedia.bulbagarden.net/wiki/Ursaring_(Pokémon)
  ERROR scraping Ursaring: net::ERR_NAME_NOT_RESOLVED at https://bulbapedia.bulbagarden.net/wiki/Ursaring_(Pokémon)

[218/1025] Slugma -> https://bulbapedia.bulbagarden.net/wiki/Slugma_(Pokémon)
  ERROR scraping Slugma: net::ERR_NAME_NOT_RESOLVED at https://bulbapedia.bulbagarden.net/wiki/Slugma_(Pokémon)

[219/1025] Magcargo -> https://bulbapedia.bulbagarden.net/wiki/Magcargo_(Pokémon)
  ERROR scraping Magcargo: net::ERR_NAME_NOT_RESOLVED at https://bulbapedia.bulbagarden.net/wiki/Magcargo_(Pokémon)

[220/1025] Swinub -> https://bulbapedia.bulbagarden.net/wiki/Swinub_(Pokémon)
  ERROR scraping Swinub: net::ERR_NAME_NOT_RESOLVED at https://bulbapedia.bulbagarden.net/wiki/Swinub_(Pokémon)

[221/1025] Piloswine -> https://bulbapedia.bulbagarden.net/wiki/Piloswine_(Pokémon)
  ERROR scraping Piloswine: net::ERR_NAME_NOT_RESOLVED at https://bulbapedia.bulbagarden.net/wiki/Piloswine_(Pokémon)

[222/1025] Corsola -> https://bulbapedia.bulbagarden.net/wiki/Corsola_(Pokémon)
  ERROR scraping Corsola: net::ERR_NAME_NOT_RESOLVED at https://bulbapedia.bulbagarden.net/wiki/Corsola_(Pokémon)

[223/1025] Remoraid -> https://bulbapedia.bulbagarden.net/wiki/Remoraid_(Pokémon)
  ERROR scraping Remoraid: net::ERR_NAME_NOT_RESOLVED at https://bulbapedia.bulbagarden.net/wiki/Remoraid_(Pokémon)

[224/1025] Octillery -> https://bulbapedia.bulbagarden.net/wiki/Octillery_(Pokémon)
  ERROR scraping Octillery: net::ERR_NAME_NOT_RESOLVED at https://bulbapedia.bulbagarden.net/wiki/Octillery_(Pokémon)

[225/1025] Delibird -> https://bulbapedia.bulbagarden.net/wiki/Delibird_(Pokémon)
  ERROR scraping Delibird: net::ERR_NAME_NOT_RESOLVED at https://bulbapedia.bulbagarden.net/wiki/Delibird_(Pokémon)

[226/1025] Mantine -> https://bulbapedia.bulbagarden.net/wiki/Mantine_(Pokémon)
  ERROR scraping Mantine: net::ERR_NAME_NOT_RESOLVED at https://bulbapedia.bulbagarden.net/wiki/Mantine_(Pokémon)

[227/1025] Skarmory -> https://bulbapedia.bulbagarden.net/wiki/Skarmory_(Pokémon)
  ERROR scraping Skarmory: net::ERR_NAME_NOT_RESOLVED at https://bulbapedia.bulbagarden.net/wiki/Skarmory_(Pokémon)

[228/1025] Houndour -> https://bulbapedia.bulbagarden.net/wiki/Houndour_(Pokémon)
  ERROR scraping Houndour: net::ERR_NAME_NOT_RESOLVED at https://bulbapedia.bulbagarden.net/wiki/Houndour_(Pokémon)

[229/1025] Houndoom -> https://bulbapedia.bulbagarden.net/wiki/Houndoom_(Pokémon)
  ERROR scraping Houndoom: net::ERR_NAME_NOT_RESOLVED at https://bulbapedia.bulbagarden.net/wiki/Houndoom_(Pokémon)

[230/1025] Kingdra -> https://bulbapedia.bulbagarden.net/wiki/Kingdra_(Pokémon)
  ERROR scraping Kingdra: net::ERR_NAME_NOT_RESOLVED at https://bulbapedia.bulbagarden.net/wiki/Kingdra_(Pokémon)

[231/1025] Phanpy -> https://bulbapedia.bulbagarden.net/wiki/Phanpy_(Pokémon)
  ERROR scraping Phanpy: net::ERR_NAME_NOT_RESOLVED at https://bulbapedia.bulbagarden.net/wiki/Phanpy_(Pokémon)

[232/1025] Donphan -> https://bulbapedia.bulbagarden.net/wiki/Donphan_(Pokémon)
  ERROR scraping Donphan: net::ERR_NAME_NOT_RESOLVED at https://bulbapedia.bulbagarden.net/wiki/Donphan_(Pokémon)

[233/1025] Porygon2 -> https://bulbapedia.bulbagarden.net/wiki/Porygon2_(Pokémon)
  ERROR scraping Porygon2: net::ERR_NAME_NOT_RESOLVED at https://bulbapedia.bulbagarden.net/wiki/Porygon2_(Pokémon)

[234/1025] Stantler -> https://bulbapedia.bulbagarden.net/wiki/Stantler_(Pokémon)
  ERROR scraping Stantler: net::ERR_NAME_NOT_RESOLVED at https://bulbapedia.bulbagarden.net/wiki/Stantler_(Pokémon)

[235/1025] Smeargle -> https://bulbapedia.bulbagarden.net/wiki/Smeargle_(Pokémon)
  ERROR scraping Smeargle: net::ERR_NAME_NOT_RESOLVED at https://bulbapedia.bulbagarden.net/wiki/Smeargle_(Pokémon)

[236/1025] Tyrogue -> https://bulbapedia.bulbagarden.net/wiki/Tyrogue_(Pokémon)
  ERROR scraping Tyrogue: net::ERR_NAME_NOT_RESOLVED at https://bulbapedia.bulbagarden.net/wiki/Tyrogue_(Pokémon)

[237/1025] Hitmontop -> https://bulbapedia.bulbagarden.net/wiki/Hitmontop_(Pokémon)
  ERROR scraping Hitmontop: net::ERR_NAME_NOT_RESOLVED at https://bulbapedia.bulbagarden.net/wiki/Hitmontop_(Pokémon)

[238/1025] Smoochum -> https://bulbapedia.bulbagarden.net/wiki/Smoochum_(Pokémon)
  ERROR scraping Smoochum: net::ERR_NAME_NOT_RESOLVED at https://bulbapedia.bulbagarden.net/wiki/Smoochum_(Pokémon)

[239/1025] Elekid -> https://bulbapedia.bulbagarden.net/wiki/Elekid_(Pokémon)
  ERROR scraping Elekid: net::ERR_NAME_NOT_RESOLVED at https://bulbapedia.bulbagarden.net/wiki/Elekid_(Pokémon)

[240/1025] Magby -> https://bulbapedia.bulbagarden.net/wiki/Magby_(Pokémon)
  ERROR scraping Magby: net::ERR_NAME_NOT_RESOLVED at https://bulbapedia.bulbagarden.net/wiki/Magby_(Pokémon)

[241/1025] Miltank -> https://bulbapedia.bulbagarden.net/wiki/Miltank_(Pokémon)
  ERROR scraping Miltank: net::ERR_NAME_NOT_RESOLVED at https://bulbapedia.bulbagarden.net/wiki/Miltank_(Pokémon)

[242/1025] Blissey -> https://bulbapedia.bulbagarden.net/wiki/Blissey_(Pokémon)
  ERROR scraping Blissey: net::ERR_NAME_NOT_RESOLVED at https://bulbapedia.bulbagarden.net/wiki/Blissey_(Pokémon)

[243/1025] Raikou -> https://bulbapedia.bulbagarden.net/wiki/Raikou_(Pokémon)
  ERROR scraping Raikou: net::ERR_NAME_NOT_RESOLVED at https://bulbapedia.bulbagarden.net/wiki/Raikou_(Pokémon)

[244/1025] Entei -> https://bulbapedia.bulbagarden.net/wiki/Entei_(Pokémon)
  ERROR scraping Entei: net::ERR_NAME_NOT_RESOLVED at https://bulbapedia.bulbagarden.net/wiki/Entei_(Pokémon)

[245/1025] Suicune -> https://bulbapedia.bulbagarden.net/wiki/Suicune_(Pokémon)
  ERROR scraping Suicune: net::ERR_NAME_NOT_RESOLVED at https://bulbapedia.bulbagarden.net/wiki/Suicune_(Pokémon)

[246/1025] Larvitar -> https://bulbapedia.bulbagarden.net/wiki/Larvitar_(Pokémon)
  ERROR scraping Larvitar: net::ERR_NAME_NOT_RESOLVED at https://bulbapedia.bulbagarden.net/wiki/Larvitar_(Pokémon)

[247/1025] Pupitar -> https://bulbapedia.bulbagarden.net/wiki/Pupitar_(Pokémon)
  ERROR scraping Pupitar: net::ERR_NAME_NOT_RESOLVED at https://bulbapedia.bulbagarden.net/wiki/Pupitar_(Pokémon)

[248/1025] Tyranitar -> https://bulbapedia.bulbagarden.net/wiki/Tyranitar_(Pokémon)
  ERROR scraping Tyranitar: net::ERR_NAME_NOT_RESOLVED at https://bulbapedia.bulbagarden.net/wiki/Tyranitar_(Pokémon)

[249/1025] Lugia -> https://bulbapedia.bulbagarden.net/wiki/Lugia_(Pokémon)
  ERROR scraping Lugia: net::ERR_NAME_NOT_RESOLVED at https://bulbapedia.bulbagarden.net/wiki/Lugia_(Pokémon)

[250/1025] Ho-oh -> https://bulbapedia.bulbagarden.net/wiki/Ho-oh_(Pokémon)
  ERROR scraping Ho-oh: net::ERR_NAME_NOT_RESOLVED at https://bulbapedia.bulbagarden.net/wiki/Ho-oh_(Pokémon)

[251/1025] Celebi -> https://bulbapedia.bulbagarden.net/wiki/Celebi_(Pokémon)
  ERROR scraping Celebi: net::ERR_NAME_NOT_RESOLVED at https://bulbapedia.bulbagarden.net/wiki/Celebi_(Pokémon)

[252/1025] Treecko -> https://bulbapedia.bulbagarden.net/wiki/Treecko_(Pokémon)
  ERROR scraping Treecko: net::ERR_NAME_NOT_RESOLVED at https://bulbapedia.bulbagarden.net/wiki/Treecko_(Pokémon)

[253/1025] Grovyle -> https://bulbapedia.bulbagarden.net/wiki/Grovyle_(Pokémon)
  ERROR scraping Grovyle: net::ERR_NAME_NOT_RESOLVED at https://bulbapedia.bulbagarden.net/wiki/Grovyle_(Pokémon)

[254/1025] Sceptile -> https://bulbapedia.bulbagarden.net/wiki/Sceptile_(Pokémon)
  ERROR scraping Sceptile: net::ERR_NAME_NOT_RESOLVED at https://bulbapedia.bulbagarden.net/wiki/Sceptile_(Pokémon)

[255/1025] Torchic -> https://bulbapedia.bulbagarden.net/wiki/Torchic_(Pokémon)
  ERROR scraping Torchic: net::ERR_NAME_NOT_RESOLVED at https://bulbapedia.bulbagarden.net/wiki/Torchic_(Pokémon)

[256/1025] Combusken -> https://bulbapedia.bulbagarden.net/wiki/Combusken_(Pokémon)
  ERROR scraping Combusken: net::ERR_NAME_NOT_RESOLVED at https://bulbapedia.bulbagarden.net/wiki/Combusken_(Pokémon)

[257/1025] Blaziken -> https://bulbapedia.bulbagarden.net/wiki/Blaziken_(Pokémon)
  ERROR scraping Blaziken: net::ERR_NAME_NOT_RESOLVED at https://bulbapedia.bulbagarden.net/wiki/Blaziken_(Pokémon)

[258/1025] Mudkip -> https://bulbapedia.bulbagarden.net/wiki/Mudkip_(Pokémon)
  ERROR scraping Mudkip: net::ERR_NAME_NOT_RESOLVED at https://bulbapedia.bulbagarden.net/wiki/Mudkip_(Pokémon)

[259/1025] Marshtomp -> https://bulbapedia.bulbagarden.net/wiki/Marshtomp_(Pokémon)
  ERROR scraping Marshtomp: net::ERR_NAME_NOT_RESOLVED at https://bulbapedia.bulbagarden.net/wiki/Marshtomp_(Pokémon)

[260/1025] Swampert -> https://bulbapedia.bulbagarden.net/wiki/Swampert_(Pokémon)
  ERROR scraping Swampert: net::ERR_NAME_NOT_RESOLVED at https://bulbapedia.bulbagarden.net/wiki/Swampert_(Pokémon)

[261/1025] Poochyena -> https://bulbapedia.bulbagarden.net/wiki/Poochyena_(Pokémon)
  ERROR scraping Poochyena: net::ERR_NAME_NOT_RESOLVED at https://bulbapedia.bulbagarden.net/wiki/Poochyena_(Pokémon)

[262/1025] Mightyena -> https://bulbapedia.bulbagarden.net/wiki/Mightyena_(Pokémon)
  ERROR scraping Mightyena: net::ERR_NAME_NOT_RESOLVED at https://bulbapedia.bulbagarden.net/wiki/Mightyena_(Pokémon)

[263/1025] Zigzagoon -> https://bulbapedia.bulbagarden.net/wiki/Zigzagoon_(Pokémon)
  ERROR scraping Zigzagoon: net::ERR_NAME_NOT_RESOLVED at https://bulbapedia.bulbagarden.net/wiki/Zigzagoon_(Pokémon)

[264/1025] Linoone -> https://bulbapedia.bulbagarden.net/wiki/Linoone_(Pokémon)
  ERROR scraping Linoone: net::ERR_NAME_NOT_RESOLVED at https://bulbapedia.bulbagarden.net/wiki/Linoone_(Pokémon)

[265/1025] Wurmple -> https://bulbapedia.bulbagarden.net/wiki/Wurmple_(Pokémon)
  ERROR scraping Wurmple: net::ERR_NAME_NOT_RESOLVED at https://bulbapedia.bulbagarden.net/wiki/Wurmple_(Pokémon)

[266/1025] Silcoon -> https://bulbapedia.bulbagarden.net/wiki/Silcoon_(Pokémon)
  ERROR scraping Silcoon: net::ERR_NAME_NOT_RESOLVED at https://bulbapedia.bulbagarden.net/wiki/Silcoon_(Pokémon)

[267/1025] Beautifly -> https://bulbapedia.bulbagarden.net/wiki/Beautifly_(Pokémon)
  ERROR scraping Beautifly: net::ERR_NAME_NOT_RESOLVED at https://bulbapedia.bulbagarden.net/wiki/Beautifly_(Pokémon)

[268/1025] Cascoon -> https://bulbapedia.bulbagarden.net/wiki/Cascoon_(Pokémon)
  ERROR scraping Cascoon: net::ERR_NAME_NOT_RESOLVED at https://bulbapedia.bulbagarden.net/wiki/Cascoon_(Pokémon)

[269/1025] Dustox -> https://bulbapedia.bulbagarden.net/wiki/Dustox_(Pokémon)
  ERROR scraping Dustox: net::ERR_NAME_NOT_RESOLVED at https://bulbapedia.bulbagarden.net/wiki/Dustox_(Pokémon)

[270/1025] Lotad -> https://bulbapedia.bulbagarden.net/wiki/Lotad_(Pokémon)
  ERROR scraping Lotad: net::ERR_NAME_NOT_RESOLVED at https://bulbapedia.bulbagarden.net/wiki/Lotad_(Pokémon)

[271/1025] Lombre -> https://bulbapedia.bulbagarden.net/wiki/Lombre_(Pokémon)
  ERROR scraping Lombre: net::ERR_NAME_NOT_RESOLVED at https://bulbapedia.bulbagarden.net/wiki/Lombre_(Pokémon)

[272/1025] Ludicolo -> https://bulbapedia.bulbagarden.net/wiki/Ludicolo_(Pokémon)
  ERROR scraping Ludicolo: net::ERR_NAME_NOT_RESOLVED at https://bulbapedia.bulbagarden.net/wiki/Ludicolo_(Pokémon)

[273/1025] Seedot -> https://bulbapedia.bulbagarden.net/wiki/Seedot_(Pokémon)
  ERROR scraping Seedot: net::ERR_NAME_NOT_RESOLVED at https://bulbapedia.bulbagarden.net/wiki/Seedot_(Pokémon)

[274/1025] Nuzleaf -> https://bulbapedia.bulbagarden.net/wiki/Nuzleaf_(Pokémon)
  ERROR scraping Nuzleaf: net::ERR_NAME_NOT_RESOLVED at https://bulbapedia.bulbagarden.net/wiki/Nuzleaf_(Pokémon)

[275/1025] Shiftry -> https://bulbapedia.bulbagarden.net/wiki/Shiftry_(Pokémon)
  ERROR scraping Shiftry: net::ERR_NAME_NOT_RESOLVED at https://bulbapedia.bulbagarden.net/wiki/Shiftry_(Pokémon)

[276/1025] Taillow -> https://bulbapedia.bulbagarden.net/wiki/Taillow_(Pokémon)
  ERROR scraping Taillow: net::ERR_NAME_NOT_RESOLVED at https://bulbapedia.bulbagarden.net/wiki/Taillow_(Pokémon)

[277/1025] Swellow -> https://bulbapedia.bulbagarden.net/wiki/Swellow_(Pokémon)
  ERROR scraping Swellow: net::ERR_NAME_NOT_RESOLVED at https://bulbapedia.bulbagarden.net/wiki/Swellow_(Pokémon)

[278/1025] Wingull -> https://bulbapedia.bulbagarden.net/wiki/Wingull_(Pokémon)
  ERROR scraping Wingull: net::ERR_NAME_NOT_RESOLVED at https://bulbapedia.bulbagarden.net/wiki/Wingull_(Pokémon)

[279/1025] Pelipper -> https://bulbapedia.bulbagarden.net/wiki/Pelipper_(Pokémon)
  ERROR scraping Pelipper: net::ERR_NAME_NOT_RESOLVED at https://bulbapedia.bulbagarden.net/wiki/Pelipper_(Pokémon)

[280/1025] Ralts -> https://bulbapedia.bulbagarden.net/wiki/Ralts_(Pokémon)
  ERROR scraping Ralts: net::ERR_NAME_NOT_RESOLVED at https://bulbapedia.bulbagarden.net/wiki/Ralts_(Pokémon)

[281/1025] Kirlia -> https://bulbapedia.bulbagarden.net/wiki/Kirlia_(Pokémon)
  ERROR scraping Kirlia: net::ERR_NAME_NOT_RESOLVED at https://bulbapedia.bulbagarden.net/wiki/Kirlia_(Pokémon)

[282/1025] Gardevoir -> https://bulbapedia.bulbagarden.net/wiki/Gardevoir_(Pokémon)
  ERROR scraping Gardevoir: net::ERR_NAME_NOT_RESOLVED at https://bulbapedia.bulbagarden.net/wiki/Gardevoir_(Pokémon)

[283/1025] Surskit -> https://bulbapedia.bulbagarden.net/wiki/Surskit_(Pokémon)
  ERROR scraping Surskit: net::ERR_NAME_NOT_RESOLVED at https://bulbapedia.bulbagarden.net/wiki/Surskit_(Pokémon)

[284/1025] Masquerain -> https://bulbapedia.bulbagarden.net/wiki/Masquerain_(Pokémon)
  ERROR scraping Masquerain: net::ERR_NAME_NOT_RESOLVED at https://bulbapedia.bulbagarden.net/wiki/Masquerain_(Pokémon)

[285/1025] Shroomish -> https://bulbapedia.bulbagarden.net/wiki/Shroomish_(Pokémon)
  ERROR scraping Shroomish: net::ERR_NAME_NOT_RESOLVED at https://bulbapedia.bulbagarden.net/wiki/Shroomish_(Pokémon)

[286/1025] Breloom -> https://bulbapedia.bulbagarden.net/wiki/Breloom_(Pokémon)
  ERROR scraping Breloom: net::ERR_NAME_NOT_RESOLVED at https://bulbapedia.bulbagarden.net/wiki/Breloom_(Pokémon)

[287/1025] Slakoth -> https://bulbapedia.bulbagarden.net/wiki/Slakoth_(Pokémon)
  ERROR scraping Slakoth: net::ERR_NAME_NOT_RESOLVED at https://bulbapedia.bulbagarden.net/wiki/Slakoth_(Pokémon)

[288/1025] Vigoroth -> https://bulbapedia.bulbagarden.net/wiki/Vigoroth_(Pokémon)
  ERROR scraping Vigoroth: net::ERR_NAME_NOT_RESOLVED at https://bulbapedia.bulbagarden.net/wiki/Vigoroth_(Pokémon)

[289/1025] Slaking -> https://bulbapedia.bulbagarden.net/wiki/Slaking_(Pokémon)
  ERROR scraping Slaking: net::ERR_NAME_NOT_RESOLVED at https://bulbapedia.bulbagarden.net/wiki/Slaking_(Pokémon)

[290/1025] Nincada -> https://bulbapedia.bulbagarden.net/wiki/Nincada_(Pokémon)
  ERROR scraping Nincada: net::ERR_NAME_NOT_RESOLVED at https://bulbapedia.bulbagarden.net/wiki/Nincada_(Pokémon)

[291/1025] Ninjask -> https://bulbapedia.bulbagarden.net/wiki/Ninjask_(Pokémon)
  ERROR scraping Ninjask: net::ERR_NAME_NOT_RESOLVED at https://bulbapedia.bulbagarden.net/wiki/Ninjask_(Pokémon)

[292/1025] Shedinja -> https://bulbapedia.bulbagarden.net/wiki/Shedinja_(Pokémon)
  ERROR scraping Shedinja: net::ERR_NAME_NOT_RESOLVED at https://bulbapedia.bulbagarden.net/wiki/Shedinja_(Pokémon)

[293/1025] Whismur -> https://bulbapedia.bulbagarden.net/wiki/Whismur_(Pokémon)
  ERROR scraping Whismur: net::ERR_NAME_NOT_RESOLVED at https://bulbapedia.bulbagarden.net/wiki/Whismur_(Pokémon)

[294/1025] Loudred -> https://bulbapedia.bulbagarden.net/wiki/Loudred_(Pokémon)
  ERROR scraping Loudred: net::ERR_NAME_NOT_RESOLVED at https://bulbapedia.bulbagarden.net/wiki/Loudred_(Pokémon)

[295/1025] Exploud -> https://bulbapedia.bulbagarden.net/wiki/Exploud_(Pokémon)
  ERROR scraping Exploud: net::ERR_NAME_NOT_RESOLVED at https://bulbapedia.bulbagarden.net/wiki/Exploud_(Pokémon)

[296/1025] Makuhita -> https://bulbapedia.bulbagarden.net/wiki/Makuhita_(Pokémon)
  ERROR scraping Makuhita: net::ERR_NAME_NOT_RESOLVED at https://bulbapedia.bulbagarden.net/wiki/Makuhita_(Pokémon)

[297/1025] Hariyama -> https://bulbapedia.bulbagarden.net/wiki/Hariyama_(Pokémon)
  ERROR scraping Hariyama: net::ERR_NAME_NOT_RESOLVED at https://bulbapedia.bulbagarden.net/wiki/Hariyama_(Pokémon)

[298/1025] Azurill -> https://bulbapedia.bulbagarden.net/wiki/Azurill_(Pokémon)
  ERROR scraping Azurill: net::ERR_NAME_NOT_RESOLVED at https://bulbapedia.bulbagarden.net/wiki/Azurill_(Pokémon)

[299/1025] Nosepass -> https://bulbapedia.bulbagarden.net/wiki/Nosepass_(Pokémon)
  ERROR scraping Nosepass: net::ERR_NAME_NOT_RESOLVED at https://bulbapedia.bulbagarden.net/wiki/Nosepass_(Pokémon)

[300/1025] Skitty -> https://bulbapedia.bulbagarden.net/wiki/Skitty_(Pokémon)
  ERROR scraping Skitty: net::ERR_NAME_NOT_RESOLVED at https://bulbapedia.bulbagarden.net/wiki/Skitty_(Pokémon)

[301/1025] Delcatty -> https://bulbapedia.bulbagarden.net/wiki/Delcatty_(Pokémon)
  ERROR scraping Delcatty: net::ERR_NAME_NOT_RESOLVED at https://bulbapedia.bulbagarden.net/wiki/Delcatty_(Pokémon)

[302/1025] Sableye -> https://bulbapedia.bulbagarden.net/wiki/Sableye_(Pokémon)
  ERROR scraping Sableye: net::ERR_NAME_NOT_RESOLVED at https://bulbapedia.bulbagarden.net/wiki/Sableye_(Pokémon)

[303/1025] Mawile -> https://bulbapedia.bulbagarden.net/wiki/Mawile_(Pokémon)
  ERROR scraping Mawile: net::ERR_NAME_NOT_RESOLVED at https://bulbapedia.bulbagarden.net/wiki/Mawile_(Pokémon)

[304/1025] Aron -> https://bulbapedia.bulbagarden.net/wiki/Aron_(Pokémon)
  ERROR scraping Aron: net::ERR_NAME_NOT_RESOLVED at https://bulbapedia.bulbagarden.net/wiki/Aron_(Pokémon)

[305/1025] Lairon -> https://bulbapedia.bulbagarden.net/wiki/Lairon_(Pokémon)
  ERROR scraping Lairon: net::ERR_NAME_NOT_RESOLVED at https://bulbapedia.bulbagarden.net/wiki/Lairon_(Pokémon)

[306/1025] Aggron -> https://bulbapedia.bulbagarden.net/wiki/Aggron_(Pokémon)
  ERROR scraping Aggron: net::ERR_NAME_NOT_RESOLVED at https://bulbapedia.bulbagarden.net/wiki/Aggron_(Pokémon)

[307/1025] Meditite -> https://bulbapedia.bulbagarden.net/wiki/Meditite_(Pokémon)
  ERROR scraping Meditite: net::ERR_NAME_NOT_RESOLVED at https://bulbapedia.bulbagarden.net/wiki/Meditite_(Pokémon)

[308/1025] Medicham -> https://bulbapedia.bulbagarden.net/wiki/Medicham_(Pokémon)
  ERROR scraping Medicham: net::ERR_NAME_NOT_RESOLVED at https://bulbapedia.bulbagarden.net/wiki/Medicham_(Pokémon)

[309/1025] Electrike -> https://bulbapedia.bulbagarden.net/wiki/Electrike_(Pokémon)
  ERROR scraping Electrike: net::ERR_NAME_NOT_RESOLVED at https://bulbapedia.bulbagarden.net/wiki/Electrike_(Pokémon)

[310/1025] Manectric -> https://bulbapedia.bulbagarden.net/wiki/Manectric_(Pokémon)
  ERROR scraping Manectric: net::ERR_NAME_NOT_RESOLVED at https://bulbapedia.bulbagarden.net/wiki/Manectric_(Pokémon)

[311/1025] Plusle -> https://bulbapedia.bulbagarden.net/wiki/Plusle_(Pokémon)
  ERROR scraping Plusle: net::ERR_NAME_NOT_RESOLVED at https://bulbapedia.bulbagarden.net/wiki/Plusle_(Pokémon)

[312/1025] Minun -> https://bulbapedia.bulbagarden.net/wiki/Minun_(Pokémon)
  ERROR scraping Minun: net::ERR_NAME_NOT_RESOLVED at https://bulbapedia.bulbagarden.net/wiki/Minun_(Pokémon)

[313/1025] Volbeat -> https://bulbapedia.bulbagarden.net/wiki/Volbeat_(Pokémon)
  ERROR scraping Volbeat: net::ERR_NAME_NOT_RESOLVED at https://bulbapedia.bulbagarden.net/wiki/Volbeat_(Pokémon)

[314/1025] Illumise -> https://bulbapedia.bulbagarden.net/wiki/Illumise_(Pokémon)
  ERROR scraping Illumise: net::ERR_NAME_NOT_RESOLVED at https://bulbapedia.bulbagarden.net/wiki/Illumise_(Pokémon)

[315/1025] Roselia -> https://bulbapedia.bulbagarden.net/wiki/Roselia_(Pokémon)
  ERROR scraping Roselia: net::ERR_NAME_NOT_RESOLVED at https://bulbapedia.bulbagarden.net/wiki/Roselia_(Pokémon)

[316/1025] Gulpin -> https://bulbapedia.bulbagarden.net/wiki/Gulpin_(Pokémon)
  ERROR scraping Gulpin: net::ERR_NAME_NOT_RESOLVED at https://bulbapedia.bulbagarden.net/wiki/Gulpin_(Pokémon)

[317/1025] Swalot -> https://bulbapedia.bulbagarden.net/wiki/Swalot_(Pokémon)
  ERROR scraping Swalot: net::ERR_NAME_NOT_RESOLVED at https://bulbapedia.bulbagarden.net/wiki/Swalot_(Pokémon)

[318/1025] Carvanha -> https://bulbapedia.bulbagarden.net/wiki/Carvanha_(Pokémon)
  ERROR scraping Carvanha: net::ERR_NAME_NOT_RESOLVED at https://bulbapedia.bulbagarden.net/wiki/Carvanha_(Pokémon)

[319/1025] Sharpedo -> https://bulbapedia.bulbagarden.net/wiki/Sharpedo_(Pokémon)
  ERROR scraping Sharpedo: net::ERR_NAME_NOT_RESOLVED at https://bulbapedia.bulbagarden.net/wiki/Sharpedo_(Pokémon)

[320/1025] Wailmer -> https://bulbapedia.bulbagarden.net/wiki/Wailmer_(Pokémon)
  ERROR scraping Wailmer: net::ERR_NAME_NOT_RESOLVED at https://bulbapedia.bulbagarden.net/wiki/Wailmer_(Pokémon)

[321/1025] Wailord -> https://bulbapedia.bulbagarden.net/wiki/Wailord_(Pokémon)
  ERROR scraping Wailord: net::ERR_NAME_NOT_RESOLVED at https://bulbapedia.bulbagarden.net/wiki/Wailord_(Pokémon)

[322/1025] Numel -> https://bulbapedia.bulbagarden.net/wiki/Numel_(Pokémon)
  ERROR scraping Numel: net::ERR_NAME_NOT_RESOLVED at https://bulbapedia.bulbagarden.net/wiki/Numel_(Pokémon)

[323/1025] Camerupt -> https://bulbapedia.bulbagarden.net/wiki/Camerupt_(Pokémon)
  ERROR scraping Camerupt: net::ERR_NAME_NOT_RESOLVED at https://bulbapedia.bulbagarden.net/wiki/Camerupt_(Pokémon)

[324/1025] Torkoal -> https://bulbapedia.bulbagarden.net/wiki/Torkoal_(Pokémon)
  ERROR scraping Torkoal: net::ERR_NAME_NOT_RESOLVED at https://bulbapedia.bulbagarden.net/wiki/Torkoal_(Pokémon)

[325/1025] Spoink -> https://bulbapedia.bulbagarden.net/wiki/Spoink_(Pokémon)
  ERROR scraping Spoink: net::ERR_NAME_NOT_RESOLVED at https://bulbapedia.bulbagarden.net/wiki/Spoink_(Pokémon)

[326/1025] Grumpig -> https://bulbapedia.bulbagarden.net/wiki/Grumpig_(Pokémon)
  ERROR scraping Grumpig: net::ERR_NAME_NOT_RESOLVED at https://bulbapedia.bulbagarden.net/wiki/Grumpig_(Pokémon)

[327/1025] Spinda -> https://bulbapedia.bulbagarden.net/wiki/Spinda_(Pokémon)
  ERROR scraping Spinda: net::ERR_NAME_NOT_RESOLVED at https://bulbapedia.bulbagarden.net/wiki/Spinda_(Pokémon)

[328/1025] Trapinch -> https://bulbapedia.bulbagarden.net/wiki/Trapinch_(Pokémon)
  ERROR scraping Trapinch: net::ERR_NAME_NOT_RESOLVED at https://bulbapedia.bulbagarden.net/wiki/Trapinch_(Pokémon)

[329/1025] Vibrava -> https://bulbapedia.bulbagarden.net/wiki/Vibrava_(Pokémon)
  ERROR scraping Vibrava: net::ERR_NAME_NOT_RESOLVED at https://bulbapedia.bulbagarden.net/wiki/Vibrava_(Pokémon)

[330/1025] Flygon -> https://bulbapedia.bulbagarden.net/wiki/Flygon_(Pokémon)
  ERROR scraping Flygon: net::ERR_NAME_NOT_RESOLVED at https://bulbapedia.bulbagarden.net/wiki/Flygon_(Pokémon)

[331/1025] Cacnea -> https://bulbapedia.bulbagarden.net/wiki/Cacnea_(Pokémon)
  ERROR scraping Cacnea: net::ERR_NAME_NOT_RESOLVED at https://bulbapedia.bulbagarden.net/wiki/Cacnea_(Pokémon)

[332/1025] Cacturne -> https://bulbapedia.bulbagarden.net/wiki/Cacturne_(Pokémon)
  ERROR scraping Cacturne: net::ERR_NAME_NOT_RESOLVED at https://bulbapedia.bulbagarden.net/wiki/Cacturne_(Pokémon)

[333/1025] Swablu -> https://bulbapedia.bulbagarden.net/wiki/Swablu_(Pokémon)
  ERROR scraping Swablu: net::ERR_NAME_NOT_RESOLVED at https://bulbapedia.bulbagarden.net/wiki/Swablu_(Pokémon)

[334/1025] Altaria -> https://bulbapedia.bulbagarden.net/wiki/Altaria_(Pokémon)
  ERROR scraping Altaria: net::ERR_NAME_NOT_RESOLVED at https://bulbapedia.bulbagarden.net/wiki/Altaria_(Pokémon)

[335/1025] Zangoose -> https://bulbapedia.bulbagarden.net/wiki/Zangoose_(Pokémon)
  ERROR scraping Zangoose: net::ERR_NAME_NOT_RESOLVED at https://bulbapedia.bulbagarden.net/wiki/Zangoose_(Pokémon)

[336/1025] Seviper -> https://bulbapedia.bulbagarden.net/wiki/Seviper_(Pokémon)
  ERROR scraping Seviper: net::ERR_NAME_NOT_RESOLVED at https://bulbapedia.bulbagarden.net/wiki/Seviper_(Pokémon)

[337/1025] Lunatone -> https://bulbapedia.bulbagarden.net/wiki/Lunatone_(Pokémon)
  ERROR scraping Lunatone: net::ERR_NAME_NOT_RESOLVED at https://bulbapedia.bulbagarden.net/wiki/Lunatone_(Pokémon)

[338/1025] Sol -> https://bulbapedia.bulbagarden.net/wiki/Sol_(Pokémon)
  ERROR scraping Sol: net::ERR_NAME_NOT_RESOLVED at https://bulbapedia.bulbagarden.net/wiki/Sol_(Pokémon)

[339/1025] Barboach -> https://bulbapedia.bulbagarden.net/wiki/Barboach_(Pokémon)
  ERROR scraping Barboach: net::ERR_NAME_NOT_RESOLVED at https://bulbapedia.bulbagarden.net/wiki/Barboach_(Pokémon)

[340/1025] Whiscash -> https://bulbapedia.bulbagarden.net/wiki/Whiscash_(Pokémon)
  ERROR scraping Whiscash: net::ERR_NAME_NOT_RESOLVED at https://bulbapedia.bulbagarden.net/wiki/Whiscash_(Pokémon)

[341/1025] Corphish -> https://bulbapedia.bulbagarden.net/wiki/Corphish_(Pokémon)
  ERROR scraping Corphish: net::ERR_NAME_NOT_RESOLVED at https://bulbapedia.bulbagarden.net/wiki/Corphish_(Pokémon)

[342/1025] Crawdaunt -> https://bulbapedia.bulbagarden.net/wiki/Crawdaunt_(Pokémon)
  ERROR scraping Crawdaunt: net::ERR_NAME_NOT_RESOLVED at https://bulbapedia.bulbagarden.net/wiki/Crawdaunt_(Pokémon)

[343/1025] Baltoy -> https://bulbapedia.bulbagarden.net/wiki/Baltoy_(Pokémon)
  ERROR scraping Baltoy: net::ERR_NAME_NOT_RESOLVED at https://bulbapedia.bulbagarden.net/wiki/Baltoy_(Pokémon)

[344/1025] Claydol -> https://bulbapedia.bulbagarden.net/wiki/Claydol_(Pokémon)
  ERROR scraping Claydol: net::ERR_NAME_NOT_RESOLVED at https://bulbapedia.bulbagarden.net/wiki/Claydol_(Pokémon)

[345/1025] Lileep -> https://bulbapedia.bulbagarden.net/wiki/Lileep_(Pokémon)
  ERROR scraping Lileep: net::ERR_NAME_NOT_RESOLVED at https://bulbapedia.bulbagarden.net/wiki/Lileep_(Pokémon)

[346/1025] Cradily -> https://bulbapedia.bulbagarden.net/wiki/Cradily_(Pokémon)
  ERROR scraping Cradily: net::ERR_NAME_NOT_RESOLVED at https://bulbapedia.bulbagarden.net/wiki/Cradily_(Pokémon)

[347/1025] Anorith -> https://bulbapedia.bulbagarden.net/wiki/Anorith_(Pokémon)
  ERROR scraping Anorith: net::ERR_NAME_NOT_RESOLVED at https://bulbapedia.bulbagarden.net/wiki/Anorith_(Pokémon)

[348/1025] Armaldo -> https://bulbapedia.bulbagarden.net/wiki/Armaldo_(Pokémon)
  ERROR scraping Armaldo: net::ERR_NAME_NOT_RESOLVED at https://bulbapedia.bulbagarden.net/wiki/Armaldo_(Pokémon)

[349/1025] Feebas -> https://bulbapedia.bulbagarden.net/wiki/Feebas_(Pokémon)
  ERROR scraping Feebas: net::ERR_NAME_NOT_RESOLVED at https://bulbapedia.bulbagarden.net/wiki/Feebas_(Pokémon)

[350/1025] Milotic -> https://bulbapedia.bulbagarden.net/wiki/Milotic_(Pokémon)
  ERROR scraping Milotic: net::ERR_NAME_NOT_RESOLVED at https://bulbapedia.bulbagarden.net/wiki/Milotic_(Pokémon)

[351/1025] Castform -> https://bulbapedia.bulbagarden.net/wiki/Castform_(Pokémon)
  ERROR scraping Castform: net::ERR_NAME_NOT_RESOLVED at https://bulbapedia.bulbagarden.net/wiki/Castform_(Pokémon)

[352/1025] Kecleon -> https://bulbapedia.bulbagarden.net/wiki/Kecleon_(Pokémon)
  ERROR scraping Kecleon: net::ERR_NAME_NOT_RESOLVED at https://bulbapedia.bulbagarden.net/wiki/Kecleon_(Pokémon)

[353/1025] Shuppet -> https://bulbapedia.bulbagarden.net/wiki/Shuppet_(Pokémon)
  ERROR scraping Shuppet: net::ERR_NAME_NOT_RESOLVED at https://bulbapedia.bulbagarden.net/wiki/Shuppet_(Pokémon)

[354/1025] Banette -> https://bulbapedia.bulbagarden.net/wiki/Banette_(Pokémon)
  ERROR scraping Banette: net::ERR_NAME_NOT_RESOLVED at https://bulbapedia.bulbagarden.net/wiki/Banette_(Pokémon)

[355/1025] Duskull -> https://bulbapedia.bulbagarden.net/wiki/Duskull_(Pokémon)
  ERROR scraping Duskull: net::ERR_NAME_NOT_RESOLVED at https://bulbapedia.bulbagarden.net/wiki/Duskull_(Pokémon)

[356/1025] Dusclops -> https://bulbapedia.bulbagarden.net/wiki/Dusclops_(Pokémon)
  ERROR scraping Dusclops: net::ERR_NAME_NOT_RESOLVED at https://bulbapedia.bulbagarden.net/wiki/Dusclops_(Pokémon)

[357/1025] Tropius -> https://bulbapedia.bulbagarden.net/wiki/Tropius_(Pokémon)
  ERROR scraping Tropius: net::ERR_NAME_NOT_RESOLVED at https://bulbapedia.bulbagarden.net/wiki/Tropius_(Pokémon)

[358/1025] Chimecho -> https://bulbapedia.bulbagarden.net/wiki/Chimecho_(Pokémon)
  ERROR scraping Chimecho: net::ERR_NAME_NOT_RESOLVED at https://bulbapedia.bulbagarden.net/wiki/Chimecho_(Pokémon)

[359/1025] Absol -> https://bulbapedia.bulbagarden.net/wiki/Absol_(Pokémon)
  ERROR scraping Absol: net::ERR_NAME_NOT_RESOLVED at https://bulbapedia.bulbagarden.net/wiki/Absol_(Pokémon)

[360/1025] Wynaut -> https://bulbapedia.bulbagarden.net/wiki/Wynaut_(Pokémon)
  ERROR scraping Wynaut: net::ERR_NAME_NOT_RESOLVED at https://bulbapedia.bulbagarden.net/wiki/Wynaut_(Pokémon)

[361/1025] Snorunt -> https://bulbapedia.bulbagarden.net/wiki/Snorunt_(Pokémon)
  ERROR scraping Snorunt: net::ERR_NAME_NOT_RESOLVED at https://bulbapedia.bulbagarden.net/wiki/Snorunt_(Pokémon)

[362/1025] Glalie -> https://bulbapedia.bulbagarden.net/wiki/Glalie_(Pokémon)
  ERROR scraping Glalie: net::ERR_NAME_NOT_RESOLVED at https://bulbapedia.bulbagarden.net/wiki/Glalie_(Pokémon)

[363/1025] Spheal -> https://bulbapedia.bulbagarden.net/wiki/Spheal_(Pokémon)
  ERROR scraping Spheal: net::ERR_NAME_NOT_RESOLVED at https://bulbapedia.bulbagarden.net/wiki/Spheal_(Pokémon)

[364/1025] Sealeo -> https://bulbapedia.bulbagarden.net/wiki/Sealeo_(Pokémon)
  ERROR scraping Sealeo: net::ERR_NAME_NOT_RESOLVED at https://bulbapedia.bulbagarden.net/wiki/Sealeo_(Pokémon)

[365/1025] Walrein -> https://bulbapedia.bulbagarden.net/wiki/Walrein_(Pokémon)
  ERROR scraping Walrein: net::ERR_NAME_NOT_RESOLVED at https://bulbapedia.bulbagarden.net/wiki/Walrein_(Pokémon)

[366/1025] Clamperl -> https://bulbapedia.bulbagarden.net/wiki/Clamperl_(Pokémon)
  ERROR scraping Clamperl: net::ERR_NAME_NOT_RESOLVED at https://bulbapedia.bulbagarden.net/wiki/Clamperl_(Pokémon)

[367/1025] Huntail -> https://bulbapedia.bulbagarden.net/wiki/Huntail_(Pokémon)
  ERROR scraping Huntail: net::ERR_NAME_NOT_RESOLVED at https://bulbapedia.bulbagarden.net/wiki/Huntail_(Pokémon)

[368/1025] Gorebyss -> https://bulbapedia.bulbagarden.net/wiki/Gorebyss_(Pokémon)
  ERROR scraping Gorebyss: net::ERR_NAME_NOT_RESOLVED at https://bulbapedia.bulbagarden.net/wiki/Gorebyss_(Pokémon)

[369/1025] Relicanth -> https://bulbapedia.bulbagarden.net/wiki/Relicanth_(Pokémon)
  ERROR scraping Relicanth: net::ERR_NAME_NOT_RESOLVED at https://bulbapedia.bulbagarden.net/wiki/Relicanth_(Pokémon)

[370/1025] Luvdisc -> https://bulbapedia.bulbagarden.net/wiki/Luvdisc_(Pokémon)
  ERROR scraping Luvdisc: net::ERR_NAME_NOT_RESOLVED at https://bulbapedia.bulbagarden.net/wiki/Luvdisc_(Pokémon)

[371/1025] Bagon -> https://bulbapedia.bulbagarden.net/wiki/Bagon_(Pokémon)
  ERROR scraping Bagon: net::ERR_NAME_NOT_RESOLVED at https://bulbapedia.bulbagarden.net/wiki/Bagon_(Pokémon)

[372/1025] Shelgon -> https://bulbapedia.bulbagarden.net/wiki/Shelgon_(Pokémon)
  ERROR scraping Shelgon: net::ERR_NAME_NOT_RESOLVED at https://bulbapedia.bulbagarden.net/wiki/Shelgon_(Pokémon)

[373/1025] Salamence -> https://bulbapedia.bulbagarden.net/wiki/Salamence_(Pokémon)
  ERROR scraping Salamence: net::ERR_NAME_NOT_RESOLVED at https://bulbapedia.bulbagarden.net/wiki/Salamence_(Pokémon)

[374/1025] Beldum -> https://bulbapedia.bulbagarden.net/wiki/Beldum_(Pokémon)
  ERROR scraping Beldum: net::ERR_NAME_NOT_RESOLVED at https://bulbapedia.bulbagarden.net/wiki/Beldum_(Pokémon)

[375/1025] Metang -> https://bulbapedia.bulbagarden.net/wiki/Metang_(Pokémon)
  ERROR scraping Metang: net::ERR_NAME_NOT_RESOLVED at https://bulbapedia.bulbagarden.net/wiki/Metang_(Pokémon)

[376/1025] Metagross -> https://bulbapedia.bulbagarden.net/wiki/Metagross_(Pokémon)
  ERROR scraping Metagross: net::ERR_NAME_NOT_RESOLVED at https://bulbapedia.bulbagarden.net/wiki/Metagross_(Pokémon)

[377/1025] Regirock -> https://bulbapedia.bulbagarden.net/wiki/Regirock_(Pokémon)
  ERROR scraping Regirock: net::ERR_NAME_NOT_RESOLVED at https://bulbapedia.bulbagarden.net/wiki/Regirock_(Pokémon)

[378/1025] Regice -> https://bulbapedia.bulbagarden.net/wiki/Regice_(Pokémon)
  ERROR scraping Regice: net::ERR_NAME_NOT_RESOLVED at https://bulbapedia.bulbagarden.net/wiki/Regice_(Pokémon)

[379/1025] Registeel -> https://bulbapedia.bulbagarden.net/wiki/Registeel_(Pokémon)
  ERROR scraping Registeel: net::ERR_NAME_NOT_RESOLVED at https://bulbapedia.bulbagarden.net/wiki/Registeel_(Pokémon)

[380/1025] Latias -> https://bulbapedia.bulbagarden.net/wiki/Latias_(Pokémon)
  ERROR scraping Latias: net::ERR_NAME_NOT_RESOLVED at https://bulbapedia.bulbagarden.net/wiki/Latias_(Pokémon)

[381/1025] Latios -> https://bulbapedia.bulbagarden.net/wiki/Latios_(Pokémon)
  ERROR scraping Latios: net::ERR_NAME_NOT_RESOLVED at https://bulbapedia.bulbagarden.net/wiki/Latios_(Pokémon)

[382/1025] Kyogre -> https://bulbapedia.bulbagarden.net/wiki/Kyogre_(Pokémon)
  ERROR scraping Kyogre: net::ERR_NAME_NOT_RESOLVED at https://bulbapedia.bulbagarden.net/wiki/Kyogre_(Pokémon)

[383/1025] Groudon -> https://bulbapedia.bulbagarden.net/wiki/Groudon_(Pokémon)
  ERROR scraping Groudon: net::ERR_NAME_NOT_RESOLVED at https://bulbapedia.bulbagarden.net/wiki/Groudon_(Pokémon)

[384/1025] Rayquaza -> https://bulbapedia.bulbagarden.net/wiki/Rayquaza_(Pokémon)
  ERROR scraping Rayquaza: net::ERR_NAME_NOT_RESOLVED at https://bulbapedia.bulbagarden.net/wiki/Rayquaza_(Pokémon)

[385/1025] Jirachi -> https://bulbapedia.bulbagarden.net/wiki/Jirachi_(Pokémon)
  ERROR scraping Jirachi: net::ERR_NAME_NOT_RESOLVED at https://bulbapedia.bulbagarden.net/wiki/Jirachi_(Pokémon)

[386/1025] Deoxys -> https://bulbapedia.bulbagarden.net/wiki/Deoxys_(Pokémon)
  ERROR scraping Deoxys: net::ERR_NAME_NOT_RESOLVED at https://bulbapedia.bulbagarden.net/wiki/Deoxys_(Pokémon)

[387/1025] Turtwig -> https://bulbapedia.bulbagarden.net/wiki/Turtwig_(Pokémon)
  ERROR scraping Turtwig: net::ERR_NAME_NOT_RESOLVED at https://bulbapedia.bulbagarden.net/wiki/Turtwig_(Pokémon)

[388/1025] Grotle -> https://bulbapedia.bulbagarden.net/wiki/Grotle_(Pokémon)
  ERROR scraping Grotle: net::ERR_NAME_NOT_RESOLVED at https://bulbapedia.bulbagarden.net/wiki/Grotle_(Pokémon)

[389/1025] Torterra -> https://bulbapedia.bulbagarden.net/wiki/Torterra_(Pokémon)
  ERROR scraping Torterra: net::ERR_NAME_NOT_RESOLVED at https://bulbapedia.bulbagarden.net/wiki/Torterra_(Pokémon)

[390/1025] Chimchar -> https://bulbapedia.bulbagarden.net/wiki/Chimchar_(Pokémon)
  ERROR scraping Chimchar: net::ERR_NAME_NOT_RESOLVED at https://bulbapedia.bulbagarden.net/wiki/Chimchar_(Pokémon)

[391/1025] Monferno -> https://bulbapedia.bulbagarden.net/wiki/Monferno_(Pokémon)
  ERROR scraping Monferno: net::ERR_NAME_NOT_RESOLVED at https://bulbapedia.bulbagarden.net/wiki/Monferno_(Pokémon)

[392/1025] Infernape -> https://bulbapedia.bulbagarden.net/wiki/Infernape_(Pokémon)
  ERROR scraping Infernape: net::ERR_NAME_NOT_RESOLVED at https://bulbapedia.bulbagarden.net/wiki/Infernape_(Pokémon)

[393/1025] Piplup -> https://bulbapedia.bulbagarden.net/wiki/Piplup_(Pokémon)
  ERROR scraping Piplup: net::ERR_NAME_NOT_RESOLVED at https://bulbapedia.bulbagarden.net/wiki/Piplup_(Pokémon)

[394/1025] Prinplup -> https://bulbapedia.bulbagarden.net/wiki/Prinplup_(Pokémon)
  ERROR scraping Prinplup: net::ERR_NAME_NOT_RESOLVED at https://bulbapedia.bulbagarden.net/wiki/Prinplup_(Pokémon)

[395/1025] Empoleon -> https://bulbapedia.bulbagarden.net/wiki/Empoleon_(Pokémon)
  ERROR scraping Empoleon: net::ERR_NAME_NOT_RESOLVED at https://bulbapedia.bulbagarden.net/wiki/Empoleon_(Pokémon)

[396/1025] Starly -> https://bulbapedia.bulbagarden.net/wiki/Starly_(Pokémon)
  ERROR scraping Starly: net::ERR_NAME_NOT_RESOLVED at https://bulbapedia.bulbagarden.net/wiki/Starly_(Pokémon)

[397/1025] Staravia -> https://bulbapedia.bulbagarden.net/wiki/Staravia_(Pokémon)
  ERROR scraping Staravia: net::ERR_NAME_NOT_RESOLVED at https://bulbapedia.bulbagarden.net/wiki/Staravia_(Pokémon)

[398/1025] Staraptor -> https://bulbapedia.bulbagarden.net/wiki/Staraptor_(Pokémon)
  ERROR scraping Staraptor: net::ERR_NAME_NOT_RESOLVED at https://bulbapedia.bulbagarden.net/wiki/Staraptor_(Pokémon)

[399/1025] Bidoof -> https://bulbapedia.bulbagarden.net/wiki/Bidoof_(Pokémon)
  ERROR scraping Bidoof: net::ERR_NAME_NOT_RESOLVED at https://bulbapedia.bulbagarden.net/wiki/Bidoof_(Pokémon)

[400/1025] Bibarel -> https://bulbapedia.bulbagarden.net/wiki/Bibarel_(Pokémon)
  ERROR scraping Bibarel: net::ERR_NAME_NOT_RESOLVED at https://bulbapedia.bulbagarden.net/wiki/Bibarel_(Pokémon)

[401/1025] Kricketot -> https://bulbapedia.bulbagarden.net/wiki/Kricketot_(Pokémon)
  ERROR scraping Kricketot: net::ERR_NAME_NOT_RESOLVED at https://bulbapedia.bulbagarden.net/wiki/Kricketot_(Pokémon)

[402/1025] Kricketune -> https://bulbapedia.bulbagarden.net/wiki/Kricketune_(Pokémon)
  ERROR scraping Kricketune: net::ERR_NAME_NOT_RESOLVED at https://bulbapedia.bulbagarden.net/wiki/Kricketune_(Pokémon)

[403/1025] Shinx -> https://bulbapedia.bulbagarden.net/wiki/Shinx_(Pokémon)
  ERROR scraping Shinx: net::ERR_NAME_NOT_RESOLVED at https://bulbapedia.bulbagarden.net/wiki/Shinx_(Pokémon)

[404/1025] Luxio -> https://bulbapedia.bulbagarden.net/wiki/Luxio_(Pokémon)
  ERROR scraping Luxio: net::ERR_NAME_NOT_RESOLVED at https://bulbapedia.bulbagarden.net/wiki/Luxio_(Pokémon)

[405/1025] Luxray -> https://bulbapedia.bulbagarden.net/wiki/Luxray_(Pokémon)
  ERROR scraping Luxray: net::ERR_NAME_NOT_RESOLVED at https://bulbapedia.bulbagarden.net/wiki/Luxray_(Pokémon)

[406/1025] Budew -> https://bulbapedia.bulbagarden.net/wiki/Budew_(Pokémon)
  ERROR scraping Budew: net::ERR_NAME_NOT_RESOLVED at https://bulbapedia.bulbagarden.net/wiki/Budew_(Pokémon)

[407/1025] Roserade -> https://bulbapedia.bulbagarden.net/wiki/Roserade_(Pokémon)
  ERROR scraping Roserade: net::ERR_NAME_NOT_RESOLVED at https://bulbapedia.bulbagarden.net/wiki/Roserade_(Pokémon)

[408/1025] Cranidos -> https://bulbapedia.bulbagarden.net/wiki/Cranidos_(Pokémon)
  ERROR scraping Cranidos: net::ERR_NAME_NOT_RESOLVED at https://bulbapedia.bulbagarden.net/wiki/Cranidos_(Pokémon)

[409/1025] Rampardos -> https://bulbapedia.bulbagarden.net/wiki/Rampardos_(Pokémon)
  ERROR scraping Rampardos: net::ERR_NAME_NOT_RESOLVED at https://bulbapedia.bulbagarden.net/wiki/Rampardos_(Pokémon)

[410/1025] Shieldon -> https://bulbapedia.bulbagarden.net/wiki/Shieldon_(Pokémon)
  ERROR scraping Shieldon: net::ERR_NAME_NOT_RESOLVED at https://bulbapedia.bulbagarden.net/wiki/Shieldon_(Pokémon)

[411/1025] Bastiodon -> https://bulbapedia.bulbagarden.net/wiki/Bastiodon_(Pokémon)
  ERROR scraping Bastiodon: net::ERR_NAME_NOT_RESOLVED at https://bulbapedia.bulbagarden.net/wiki/Bastiodon_(Pokémon)

[412/1025] Burmy -> https://bulbapedia.bulbagarden.net/wiki/Burmy_(Pokémon)
  ERROR scraping Burmy: net::ERR_NAME_NOT_RESOLVED at https://bulbapedia.bulbagarden.net/wiki/Burmy_(Pokémon)

[413/1025] Wormadam -> https://bulbapedia.bulbagarden.net/wiki/Wormadam_(Pokémon)
  ERROR scraping Wormadam: net::ERR_NAME_NOT_RESOLVED at https://bulbapedia.bulbagarden.net/wiki/Wormadam_(Pokémon)

[414/1025] Mothim -> https://bulbapedia.bulbagarden.net/wiki/Mothim_(Pokémon)
  ERROR scraping Mothim: net::ERR_NAME_NOT_RESOLVED at https://bulbapedia.bulbagarden.net/wiki/Mothim_(Pokémon)

[415/1025] Combee -> https://bulbapedia.bulbagarden.net/wiki/Combee_(Pokémon)
  ERROR scraping Combee: net::ERR_NAME_NOT_RESOLVED at https://bulbapedia.bulbagarden.net/wiki/Combee_(Pokémon)

[416/1025] Vespiquen -> https://bulbapedia.bulbagarden.net/wiki/Vespiquen_(Pokémon)
  ERROR scraping Vespiquen: net::ERR_NAME_NOT_RESOLVED at https://bulbapedia.bulbagarden.net/wiki/Vespiquen_(Pokémon)

[417/1025] Pachirisu -> https://bulbapedia.bulbagarden.net/wiki/Pachirisu_(Pokémon)
  ERROR scraping Pachirisu: net::ERR_NAME_NOT_RESOLVED at https://bulbapedia.bulbagarden.net/wiki/Pachirisu_(Pokémon)

[418/1025] Buizel -> https://bulbapedia.bulbagarden.net/wiki/Buizel_(Pokémon)
  ERROR scraping Buizel: net::ERR_NAME_NOT_RESOLVED at https://bulbapedia.bulbagarden.net/wiki/Buizel_(Pokémon)

[419/1025] Floatzel -> https://bulbapedia.bulbagarden.net/wiki/Floatzel_(Pokémon)
  ERROR scraping Floatzel: net::ERR_NAME_NOT_RESOLVED at https://bulbapedia.bulbagarden.net/wiki/Floatzel_(Pokémon)

[420/1025] Cherubi -> https://bulbapedia.bulbagarden.net/wiki/Cherubi_(Pokémon)
  ERROR scraping Cherubi: net::ERR_NAME_NOT_RESOLVED at https://bulbapedia.bulbagarden.net/wiki/Cherubi_(Pokémon)

[421/1025] Cherrim -> https://bulbapedia.bulbagarden.net/wiki/Cherrim_(Pokémon)
  ERROR scraping Cherrim: net::ERR_NAME_NOT_RESOLVED at https://bulbapedia.bulbagarden.net/wiki/Cherrim_(Pokémon)

[422/1025] Shellos -> https://bulbapedia.bulbagarden.net/wiki/Shellos_(Pokémon)
  ERROR scraping Shellos: net::ERR_NAME_NOT_RESOLVED at https://bulbapedia.bulbagarden.net/wiki/Shellos_(Pokémon)

[423/1025] Gastrodon -> https://bulbapedia.bulbagarden.net/wiki/Gastrodon_(Pokémon)
  ERROR scraping Gastrodon: net::ERR_NAME_NOT_RESOLVED at https://bulbapedia.bulbagarden.net/wiki/Gastrodon_(Pokémon)

[424/1025] Ambipom -> https://bulbapedia.bulbagarden.net/wiki/Ambipom_(Pokémon)
  ERROR scraping Ambipom: net::ERR_NAME_NOT_RESOLVED at https://bulbapedia.bulbagarden.net/wiki/Ambipom_(Pokémon)

[425/1025] Drifloon -> https://bulbapedia.bulbagarden.net/wiki/Drifloon_(Pokémon)
  ERROR scraping Drifloon: net::ERR_NAME_NOT_RESOLVED at https://bulbapedia.bulbagarden.net/wiki/Drifloon_(Pokémon)

[426/1025] Drifblim -> https://bulbapedia.bulbagarden.net/wiki/Drifblim_(Pokémon)
  ERROR scraping Drifblim: net::ERR_NAME_NOT_RESOLVED at https://bulbapedia.bulbagarden.net/wiki/Drifblim_(Pokémon)

[427/1025] Buneary -> https://bulbapedia.bulbagarden.net/wiki/Buneary_(Pokémon)
  ERROR scraping Buneary: net::ERR_NAME_NOT_RESOLVED at https://bulbapedia.bulbagarden.net/wiki/Buneary_(Pokémon)

[428/1025] Lopunny -> https://bulbapedia.bulbagarden.net/wiki/Lopunny_(Pokémon)
  ERROR scraping Lopunny: net::ERR_NAME_NOT_RESOLVED at https://bulbapedia.bulbagarden.net/wiki/Lopunny_(Pokémon)

[429/1025] Mismagius -> https://bulbapedia.bulbagarden.net/wiki/Mismagius_(Pokémon)
  ERROR scraping Mismagius: net::ERR_NAME_NOT_RESOLVED at https://bulbapedia.bulbagarden.net/wiki/Mismagius_(Pokémon)

[430/1025] Honchkrow -> https://bulbapedia.bulbagarden.net/wiki/Honchkrow_(Pokémon)
  ERROR scraping Honchkrow: net::ERR_NAME_NOT_RESOLVED at https://bulbapedia.bulbagarden.net/wiki/Honchkrow_(Pokémon)

[431/1025] Glameow -> https://bulbapedia.bulbagarden.net/wiki/Glameow_(Pokémon)
  ERROR scraping Glameow: net::ERR_NAME_NOT_RESOLVED at https://bulbapedia.bulbagarden.net/wiki/Glameow_(Pokémon)

[432/1025] Purugly -> https://bulbapedia.bulbagarden.net/wiki/Purugly_(Pokémon)
  ERROR scraping Purugly: net::ERR_NAME_NOT_RESOLVED at https://bulbapedia.bulbagarden.net/wiki/Purugly_(Pokémon)

[433/1025] Chingling -> https://bulbapedia.bulbagarden.net/wiki/Chingling_(Pokémon)
  ERROR scraping Chingling: net::ERR_NAME_NOT_RESOLVED at https://bulbapedia.bulbagarden.net/wiki/Chingling_(Pokémon)

[434/1025] Stunky -> https://bulbapedia.bulbagarden.net/wiki/Stunky_(Pokémon)
  ERROR scraping Stunky: net::ERR_NAME_NOT_RESOLVED at https://bulbapedia.bulbagarden.net/wiki/Stunky_(Pokémon)

[435/1025] Skuntank -> https://bulbapedia.bulbagarden.net/wiki/Skuntank_(Pokémon)
  ERROR scraping Skuntank: net::ERR_NAME_NOT_RESOLVED at https://bulbapedia.bulbagarden.net/wiki/Skuntank_(Pokémon)

[436/1025] Bronzor -> https://bulbapedia.bulbagarden.net/wiki/Bronzor_(Pokémon)
  ERROR scraping Bronzor: net::ERR_NAME_NOT_RESOLVED at https://bulbapedia.bulbagarden.net/wiki/Bronzor_(Pokémon)

[437/1025] Bronzong -> https://bulbapedia.bulbagarden.net/wiki/Bronzong_(Pokémon)
  ERROR scraping Bronzong: net::ERR_NAME_NOT_RESOLVED at https://bulbapedia.bulbagarden.net/wiki/Bronzong_(Pokémon)

[438/1025] Bonsly -> https://bulbapedia.bulbagarden.net/wiki/Bonsly_(Pokémon)
  ERROR scraping Bonsly: net::ERR_NAME_NOT_RESOLVED at https://bulbapedia.bulbagarden.net/wiki/Bonsly_(Pokémon)

[439/1025] Mime Jr. -> https://bulbapedia.bulbagarden.net/wiki/Mime%20Jr._(Pokémon)
  ERROR scraping Mime Jr.: net::ERR_NAME_NOT_RESOLVED at https://bulbapedia.bulbagarden.net/wiki/Mime%20Jr._(Pokémon)

[440/1025] Happiny -> https://bulbapedia.bulbagarden.net/wiki/Happiny_(Pokémon)
  ERROR scraping Happiny: net::ERR_NAME_NOT_RESOLVED at https://bulbapedia.bulbagarden.net/wiki/Happiny_(Pokémon)

[441/1025] Chatot -> https://bulbapedia.bulbagarden.net/wiki/Chatot_(Pokémon)
  ERROR scraping Chatot: net::ERR_NAME_NOT_RESOLVED at https://bulbapedia.bulbagarden.net/wiki/Chatot_(Pokémon)

[442/1025] Spiritomb -> https://bulbapedia.bulbagarden.net/wiki/Spiritomb_(Pokémon)
  ERROR scraping Spiritomb: net::ERR_NAME_NOT_RESOLVED at https://bulbapedia.bulbagarden.net/wiki/Spiritomb_(Pokémon)

[443/1025] Gible -> https://bulbapedia.bulbagarden.net/wiki/Gible_(Pokémon)
  ERROR scraping Gible: net::ERR_NAME_NOT_RESOLVED at https://bulbapedia.bulbagarden.net/wiki/Gible_(Pokémon)

[444/1025] Gabite -> https://bulbapedia.bulbagarden.net/wiki/Gabite_(Pokémon)
  ERROR scraping Gabite: net::ERR_NAME_NOT_RESOLVED at https://bulbapedia.bulbagarden.net/wiki/Gabite_(Pokémon)

[445/1025] Garchomp -> https://bulbapedia.bulbagarden.net/wiki/Garchomp_(Pokémon)
  ERROR scraping Garchomp: net::ERR_NAME_NOT_RESOLVED at https://bulbapedia.bulbagarden.net/wiki/Garchomp_(Pokémon)

[446/1025] Munchlax -> https://bulbapedia.bulbagarden.net/wiki/Munchlax_(Pokémon)
  ERROR scraping Munchlax: net::ERR_NAME_NOT_RESOLVED at https://bulbapedia.bulbagarden.net/wiki/Munchlax_(Pokémon)

[447/1025] Riolu -> https://bulbapedia.bulbagarden.net/wiki/Riolu_(Pokémon)
  ERROR scraping Riolu: net::ERR_NAME_NOT_RESOLVED at https://bulbapedia.bulbagarden.net/wiki/Riolu_(Pokémon)

[448/1025] Lucario -> https://bulbapedia.bulbagarden.net/wiki/Lucario_(Pokémon)
  ERROR scraping Lucario: net::ERR_NAME_NOT_RESOLVED at https://bulbapedia.bulbagarden.net/wiki/Lucario_(Pokémon)

[449/1025] Hippopotas -> https://bulbapedia.bulbagarden.net/wiki/Hippopotas_(Pokémon)
  ERROR scraping Hippopotas: net::ERR_NAME_NOT_RESOLVED at https://bulbapedia.bulbagarden.net/wiki/Hippopotas_(Pokémon)

[450/1025] Hippowdon -> https://bulbapedia.bulbagarden.net/wiki/Hippowdon_(Pokémon)
  ERROR scraping Hippowdon: net::ERR_NAME_NOT_RESOLVED at https://bulbapedia.bulbagarden.net/wiki/Hippowdon_(Pokémon)

[451/1025] Skorupi -> https://bulbapedia.bulbagarden.net/wiki/Skorupi_(Pokémon)
  ERROR scraping Skorupi: net::ERR_NAME_NOT_RESOLVED at https://bulbapedia.bulbagarden.net/wiki/Skorupi_(Pokémon)

[452/1025] Drapion -> https://bulbapedia.bulbagarden.net/wiki/Drapion_(Pokémon)
  ERROR scraping Drapion: net::ERR_NAME_NOT_RESOLVED at https://bulbapedia.bulbagarden.net/wiki/Drapion_(Pokémon)

[453/1025] Croagunk -> https://bulbapedia.bulbagarden.net/wiki/Croagunk_(Pokémon)
  ERROR scraping Croagunk: net::ERR_NAME_NOT_RESOLVED at https://bulbapedia.bulbagarden.net/wiki/Croagunk_(Pokémon)

[454/1025] Toxicroak -> https://bulbapedia.bulbagarden.net/wiki/Toxicroak_(Pokémon)
  ERROR scraping Toxicroak: net::ERR_NAME_NOT_RESOLVED at https://bulbapedia.bulbagarden.net/wiki/Toxicroak_(Pokémon)

[455/1025] Carnivine -> https://bulbapedia.bulbagarden.net/wiki/Carnivine_(Pokémon)
  ERROR scraping Carnivine: net::ERR_NAME_NOT_RESOLVED at https://bulbapedia.bulbagarden.net/wiki/Carnivine_(Pokémon)

[456/1025] Finneon -> https://bulbapedia.bulbagarden.net/wiki/Finneon_(Pokémon)
  ERROR scraping Finneon: net::ERR_NAME_NOT_RESOLVED at https://bulbapedia.bulbagarden.net/wiki/Finneon_(Pokémon)

[457/1025] Lumineon -> https://bulbapedia.bulbagarden.net/wiki/Lumineon_(Pokémon)
  ERROR scraping Lumineon: net::ERR_NAME_NOT_RESOLVED at https://bulbapedia.bulbagarden.net/wiki/Lumineon_(Pokémon)

[458/1025] Mantyke -> https://bulbapedia.bulbagarden.net/wiki/Mantyke_(Pokémon)
  ERROR scraping Mantyke: net::ERR_NAME_NOT_RESOLVED at https://bulbapedia.bulbagarden.net/wiki/Mantyke_(Pokémon)

[459/1025] Snover -> https://bulbapedia.bulbagarden.net/wiki/Snover_(Pokémon)
  ERROR scraping Snover: net::ERR_NAME_NOT_RESOLVED at https://bulbapedia.bulbagarden.net/wiki/Snover_(Pokémon)

[460/1025] Abomasnow -> https://bulbapedia.bulbagarden.net/wiki/Abomasnow_(Pokémon)
  ERROR scraping Abomasnow: net::ERR_NAME_NOT_RESOLVED at https://bulbapedia.bulbagarden.net/wiki/Abomasnow_(Pokémon)

[461/1025] Weavile -> https://bulbapedia.bulbagarden.net/wiki/Weavile_(Pokémon)
  ERROR scraping Weavile: net::ERR_NAME_NOT_RESOLVED at https://bulbapedia.bulbagarden.net/wiki/Weavile_(Pokémon)

[462/1025] Magnezone -> https://bulbapedia.bulbagarden.net/wiki/Magnezone_(Pokémon)
  ERROR scraping Magnezone: net::ERR_NAME_NOT_RESOLVED at https://bulbapedia.bulbagarden.net/wiki/Magnezone_(Pokémon)

[463/1025] Lickilicky -> https://bulbapedia.bulbagarden.net/wiki/Lickilicky_(Pokémon)
  ERROR scraping Lickilicky: net::ERR_NAME_NOT_RESOLVED at https://bulbapedia.bulbagarden.net/wiki/Lickilicky_(Pokémon)

[464/1025] Rhyperior -> https://bulbapedia.bulbagarden.net/wiki/Rhyperior_(Pokémon)
  ERROR scraping Rhyperior: net::ERR_NAME_NOT_RESOLVED at https://bulbapedia.bulbagarden.net/wiki/Rhyperior_(Pokémon)

[465/1025] Tangrowth -> https://bulbapedia.bulbagarden.net/wiki/Tangrowth_(Pokémon)
  ERROR scraping Tangrowth: net::ERR_NAME_NOT_RESOLVED at https://bulbapedia.bulbagarden.net/wiki/Tangrowth_(Pokémon)

[466/1025] Electivire -> https://bulbapedia.bulbagarden.net/wiki/Electivire_(Pokémon)
  ERROR scraping Electivire: net::ERR_NAME_NOT_RESOLVED at https://bulbapedia.bulbagarden.net/wiki/Electivire_(Pokémon)

[467/1025] Magmortar -> https://bulbapedia.bulbagarden.net/wiki/Magmortar_(Pokémon)
  ERROR scraping Magmortar: net::ERR_NAME_NOT_RESOLVED at https://bulbapedia.bulbagarden.net/wiki/Magmortar_(Pokémon)

[468/1025] Togekiss -> https://bulbapedia.bulbagarden.net/wiki/Togekiss_(Pokémon)
  ERROR scraping Togekiss: net::ERR_NAME_NOT_RESOLVED at https://bulbapedia.bulbagarden.net/wiki/Togekiss_(Pokémon)

[469/1025] Yanmega -> https://bulbapedia.bulbagarden.net/wiki/Yanmega_(Pokémon)
  ERROR scraping Yanmega: net::ERR_NAME_NOT_RESOLVED at https://bulbapedia.bulbagarden.net/wiki/Yanmega_(Pokémon)

[470/1025] Leafeon -> https://bulbapedia.bulbagarden.net/wiki/Leafeon_(Pokémon)
  ERROR scraping Leafeon: net::ERR_NAME_NOT_RESOLVED at https://bulbapedia.bulbagarden.net/wiki/Leafeon_(Pokémon)

[471/1025] Glaceon -> https://bulbapedia.bulbagarden.net/wiki/Glaceon_(Pokémon)
  ERROR scraping Glaceon: net::ERR_NAME_NOT_RESOLVED at https://bulbapedia.bulbagarden.net/wiki/Glaceon_(Pokémon)

[472/1025] Gliscor -> https://bulbapedia.bulbagarden.net/wiki/Gliscor_(Pokémon)
  ERROR scraping Gliscor: net::ERR_NAME_NOT_RESOLVED at https://bulbapedia.bulbagarden.net/wiki/Gliscor_(Pokémon)

[473/1025] Mamoswine -> https://bulbapedia.bulbagarden.net/wiki/Mamoswine_(Pokémon)
  ERROR scraping Mamoswine: net::ERR_NAME_NOT_RESOLVED at https://bulbapedia.bulbagarden.net/wiki/Mamoswine_(Pokémon)

[474/1025] Porygon-Z -> https://bulbapedia.bulbagarden.net/wiki/Porygon-Z_(Pokémon)
  ERROR scraping Porygon-Z: net::ERR_NAME_NOT_RESOLVED at https://bulbapedia.bulbagarden.net/wiki/Porygon-Z_(Pokémon)

[475/1025] Gallade -> https://bulbapedia.bulbagarden.net/wiki/Gallade_(Pokémon)
  ERROR scraping Gallade: net::ERR_NAME_NOT_RESOLVED at https://bulbapedia.bulbagarden.net/wiki/Gallade_(Pokémon)

[476/1025] Probopass -> https://bulbapedia.bulbagarden.net/wiki/Probopass_(Pokémon)
  ERROR scraping Probopass: net::ERR_NAME_NOT_RESOLVED at https://bulbapedia.bulbagarden.net/wiki/Probopass_(Pokémon)

[477/1025] Dusknoir -> https://bulbapedia.bulbagarden.net/wiki/Dusknoir_(Pokémon)
  ERROR scraping Dusknoir: net::ERR_NAME_NOT_RESOLVED at https://bulbapedia.bulbagarden.net/wiki/Dusknoir_(Pokémon)

[478/1025] Froslass -> https://bulbapedia.bulbagarden.net/wiki/Froslass_(Pokémon)
  ERROR scraping Froslass: net::ERR_NAME_NOT_RESOLVED at https://bulbapedia.bulbagarden.net/wiki/Froslass_(Pokémon)

[479/1025] Rotom -> https://bulbapedia.bulbagarden.net/wiki/Rotom_(Pokémon)
  ERROR scraping Rotom: net::ERR_NAME_NOT_RESOLVED at https://bulbapedia.bulbagarden.net/wiki/Rotom_(Pokémon)

[480/1025] Uxie -> https://bulbapedia.bulbagarden.net/wiki/Uxie_(Pokémon)
  ERROR scraping Uxie: net::ERR_NAME_NOT_RESOLVED at https://bulbapedia.bulbagarden.net/wiki/Uxie_(Pokémon)

[481/1025] Mesprit -> https://bulbapedia.bulbagarden.net/wiki/Mesprit_(Pokémon)
  ERROR scraping Mesprit: net::ERR_NAME_NOT_RESOLVED at https://bulbapedia.bulbagarden.net/wiki/Mesprit_(Pokémon)

[482/1025] Azelf -> https://bulbapedia.bulbagarden.net/wiki/Azelf_(Pokémon)
  ERROR scraping Azelf: net::ERR_NAME_NOT_RESOLVED at https://bulbapedia.bulbagarden.net/wiki/Azelf_(Pokémon)

[483/1025] Dialga -> https://bulbapedia.bulbagarden.net/wiki/Dialga_(Pokémon)
  ERROR scraping Dialga: net::ERR_NAME_NOT_RESOLVED at https://bulbapedia.bulbagarden.net/wiki/Dialga_(Pokémon)

[484/1025] Palkia -> https://bulbapedia.bulbagarden.net/wiki/Palkia_(Pokémon)
  ERROR scraping Palkia: net::ERR_NAME_NOT_RESOLVED at https://bulbapedia.bulbagarden.net/wiki/Palkia_(Pokémon)

[485/1025] Heatran -> https://bulbapedia.bulbagarden.net/wiki/Heatran_(Pokémon)
  ERROR scraping Heatran: net::ERR_NAME_NOT_RESOLVED at https://bulbapedia.bulbagarden.net/wiki/Heatran_(Pokémon)

[486/1025] Regigigas -> https://bulbapedia.bulbagarden.net/wiki/Regigigas_(Pokémon)
  ERROR scraping Regigigas: net::ERR_NAME_NOT_RESOLVED at https://bulbapedia.bulbagarden.net/wiki/Regigigas_(Pokémon)

[487/1025] Giratina -> https://bulbapedia.bulbagarden.net/wiki/Giratina_(Pokémon)
  ERROR scraping Giratina: net::ERR_NAME_NOT_RESOLVED at https://bulbapedia.bulbagarden.net/wiki/Giratina_(Pokémon)

[488/1025] Cresselia -> https://bulbapedia.bulbagarden.net/wiki/Cresselia_(Pokémon)
  ERROR scraping Cresselia: net::ERR_NAME_NOT_RESOLVED at https://bulbapedia.bulbagarden.net/wiki/Cresselia_(Pokémon)

[489/1025] Phione -> https://bulbapedia.bulbagarden.net/wiki/Phione_(Pokémon)
  ERROR scraping Phione: net::ERR_NAME_NOT_RESOLVED at https://bulbapedia.bulbagarden.net/wiki/Phione_(Pokémon)

[490/1025] Manaphy -> https://bulbapedia.bulbagarden.net/wiki/Manaphy_(Pokémon)
  ERROR scraping Manaphy: net::ERR_NAME_NOT_RESOLVED at https://bulbapedia.bulbagarden.net/wiki/Manaphy_(Pokémon)

[491/1025] Darkrai -> https://bulbapedia.bulbagarden.net/wiki/Darkrai_(Pokémon)
  ERROR scraping Darkrai: net::ERR_NAME_NOT_RESOLVED at https://bulbapedia.bulbagarden.net/wiki/Darkrai_(Pokémon)

[492/1025] Shaymin -> https://bulbapedia.bulbagarden.net/wiki/Shaymin_(Pokémon)
  ERROR scraping Shaymin: net::ERR_NAME_NOT_RESOLVED at https://bulbapedia.bulbagarden.net/wiki/Shaymin_(Pokémon)

[493/1025] Arceus -> https://bulbapedia.bulbagarden.net/wiki/Arceus_(Pokémon)
  ERROR scraping Arceus: net::ERR_NAME_NOT_RESOLVED at https://bulbapedia.bulbagarden.net/wiki/Arceus_(Pokémon)

[494/1025] Victini -> https://bulbapedia.bulbagarden.net/wiki/Victini_(Pokémon)
  OK: {"name":"Victini","primaryType":"Psychic","secondaryType":"Fire","forms":[],"evolutionStage":"1","preEvolvePokemon":"","eggGroups":"No Eggs Discovered","height":"1'04\"","weight":"8.8 lbs.","genderRatio":"Gender unknown","catchRate":"3 (1.6%)","hatchTime":"120 cycles Egg not obtainable"}

[495/1025] Snivy -> https://bulbapedia.bulbagarden.net/wiki/Snivy_(Pokémon)
  OK: {"name":"Snivy","primaryType":"Grass","secondaryType":"","forms":[],"evolutionStage":"1","preEvolvePokemon":"","eggGroups":"Field and Grass","height":"2'00\"","weight":"17.9 lbs.","genderRatio":"87.5% male, 12.5% female","catchRate":"45 (11.9%)","hatchTime":"20 cycles"}

[496/1025] Servine -> https://bulbapedia.bulbagarden.net/wiki/Servine_(Pokémon)
  OK: {"name":"Servine","primaryType":"Grass","secondaryType":"","forms":[],"evolutionStage":"2","preEvolvePokemon":"Snivy","eggGroups":"Field and Grass","height":"2'07\"","weight":"35.3 lbs.","genderRatio":"87.5% male, 12.5% female","catchRate":"45 (11.9%)","hatchTime":"20 cycles"}

[497/1025] Serperior -> https://bulbapedia.bulbagarden.net/wiki/Serperior_(Pokémon)
  OK: {"name":"Serperior","primaryType":"Grass","secondaryType":"","forms":[],"evolutionStage":"final","preEvolvePokemon":"Servine","eggGroups":"Field and Grass","height":"10'10\"","weight":"138.9 lbs.","genderRatio":"87.5% male, 12.5% female","catchRate":"45 (11.9%)","hatchTime":"20 cycles"}

[498/1025] Tepig -> https://bulbapedia.bulbagarden.net/wiki/Tepig_(Pokémon)
  OK: {"name":"Tepig","primaryType":"Fire","secondaryType":"","forms":[],"evolutionStage":"1","preEvolvePokemon":"","eggGroups":"Field","height":"1'08\"","weight":"21.8 lbs.","genderRatio":"87.5% male, 12.5% female","catchRate":"45 (11.9%)","hatchTime":"20 cycles"}

[499/1025] Pignite -> https://bulbapedia.bulbagarden.net/wiki/Pignite_(Pokémon)
  OK: {"name":"Pignite","primaryType":"Fire","secondaryType":"Fighting","forms":[],"evolutionStage":"2","preEvolvePokemon":"Tepig","eggGroups":"Field","height":"3'03\"","weight":"122.4 lbs.","genderRatio":"87.5% male, 12.5% female","catchRate":"45 (11.9%)","hatchTime":"20 cycles"}

[500/1025] Emboar -> https://bulbapedia.bulbagarden.net/wiki/Emboar_(Pokémon)
  ERROR scraping Emboar: Attempted to use detached Frame '026D63CE6C3253BBDB6ECD21FB5072FC'.

[501/1025] Oshawott -> https://bulbapedia.bulbagarden.net/wiki/Oshawott_(Pokémon)
  ERROR scraping Oshawott: Attempted to use detached Frame '026D63CE6C3253BBDB6ECD21FB5072FC'.

[502/1025] Dewott -> https://bulbapedia.bulbagarden.net/wiki/Dewott_(Pokémon)
  ERROR scraping Dewott: Attempted to use detached Frame '026D63CE6C3253BBDB6ECD21FB5072FC'.

[503/1025] Samurott -> https://bulbapedia.bulbagarden.net/wiki/Samurott_(Pokémon)
  ERROR scraping Samurott: Attempted to use detached Frame '026D63CE6C3253BBDB6ECD21FB5072FC'.

[504/1025] Patrat -> https://bulbapedia.bulbagarden.net/wiki/Patrat_(Pokémon)
  ERROR scraping Patrat: Attempted to use detached Frame '026D63CE6C3253BBDB6ECD21FB5072FC'.

[505/1025] Watchog -> https://bulbapedia.bulbagarden.net/wiki/Watchog_(Pokémon)
  ERROR scraping Watchog: Attempted to use detached Frame '026D63CE6C3253BBDB6ECD21FB5072FC'.

[506/1025] Lillipup -> https://bulbapedia.bulbagarden.net/wiki/Lillipup_(Pokémon)
  ERROR scraping Lillipup: Attempted to use detached Frame '026D63CE6C3253BBDB6ECD21FB5072FC'.

[507/1025] Herdier -> https://bulbapedia.bulbagarden.net/wiki/Herdier_(Pokémon)
  ERROR scraping Herdier: Attempted to use detached Frame '026D63CE6C3253BBDB6ECD21FB5072FC'.

[508/1025] Stoutland -> https://bulbapedia.bulbagarden.net/wiki/Stoutland_(Pokémon)
  ERROR scraping Stoutland: Attempted to use detached Frame '026D63CE6C3253BBDB6ECD21FB5072FC'.

[509/1025] Purrloin -> https://bulbapedia.bulbagarden.net/wiki/Purrloin_(Pokémon)
  ERROR scraping Purrloin: Attempted to use detached Frame '026D63CE6C3253BBDB6ECD21FB5072FC'.

[510/1025] Liepard -> https://bulbapedia.bulbagarden.net/wiki/Liepard_(Pokémon)
  ERROR scraping Liepard: Attempted to use detached Frame '026D63CE6C3253BBDB6ECD21FB5072FC'.

[511/1025] Pansage -> https://bulbapedia.bulbagarden.net/wiki/Pansage_(Pokémon)
  ERROR scraping Pansage: Attempted to use detached Frame '026D63CE6C3253BBDB6ECD21FB5072FC'.

[512/1025] Simisage -> https://bulbapedia.bulbagarden.net/wiki/Simisage_(Pokémon)
  ERROR scraping Simisage: Attempted to use detached Frame '026D63CE6C3253BBDB6ECD21FB5072FC'.

[513/1025] Pansear -> https://bulbapedia.bulbagarden.net/wiki/Pansear_(Pokémon)
  ERROR scraping Pansear: Attempted to use detached Frame '026D63CE6C3253BBDB6ECD21FB5072FC'.

[514/1025] Simisear -> https://bulbapedia.bulbagarden.net/wiki/Simisear_(Pokémon)
  ERROR scraping Simisear: Attempted to use detached Frame '026D63CE6C3253BBDB6ECD21FB5072FC'.

[515/1025] Panpour -> https://bulbapedia.bulbagarden.net/wiki/Panpour_(Pokémon)
  ERROR scraping Panpour: Attempted to use detached Frame '026D63CE6C3253BBDB6ECD21FB5072FC'.

[516/1025] Simipour -> https://bulbapedia.bulbagarden.net/wiki/Simipour_(Pokémon)
  ERROR scraping Simipour: Attempted to use detached Frame '026D63CE6C3253BBDB6ECD21FB5072FC'.

[517/1025] Munna -> https://bulbapedia.bulbagarden.net/wiki/Munna_(Pokémon)
  ERROR scraping Munna: Attempted to use detached Frame '026D63CE6C3253BBDB6ECD21FB5072FC'.

[518/1025] Musharna -> https://bulbapedia.bulbagarden.net/wiki/Musharna_(Pokémon)
  ERROR scraping Musharna: Attempted to use detached Frame '026D63CE6C3253BBDB6ECD21FB5072FC'.

[519/1025] Pidove -> https://bulbapedia.bulbagarden.net/wiki/Pidove_(Pokémon)
  ERROR scraping Pidove: Attempted to use detached Frame '026D63CE6C3253BBDB6ECD21FB5072FC'.

[520/1025] Tranquill -> https://bulbapedia.bulbagarden.net/wiki/Tranquill_(Pokémon)
  ERROR scraping Tranquill: Attempted to use detached Frame '026D63CE6C3253BBDB6ECD21FB5072FC'.

[521/1025] Unfezant -> https://bulbapedia.bulbagarden.net/wiki/Unfezant_(Pokémon)
  ERROR scraping Unfezant: Attempted to use detached Frame '026D63CE6C3253BBDB6ECD21FB5072FC'.

[522/1025] Blitzle -> https://bulbapedia.bulbagarden.net/wiki/Blitzle_(Pokémon)
  ERROR scraping Blitzle: Attempted to use detached Frame '026D63CE6C3253BBDB6ECD21FB5072FC'.

[523/1025] Zebstrika -> https://bulbapedia.bulbagarden.net/wiki/Zebstrika_(Pokémon)
  ERROR scraping Zebstrika: Attempted to use detached Frame '026D63CE6C3253BBDB6ECD21FB5072FC'.

[524/1025] Roggenrola -> https://bulbapedia.bulbagarden.net/wiki/Roggenrola_(Pokémon)
  ERROR scraping Roggenrola: Attempted to use detached Frame '026D63CE6C3253BBDB6ECD21FB5072FC'.

[525/1025] Boldore -> https://bulbapedia.bulbagarden.net/wiki/Boldore_(Pokémon)
  ERROR scraping Boldore: Attempted to use detached Frame '026D63CE6C3253BBDB6ECD21FB5072FC'.

[526/1025] Gigalith -> https://bulbapedia.bulbagarden.net/wiki/Gigalith_(Pokémon)
  ERROR scraping Gigalith: Attempted to use detached Frame '026D63CE6C3253BBDB6ECD21FB5072FC'.

[527/1025] Woobat -> https://bulbapedia.bulbagarden.net/wiki/Woobat_(Pokémon)
  ERROR scraping Woobat: Attempted to use detached Frame '026D63CE6C3253BBDB6ECD21FB5072FC'.

[528/1025] Swoobat -> https://bulbapedia.bulbagarden.net/wiki/Swoobat_(Pokémon)
  ERROR scraping Swoobat: Attempted to use detached Frame '026D63CE6C3253BBDB6ECD21FB5072FC'.

[529/1025] Drilbur -> https://bulbapedia.bulbagarden.net/wiki/Drilbur_(Pokémon)
  ERROR scraping Drilbur: Attempted to use detached Frame '026D63CE6C3253BBDB6ECD21FB5072FC'.

[530/1025] Excadrill -> https://bulbapedia.bulbagarden.net/wiki/Excadrill_(Pokémon)
  ERROR scraping Excadrill: Attempted to use detached Frame '026D63CE6C3253BBDB6ECD21FB5072FC'.

[531/1025] Audino -> https://bulbapedia.bulbagarden.net/wiki/Audino_(Pokémon)
  ERROR scraping Audino: Attempted to use detached Frame '026D63CE6C3253BBDB6ECD21FB5072FC'.

[532/1025] Timburr -> https://bulbapedia.bulbagarden.net/wiki/Timburr_(Pokémon)
  ERROR scraping Timburr: Attempted to use detached Frame '026D63CE6C3253BBDB6ECD21FB5072FC'.

[533/1025] Gurdurr -> https://bulbapedia.bulbagarden.net/wiki/Gurdurr_(Pokémon)
  ERROR scraping Gurdurr: Attempted to use detached Frame '026D63CE6C3253BBDB6ECD21FB5072FC'.

[534/1025] Conkeldurr -> https://bulbapedia.bulbagarden.net/wiki/Conkeldurr_(Pokémon)
  ERROR scraping Conkeldurr: Attempted to use detached Frame '026D63CE6C3253BBDB6ECD21FB5072FC'.

[535/1025] Tympole -> https://bulbapedia.bulbagarden.net/wiki/Tympole_(Pokémon)
  ERROR scraping Tympole: Attempted to use detached Frame '026D63CE6C3253BBDB6ECD21FB5072FC'.

[536/1025] Palpitoad -> https://bulbapedia.bulbagarden.net/wiki/Palpitoad_(Pokémon)
  ERROR scraping Palpitoad: Attempted to use detached Frame '026D63CE6C3253BBDB6ECD21FB5072FC'.

[537/1025] Seismitoad -> https://bulbapedia.bulbagarden.net/wiki/Seismitoad_(Pokémon)
  ERROR scraping Seismitoad: Attempted to use detached Frame '026D63CE6C3253BBDB6ECD21FB5072FC'.

[538/1025] Throh -> https://bulbapedia.bulbagarden.net/wiki/Throh_(Pokémon)
  ERROR scraping Throh: Attempted to use detached Frame '026D63CE6C3253BBDB6ECD21FB5072FC'.

[539/1025] Sawk -> https://bulbapedia.bulbagarden.net/wiki/Sawk_(Pokémon)
  ERROR scraping Sawk: Attempted to use detached Frame '026D63CE6C3253BBDB6ECD21FB5072FC'.

[540/1025] Sewaddle -> https://bulbapedia.bulbagarden.net/wiki/Sewaddle_(Pokémon)
  ERROR scraping Sewaddle: Attempted to use detached Frame '026D63CE6C3253BBDB6ECD21FB5072FC'.

[541/1025] Swadloon -> https://bulbapedia.bulbagarden.net/wiki/Swadloon_(Pokémon)
  ERROR scraping Swadloon: Attempted to use detached Frame '026D63CE6C3253BBDB6ECD21FB5072FC'.

[542/1025] Leavanny -> https://bulbapedia.bulbagarden.net/wiki/Leavanny_(Pokémon)
  ERROR scraping Leavanny: Attempted to use detached Frame '026D63CE6C3253BBDB6ECD21FB5072FC'.

[543/1025] Venipede -> https://bulbapedia.bulbagarden.net/wiki/Venipede_(Pokémon)
  ERROR scraping Venipede: Attempted to use detached Frame '026D63CE6C3253BBDB6ECD21FB5072FC'.

[544/1025] Whirlipede -> https://bulbapedia.bulbagarden.net/wiki/Whirlipede_(Pokémon)
  ERROR scraping Whirlipede: Attempted to use detached Frame '026D63CE6C3253BBDB6ECD21FB5072FC'.

[545/1025] Scolipede -> https://bulbapedia.bulbagarden.net/wiki/Scolipede_(Pokémon)
  ERROR scraping Scolipede: Attempted to use detached Frame '026D63CE6C3253BBDB6ECD21FB5072FC'.

[546/1025] Cottonee -> https://bulbapedia.bulbagarden.net/wiki/Cottonee_(Pokémon)
  ERROR scraping Cottonee: Attempted to use detached Frame '026D63CE6C3253BBDB6ECD21FB5072FC'.

[547/1025] Whimsicott -> https://bulbapedia.bulbagarden.net/wiki/Whimsicott_(Pokémon)
  ERROR scraping Whimsicott: Attempted to use detached Frame '026D63CE6C3253BBDB6ECD21FB5072FC'.

[548/1025] Petilil -> https://bulbapedia.bulbagarden.net/wiki/Petilil_(Pokémon)
  ERROR scraping Petilil: Attempted to use detached Frame '026D63CE6C3253BBDB6ECD21FB5072FC'.

[549/1025] Lilligant -> https://bulbapedia.bulbagarden.net/wiki/Lilligant_(Pokémon)
  ERROR scraping Lilligant: Attempted to use detached Frame '026D63CE6C3253BBDB6ECD21FB5072FC'.

[550/1025] Basculin -> https://bulbapedia.bulbagarden.net/wiki/Basculin_(Pokémon)
  ERROR scraping Basculin: Attempted to use detached Frame '026D63CE6C3253BBDB6ECD21FB5072FC'.

[551/1025] Sandile -> https://bulbapedia.bulbagarden.net/wiki/Sandile_(Pokémon)
  ERROR scraping Sandile: Attempted to use detached Frame '026D63CE6C3253BBDB6ECD21FB5072FC'.

[552/1025] Krokorok -> https://bulbapedia.bulbagarden.net/wiki/Krokorok_(Pokémon)
  ERROR scraping Krokorok: Attempted to use detached Frame '026D63CE6C3253BBDB6ECD21FB5072FC'.

[553/1025] Krookodile -> https://bulbapedia.bulbagarden.net/wiki/Krookodile_(Pokémon)
  ERROR scraping Krookodile: Attempted to use detached Frame '026D63CE6C3253BBDB6ECD21FB5072FC'.

[554/1025] Darumaka -> https://bulbapedia.bulbagarden.net/wiki/Darumaka_(Pokémon)
  ERROR scraping Darumaka: Attempted to use detached Frame '026D63CE6C3253BBDB6ECD21FB5072FC'.

[555/1025] Darmanitan -> https://bulbapedia.bulbagarden.net/wiki/Darmanitan_(Pokémon)
  ERROR scraping Darmanitan: Attempted to use detached Frame '026D63CE6C3253BBDB6ECD21FB5072FC'.

[556/1025] Maractus -> https://bulbapedia.bulbagarden.net/wiki/Maractus_(Pokémon)
  ERROR scraping Maractus: Attempted to use detached Frame '026D63CE6C3253BBDB6ECD21FB5072FC'.

[557/1025] Dwebble -> https://bulbapedia.bulbagarden.net/wiki/Dwebble_(Pokémon)
  ERROR scraping Dwebble: Attempted to use detached Frame '026D63CE6C3253BBDB6ECD21FB5072FC'.

[558/1025] Crustle -> https://bulbapedia.bulbagarden.net/wiki/Crustle_(Pokémon)
  ERROR scraping Crustle: Attempted to use detached Frame '026D63CE6C3253BBDB6ECD21FB5072FC'.

[559/1025] Scraggy -> https://bulbapedia.bulbagarden.net/wiki/Scraggy_(Pokémon)
  ERROR scraping Scraggy: Attempted to use detached Frame '026D63CE6C3253BBDB6ECD21FB5072FC'.

[560/1025] Scrafty -> https://bulbapedia.bulbagarden.net/wiki/Scrafty_(Pokémon)
  ERROR scraping Scrafty: Attempted to use detached Frame '026D63CE6C3253BBDB6ECD21FB5072FC'.

[561/1025] Sigilyph -> https://bulbapedia.bulbagarden.net/wiki/Sigilyph_(Pokémon)
  ERROR scraping Sigilyph: Attempted to use detached Frame '026D63CE6C3253BBDB6ECD21FB5072FC'.

[562/1025] Yamask -> https://bulbapedia.bulbagarden.net/wiki/Yamask_(Pokémon)
  ERROR scraping Yamask: Attempted to use detached Frame '026D63CE6C3253BBDB6ECD21FB5072FC'.

[563/1025] Cofagrigus -> https://bulbapedia.bulbagarden.net/wiki/Cofagrigus_(Pokémon)
  ERROR scraping Cofagrigus: Attempted to use detached Frame '026D63CE6C3253BBDB6ECD21FB5072FC'.

[564/1025] Tirtouga -> https://bulbapedia.bulbagarden.net/wiki/Tirtouga_(Pokémon)
  ERROR scraping Tirtouga: Attempted to use detached Frame '026D63CE6C3253BBDB6ECD21FB5072FC'.

[565/1025] Carracosta -> https://bulbapedia.bulbagarden.net/wiki/Carracosta_(Pokémon)
  ERROR scraping Carracosta: Attempted to use detached Frame '026D63CE6C3253BBDB6ECD21FB5072FC'.

[566/1025] Archen -> https://bulbapedia.bulbagarden.net/wiki/Archen_(Pokémon)
  ERROR scraping Archen: Attempted to use detached Frame '026D63CE6C3253BBDB6ECD21FB5072FC'.

[567/1025] Archeops -> https://bulbapedia.bulbagarden.net/wiki/Archeops_(Pokémon)
  ERROR scraping Archeops: Attempted to use detached Frame '026D63CE6C3253BBDB6ECD21FB5072FC'.

[568/1025] Trubbish -> https://bulbapedia.bulbagarden.net/wiki/Trubbish_(Pokémon)
  ERROR scraping Trubbish: Attempted to use detached Frame '026D63CE6C3253BBDB6ECD21FB5072FC'.

[569/1025] Garbodor -> https://bulbapedia.bulbagarden.net/wiki/Garbodor_(Pokémon)
  ERROR scraping Garbodor: Attempted to use detached Frame '026D63CE6C3253BBDB6ECD21FB5072FC'.

[570/1025] Zorua -> https://bulbapedia.bulbagarden.net/wiki/Zorua_(Pokémon)
  ERROR scraping Zorua: Attempted to use detached Frame '026D63CE6C3253BBDB6ECD21FB5072FC'.

[571/1025] Zoroark -> https://bulbapedia.bulbagarden.net/wiki/Zoroark_(Pokémon)
  ERROR scraping Zoroark: Attempted to use detached Frame '026D63CE6C3253BBDB6ECD21FB5072FC'.

[572/1025] Minccino -> https://bulbapedia.bulbagarden.net/wiki/Minccino_(Pokémon)
  ERROR scraping Minccino: Attempted to use detached Frame '026D63CE6C3253BBDB6ECD21FB5072FC'.

[573/1025] Cinccino -> https://bulbapedia.bulbagarden.net/wiki/Cinccino_(Pokémon)
  ERROR scraping Cinccino: Attempted to use detached Frame '026D63CE6C3253BBDB6ECD21FB5072FC'.

[574/1025] Gothita -> https://bulbapedia.bulbagarden.net/wiki/Gothita_(Pokémon)
  ERROR scraping Gothita: Attempted to use detached Frame '026D63CE6C3253BBDB6ECD21FB5072FC'.

[575/1025] Gothorita -> https://bulbapedia.bulbagarden.net/wiki/Gothorita_(Pokémon)
  ERROR scraping Gothorita: Attempted to use detached Frame '026D63CE6C3253BBDB6ECD21FB5072FC'.

[576/1025] Gothitelle -> https://bulbapedia.bulbagarden.net/wiki/Gothitelle_(Pokémon)
  ERROR scraping Gothitelle: Attempted to use detached Frame '026D63CE6C3253BBDB6ECD21FB5072FC'.

[577/1025] Solosis -> https://bulbapedia.bulbagarden.net/wiki/Solosis_(Pokémon)
  ERROR scraping Solosis: Attempted to use detached Frame '026D63CE6C3253BBDB6ECD21FB5072FC'.

[578/1025] Duosion -> https://bulbapedia.bulbagarden.net/wiki/Duosion_(Pokémon)
  ERROR scraping Duosion: Attempted to use detached Frame '026D63CE6C3253BBDB6ECD21FB5072FC'.

[579/1025] Reuniclus -> https://bulbapedia.bulbagarden.net/wiki/Reuniclus_(Pokémon)
  ERROR scraping Reuniclus: Attempted to use detached Frame '026D63CE6C3253BBDB6ECD21FB5072FC'.

[580/1025] Ducklett -> https://bulbapedia.bulbagarden.net/wiki/Ducklett_(Pokémon)
  ERROR scraping Ducklett: Attempted to use detached Frame '026D63CE6C3253BBDB6ECD21FB5072FC'.

[581/1025] Swanna -> https://bulbapedia.bulbagarden.net/wiki/Swanna_(Pokémon)
  ERROR scraping Swanna: Attempted to use detached Frame '026D63CE6C3253BBDB6ECD21FB5072FC'.

[582/1025] Vanillite -> https://bulbapedia.bulbagarden.net/wiki/Vanillite_(Pokémon)
  ERROR scraping Vanillite: Attempted to use detached Frame '026D63CE6C3253BBDB6ECD21FB5072FC'.

[583/1025] Vanillish -> https://bulbapedia.bulbagarden.net/wiki/Vanillish_(Pokémon)
  ERROR scraping Vanillish: Attempted to use detached Frame '026D63CE6C3253BBDB6ECD21FB5072FC'.

[584/1025] Vanilluxe -> https://bulbapedia.bulbagarden.net/wiki/Vanilluxe_(Pokémon)
  ERROR scraping Vanilluxe: Attempted to use detached Frame '026D63CE6C3253BBDB6ECD21FB5072FC'.

[585/1025] Deerling -> https://bulbapedia.bulbagarden.net/wiki/Deerling_(Pokémon)
  ERROR scraping Deerling: Attempted to use detached Frame '026D63CE6C3253BBDB6ECD21FB5072FC'.

[586/1025] Sawsbuck -> https://bulbapedia.bulbagarden.net/wiki/Sawsbuck_(Pokémon)
  ERROR scraping Sawsbuck: Attempted to use detached Frame '026D63CE6C3253BBDB6ECD21FB5072FC'.

[587/1025] Emolga -> https://bulbapedia.bulbagarden.net/wiki/Emolga_(Pokémon)
  ERROR scraping Emolga: Attempted to use detached Frame '026D63CE6C3253BBDB6ECD21FB5072FC'.

[588/1025] Karrablast -> https://bulbapedia.bulbagarden.net/wiki/Karrablast_(Pokémon)
  ERROR scraping Karrablast: Attempted to use detached Frame '026D63CE6C3253BBDB6ECD21FB5072FC'.

[589/1025] Escavalier -> https://bulbapedia.bulbagarden.net/wiki/Escavalier_(Pokémon)
  ERROR scraping Escavalier: Attempted to use detached Frame '026D63CE6C3253BBDB6ECD21FB5072FC'.

[590/1025] Foongus -> https://bulbapedia.bulbagarden.net/wiki/Foongus_(Pokémon)
  ERROR scraping Foongus: Attempted to use detached Frame '026D63CE6C3253BBDB6ECD21FB5072FC'.

[591/1025] Amoonguss -> https://bulbapedia.bulbagarden.net/wiki/Amoonguss_(Pokémon)
  ERROR scraping Amoonguss: Attempted to use detached Frame '026D63CE6C3253BBDB6ECD21FB5072FC'.

[592/1025] Frillish -> https://bulbapedia.bulbagarden.net/wiki/Frillish_(Pokémon)
  ERROR scraping Frillish: Attempted to use detached Frame '026D63CE6C3253BBDB6ECD21FB5072FC'.

[593/1025] Jellicent -> https://bulbapedia.bulbagarden.net/wiki/Jellicent_(Pokémon)
  ERROR scraping Jellicent: Attempted to use detached Frame '026D63CE6C3253BBDB6ECD21FB5072FC'.

[594/1025] Alomomola -> https://bulbapedia.bulbagarden.net/wiki/Alomomola_(Pokémon)
  ERROR scraping Alomomola: Attempted to use detached Frame '026D63CE6C3253BBDB6ECD21FB5072FC'.

[595/1025] Joltik -> https://bulbapedia.bulbagarden.net/wiki/Joltik_(Pokémon)
  ERROR scraping Joltik: Attempted to use detached Frame '026D63CE6C3253BBDB6ECD21FB5072FC'.

[596/1025] Galvantula -> https://bulbapedia.bulbagarden.net/wiki/Galvantula_(Pokémon)
  ERROR scraping Galvantula: Attempted to use detached Frame '026D63CE6C3253BBDB6ECD21FB5072FC'.

[597/1025] Ferroseed -> https://bulbapedia.bulbagarden.net/wiki/Ferroseed_(Pokémon)
  ERROR scraping Ferroseed: Attempted to use detached Frame '026D63CE6C3253BBDB6ECD21FB5072FC'.

[598/1025] Ferrothorn -> https://bulbapedia.bulbagarden.net/wiki/Ferrothorn_(Pokémon)
  ERROR scraping Ferrothorn: Attempted to use detached Frame '026D63CE6C3253BBDB6ECD21FB5072FC'.

[599/1025] Klink -> https://bulbapedia.bulbagarden.net/wiki/Klink_(Pokémon)
  ERROR scraping Klink: Attempted to use detached Frame '026D63CE6C3253BBDB6ECD21FB5072FC'.

[600/1025] Klang -> https://bulbapedia.bulbagarden.net/wiki/Klang_(Pokémon)
  ERROR scraping Klang: Attempted to use detached Frame '026D63CE6C3253BBDB6ECD21FB5072FC'.

[601/1025] Klinklang -> https://bulbapedia.bulbagarden.net/wiki/Klinklang_(Pokémon)
  ERROR scraping Klinklang: Attempted to use detached Frame '026D63CE6C3253BBDB6ECD21FB5072FC'.

[602/1025] Tynamo -> https://bulbapedia.bulbagarden.net/wiki/Tynamo_(Pokémon)
  ERROR scraping Tynamo: Attempted to use detached Frame '026D63CE6C3253BBDB6ECD21FB5072FC'.

[603/1025] Eelektrik -> https://bulbapedia.bulbagarden.net/wiki/Eelektrik_(Pokémon)
  ERROR scraping Eelektrik: Attempted to use detached Frame '026D63CE6C3253BBDB6ECD21FB5072FC'.

[604/1025] Eelektross -> https://bulbapedia.bulbagarden.net/wiki/Eelektross_(Pokémon)
  ERROR scraping Eelektross: Attempted to use detached Frame '026D63CE6C3253BBDB6ECD21FB5072FC'.

[605/1025] Elgyem -> https://bulbapedia.bulbagarden.net/wiki/Elgyem_(Pokémon)
  ERROR scraping Elgyem: Attempted to use detached Frame '026D63CE6C3253BBDB6ECD21FB5072FC'.

[606/1025] Beheeyem -> https://bulbapedia.bulbagarden.net/wiki/Beheeyem_(Pokémon)
  ERROR scraping Beheeyem: Attempted to use detached Frame '026D63CE6C3253BBDB6ECD21FB5072FC'.

[607/1025] Litwick -> https://bulbapedia.bulbagarden.net/wiki/Litwick_(Pokémon)
  ERROR scraping Litwick: Attempted to use detached Frame '026D63CE6C3253BBDB6ECD21FB5072FC'.

[608/1025] Lampent -> https://bulbapedia.bulbagarden.net/wiki/Lampent_(Pokémon)
  ERROR scraping Lampent: Attempted to use detached Frame '026D63CE6C3253BBDB6ECD21FB5072FC'.

[609/1025] Chandelure -> https://bulbapedia.bulbagarden.net/wiki/Chandelure_(Pokémon)
  ERROR scraping Chandelure: Attempted to use detached Frame '026D63CE6C3253BBDB6ECD21FB5072FC'.

[610/1025] Axew -> https://bulbapedia.bulbagarden.net/wiki/Axew_(Pokémon)
  ERROR scraping Axew: Attempted to use detached Frame '026D63CE6C3253BBDB6ECD21FB5072FC'.

[611/1025] Fraxure -> https://bulbapedia.bulbagarden.net/wiki/Fraxure_(Pokémon)
  ERROR scraping Fraxure: Attempted to use detached Frame '026D63CE6C3253BBDB6ECD21FB5072FC'.

[612/1025] Haxorus -> https://bulbapedia.bulbagarden.net/wiki/Haxorus_(Pokémon)
  ERROR scraping Haxorus: Attempted to use detached Frame '026D63CE6C3253BBDB6ECD21FB5072FC'.

[613/1025] Cubchoo -> https://bulbapedia.bulbagarden.net/wiki/Cubchoo_(Pokémon)
  ERROR scraping Cubchoo: Attempted to use detached Frame '026D63CE6C3253BBDB6ECD21FB5072FC'.

[614/1025] Beartic -> https://bulbapedia.bulbagarden.net/wiki/Beartic_(Pokémon)
  ERROR scraping Beartic: Attempted to use detached Frame '026D63CE6C3253BBDB6ECD21FB5072FC'.

[615/1025] Cryogonal -> https://bulbapedia.bulbagarden.net/wiki/Cryogonal_(Pokémon)
  ERROR scraping Cryogonal: Attempted to use detached Frame '026D63CE6C3253BBDB6ECD21FB5072FC'.

[616/1025] Shelmet -> https://bulbapedia.bulbagarden.net/wiki/Shelmet_(Pokémon)
  ERROR scraping Shelmet: Attempted to use detached Frame '026D63CE6C3253BBDB6ECD21FB5072FC'.

[617/1025] Accelgor -> https://bulbapedia.bulbagarden.net/wiki/Accelgor_(Pokémon)
  ERROR scraping Accelgor: Attempted to use detached Frame '026D63CE6C3253BBDB6ECD21FB5072FC'.

[618/1025] Stunfisk -> https://bulbapedia.bulbagarden.net/wiki/Stunfisk_(Pokémon)
  ERROR scraping Stunfisk: Attempted to use detached Frame '026D63CE6C3253BBDB6ECD21FB5072FC'.

[619/1025] Mienfoo -> https://bulbapedia.bulbagarden.net/wiki/Mienfoo_(Pokémon)
  ERROR scraping Mienfoo: Attempted to use detached Frame '026D63CE6C3253BBDB6ECD21FB5072FC'.

[620/1025] Mienshao -> https://bulbapedia.bulbagarden.net/wiki/Mienshao_(Pokémon)
  ERROR scraping Mienshao: Attempted to use detached Frame '026D63CE6C3253BBDB6ECD21FB5072FC'.

[621/1025] Druddigon -> https://bulbapedia.bulbagarden.net/wiki/Druddigon_(Pokémon)
  ERROR scraping Druddigon: Attempted to use detached Frame '026D63CE6C3253BBDB6ECD21FB5072FC'.

[622/1025] Golett -> https://bulbapedia.bulbagarden.net/wiki/Golett_(Pokémon)
  ERROR scraping Golett: Attempted to use detached Frame '026D63CE6C3253BBDB6ECD21FB5072FC'.

[623/1025] Golurk -> https://bulbapedia.bulbagarden.net/wiki/Golurk_(Pokémon)
  ERROR scraping Golurk: Attempted to use detached Frame '026D63CE6C3253BBDB6ECD21FB5072FC'.

[624/1025] Pawniard -> https://bulbapedia.bulbagarden.net/wiki/Pawniard_(Pokémon)
  ERROR scraping Pawniard: Attempted to use detached Frame '026D63CE6C3253BBDB6ECD21FB5072FC'.

[625/1025] Bisharp -> https://bulbapedia.bulbagarden.net/wiki/Bisharp_(Pokémon)
  ERROR scraping Bisharp: Attempted to use detached Frame '026D63CE6C3253BBDB6ECD21FB5072FC'.

[626/1025] Bouffalant -> https://bulbapedia.bulbagarden.net/wiki/Bouffalant_(Pokémon)
  ERROR scraping Bouffalant: Attempted to use detached Frame '026D63CE6C3253BBDB6ECD21FB5072FC'.

[627/1025] Rufflet -> https://bulbapedia.bulbagarden.net/wiki/Rufflet_(Pokémon)
  ERROR scraping Rufflet: Attempted to use detached Frame '026D63CE6C3253BBDB6ECD21FB5072FC'.

[628/1025] Braviary -> https://bulbapedia.bulbagarden.net/wiki/Braviary_(Pokémon)
  ERROR scraping Braviary: Attempted to use detached Frame '026D63CE6C3253BBDB6ECD21FB5072FC'.

[629/1025] Vullaby -> https://bulbapedia.bulbagarden.net/wiki/Vullaby_(Pokémon)
  ERROR scraping Vullaby: Attempted to use detached Frame '026D63CE6C3253BBDB6ECD21FB5072FC'.

[630/1025] Mandibuzz -> https://bulbapedia.bulbagarden.net/wiki/Mandibuzz_(Pokémon)
  ERROR scraping Mandibuzz: Attempted to use detached Frame '026D63CE6C3253BBDB6ECD21FB5072FC'.

[631/1025] Heatmor -> https://bulbapedia.bulbagarden.net/wiki/Heatmor_(Pokémon)
  ERROR scraping Heatmor: Attempted to use detached Frame '026D63CE6C3253BBDB6ECD21FB5072FC'.

[632/1025] Durant -> https://bulbapedia.bulbagarden.net/wiki/Durant_(Pokémon)
  ERROR scraping Durant: Attempted to use detached Frame '026D63CE6C3253BBDB6ECD21FB5072FC'.

[633/1025] Deino -> https://bulbapedia.bulbagarden.net/wiki/Deino_(Pokémon)
  ERROR scraping Deino: Attempted to use detached Frame '026D63CE6C3253BBDB6ECD21FB5072FC'.

[634/1025] Zweilous -> https://bulbapedia.bulbagarden.net/wiki/Zweilous_(Pokémon)
  ERROR scraping Zweilous: Attempted to use detached Frame '026D63CE6C3253BBDB6ECD21FB5072FC'.

[635/1025] Hydreigon -> https://bulbapedia.bulbagarden.net/wiki/Hydreigon_(Pokémon)
  ERROR scraping Hydreigon: Attempted to use detached Frame '026D63CE6C3253BBDB6ECD21FB5072FC'.

[636/1025] Larvesta -> https://bulbapedia.bulbagarden.net/wiki/Larvesta_(Pokémon)
  ERROR scraping Larvesta: Attempted to use detached Frame '026D63CE6C3253BBDB6ECD21FB5072FC'.

[637/1025] Volcarona -> https://bulbapedia.bulbagarden.net/wiki/Volcarona_(Pokémon)
  ERROR scraping Volcarona: Attempted to use detached Frame '026D63CE6C3253BBDB6ECD21FB5072FC'.

[638/1025] Cobalion -> https://bulbapedia.bulbagarden.net/wiki/Cobalion_(Pokémon)
  ERROR scraping Cobalion: Attempted to use detached Frame '026D63CE6C3253BBDB6ECD21FB5072FC'.

[639/1025] Terrakion -> https://bulbapedia.bulbagarden.net/wiki/Terrakion_(Pokémon)
  ERROR scraping Terrakion: Attempted to use detached Frame '026D63CE6C3253BBDB6ECD21FB5072FC'.

[640/1025] Virizion -> https://bulbapedia.bulbagarden.net/wiki/Virizion_(Pokémon)
  ERROR scraping Virizion: Attempted to use detached Frame '026D63CE6C3253BBDB6ECD21FB5072FC'.

[641/1025] Tornadus -> https://bulbapedia.bulbagarden.net/wiki/Tornadus_(Pokémon)
  ERROR scraping Tornadus: Attempted to use detached Frame '026D63CE6C3253BBDB6ECD21FB5072FC'.

[642/1025] Thundurus -> https://bulbapedia.bulbagarden.net/wiki/Thundurus_(Pokémon)
  ERROR scraping Thundurus: Attempted to use detached Frame '026D63CE6C3253BBDB6ECD21FB5072FC'.

[643/1025] Reshiram -> https://bulbapedia.bulbagarden.net/wiki/Reshiram_(Pokémon)
  ERROR scraping Reshiram: Attempted to use detached Frame '026D63CE6C3253BBDB6ECD21FB5072FC'.

[644/1025] Zekrom -> https://bulbapedia.bulbagarden.net/wiki/Zekrom_(Pokémon)
  ERROR scraping Zekrom: Attempted to use detached Frame '026D63CE6C3253BBDB6ECD21FB5072FC'.

[645/1025] Landorus -> https://bulbapedia.bulbagarden.net/wiki/Landorus_(Pokémon)
  ERROR scraping Landorus: Attempted to use detached Frame '026D63CE6C3253BBDB6ECD21FB5072FC'.

[646/1025] Kyurem -> https://bulbapedia.bulbagarden.net/wiki/Kyurem_(Pokémon)
  ERROR scraping Kyurem: Attempted to use detached Frame '026D63CE6C3253BBDB6ECD21FB5072FC'.

[647/1025] Keldeo -> https://bulbapedia.bulbagarden.net/wiki/Keldeo_(Pokémon)
  ERROR scraping Keldeo: Attempted to use detached Frame '026D63CE6C3253BBDB6ECD21FB5072FC'.

[648/1025] Meloetta -> https://bulbapedia.bulbagarden.net/wiki/Meloetta_(Pokémon)
  ERROR scraping Meloetta: Attempted to use detached Frame '026D63CE6C3253BBDB6ECD21FB5072FC'.

[649/1025] Genesect -> https://bulbapedia.bulbagarden.net/wiki/Genesect_(Pokémon)
  ERROR scraping Genesect: Attempted to use detached Frame '026D63CE6C3253BBDB6ECD21FB5072FC'.

[650/1025] Chespin -> https://bulbapedia.bulbagarden.net/wiki/Chespin_(Pokémon)
  ERROR scraping Chespin: Attempted to use detached Frame '026D63CE6C3253BBDB6ECD21FB5072FC'.

[651/1025] Quilladin -> https://bulbapedia.bulbagarden.net/wiki/Quilladin_(Pokémon)
  ERROR scraping Quilladin: Attempted to use detached Frame '026D63CE6C3253BBDB6ECD21FB5072FC'.

[652/1025] Chesnaught -> https://bulbapedia.bulbagarden.net/wiki/Chesnaught_(Pokémon)
  ERROR scraping Chesnaught: Attempted to use detached Frame '026D63CE6C3253BBDB6ECD21FB5072FC'.

[653/1025] Fennekin -> https://bulbapedia.bulbagarden.net/wiki/Fennekin_(Pokémon)
  ERROR scraping Fennekin: Attempted to use detached Frame '026D63CE6C3253BBDB6ECD21FB5072FC'.

[654/1025] Braixen -> https://bulbapedia.bulbagarden.net/wiki/Braixen_(Pokémon)
  ERROR scraping Braixen: Attempted to use detached Frame '026D63CE6C3253BBDB6ECD21FB5072FC'.

[655/1025] Delphox -> https://bulbapedia.bulbagarden.net/wiki/Delphox_(Pokémon)
  ERROR scraping Delphox: Attempted to use detached Frame '026D63CE6C3253BBDB6ECD21FB5072FC'.

[656/1025] Froakie -> https://bulbapedia.bulbagarden.net/wiki/Froakie_(Pokémon)
  ERROR scraping Froakie: Attempted to use detached Frame '026D63CE6C3253BBDB6ECD21FB5072FC'.

[657/1025] Frogadier -> https://bulbapedia.bulbagarden.net/wiki/Frogadier_(Pokémon)
  ERROR scraping Frogadier: Attempted to use detached Frame '026D63CE6C3253BBDB6ECD21FB5072FC'.

[658/1025] Greninja -> https://bulbapedia.bulbagarden.net/wiki/Greninja_(Pokémon)
  ERROR scraping Greninja: Attempted to use detached Frame '026D63CE6C3253BBDB6ECD21FB5072FC'.

[659/1025] Bunnelby -> https://bulbapedia.bulbagarden.net/wiki/Bunnelby_(Pokémon)
  ERROR scraping Bunnelby: Attempted to use detached Frame '026D63CE6C3253BBDB6ECD21FB5072FC'.

[660/1025] Diggersby -> https://bulbapedia.bulbagarden.net/wiki/Diggersby_(Pokémon)
  ERROR scraping Diggersby: Attempted to use detached Frame '026D63CE6C3253BBDB6ECD21FB5072FC'.

[661/1025] Fletchling -> https://bulbapedia.bulbagarden.net/wiki/Fletchling_(Pokémon)
  ERROR scraping Fletchling: Attempted to use detached Frame '026D63CE6C3253BBDB6ECD21FB5072FC'.

[662/1025] Fletchinder -> https://bulbapedia.bulbagarden.net/wiki/Fletchinder_(Pokémon)
  ERROR scraping Fletchinder: Attempted to use detached Frame '026D63CE6C3253BBDB6ECD21FB5072FC'.

[663/1025] Talonflame -> https://bulbapedia.bulbagarden.net/wiki/Talonflame_(Pokémon)
  ERROR scraping Talonflame: Attempted to use detached Frame '026D63CE6C3253BBDB6ECD21FB5072FC'.

[664/1025] Scatter -> https://bulbapedia.bulbagarden.net/wiki/Scatter_(Pokémon)
  ERROR scraping Scatter: Attempted to use detached Frame '026D63CE6C3253BBDB6ECD21FB5072FC'.

[665/1025] Spewpa -> https://bulbapedia.bulbagarden.net/wiki/Spewpa_(Pokémon)
  ERROR scraping Spewpa: Attempted to use detached Frame '026D63CE6C3253BBDB6ECD21FB5072FC'.

[666/1025] Vivillon -> https://bulbapedia.bulbagarden.net/wiki/Vivillon_(Pokémon)
  ERROR scraping Vivillon: Attempted to use detached Frame '026D63CE6C3253BBDB6ECD21FB5072FC'.

[667/1025] Litleo -> https://bulbapedia.bulbagarden.net/wiki/Litleo_(Pokémon)
  ERROR scraping Litleo: Attempted to use detached Frame '026D63CE6C3253BBDB6ECD21FB5072FC'.

[668/1025] Pyroar -> https://bulbapedia.bulbagarden.net/wiki/Pyroar_(Pokémon)
  ERROR scraping Pyroar: Attempted to use detached Frame '026D63CE6C3253BBDB6ECD21FB5072FC'.

[669/1025] Flabébé -> https://bulbapedia.bulbagarden.net/wiki/Flab%C3%A9b%C3%A9_(Pokémon)
  ERROR scraping Flabébé: Attempted to use detached Frame '026D63CE6C3253BBDB6ECD21FB5072FC'.

[670/1025] Floette -> https://bulbapedia.bulbagarden.net/wiki/Floette_(Pokémon)
  ERROR scraping Floette: Attempted to use detached Frame '026D63CE6C3253BBDB6ECD21FB5072FC'.

[671/1025] Florges -> https://bulbapedia.bulbagarden.net/wiki/Florges_(Pokémon)
  ERROR scraping Florges: Attempted to use detached Frame '026D63CE6C3253BBDB6ECD21FB5072FC'.

[672/1025] Skiddo -> https://bulbapedia.bulbagarden.net/wiki/Skiddo_(Pokémon)
  ERROR scraping Skiddo: Attempted to use detached Frame '026D63CE6C3253BBDB6ECD21FB5072FC'.

[673/1025] Gogoat -> https://bulbapedia.bulbagarden.net/wiki/Gogoat_(Pokémon)
  ERROR scraping Gogoat: Attempted to use detached Frame '026D63CE6C3253BBDB6ECD21FB5072FC'.

[674/1025] Pancham -> https://bulbapedia.bulbagarden.net/wiki/Pancham_(Pokémon)
  ERROR scraping Pancham: Attempted to use detached Frame '026D63CE6C3253BBDB6ECD21FB5072FC'.

[675/1025] Pangoro -> https://bulbapedia.bulbagarden.net/wiki/Pangoro_(Pokémon)
  ERROR scraping Pangoro: Attempted to use detached Frame '026D63CE6C3253BBDB6ECD21FB5072FC'.

[676/1025] Furfrou -> https://bulbapedia.bulbagarden.net/wiki/Furfrou_(Pokémon)
  ERROR scraping Furfrou: Attempted to use detached Frame '026D63CE6C3253BBDB6ECD21FB5072FC'.

[677/1025] Espurr -> https://bulbapedia.bulbagarden.net/wiki/Espurr_(Pokémon)
  ERROR scraping Espurr: Attempted to use detached Frame '026D63CE6C3253BBDB6ECD21FB5072FC'.

[678/1025] Meowstic -> https://bulbapedia.bulbagarden.net/wiki/Meowstic_(Pokémon)
  ERROR scraping Meowstic: Attempted to use detached Frame '026D63CE6C3253BBDB6ECD21FB5072FC'.

[679/1025] Honedge -> https://bulbapedia.bulbagarden.net/wiki/Honedge_(Pokémon)
  ERROR scraping Honedge: Attempted to use detached Frame '026D63CE6C3253BBDB6ECD21FB5072FC'.

[680/1025] Doublade -> https://bulbapedia.bulbagarden.net/wiki/Doublade_(Pokémon)
  ERROR scraping Doublade: Attempted to use detached Frame '026D63CE6C3253BBDB6ECD21FB5072FC'.

[681/1025] Aegislash -> https://bulbapedia.bulbagarden.net/wiki/Aegislash_(Pokémon)
  ERROR scraping Aegislash: Attempted to use detached Frame '026D63CE6C3253BBDB6ECD21FB5072FC'.

[682/1025] Spritzee -> https://bulbapedia.bulbagarden.net/wiki/Spritzee_(Pokémon)
  ERROR scraping Spritzee: Attempted to use detached Frame '026D63CE6C3253BBDB6ECD21FB5072FC'.

[683/1025] Aromatisse -> https://bulbapedia.bulbagarden.net/wiki/Aromatisse_(Pokémon)
  ERROR scraping Aromatisse: Attempted to use detached Frame '026D63CE6C3253BBDB6ECD21FB5072FC'.

[684/1025] Swirlix -> https://bulbapedia.bulbagarden.net/wiki/Swirlix_(Pokémon)
  ERROR scraping Swirlix: Attempted to use detached Frame '026D63CE6C3253BBDB6ECD21FB5072FC'.

[685/1025] Slurpuff -> https://bulbapedia.bulbagarden.net/wiki/Slurpuff_(Pokémon)
  ERROR scraping Slurpuff: Attempted to use detached Frame '026D63CE6C3253BBDB6ECD21FB5072FC'.

[686/1025] Inkay -> https://bulbapedia.bulbagarden.net/wiki/Inkay_(Pokémon)
  ERROR scraping Inkay: Attempted to use detached Frame '026D63CE6C3253BBDB6ECD21FB5072FC'.

[687/1025] Malamar -> https://bulbapedia.bulbagarden.net/wiki/Malamar_(Pokémon)
  ERROR scraping Malamar: Attempted to use detached Frame '026D63CE6C3253BBDB6ECD21FB5072FC'.

[688/1025] Binacle -> https://bulbapedia.bulbagarden.net/wiki/Binacle_(Pokémon)
  ERROR scraping Binacle: Attempted to use detached Frame '026D63CE6C3253BBDB6ECD21FB5072FC'.

[689/1025] Barbaracle -> https://bulbapedia.bulbagarden.net/wiki/Barbaracle_(Pokémon)
  ERROR scraping Barbaracle: Attempted to use detached Frame '026D63CE6C3253BBDB6ECD21FB5072FC'.

[690/1025] Skrelp -> https://bulbapedia.bulbagarden.net/wiki/Skrelp_(Pokémon)
  ERROR scraping Skrelp: Attempted to use detached Frame '026D63CE6C3253BBDB6ECD21FB5072FC'.

[691/1025] Dragalge -> https://bulbapedia.bulbagarden.net/wiki/Dragalge_(Pokémon)
  ERROR scraping Dragalge: Attempted to use detached Frame '026D63CE6C3253BBDB6ECD21FB5072FC'.

[692/1025] Clauncher -> https://bulbapedia.bulbagarden.net/wiki/Clauncher_(Pokémon)
  ERROR scraping Clauncher: Attempted to use detached Frame '026D63CE6C3253BBDB6ECD21FB5072FC'.

[693/1025] Clawitzer -> https://bulbapedia.bulbagarden.net/wiki/Clawitzer_(Pokémon)
  ERROR scraping Clawitzer: Attempted to use detached Frame '026D63CE6C3253BBDB6ECD21FB5072FC'.

[694/1025] Helioptile -> https://bulbapedia.bulbagarden.net/wiki/Helioptile_(Pokémon)
  ERROR scraping Helioptile: Attempted to use detached Frame '026D63CE6C3253BBDB6ECD21FB5072FC'.

[695/1025] Heliolisk -> https://bulbapedia.bulbagarden.net/wiki/Heliolisk_(Pokémon)
  ERROR scraping Heliolisk: Attempted to use detached Frame '026D63CE6C3253BBDB6ECD21FB5072FC'.

[696/1025] Tyrunt -> https://bulbapedia.bulbagarden.net/wiki/Tyrunt_(Pokémon)
  ERROR scraping Tyrunt: Attempted to use detached Frame '026D63CE6C3253BBDB6ECD21FB5072FC'.

[697/1025] Tyrantrum -> https://bulbapedia.bulbagarden.net/wiki/Tyrantrum_(Pokémon)
  ERROR scraping Tyrantrum: Attempted to use detached Frame '026D63CE6C3253BBDB6ECD21FB5072FC'.

[698/1025] Amaura -> https://bulbapedia.bulbagarden.net/wiki/Amaura_(Pokémon)
  ERROR scraping Amaura: Attempted to use detached Frame '026D63CE6C3253BBDB6ECD21FB5072FC'.

[699/1025] Aurorus -> https://bulbapedia.bulbagarden.net/wiki/Aurorus_(Pokémon)
  ERROR scraping Aurorus: Attempted to use detached Frame '026D63CE6C3253BBDB6ECD21FB5072FC'.

[700/1025] Sylveon -> https://bulbapedia.bulbagarden.net/wiki/Sylveon_(Pokémon)
  ERROR scraping Sylveon: Attempted to use detached Frame '026D63CE6C3253BBDB6ECD21FB5072FC'.

[701/1025] Hawlucha -> https://bulbapedia.bulbagarden.net/wiki/Hawlucha_(Pokémon)
  ERROR scraping Hawlucha: Attempted to use detached Frame '026D63CE6C3253BBDB6ECD21FB5072FC'.

[702/1025] Dedenne -> https://bulbapedia.bulbagarden.net/wiki/Dedenne_(Pokémon)
  ERROR scraping Dedenne: Attempted to use detached Frame '026D63CE6C3253BBDB6ECD21FB5072FC'.

[703/1025] Carbink -> https://bulbapedia.bulbagarden.net/wiki/Carbink_(Pokémon)
  ERROR scraping Carbink: Attempted to use detached Frame '026D63CE6C3253BBDB6ECD21FB5072FC'.

[704/1025] Goomy -> https://bulbapedia.bulbagarden.net/wiki/Goomy_(Pokémon)
  ERROR scraping Goomy: Attempted to use detached Frame '026D63CE6C3253BBDB6ECD21FB5072FC'.

[705/1025] Sliggoo -> https://bulbapedia.bulbagarden.net/wiki/Sliggoo_(Pokémon)
  ERROR scraping Sliggoo: Attempted to use detached Frame '026D63CE6C3253BBDB6ECD21FB5072FC'.

[706/1025] Goodra -> https://bulbapedia.bulbagarden.net/wiki/Goodra_(Pokémon)
  ERROR scraping Goodra: Attempted to use detached Frame '026D63CE6C3253BBDB6ECD21FB5072FC'.

[707/1025] Klefki -> https://bulbapedia.bulbagarden.net/wiki/Klefki_(Pokémon)
  ERROR scraping Klefki: Attempted to use detached Frame '026D63CE6C3253BBDB6ECD21FB5072FC'.

[708/1025] Phantump -> https://bulbapedia.bulbagarden.net/wiki/Phantump_(Pokémon)
  ERROR scraping Phantump: Attempted to use detached Frame '026D63CE6C3253BBDB6ECD21FB5072FC'.

[709/1025] Trevenant -> https://bulbapedia.bulbagarden.net/wiki/Trevenant_(Pokémon)
  ERROR scraping Trevenant: Attempted to use detached Frame '026D63CE6C3253BBDB6ECD21FB5072FC'.

[710/1025] Pumpkaboo -> https://bulbapedia.bulbagarden.net/wiki/Pumpkaboo_(Pokémon)
  ERROR scraping Pumpkaboo: Attempted to use detached Frame '026D63CE6C3253BBDB6ECD21FB5072FC'.

[711/1025] Gourgeist -> https://bulbapedia.bulbagarden.net/wiki/Gourgeist_(Pokémon)
  ERROR scraping Gourgeist: Attempted to use detached Frame '026D63CE6C3253BBDB6ECD21FB5072FC'.

[712/1025] Bergmite -> https://bulbapedia.bulbagarden.net/wiki/Bergmite_(Pokémon)
  ERROR scraping Bergmite: Attempted to use detached Frame '026D63CE6C3253BBDB6ECD21FB5072FC'.

[713/1025] Avalugg -> https://bulbapedia.bulbagarden.net/wiki/Avalugg_(Pokémon)
  ERROR scraping Avalugg: Attempted to use detached Frame '026D63CE6C3253BBDB6ECD21FB5072FC'.

[714/1025] Noibat -> https://bulbapedia.bulbagarden.net/wiki/Noibat_(Pokémon)
  ERROR scraping Noibat: Attempted to use detached Frame '026D63CE6C3253BBDB6ECD21FB5072FC'.

[715/1025] Noivern -> https://bulbapedia.bulbagarden.net/wiki/Noivern_(Pokémon)
  ERROR scraping Noivern: Attempted to use detached Frame '026D63CE6C3253BBDB6ECD21FB5072FC'.

[716/1025] Xerneas -> https://bulbapedia.bulbagarden.net/wiki/Xerneas_(Pokémon)
  ERROR scraping Xerneas: Attempted to use detached Frame '026D63CE6C3253BBDB6ECD21FB5072FC'.

[717/1025] Yveltal -> https://bulbapedia.bulbagarden.net/wiki/Yveltal_(Pokémon)
  ERROR scraping Yveltal: Attempted to use detached Frame '026D63CE6C3253BBDB6ECD21FB5072FC'.

[718/1025] Zygarde -> https://bulbapedia.bulbagarden.net/wiki/Zygarde_(Pokémon)
  ERROR scraping Zygarde: Attempted to use detached Frame '026D63CE6C3253BBDB6ECD21FB5072FC'.

[719/1025] Diancie -> https://bulbapedia.bulbagarden.net/wiki/Diancie_(Pokémon)
  ERROR scraping Diancie: Attempted to use detached Frame '026D63CE6C3253BBDB6ECD21FB5072FC'.

[720/1025] Hoopa -> https://bulbapedia.bulbagarden.net/wiki/Hoopa_(Pokémon)
  ERROR scraping Hoopa: Attempted to use detached Frame '026D63CE6C3253BBDB6ECD21FB5072FC'.

[721/1025] Volcanion -> https://bulbapedia.bulbagarden.net/wiki/Volcanion_(Pokémon)
  ERROR scraping Volcanion: Attempted to use detached Frame '026D63CE6C3253BBDB6ECD21FB5072FC'.

[722/1025] Rowlet -> https://bulbapedia.bulbagarden.net/wiki/Rowlet_(Pokémon)
  ERROR scraping Rowlet: Attempted to use detached Frame '026D63CE6C3253BBDB6ECD21FB5072FC'.

[723/1025] Dartrix -> https://bulbapedia.bulbagarden.net/wiki/Dartrix_(Pokémon)
  ERROR scraping Dartrix: Attempted to use detached Frame '026D63CE6C3253BBDB6ECD21FB5072FC'.

[724/1025] Decidueye -> https://bulbapedia.bulbagarden.net/wiki/Decidueye_(Pokémon)
  ERROR scraping Decidueye: Attempted to use detached Frame '026D63CE6C3253BBDB6ECD21FB5072FC'.

[725/1025] Litten -> https://bulbapedia.bulbagarden.net/wiki/Litten_(Pokémon)
  ERROR scraping Litten: Attempted to use detached Frame '026D63CE6C3253BBDB6ECD21FB5072FC'.

[726/1025] Torracat -> https://bulbapedia.bulbagarden.net/wiki/Torracat_(Pokémon)
  ERROR scraping Torracat: Attempted to use detached Frame '026D63CE6C3253BBDB6ECD21FB5072FC'.

[727/1025] Incineroar -> https://bulbapedia.bulbagarden.net/wiki/Incineroar_(Pokémon)
  ERROR scraping Incineroar: Attempted to use detached Frame '026D63CE6C3253BBDB6ECD21FB5072FC'.

[728/1025] Popplio -> https://bulbapedia.bulbagarden.net/wiki/Popplio_(Pokémon)
  ERROR scraping Popplio: Attempted to use detached Frame '026D63CE6C3253BBDB6ECD21FB5072FC'.

[729/1025] Brionne -> https://bulbapedia.bulbagarden.net/wiki/Brionne_(Pokémon)
  ERROR scraping Brionne: Attempted to use detached Frame '026D63CE6C3253BBDB6ECD21FB5072FC'.

[730/1025] Primarina -> https://bulbapedia.bulbagarden.net/wiki/Primarina_(Pokémon)
  ERROR scraping Primarina: Attempted to use detached Frame '026D63CE6C3253BBDB6ECD21FB5072FC'.

[731/1025] Pikipek -> https://bulbapedia.bulbagarden.net/wiki/Pikipek_(Pokémon)
  ERROR scraping Pikipek: Attempted to use detached Frame '026D63CE6C3253BBDB6ECD21FB5072FC'.

[732/1025] Trumbeak -> https://bulbapedia.bulbagarden.net/wiki/Trumbeak_(Pokémon)
  ERROR scraping Trumbeak: Attempted to use detached Frame '026D63CE6C3253BBDB6ECD21FB5072FC'.

[733/1025] Toucannon -> https://bulbapedia.bulbagarden.net/wiki/Toucannon_(Pokémon)
  ERROR scraping Toucannon: Attempted to use detached Frame '026D63CE6C3253BBDB6ECD21FB5072FC'.

[734/1025] Yungoos -> https://bulbapedia.bulbagarden.net/wiki/Yungoos_(Pokémon)
  ERROR scraping Yungoos: Attempted to use detached Frame '026D63CE6C3253BBDB6ECD21FB5072FC'.

[735/1025] Gumshoos -> https://bulbapedia.bulbagarden.net/wiki/Gumshoos_(Pokémon)
  ERROR scraping Gumshoos: Attempted to use detached Frame '026D63CE6C3253BBDB6ECD21FB5072FC'.

[736/1025] Grubbin -> https://bulbapedia.bulbagarden.net/wiki/Grubbin_(Pokémon)
  ERROR scraping Grubbin: Attempted to use detached Frame '026D63CE6C3253BBDB6ECD21FB5072FC'.

[737/1025] Charjabug -> https://bulbapedia.bulbagarden.net/wiki/Charjabug_(Pokémon)
  ERROR scraping Charjabug: Attempted to use detached Frame '026D63CE6C3253BBDB6ECD21FB5072FC'.

[738/1025] Vikavolt -> https://bulbapedia.bulbagarden.net/wiki/Vikavolt_(Pokémon)
  ERROR scraping Vikavolt: Attempted to use detached Frame '026D63CE6C3253BBDB6ECD21FB5072FC'.

[739/1025] Crabrawler -> https://bulbapedia.bulbagarden.net/wiki/Crabrawler_(Pokémon)
  ERROR scraping Crabrawler: Attempted to use detached Frame '026D63CE6C3253BBDB6ECD21FB5072FC'.

[740/1025] Crabominable -> https://bulbapedia.bulbagarden.net/wiki/Crabominable_(Pokémon)
  ERROR scraping Crabominable: Attempted to use detached Frame '026D63CE6C3253BBDB6ECD21FB5072FC'.

[741/1025] Oricorio -> https://bulbapedia.bulbagarden.net/wiki/Oricorio_(Pokémon)
  ERROR scraping Oricorio: Attempted to use detached Frame '026D63CE6C3253BBDB6ECD21FB5072FC'.

[742/1025] Cutiefly -> https://bulbapedia.bulbagarden.net/wiki/Cutiefly_(Pokémon)
  ERROR scraping Cutiefly: Attempted to use detached Frame '026D63CE6C3253BBDB6ECD21FB5072FC'.

[743/1025] Ribombee -> https://bulbapedia.bulbagarden.net/wiki/Ribombee_(Pokémon)
  ERROR scraping Ribombee: Attempted to use detached Frame '026D63CE6C3253BBDB6ECD21FB5072FC'.

[744/1025] Rockruff -> https://bulbapedia.bulbagarden.net/wiki/Rockruff_(Pokémon)
  ERROR scraping Rockruff: Attempted to use detached Frame '026D63CE6C3253BBDB6ECD21FB5072FC'.

[745/1025] Lycanroc -> https://bulbapedia.bulbagarden.net/wiki/Lycanroc_(Pokémon)
  ERROR scraping Lycanroc: Attempted to use detached Frame '026D63CE6C3253BBDB6ECD21FB5072FC'.

[746/1025] Wishiwashi -> https://bulbapedia.bulbagarden.net/wiki/Wishiwashi_(Pokémon)
  ERROR scraping Wishiwashi: Attempted to use detached Frame '026D63CE6C3253BBDB6ECD21FB5072FC'.

[747/1025] Mareanie -> https://bulbapedia.bulbagarden.net/wiki/Mareanie_(Pokémon)
  ERROR scraping Mareanie: Attempted to use detached Frame '026D63CE6C3253BBDB6ECD21FB5072FC'.

[748/1025] Toxapex -> https://bulbapedia.bulbagarden.net/wiki/Toxapex_(Pokémon)
  ERROR scraping Toxapex: Attempted to use detached Frame '026D63CE6C3253BBDB6ECD21FB5072FC'.

[749/1025] Mudbray -> https://bulbapedia.bulbagarden.net/wiki/Mudbray_(Pokémon)
  ERROR scraping Mudbray: Attempted to use detached Frame '026D63CE6C3253BBDB6ECD21FB5072FC'.

[750/1025] Mudsdale -> https://bulbapedia.bulbagarden.net/wiki/Mudsdale_(Pokémon)
  ERROR scraping Mudsdale: Attempted to use detached Frame '026D63CE6C3253BBDB6ECD21FB5072FC'.

[751/1025] Dewpider -> https://bulbapedia.bulbagarden.net/wiki/Dewpider_(Pokémon)
  ERROR scraping Dewpider: Attempted to use detached Frame '026D63CE6C3253BBDB6ECD21FB5072FC'.

[752/1025] Araquanid -> https://bulbapedia.bulbagarden.net/wiki/Araquanid_(Pokémon)
  ERROR scraping Araquanid: Attempted to use detached Frame '026D63CE6C3253BBDB6ECD21FB5072FC'.

[753/1025] Fomantis -> https://bulbapedia.bulbagarden.net/wiki/Fomantis_(Pokémon)
  ERROR scraping Fomantis: Attempted to use detached Frame '026D63CE6C3253BBDB6ECD21FB5072FC'.

[754/1025] Lurantis -> https://bulbapedia.bulbagarden.net/wiki/Lurantis_(Pokémon)
  ERROR scraping Lurantis: Attempted to use detached Frame '026D63CE6C3253BBDB6ECD21FB5072FC'.

[755/1025] Morelull -> https://bulbapedia.bulbagarden.net/wiki/Morelull_(Pokémon)
  ERROR scraping Morelull: Attempted to use detached Frame '026D63CE6C3253BBDB6ECD21FB5072FC'.

[756/1025] Shiinotic -> https://bulbapedia.bulbagarden.net/wiki/Shiinotic_(Pokémon)
  ERROR scraping Shiinotic: Attempted to use detached Frame '026D63CE6C3253BBDB6ECD21FB5072FC'.

[757/1025] Salandit -> https://bulbapedia.bulbagarden.net/wiki/Salandit_(Pokémon)
  ERROR scraping Salandit: Attempted to use detached Frame '026D63CE6C3253BBDB6ECD21FB5072FC'.

[758/1025] Salazzle -> https://bulbapedia.bulbagarden.net/wiki/Salazzle_(Pokémon)
  ERROR scraping Salazzle: Attempted to use detached Frame '026D63CE6C3253BBDB6ECD21FB5072FC'.

[759/1025] Stufful -> https://bulbapedia.bulbagarden.net/wiki/Stufful_(Pokémon)
  ERROR scraping Stufful: Attempted to use detached Frame '026D63CE6C3253BBDB6ECD21FB5072FC'.

[760/1025] Bewear -> https://bulbapedia.bulbagarden.net/wiki/Bewear_(Pokémon)
  ERROR scraping Bewear: Attempted to use detached Frame '026D63CE6C3253BBDB6ECD21FB5072FC'.

[761/1025] Bounsweet -> https://bulbapedia.bulbagarden.net/wiki/Bounsweet_(Pokémon)
  ERROR scraping Bounsweet: Attempted to use detached Frame '026D63CE6C3253BBDB6ECD21FB5072FC'.

[762/1025] Steenee -> https://bulbapedia.bulbagarden.net/wiki/Steenee_(Pokémon)
  ERROR scraping Steenee: Attempted to use detached Frame '026D63CE6C3253BBDB6ECD21FB5072FC'.

[763/1025] Tsareena -> https://bulbapedia.bulbagarden.net/wiki/Tsareena_(Pokémon)
  ERROR scraping Tsareena: Attempted to use detached Frame '026D63CE6C3253BBDB6ECD21FB5072FC'.

[764/1025] Comfey -> https://bulbapedia.bulbagarden.net/wiki/Comfey_(Pokémon)
  ERROR scraping Comfey: Attempted to use detached Frame '026D63CE6C3253BBDB6ECD21FB5072FC'.

[765/1025] Oranguru -> https://bulbapedia.bulbagarden.net/wiki/Oranguru_(Pokémon)
  ERROR scraping Oranguru: Attempted to use detached Frame '026D63CE6C3253BBDB6ECD21FB5072FC'.

[766/1025] Passimian -> https://bulbapedia.bulbagarden.net/wiki/Passimian_(Pokémon)
  ERROR scraping Passimian: Attempted to use detached Frame '026D63CE6C3253BBDB6ECD21FB5072FC'.

[767/1025] Wimpod -> https://bulbapedia.bulbagarden.net/wiki/Wimpod_(Pokémon)
  ERROR scraping Wimpod: Attempted to use detached Frame '026D63CE6C3253BBDB6ECD21FB5072FC'.

[768/1025] Golisopod -> https://bulbapedia.bulbagarden.net/wiki/Golisopod_(Pokémon)
  ERROR scraping Golisopod: Attempted to use detached Frame '026D63CE6C3253BBDB6ECD21FB5072FC'.

[769/1025] Sandygast -> https://bulbapedia.bulbagarden.net/wiki/Sandygast_(Pokémon)
  ERROR scraping Sandygast: Attempted to use detached Frame '026D63CE6C3253BBDB6ECD21FB5072FC'.

[770/1025] Palossand -> https://bulbapedia.bulbagarden.net/wiki/Palossand_(Pokémon)
  ERROR scraping Palossand: Attempted to use detached Frame '026D63CE6C3253BBDB6ECD21FB5072FC'.

[771/1025] Pyukumuku -> https://bulbapedia.bulbagarden.net/wiki/Pyukumuku_(Pokémon)
  ERROR scraping Pyukumuku: Attempted to use detached Frame '026D63CE6C3253BBDB6ECD21FB5072FC'.

[772/1025] Type: Null -> https://bulbapedia.bulbagarden.net/wiki/Type%3A%20Null_(Pokémon)
  ERROR scraping Type: Null: Attempted to use detached Frame '026D63CE6C3253BBDB6ECD21FB5072FC'.

[773/1025] Silvally -> https://bulbapedia.bulbagarden.net/wiki/Silvally_(Pokémon)
  ERROR scraping Silvally: Attempted to use detached Frame '026D63CE6C3253BBDB6ECD21FB5072FC'.

[774/1025] Minior -> https://bulbapedia.bulbagarden.net/wiki/Minior_(Pokémon)
  ERROR scraping Minior: Attempted to use detached Frame '026D63CE6C3253BBDB6ECD21FB5072FC'.

[775/1025] Komala -> https://bulbapedia.bulbagarden.net/wiki/Komala_(Pokémon)
  ERROR scraping Komala: Attempted to use detached Frame '026D63CE6C3253BBDB6ECD21FB5072FC'.

[776/1025] Turtonator -> https://bulbapedia.bulbagarden.net/wiki/Turtonator_(Pokémon)
  ERROR scraping Turtonator: Attempted to use detached Frame '026D63CE6C3253BBDB6ECD21FB5072FC'.

[777/1025] Togedemaru -> https://bulbapedia.bulbagarden.net/wiki/Togedemaru_(Pokémon)
  ERROR scraping Togedemaru: Attempted to use detached Frame '026D63CE6C3253BBDB6ECD21FB5072FC'.

[778/1025] Mimikyu -> https://bulbapedia.bulbagarden.net/wiki/Mimikyu_(Pokémon)
  ERROR scraping Mimikyu: Attempted to use detached Frame '026D63CE6C3253BBDB6ECD21FB5072FC'.

[779/1025] Bruxish -> https://bulbapedia.bulbagarden.net/wiki/Bruxish_(Pokémon)
  ERROR scraping Bruxish: Attempted to use detached Frame '026D63CE6C3253BBDB6ECD21FB5072FC'.

[780/1025] Drampa -> https://bulbapedia.bulbagarden.net/wiki/Drampa_(Pokémon)
  ERROR scraping Drampa: Attempted to use detached Frame '026D63CE6C3253BBDB6ECD21FB5072FC'.

[781/1025] Dhelmise -> https://bulbapedia.bulbagarden.net/wiki/Dhelmise_(Pokémon)
  ERROR scraping Dhelmise: Attempted to use detached Frame '026D63CE6C3253BBDB6ECD21FB5072FC'.

[782/1025] Jangmo-o -> https://bulbapedia.bulbagarden.net/wiki/Jangmo-o_(Pokémon)
  ERROR scraping Jangmo-o: Attempted to use detached Frame '026D63CE6C3253BBDB6ECD21FB5072FC'.

[783/1025] Hakamo-o -> https://bulbapedia.bulbagarden.net/wiki/Hakamo-o_(Pokémon)
  ERROR scraping Hakamo-o: Attempted to use detached Frame '026D63CE6C3253BBDB6ECD21FB5072FC'.

[784/1025] Kommo-o -> https://bulbapedia.bulbagarden.net/wiki/Kommo-o_(Pokémon)
  ERROR scraping Kommo-o: Attempted to use detached Frame '026D63CE6C3253BBDB6ECD21FB5072FC'.

[785/1025] Tapu Koko -> https://bulbapedia.bulbagarden.net/wiki/Tapu%20Koko_(Pokémon)
  ERROR scraping Tapu Koko: Attempted to use detached Frame '026D63CE6C3253BBDB6ECD21FB5072FC'.

[786/1025] Tapu Lele -> https://bulbapedia.bulbagarden.net/wiki/Tapu%20Lele_(Pokémon)
  ERROR scraping Tapu Lele: Attempted to use detached Frame '026D63CE6C3253BBDB6ECD21FB5072FC'.

[787/1025] Tapu Bulu -> https://bulbapedia.bulbagarden.net/wiki/Tapu%20Bulu_(Pokémon)
  ERROR scraping Tapu Bulu: Attempted to use detached Frame '026D63CE6C3253BBDB6ECD21FB5072FC'.

[788/1025] Tapu Fini -> https://bulbapedia.bulbagarden.net/wiki/Tapu%20Fini_(Pokémon)
  ERROR scraping Tapu Fini: Attempted to use detached Frame '026D63CE6C3253BBDB6ECD21FB5072FC'.

[789/1025] Cosmog -> https://bulbapedia.bulbagarden.net/wiki/Cosmog_(Pokémon)
  ERROR scraping Cosmog: Attempted to use detached Frame '026D63CE6C3253BBDB6ECD21FB5072FC'.

[790/1025] Cosmoem -> https://bulbapedia.bulbagarden.net/wiki/Cosmoem_(Pokémon)
  ERROR scraping Cosmoem: Attempted to use detached Frame '026D63CE6C3253BBDB6ECD21FB5072FC'.

[791/1025] Solgaleo -> https://bulbapedia.bulbagarden.net/wiki/Solgaleo_(Pokémon)
  ERROR scraping Solgaleo: Attempted to use detached Frame '026D63CE6C3253BBDB6ECD21FB5072FC'.

[792/1025] Lunala -> https://bulbapedia.bulbagarden.net/wiki/Lunala_(Pokémon)
  ERROR scraping Lunala: Attempted to use detached Frame '026D63CE6C3253BBDB6ECD21FB5072FC'.

[793/1025] Nihilego -> https://bulbapedia.bulbagarden.net/wiki/Nihilego_(Pokémon)
  ERROR scraping Nihilego: Attempted to use detached Frame '026D63CE6C3253BBDB6ECD21FB5072FC'.

[794/1025] Buzzwole -> https://bulbapedia.bulbagarden.net/wiki/Buzzwole_(Pokémon)
  ERROR scraping Buzzwole: Attempted to use detached Frame '026D63CE6C3253BBDB6ECD21FB5072FC'.

[795/1025] Pheromosa -> https://bulbapedia.bulbagarden.net/wiki/Pheromosa_(Pokémon)
  ERROR scraping Pheromosa: Attempted to use detached Frame '026D63CE6C3253BBDB6ECD21FB5072FC'.

[796/1025] Xurkitree -> https://bulbapedia.bulbagarden.net/wiki/Xurkitree_(Pokémon)
  ERROR scraping Xurkitree: Attempted to use detached Frame '026D63CE6C3253BBDB6ECD21FB5072FC'.

[797/1025] Cele Steela -> https://bulbapedia.bulbagarden.net/wiki/Cele%20Steela_(Pokémon)
  ERROR scraping Cele Steela: Attempted to use detached Frame '026D63CE6C3253BBDB6ECD21FB5072FC'.

[798/1025] Kartana -> https://bulbapedia.bulbagarden.net/wiki/Kartana_(Pokémon)
  ERROR scraping Kartana: Attempted to use detached Frame '026D63CE6C3253BBDB6ECD21FB5072FC'.

[799/1025] Guzzlord -> https://bulbapedia.bulbagarden.net/wiki/Guzzlord_(Pokémon)
  ERROR scraping Guzzlord: Attempted to use detached Frame '026D63CE6C3253BBDB6ECD21FB5072FC'.

[800/1025] Necrozma -> https://bulbapedia.bulbagarden.net/wiki/Necrozma_(Pokémon)
  ERROR scraping Necrozma: Attempted to use detached Frame '026D63CE6C3253BBDB6ECD21FB5072FC'.

[801/1025] Magearna -> https://bulbapedia.bulbagarden.net/wiki/Magearna_(Pokémon)
  ERROR scraping Magearna: Attempted to use detached Frame '026D63CE6C3253BBDB6ECD21FB5072FC'.

[802/1025] Marshadow -> https://bulbapedia.bulbagarden.net/wiki/Marshadow_(Pokémon)
  ERROR scraping Marshadow: Attempted to use detached Frame '026D63CE6C3253BBDB6ECD21FB5072FC'.

[803/1025] Poipole -> https://bulbapedia.bulbagarden.net/wiki/Poipole_(Pokémon)
  ERROR scraping Poipole: Attempted to use detached Frame '026D63CE6C3253BBDB6ECD21FB5072FC'.

[804/1025] Naganadel -> https://bulbapedia.bulbagarden.net/wiki/Naganadel_(Pokémon)
  ERROR scraping Naganadel: Attempted to use detached Frame '026D63CE6C3253BBDB6ECD21FB5072FC'.

[805/1025] Stakataka -> https://bulbapedia.bulbagarden.net/wiki/Stakataka_(Pokémon)
  ERROR scraping Stakataka: Attempted to use detached Frame '026D63CE6C3253BBDB6ECD21FB5072FC'.

[806/1025] Blacephalon -> https://bulbapedia.bulbagarden.net/wiki/Blacephalon_(Pokémon)
  ERROR scraping Blacephalon: Attempted to use detached Frame '026D63CE6C3253BBDB6ECD21FB5072FC'.

[807/1025] Zeraora -> https://bulbapedia.bulbagarden.net/wiki/Zeraora_(Pokémon)
  ERROR scraping Zeraora: Attempted to use detached Frame '026D63CE6C3253BBDB6ECD21FB5072FC'.

[808/1025] Meltan -> https://bulbapedia.bulbagarden.net/wiki/Meltan_(Pokémon)
  ERROR scraping Meltan: Attempted to use detached Frame '026D63CE6C3253BBDB6ECD21FB5072FC'.

[809/1025] Melmetal -> https://bulbapedia.bulbagarden.net/wiki/Melmetal_(Pokémon)
  ERROR scraping Melmetal: Attempted to use detached Frame '026D63CE6C3253BBDB6ECD21FB5072FC'.

[810/1025] Grookey -> https://bulbapedia.bulbagarden.net/wiki/Grookey_(Pokémon)
  ERROR scraping Grookey: Attempted to use detached Frame '026D63CE6C3253BBDB6ECD21FB5072FC'.

[811/1025] Thwackey -> https://bulbapedia.bulbagarden.net/wiki/Thwackey_(Pokémon)
  ERROR scraping Thwackey: Attempted to use detached Frame '026D63CE6C3253BBDB6ECD21FB5072FC'.

[812/1025] Rillaboom -> https://bulbapedia.bulbagarden.net/wiki/Rillaboom_(Pokémon)
  ERROR scraping Rillaboom: Attempted to use detached Frame '026D63CE6C3253BBDB6ECD21FB5072FC'.

[813/1025] Scorbunny -> https://bulbapedia.bulbagarden.net/wiki/Scorbunny_(Pokémon)
  ERROR scraping Scorbunny: Attempted to use detached Frame '026D63CE6C3253BBDB6ECD21FB5072FC'.

[814/1025] Raboot -> https://bulbapedia.bulbagarden.net/wiki/Raboot_(Pokémon)
  ERROR scraping Raboot: Attempted to use detached Frame '026D63CE6C3253BBDB6ECD21FB5072FC'.

[815/1025] Cinderace -> https://bulbapedia.bulbagarden.net/wiki/Cinderace_(Pokémon)
  ERROR scraping Cinderace: Attempted to use detached Frame '026D63CE6C3253BBDB6ECD21FB5072FC'.

[816/1025] Sobble -> https://bulbapedia.bulbagarden.net/wiki/Sobble_(Pokémon)
  ERROR scraping Sobble: Attempted to use detached Frame '026D63CE6C3253BBDB6ECD21FB5072FC'.

[817/1025] Drizzile -> https://bulbapedia.bulbagarden.net/wiki/Drizzile_(Pokémon)
  ERROR scraping Drizzile: Attempted to use detached Frame '026D63CE6C3253BBDB6ECD21FB5072FC'.

[818/1025] Inteleon -> https://bulbapedia.bulbagarden.net/wiki/Inteleon_(Pokémon)
  ERROR scraping Inteleon: Attempted to use detached Frame '026D63CE6C3253BBDB6ECD21FB5072FC'.

[819/1025] Skwovet -> https://bulbapedia.bulbagarden.net/wiki/Skwovet_(Pokémon)
  ERROR scraping Skwovet: Attempted to use detached Frame '026D63CE6C3253BBDB6ECD21FB5072FC'.

[820/1025] Greedent -> https://bulbapedia.bulbagarden.net/wiki/Greedent_(Pokémon)
  ERROR scraping Greedent: Attempted to use detached Frame '026D63CE6C3253BBDB6ECD21FB5072FC'.

[821/1025] Rookidee -> https://bulbapedia.bulbagarden.net/wiki/Rookidee_(Pokémon)
  ERROR scraping Rookidee: Attempted to use detached Frame '026D63CE6C3253BBDB6ECD21FB5072FC'.

[822/1025] Corvisquire -> https://bulbapedia.bulbagarden.net/wiki/Corvisquire_(Pokémon)
  ERROR scraping Corvisquire: Attempted to use detached Frame '026D63CE6C3253BBDB6ECD21FB5072FC'.

[823/1025] Corviknight -> https://bulbapedia.bulbagarden.net/wiki/Corviknight_(Pokémon)
  ERROR scraping Corviknight: Attempted to use detached Frame '026D63CE6C3253BBDB6ECD21FB5072FC'.

[824/1025] Blip -> https://bulbapedia.bulbagarden.net/wiki/Blip_(Pokémon)
  ERROR scraping Blip: Attempted to use detached Frame '026D63CE6C3253BBDB6ECD21FB5072FC'.

[825/1025] Dottler -> https://bulbapedia.bulbagarden.net/wiki/Dottler_(Pokémon)
  ERROR scraping Dottler: Attempted to use detached Frame '026D63CE6C3253BBDB6ECD21FB5072FC'.

[826/1025] Orbeetle -> https://bulbapedia.bulbagarden.net/wiki/Orbeetle_(Pokémon)
  ERROR scraping Orbeetle: Attempted to use detached Frame '026D63CE6C3253BBDB6ECD21FB5072FC'.

[827/1025] Nickit -> https://bulbapedia.bulbagarden.net/wiki/Nickit_(Pokémon)
  ERROR scraping Nickit: Attempted to use detached Frame '026D63CE6C3253BBDB6ECD21FB5072FC'.

[828/1025] Thievul -> https://bulbapedia.bulbagarden.net/wiki/Thievul_(Pokémon)
  ERROR scraping Thievul: Attempted to use detached Frame '026D63CE6C3253BBDB6ECD21FB5072FC'.

[829/1025] Gossifleur -> https://bulbapedia.bulbagarden.net/wiki/Gossifleur_(Pokémon)
  ERROR scraping Gossifleur: Attempted to use detached Frame '026D63CE6C3253BBDB6ECD21FB5072FC'.

[830/1025] Eldegoss -> https://bulbapedia.bulbagarden.net/wiki/Eldegoss_(Pokémon)
  ERROR scraping Eldegoss: Attempted to use detached Frame '026D63CE6C3253BBDB6ECD21FB5072FC'.

[831/1025] Wooloo -> https://bulbapedia.bulbagarden.net/wiki/Wooloo_(Pokémon)
  ERROR scraping Wooloo: Attempted to use detached Frame '026D63CE6C3253BBDB6ECD21FB5072FC'.

[832/1025] Dubwool -> https://bulbapedia.bulbagarden.net/wiki/Dubwool_(Pokémon)
  ERROR scraping Dubwool: Attempted to use detached Frame '026D63CE6C3253BBDB6ECD21FB5072FC'.

[833/1025] Chewtle -> https://bulbapedia.bulbagarden.net/wiki/Chewtle_(Pokémon)
  ERROR scraping Chewtle: Attempted to use detached Frame '026D63CE6C3253BBDB6ECD21FB5072FC'.

[834/1025] Drednaw -> https://bulbapedia.bulbagarden.net/wiki/Drednaw_(Pokémon)
  ERROR scraping Drednaw: Attempted to use detached Frame '026D63CE6C3253BBDB6ECD21FB5072FC'.

[835/1025] Yamper -> https://bulbapedia.bulbagarden.net/wiki/Yamper_(Pokémon)
  ERROR scraping Yamper: Attempted to use detached Frame '026D63CE6C3253BBDB6ECD21FB5072FC'.

[836/1025] Boltund -> https://bulbapedia.bulbagarden.net/wiki/Boltund_(Pokémon)
  ERROR scraping Boltund: Attempted to use detached Frame '026D63CE6C3253BBDB6ECD21FB5072FC'.

[837/1025] Rolycoly -> https://bulbapedia.bulbagarden.net/wiki/Rolycoly_(Pokémon)
  ERROR scraping Rolycoly: Attempted to use detached Frame '026D63CE6C3253BBDB6ECD21FB5072FC'.

[838/1025] Carkol -> https://bulbapedia.bulbagarden.net/wiki/Carkol_(Pokémon)
  ERROR scraping Carkol: Attempted to use detached Frame '026D63CE6C3253BBDB6ECD21FB5072FC'.

[839/1025] Coalossal -> https://bulbapedia.bulbagarden.net/wiki/Coalossal_(Pokémon)
  ERROR scraping Coalossal: Attempted to use detached Frame '026D63CE6C3253BBDB6ECD21FB5072FC'.

[840/1025] Applin -> https://bulbapedia.bulbagarden.net/wiki/Applin_(Pokémon)
  ERROR scraping Applin: Attempted to use detached Frame '026D63CE6C3253BBDB6ECD21FB5072FC'.

[841/1025] Flapple -> https://bulbapedia.bulbagarden.net/wiki/Flapple_(Pokémon)
  ERROR scraping Flapple: Attempted to use detached Frame '026D63CE6C3253BBDB6ECD21FB5072FC'.

[842/1025] Appletun -> https://bulbapedia.bulbagarden.net/wiki/Appletun_(Pokémon)
  ERROR scraping Appletun: Attempted to use detached Frame '026D63CE6C3253BBDB6ECD21FB5072FC'.

[843/1025] Silicobra -> https://bulbapedia.bulbagarden.net/wiki/Silicobra_(Pokémon)
  ERROR scraping Silicobra: Attempted to use detached Frame '026D63CE6C3253BBDB6ECD21FB5072FC'.

[844/1025] Sandaconda -> https://bulbapedia.bulbagarden.net/wiki/Sandaconda_(Pokémon)
  ERROR scraping Sandaconda: Attempted to use detached Frame '026D63CE6C3253BBDB6ECD21FB5072FC'.

[845/1025] Cramorant -> https://bulbapedia.bulbagarden.net/wiki/Cramorant_(Pokémon)
  ERROR scraping Cramorant: Attempted to use detached Frame '026D63CE6C3253BBDB6ECD21FB5072FC'.

[846/1025] Arrokuda -> https://bulbapedia.bulbagarden.net/wiki/Arrokuda_(Pokémon)
  ERROR scraping Arrokuda: Attempted to use detached Frame '026D63CE6C3253BBDB6ECD21FB5072FC'.

[847/1025] Barraskewda -> https://bulbapedia.bulbagarden.net/wiki/Barraskewda_(Pokémon)
  ERROR scraping Barraskewda: Attempted to use detached Frame '026D63CE6C3253BBDB6ECD21FB5072FC'.

[848/1025] Toxel -> https://bulbapedia.bulbagarden.net/wiki/Toxel_(Pokémon)
  ERROR scraping Toxel: Attempted to use detached Frame '026D63CE6C3253BBDB6ECD21FB5072FC'.

[849/1025] Toxtricity -> https://bulbapedia.bulbagarden.net/wiki/Toxtricity_(Pokémon)
  ERROR scraping Toxtricity: Attempted to use detached Frame '026D63CE6C3253BBDB6ECD21FB5072FC'.

[850/1025] Sizzlipede -> https://bulbapedia.bulbagarden.net/wiki/Sizzlipede_(Pokémon)
  ERROR scraping Sizzlipede: Attempted to use detached Frame '026D63CE6C3253BBDB6ECD21FB5072FC'.

[851/1025] Centiskorch -> https://bulbapedia.bulbagarden.net/wiki/Centiskorch_(Pokémon)
  ERROR scraping Centiskorch: Attempted to use detached Frame '026D63CE6C3253BBDB6ECD21FB5072FC'.

[852/1025] Clobbopus -> https://bulbapedia.bulbagarden.net/wiki/Clobbopus_(Pokémon)
  ERROR scraping Clobbopus: Attempted to use detached Frame '026D63CE6C3253BBDB6ECD21FB5072FC'.

[853/1025] Grapploct -> https://bulbapedia.bulbagarden.net/wiki/Grapploct_(Pokémon)
  ERROR scraping Grapploct: Attempted to use detached Frame '026D63CE6C3253BBDB6ECD21FB5072FC'.

[854/1025] Sinistea -> https://bulbapedia.bulbagarden.net/wiki/Sinistea_(Pokémon)
  ERROR scraping Sinistea: Attempted to use detached Frame '026D63CE6C3253BBDB6ECD21FB5072FC'.

[855/1025] Polteageist -> https://bulbapedia.bulbagarden.net/wiki/Polteageist_(Pokémon)
  ERROR scraping Polteageist: Attempted to use detached Frame '026D63CE6C3253BBDB6ECD21FB5072FC'.

[856/1025] Hatenna -> https://bulbapedia.bulbagarden.net/wiki/Hatenna_(Pokémon)
  ERROR scraping Hatenna: Attempted to use detached Frame '026D63CE6C3253BBDB6ECD21FB5072FC'.

[857/1025] Hattrem -> https://bulbapedia.bulbagarden.net/wiki/Hattrem_(Pokémon)
  ERROR scraping Hattrem: Attempted to use detached Frame '026D63CE6C3253BBDB6ECD21FB5072FC'.

[858/1025] Hatterene -> https://bulbapedia.bulbagarden.net/wiki/Hatterene_(Pokémon)
  ERROR scraping Hatterene: Attempted to use detached Frame '026D63CE6C3253BBDB6ECD21FB5072FC'.

[859/1025] Impidimp -> https://bulbapedia.bulbagarden.net/wiki/Impidimp_(Pokémon)
  ERROR scraping Impidimp: Attempted to use detached Frame '026D63CE6C3253BBDB6ECD21FB5072FC'.

[860/1025] Morgrem -> https://bulbapedia.bulbagarden.net/wiki/Morgrem_(Pokémon)
  ERROR scraping Morgrem: Attempted to use detached Frame '026D63CE6C3253BBDB6ECD21FB5072FC'.

[861/1025] Grimmsnarl -> https://bulbapedia.bulbagarden.net/wiki/Grimmsnarl_(Pokémon)
  ERROR scraping Grimmsnarl: Attempted to use detached Frame '026D63CE6C3253BBDB6ECD21FB5072FC'.

[862/1025] Obstagoon -> https://bulbapedia.bulbagarden.net/wiki/Obstagoon_(Pokémon)
  ERROR scraping Obstagoon: Attempted to use detached Frame '026D63CE6C3253BBDB6ECD21FB5072FC'.

[863/1025] Perrserker -> https://bulbapedia.bulbagarden.net/wiki/Perrserker_(Pokémon)
  ERROR scraping Perrserker: Attempted to use detached Frame '026D63CE6C3253BBDB6ECD21FB5072FC'.

[864/1025] Cursola -> https://bulbapedia.bulbagarden.net/wiki/Cursola_(Pokémon)
  ERROR scraping Cursola: Attempted to use detached Frame '026D63CE6C3253BBDB6ECD21FB5072FC'.

[865/1025] Sirfetch'd -> https://bulbapedia.bulbagarden.net/wiki/Sirfetch'd_(Pokémon)
  ERROR scraping Sirfetch'd: Attempted to use detached Frame '026D63CE6C3253BBDB6ECD21FB5072FC'.

[866/1025] Mr.Rime -> https://bulbapedia.bulbagarden.net/wiki/Mr.Rime_(Pokémon)
  ERROR scraping Mr.Rime: Attempted to use detached Frame '026D63CE6C3253BBDB6ECD21FB5072FC'.

[867/1025] Runerigus -> https://bulbapedia.bulbagarden.net/wiki/Runerigus_(Pokémon)
  ERROR scraping Runerigus: Attempted to use detached Frame '026D63CE6C3253BBDB6ECD21FB5072FC'.

[868/1025] Milcery -> https://bulbapedia.bulbagarden.net/wiki/Milcery_(Pokémon)
  ERROR scraping Milcery: Attempted to use detached Frame '026D63CE6C3253BBDB6ECD21FB5072FC'.

[869/1025] Alcremie -> https://bulbapedia.bulbagarden.net/wiki/Alcremie_(Pokémon)
  ERROR scraping Alcremie: Attempted to use detached Frame '026D63CE6C3253BBDB6ECD21FB5072FC'.

[870/1025] Falinks -> https://bulbapedia.bulbagarden.net/wiki/Falinks_(Pokémon)
  ERROR scraping Falinks: Attempted to use detached Frame '026D63CE6C3253BBDB6ECD21FB5072FC'.

[871/1025] Pincurchin -> https://bulbapedia.bulbagarden.net/wiki/Pincurchin_(Pokémon)
  ERROR scraping Pincurchin: Attempted to use detached Frame '026D63CE6C3253BBDB6ECD21FB5072FC'.

[872/1025] Snom -> https://bulbapedia.bulbagarden.net/wiki/Snom_(Pokémon)
  ERROR scraping Snom: Attempted to use detached Frame '026D63CE6C3253BBDB6ECD21FB5072FC'.

[873/1025] Frosmoth -> https://bulbapedia.bulbagarden.net/wiki/Frosmoth_(Pokémon)
  ERROR scraping Frosmoth: Attempted to use detached Frame '026D63CE6C3253BBDB6ECD21FB5072FC'.

[874/1025] Stonjourner -> https://bulbapedia.bulbagarden.net/wiki/Stonjourner_(Pokémon)
  ERROR scraping Stonjourner: Attempted to use detached Frame '026D63CE6C3253BBDB6ECD21FB5072FC'.

[875/1025] Eiscue -> https://bulbapedia.bulbagarden.net/wiki/Eiscue_(Pokémon)
  ERROR scraping Eiscue: Attempted to use detached Frame '026D63CE6C3253BBDB6ECD21FB5072FC'.

[876/1025] Indeedee -> https://bulbapedia.bulbagarden.net/wiki/Indeedee_(Pokémon)
  ERROR scraping Indeedee: Attempted to use detached Frame '026D63CE6C3253BBDB6ECD21FB5072FC'.

[877/1025] Morpeko -> https://bulbapedia.bulbagarden.net/wiki/Morpeko_(Pokémon)
  ERROR scraping Morpeko: Attempted to use detached Frame '026D63CE6C3253BBDB6ECD21FB5072FC'.

[878/1025] Cufant -> https://bulbapedia.bulbagarden.net/wiki/Cufant_(Pokémon)
  ERROR scraping Cufant: Attempted to use detached Frame '026D63CE6C3253BBDB6ECD21FB5072FC'.

[879/1025] Copperajah -> https://bulbapedia.bulbagarden.net/wiki/Copperajah_(Pokémon)
  ERROR scraping Copperajah: Attempted to use detached Frame '026D63CE6C3253BBDB6ECD21FB5072FC'.

[880/1025] Dracozolt -> https://bulbapedia.bulbagarden.net/wiki/Dracozolt_(Pokémon)
  ERROR scraping Dracozolt: Attempted to use detached Frame '026D63CE6C3253BBDB6ECD21FB5072FC'.

[881/1025] Arctozolt -> https://bulbapedia.bulbagarden.net/wiki/Arctozolt_(Pokémon)
  ERROR scraping Arctozolt: Attempted to use detached Frame '026D63CE6C3253BBDB6ECD21FB5072FC'.

[882/1025] Dracovish -> https://bulbapedia.bulbagarden.net/wiki/Dracovish_(Pokémon)
  ERROR scraping Dracovish: Attempted to use detached Frame '026D63CE6C3253BBDB6ECD21FB5072FC'.

[883/1025] Arctovish -> https://bulbapedia.bulbagarden.net/wiki/Arctovish_(Pokémon)
  ERROR scraping Arctovish: Attempted to use detached Frame '026D63CE6C3253BBDB6ECD21FB5072FC'.

[884/1025] Duraludon -> https://bulbapedia.bulbagarden.net/wiki/Duraludon_(Pokémon)
  ERROR scraping Duraludon: Attempted to use detached Frame '026D63CE6C3253BBDB6ECD21FB5072FC'.

[885/1025] Dreepy -> https://bulbapedia.bulbagarden.net/wiki/Dreepy_(Pokémon)
  ERROR scraping Dreepy: Attempted to use detached Frame '026D63CE6C3253BBDB6ECD21FB5072FC'.

[886/1025] Drakloak -> https://bulbapedia.bulbagarden.net/wiki/Drakloak_(Pokémon)
  ERROR scraping Drakloak: Attempted to use detached Frame '026D63CE6C3253BBDB6ECD21FB5072FC'.

[887/1025] Dragapult -> https://bulbapedia.bulbagarden.net/wiki/Dragapult_(Pokémon)
  ERROR scraping Dragapult: Attempted to use detached Frame '026D63CE6C3253BBDB6ECD21FB5072FC'.

[888/1025] Zacian -> https://bulbapedia.bulbagarden.net/wiki/Zacian_(Pokémon)
  ERROR scraping Zacian: Attempted to use detached Frame '026D63CE6C3253BBDB6ECD21FB5072FC'.

[889/1025] Zamazenta -> https://bulbapedia.bulbagarden.net/wiki/Zamazenta_(Pokémon)
  ERROR scraping Zamazenta: Attempted to use detached Frame '026D63CE6C3253BBDB6ECD21FB5072FC'.

[890/1025] Eternatus -> https://bulbapedia.bulbagarden.net/wiki/Eternatus_(Pokémon)
  ERROR scraping Eternatus: Attempted to use detached Frame '026D63CE6C3253BBDB6ECD21FB5072FC'.

[891/1025] Kubfu -> https://bulbapedia.bulbagarden.net/wiki/Kubfu_(Pokémon)
  ERROR scraping Kubfu: Attempted to use detached Frame '026D63CE6C3253BBDB6ECD21FB5072FC'.

[892/1025] Urshifu -> https://bulbapedia.bulbagarden.net/wiki/Urshifu_(Pokémon)
  ERROR scraping Urshifu: Attempted to use detached Frame '026D63CE6C3253BBDB6ECD21FB5072FC'.

[893/1025] Zarude -> https://bulbapedia.bulbagarden.net/wiki/Zarude_(Pokémon)
  ERROR scraping Zarude: Attempted to use detached Frame '026D63CE6C3253BBDB6ECD21FB5072FC'.

[894/1025] Regieleki -> https://bulbapedia.bulbagarden.net/wiki/Regieleki_(Pokémon)
  ERROR scraping Regieleki: Attempted to use detached Frame '026D63CE6C3253BBDB6ECD21FB5072FC'.

[895/1025] Regidrago -> https://bulbapedia.bulbagarden.net/wiki/Regidrago_(Pokémon)
  ERROR scraping Regidrago: Attempted to use detached Frame '026D63CE6C3253BBDB6ECD21FB5072FC'.

[896/1025] Glastrier -> https://bulbapedia.bulbagarden.net/wiki/Glastrier_(Pokémon)
  ERROR scraping Glastrier: Attempted to use detached Frame '026D63CE6C3253BBDB6ECD21FB5072FC'.

[897/1025] Spectrier -> https://bulbapedia.bulbagarden.net/wiki/Spectrier_(Pokémon)
  ERROR scraping Spectrier: Attempted to use detached Frame '026D63CE6C3253BBDB6ECD21FB5072FC'.

[898/1025] Calyrex -> https://bulbapedia.bulbagarden.net/wiki/Calyrex_(Pokémon)
  ERROR scraping Calyrex: Attempted to use detached Frame '026D63CE6C3253BBDB6ECD21FB5072FC'.

[899/1025] Wyrdeer -> https://bulbapedia.bulbagarden.net/wiki/Wyrdeer_(Pokémon)
  ERROR scraping Wyrdeer: Attempted to use detached Frame '026D63CE6C3253BBDB6ECD21FB5072FC'.

[900/1025] Kleavor -> https://bulbapedia.bulbagarden.net/wiki/Kleavor_(Pokémon)
  ERROR scraping Kleavor: Attempted to use detached Frame '026D63CE6C3253BBDB6ECD21FB5072FC'.

[901/1025] Ursaluna -> https://bulbapedia.bulbagarden.net/wiki/Ursaluna_(Pokémon)
  ERROR scraping Ursaluna: Attempted to use detached Frame '026D63CE6C3253BBDB6ECD21FB5072FC'.

[902/1025] Sneasler -> https://bulbapedia.bulbagarden.net/wiki/Sneasler_(Pokémon)
  ERROR scraping Sneasler: Attempted to use detached Frame '026D63CE6C3253BBDB6ECD21FB5072FC'.

[903/1025] Overqwil -> https://bulbapedia.bulbagarden.net/wiki/Overqwil_(Pokémon)
  ERROR scraping Overqwil: Attempted to use detached Frame '026D63CE6C3253BBDB6ECD21FB5072FC'.

[904/1025] Enamorus -> https://bulbapedia.bulbagarden.net/wiki/Enamorus_(Pokémon)
  ERROR scraping Enamorus: Attempted to use detached Frame '026D63CE6C3253BBDB6ECD21FB5072FC'.

[905/1025] Enamorus -> https://bulbapedia.bulbagarden.net/wiki/Enamorus_(Pokémon)
  ERROR scraping Enamorus: Attempted to use detached Frame '026D63CE6C3253BBDB6ECD21FB5072FC'.

[906/1025] Sprigatito -> https://bulbapedia.bulbagarden.net/wiki/Sprigatito_(Pokémon)
  ERROR scraping Sprigatito: Attempted to use detached Frame '026D63CE6C3253BBDB6ECD21FB5072FC'.

[907/1025] Floragato -> https://bulbapedia.bulbagarden.net/wiki/Floragato_(Pokémon)
  ERROR scraping Floragato: Attempted to use detached Frame '026D63CE6C3253BBDB6ECD21FB5072FC'.

[908/1025] Meowscarada -> https://bulbapedia.bulbagarden.net/wiki/Meowscarada_(Pokémon)
  ERROR scraping Meowscarada: Attempted to use detached Frame '026D63CE6C3253BBDB6ECD21FB5072FC'.

[909/1025] Fuecoco -> https://bulbapedia.bulbagarden.net/wiki/Fuecoco_(Pokémon)
  ERROR scraping Fuecoco: Attempted to use detached Frame '026D63CE6C3253BBDB6ECD21FB5072FC'.

[910/1025] Crocalor -> https://bulbapedia.bulbagarden.net/wiki/Crocalor_(Pokémon)
  ERROR scraping Crocalor: Attempted to use detached Frame '026D63CE6C3253BBDB6ECD21FB5072FC'.

[911/1025] Skeledirge -> https://bulbapedia.bulbagarden.net/wiki/Skeledirge_(Pokémon)
  ERROR scraping Skeledirge: Attempted to use detached Frame '026D63CE6C3253BBDB6ECD21FB5072FC'.

[912/1025] Quaxly -> https://bulbapedia.bulbagarden.net/wiki/Quaxly_(Pokémon)
  ERROR scraping Quaxly: Attempted to use detached Frame '026D63CE6C3253BBDB6ECD21FB5072FC'.

[913/1025] Quaxwell -> https://bulbapedia.bulbagarden.net/wiki/Quaxwell_(Pokémon)
  ERROR scraping Quaxwell: Attempted to use detached Frame '026D63CE6C3253BBDB6ECD21FB5072FC'.

[914/1025] Quaquaval -> https://bulbapedia.bulbagarden.net/wiki/Quaquaval_(Pokémon)
  ERROR scraping Quaquaval: Attempted to use detached Frame '026D63CE6C3253BBDB6ECD21FB5072FC'.

[915/1025] Lechonk -> https://bulbapedia.bulbagarden.net/wiki/Lechonk_(Pokémon)
  ERROR scraping Lechonk: Attempted to use detached Frame '026D63CE6C3253BBDB6ECD21FB5072FC'.

[916/1025] Oinkologne -> https://bulbapedia.bulbagarden.net/wiki/Oinkologne_(Pokémon)
  ERROR scraping Oinkologne: Attempted to use detached Frame '026D63CE6C3253BBDB6ECD21FB5072FC'.

[917/1025] Tarountula -> https://bulbapedia.bulbagarden.net/wiki/Tarountula_(Pokémon)
  ERROR scraping Tarountula: Attempted to use detached Frame '026D63CE6C3253BBDB6ECD21FB5072FC'.

[918/1025] Spidops -> https://bulbapedia.bulbagarden.net/wiki/Spidops_(Pokémon)
  ERROR scraping Spidops: Attempted to use detached Frame '026D63CE6C3253BBDB6ECD21FB5072FC'.

[919/1025] Nymble -> https://bulbapedia.bulbagarden.net/wiki/Nymble_(Pokémon)
  ERROR scraping Nymble: Attempted to use detached Frame '026D63CE6C3253BBDB6ECD21FB5072FC'.

[920/1025] Lokix -> https://bulbapedia.bulbagarden.net/wiki/Lokix_(Pokémon)
  ERROR scraping Lokix: Attempted to use detached Frame '026D63CE6C3253BBDB6ECD21FB5072FC'.

[921/1025] Pawmi -> https://bulbapedia.bulbagarden.net/wiki/Pawmi_(Pokémon)
  ERROR scraping Pawmi: Attempted to use detached Frame '026D63CE6C3253BBDB6ECD21FB5072FC'.

[922/1025] Pawmo -> https://bulbapedia.bulbagarden.net/wiki/Pawmo_(Pokémon)
  ERROR scraping Pawmo: Attempted to use detached Frame '026D63CE6C3253BBDB6ECD21FB5072FC'.

[923/1025] Pawmot -> https://bulbapedia.bulbagarden.net/wiki/Pawmot_(Pokémon)
  ERROR scraping Pawmot: Attempted to use detached Frame '026D63CE6C3253BBDB6ECD21FB5072FC'.

[924/1025] Tandemaus -> https://bulbapedia.bulbagarden.net/wiki/Tandemaus_(Pokémon)
  ERROR scraping Tandemaus: Attempted to use detached Frame '026D63CE6C3253BBDB6ECD21FB5072FC'.

[925/1025] Maushold -> https://bulbapedia.bulbagarden.net/wiki/Maushold_(Pokémon)
  ERROR scraping Maushold: Attempted to use detached Frame '026D63CE6C3253BBDB6ECD21FB5072FC'.

[926/1025] Fidough -> https://bulbapedia.bulbagarden.net/wiki/Fidough_(Pokémon)
  ERROR scraping Fidough: Attempted to use detached Frame '026D63CE6C3253BBDB6ECD21FB5072FC'.

[927/1025] Dachsbun -> https://bulbapedia.bulbagarden.net/wiki/Dachsbun_(Pokémon)
  ERROR scraping Dachsbun: Attempted to use detached Frame '026D63CE6C3253BBDB6ECD21FB5072FC'.

[928/1025] Smoliv -> https://bulbapedia.bulbagarden.net/wiki/Smoliv_(Pokémon)
  ERROR scraping Smoliv: Attempted to use detached Frame '026D63CE6C3253BBDB6ECD21FB5072FC'.

[929/1025] Dolliv -> https://bulbapedia.bulbagarden.net/wiki/Dolliv_(Pokémon)
  ERROR scraping Dolliv: Attempted to use detached Frame '026D63CE6C3253BBDB6ECD21FB5072FC'.

[930/1025] Arboliva -> https://bulbapedia.bulbagarden.net/wiki/Arboliva_(Pokémon)
  ERROR scraping Arboliva: Attempted to use detached Frame '026D63CE6C3253BBDB6ECD21FB5072FC'.

[931/1025] Squawkabilly -> https://bulbapedia.bulbagarden.net/wiki/Squawkabilly_(Pokémon)
  ERROR scraping Squawkabilly: Attempted to use detached Frame '026D63CE6C3253BBDB6ECD21FB5072FC'.

[932/1025] Nacli -> https://bulbapedia.bulbagarden.net/wiki/Nacli_(Pokémon)
  ERROR scraping Nacli: Attempted to use detached Frame '026D63CE6C3253BBDB6ECD21FB5072FC'.

[933/1025] Naclstack -> https://bulbapedia.bulbagarden.net/wiki/Naclstack_(Pokémon)
  ERROR scraping Naclstack: Attempted to use detached Frame '026D63CE6C3253BBDB6ECD21FB5072FC'.

[934/1025] Garganacl -> https://bulbapedia.bulbagarden.net/wiki/Garganacl_(Pokémon)
  ERROR scraping Garganacl: Attempted to use detached Frame '026D63CE6C3253BBDB6ECD21FB5072FC'.

[935/1025] Charcadet -> https://bulbapedia.bulbagarden.net/wiki/Charcadet_(Pokémon)
  ERROR scraping Charcadet: Attempted to use detached Frame '026D63CE6C3253BBDB6ECD21FB5072FC'.

[936/1025] Armarouge -> https://bulbapedia.bulbagarden.net/wiki/Armarouge_(Pokémon)
  ERROR scraping Armarouge: Attempted to use detached Frame '026D63CE6C3253BBDB6ECD21FB5072FC'.

[937/1025] Ceruledge -> https://bulbapedia.bulbagarden.net/wiki/Ceruledge_(Pokémon)
  ERROR scraping Ceruledge: Attempted to use detached Frame '026D63CE6C3253BBDB6ECD21FB5072FC'.

[938/1025] Tadbulb -> https://bulbapedia.bulbagarden.net/wiki/Tadbulb_(Pokémon)
  ERROR scraping Tadbulb: Attempted to use detached Frame '026D63CE6C3253BBDB6ECD21FB5072FC'.

[939/1025] Bellibolt -> https://bulbapedia.bulbagarden.net/wiki/Bellibolt_(Pokémon)
  ERROR scraping Bellibolt: Attempted to use detached Frame '026D63CE6C3253BBDB6ECD21FB5072FC'.

[940/1025] Wattrel -> https://bulbapedia.bulbagarden.net/wiki/Wattrel_(Pokémon)
  ERROR scraping Wattrel: Attempted to use detached Frame '026D63CE6C3253BBDB6ECD21FB5072FC'.

[941/1025] Kilowattrel -> https://bulbapedia.bulbagarden.net/wiki/Kilowattrel_(Pokémon)
  ERROR scraping Kilowattrel: Attempted to use detached Frame '026D63CE6C3253BBDB6ECD21FB5072FC'.

[942/1025] Maschiff -> https://bulbapedia.bulbagarden.net/wiki/Maschiff_(Pokémon)
  ERROR scraping Maschiff: Attempted to use detached Frame '026D63CE6C3253BBDB6ECD21FB5072FC'.

[943/1025] Mabosstiff -> https://bulbapedia.bulbagarden.net/wiki/Mabosstiff_(Pokémon)
  ERROR scraping Mabosstiff: Attempted to use detached Frame '026D63CE6C3253BBDB6ECD21FB5072FC'.

[944/1025] Shroodle -> https://bulbapedia.bulbagarden.net/wiki/Shroodle_(Pokémon)
  ERROR scraping Shroodle: Attempted to use detached Frame '026D63CE6C3253BBDB6ECD21FB5072FC'.

[945/1025] Grafaiai -> https://bulbapedia.bulbagarden.net/wiki/Grafaiai_(Pokémon)
  ERROR scraping Grafaiai: Attempted to use detached Frame '026D63CE6C3253BBDB6ECD21FB5072FC'.

[946/1025] Bramblin -> https://bulbapedia.bulbagarden.net/wiki/Bramblin_(Pokémon)
  ERROR scraping Bramblin: Attempted to use detached Frame '026D63CE6C3253BBDB6ECD21FB5072FC'.

[947/1025] Brambleghast -> https://bulbapedia.bulbagarden.net/wiki/Brambleghast_(Pokémon)
  ERROR scraping Brambleghast: Attempted to use detached Frame '026D63CE6C3253BBDB6ECD21FB5072FC'.

[948/1025] Toedscool -> https://bulbapedia.bulbagarden.net/wiki/Toedscool_(Pokémon)
  ERROR scraping Toedscool: Attempted to use detached Frame '026D63CE6C3253BBDB6ECD21FB5072FC'.

[949/1025] Toedscruel -> https://bulbapedia.bulbagarden.net/wiki/Toedscruel_(Pokémon)
  ERROR scraping Toedscruel: Attempted to use detached Frame '026D63CE6C3253BBDB6ECD21FB5072FC'.

[950/1025] Klawf -> https://bulbapedia.bulbagarden.net/wiki/Klawf_(Pokémon)
  ERROR scraping Klawf: Attempted to use detached Frame '026D63CE6C3253BBDB6ECD21FB5072FC'.

[951/1025] Capsakid -> https://bulbapedia.bulbagarden.net/wiki/Capsakid_(Pokémon)
  ERROR scraping Capsakid: Attempted to use detached Frame '026D63CE6C3253BBDB6ECD21FB5072FC'.

[952/1025] Scovillain -> https://bulbapedia.bulbagarden.net/wiki/Scovillain_(Pokémon)
  ERROR scraping Scovillain: Attempted to use detached Frame '026D63CE6C3253BBDB6ECD21FB5072FC'.

[953/1025] Rellor -> https://bulbapedia.bulbagarden.net/wiki/Rellor_(Pokémon)
  ERROR scraping Rellor: Attempted to use detached Frame '026D63CE6C3253BBDB6ECD21FB5072FC'.

[954/1025] Rabsca -> https://bulbapedia.bulbagarden.net/wiki/Rabsca_(Pokémon)
  ERROR scraping Rabsca: Attempted to use detached Frame '026D63CE6C3253BBDB6ECD21FB5072FC'.

[955/1025] Flittle -> https://bulbapedia.bulbagarden.net/wiki/Flittle_(Pokémon)
  ERROR scraping Flittle: Attempted to use detached Frame '026D63CE6C3253BBDB6ECD21FB5072FC'.

[956/1025] Espathra -> https://bulbapedia.bulbagarden.net/wiki/Espathra_(Pokémon)
  ERROR scraping Espathra: Attempted to use detached Frame '026D63CE6C3253BBDB6ECD21FB5072FC'.

[957/1025] Tinkatink -> https://bulbapedia.bulbagarden.net/wiki/Tinkatink_(Pokémon)
  ERROR scraping Tinkatink: Attempted to use detached Frame '026D63CE6C3253BBDB6ECD21FB5072FC'.

[958/1025] Tinkatuff -> https://bulbapedia.bulbagarden.net/wiki/Tinkatuff_(Pokémon)
  ERROR scraping Tinkatuff: Attempted to use detached Frame '026D63CE6C3253BBDB6ECD21FB5072FC'.

[959/1025] Tinkaton -> https://bulbapedia.bulbagarden.net/wiki/Tinkaton_(Pokémon)
  ERROR scraping Tinkaton: Attempted to use detached Frame '026D63CE6C3253BBDB6ECD21FB5072FC'.

[960/1025] Wiglett -> https://bulbapedia.bulbagarden.net/wiki/Wiglett_(Pokémon)
  ERROR scraping Wiglett: Attempted to use detached Frame '026D63CE6C3253BBDB6ECD21FB5072FC'.

[961/1025] Wugtrio -> https://bulbapedia.bulbagarden.net/wiki/Wugtrio_(Pokémon)
  ERROR scraping Wugtrio: Attempted to use detached Frame '026D63CE6C3253BBDB6ECD21FB5072FC'.

[962/1025] Bombirdier -> https://bulbapedia.bulbagarden.net/wiki/Bombirdier_(Pokémon)
  ERROR scraping Bombirdier: Attempted to use detached Frame '026D63CE6C3253BBDB6ECD21FB5072FC'.

[963/1025] Finizen -> https://bulbapedia.bulbagarden.net/wiki/Finizen_(Pokémon)
  ERROR scraping Finizen: Attempted to use detached Frame '026D63CE6C3253BBDB6ECD21FB5072FC'.

[964/1025] Palafin -> https://bulbapedia.bulbagarden.net/wiki/Palafin_(Pokémon)
  ERROR scraping Palafin: Attempted to use detached Frame '026D63CE6C3253BBDB6ECD21FB5072FC'.

[965/1025] Varoom -> https://bulbapedia.bulbagarden.net/wiki/Varoom_(Pokémon)
  ERROR scraping Varoom: Attempted to use detached Frame '026D63CE6C3253BBDB6ECD21FB5072FC'.

[966/1025] Revavroom -> https://bulbapedia.bulbagarden.net/wiki/Revavroom_(Pokémon)
  ERROR scraping Revavroom: Attempted to use detached Frame '026D63CE6C3253BBDB6ECD21FB5072FC'.

[967/1025] Cyclizar -> https://bulbapedia.bulbagarden.net/wiki/Cyclizar_(Pokémon)
  ERROR scraping Cyclizar: Attempted to use detached Frame '026D63CE6C3253BBDB6ECD21FB5072FC'.

[968/1025] Orthworm -> https://bulbapedia.bulbagarden.net/wiki/Orthworm_(Pokémon)
  ERROR scraping Orthworm: Attempted to use detached Frame '026D63CE6C3253BBDB6ECD21FB5072FC'.

[969/1025] Glimmet -> https://bulbapedia.bulbagarden.net/wiki/Glimmet_(Pokémon)
  ERROR scraping Glimmet: Attempted to use detached Frame '026D63CE6C3253BBDB6ECD21FB5072FC'.

[970/1025] Glimmora -> https://bulbapedia.bulbagarden.net/wiki/Glimmora_(Pokémon)
  ERROR scraping Glimmora: Attempted to use detached Frame '026D63CE6C3253BBDB6ECD21FB5072FC'.

[971/1025] Greavard -> https://bulbapedia.bulbagarden.net/wiki/Greavard_(Pokémon)
  ERROR scraping Greavard: Attempted to use detached Frame '026D63CE6C3253BBDB6ECD21FB5072FC'.

[972/1025] Houndstone -> https://bulbapedia.bulbagarden.net/wiki/Houndstone_(Pokémon)
  ERROR scraping Houndstone: Attempted to use detached Frame '026D63CE6C3253BBDB6ECD21FB5072FC'.

[973/1025] Flamigo -> https://bulbapedia.bulbagarden.net/wiki/Flamigo_(Pokémon)
  ERROR scraping Flamigo: Attempted to use detached Frame '026D63CE6C3253BBDB6ECD21FB5072FC'.

[974/1025] Cetoddle -> https://bulbapedia.bulbagarden.net/wiki/Cetoddle_(Pokémon)
  ERROR scraping Cetoddle: Attempted to use detached Frame '026D63CE6C3253BBDB6ECD21FB5072FC'.

[975/1025] Cetitan -> https://bulbapedia.bulbagarden.net/wiki/Cetitan_(Pokémon)
  ERROR scraping Cetitan: Attempted to use detached Frame '026D63CE6C3253BBDB6ECD21FB5072FC'.

[976/1025] Veluza -> https://bulbapedia.bulbagarden.net/wiki/Veluza_(Pokémon)
  ERROR scraping Veluza: Attempted to use detached Frame '026D63CE6C3253BBDB6ECD21FB5072FC'.

[977/1025] Dondozo -> https://bulbapedia.bulbagarden.net/wiki/Dondozo_(Pokémon)
  ERROR scraping Dondozo: Attempted to use detached Frame '026D63CE6C3253BBDB6ECD21FB5072FC'.

[978/1025] Tatsugiri -> https://bulbapedia.bulbagarden.net/wiki/Tatsugiri_(Pokémon)
  ERROR scraping Tatsugiri: Attempted to use detached Frame '026D63CE6C3253BBDB6ECD21FB5072FC'.

[979/1025] Annihilape -> https://bulbapedia.bulbagarden.net/wiki/Annihilape_(Pokémon)
  ERROR scraping Annihilape: Attempted to use detached Frame '026D63CE6C3253BBDB6ECD21FB5072FC'.

[980/1025] Clodsire -> https://bulbapedia.bulbagarden.net/wiki/Clodsire_(Pokémon)
  ERROR scraping Clodsire: Attempted to use detached Frame '026D63CE6C3253BBDB6ECD21FB5072FC'.

[981/1025] Farigiraf -> https://bulbapedia.bulbagarden.net/wiki/Farigiraf_(Pokémon)
  ERROR scraping Farigiraf: Attempted to use detached Frame '026D63CE6C3253BBDB6ECD21FB5072FC'.

[982/1025] Dudunsparce -> https://bulbapedia.bulbagarden.net/wiki/Dudunsparce_(Pokémon)
  ERROR scraping Dudunsparce: Attempted to use detached Frame '026D63CE6C3253BBDB6ECD21FB5072FC'.

[983/1025] Kingambit -> https://bulbapedia.bulbagarden.net/wiki/Kingambit_(Pokémon)
  ERROR scraping Kingambit: Attempted to use detached Frame '026D63CE6C3253BBDB6ECD21FB5072FC'.

[984/1025] Great Tusk -> https://bulbapedia.bulbagarden.net/wiki/Great%20Tusk_(Pokémon)
  ERROR scraping Great Tusk: Attempted to use detached Frame '026D63CE6C3253BBDB6ECD21FB5072FC'.

[985/1025] Scream Tail -> https://bulbapedia.bulbagarden.net/wiki/Scream%20Tail_(Pokémon)
  ERROR scraping Scream Tail: Attempted to use detached Frame '026D63CE6C3253BBDB6ECD21FB5072FC'.

[986/1025] Brute Bonnet -> https://bulbapedia.bulbagarden.net/wiki/Brute%20Bonnet_(Pokémon)
  ERROR scraping Brute Bonnet: Attempted to use detached Frame '026D63CE6C3253BBDB6ECD21FB5072FC'.

[987/1025] Flutter Mane -> https://bulbapedia.bulbagarden.net/wiki/Flutter%20Mane_(Pokémon)
  ERROR scraping Flutter Mane: Attempted to use detached Frame '026D63CE6C3253BBDB6ECD21FB5072FC'.

[988/1025] Slither Wing -> https://bulbapedia.bulbagarden.net/wiki/Slither%20Wing_(Pokémon)
  ERROR scraping Slither Wing: Attempted to use detached Frame '026D63CE6C3253BBDB6ECD21FB5072FC'.

[989/1025] Sandy Shocks -> https://bulbapedia.bulbagarden.net/wiki/Sandy%20Shocks_(Pokémon)
  ERROR scraping Sandy Shocks: Attempted to use detached Frame '026D63CE6C3253BBDB6ECD21FB5072FC'.

[990/1025] Iron Treads -> https://bulbapedia.bulbagarden.net/wiki/Iron%20Treads_(Pokémon)
  ERROR scraping Iron Treads: Attempted to use detached Frame '026D63CE6C3253BBDB6ECD21FB5072FC'.

[991/1025] Iron Bundle -> https://bulbapedia.bulbagarden.net/wiki/Iron%20Bundle_(Pokémon)
  ERROR scraping Iron Bundle: Attempted to use detached Frame '026D63CE6C3253BBDB6ECD21FB5072FC'.

[992/1025] Iron Hands -> https://bulbapedia.bulbagarden.net/wiki/Iron%20Hands_(Pokémon)
  ERROR scraping Iron Hands: Attempted to use detached Frame '026D63CE6C3253BBDB6ECD21FB5072FC'.

[993/1025] Iron Jugulis -> https://bulbapedia.bulbagarden.net/wiki/Iron%20Jugulis_(Pokémon)
  ERROR scraping Iron Jugulis: Attempted to use detached Frame '026D63CE6C3253BBDB6ECD21FB5072FC'.

[994/1025] Iron Moth -> https://bulbapedia.bulbagarden.net/wiki/Iron%20Moth_(Pokémon)
  ERROR scraping Iron Moth: Attempted to use detached Frame '026D63CE6C3253BBDB6ECD21FB5072FC'.

[995/1025] Iron Thorns -> https://bulbapedia.bulbagarden.net/wiki/Iron%20Thorns_(Pokémon)
  ERROR scraping Iron Thorns: Attempted to use detached Frame '026D63CE6C3253BBDB6ECD21FB5072FC'.

[996/1025] Frigibax -> https://bulbapedia.bulbagarden.net/wiki/Frigibax_(Pokémon)
  ERROR scraping Frigibax: Attempted to use detached Frame '026D63CE6C3253BBDB6ECD21FB5072FC'.

[997/1025] Arctibax -> https://bulbapedia.bulbagarden.net/wiki/Arctibax_(Pokémon)
  ERROR scraping Arctibax: Attempted to use detached Frame '026D63CE6C3253BBDB6ECD21FB5072FC'.

[998/1025] Baxcalibur -> https://bulbapedia.bulbagarden.net/wiki/Baxcalibur_(Pokémon)
  ERROR scraping Baxcalibur: Attempted to use detached Frame '026D63CE6C3253BBDB6ECD21FB5072FC'.

[999/1025] Gimmighoul -> https://bulbapedia.bulbagarden.net/wiki/Gimmighoul_(Pokémon)
  ERROR scraping Gimmighoul: Attempted to use detached Frame '026D63CE6C3253BBDB6ECD21FB5072FC'.

[1000/1025] Gholdengo -> https://bulbapedia.bulbagarden.net/wiki/Gholdengo_(Pokémon)
  ERROR scraping Gholdengo: Attempted to use detached Frame '026D63CE6C3253BBDB6ECD21FB5072FC'.

[1001/1025] Wo-Chien -> https://bulbapedia.bulbagarden.net/wiki/Wo-Chien_(Pokémon)
  ERROR scraping Wo-Chien: Attempted to use detached Frame '026D63CE6C3253BBDB6ECD21FB5072FC'.

[1002/1025] Chien-Pao -> https://bulbapedia.bulbagarden.net/wiki/Chien-Pao_(Pokémon)
  ERROR scraping Chien-Pao: Attempted to use detached Frame '026D63CE6C3253BBDB6ECD21FB5072FC'.

[1003/1025] Ting-Lu -> https://bulbapedia.bulbagarden.net/wiki/Ting-Lu_(Pokémon)
  ERROR scraping Ting-Lu: Attempted to use detached Frame '026D63CE6C3253BBDB6ECD21FB5072FC'.

[1004/1025] Chi-Yu -> https://bulbapedia.bulbagarden.net/wiki/Chi-Yu_(Pokémon)
  ERROR scraping Chi-Yu: Attempted to use detached Frame '026D63CE6C3253BBDB6ECD21FB5072FC'.

[1005/1025] Roaring Moon -> https://bulbapedia.bulbagarden.net/wiki/Roaring%20Moon_(Pokémon)
  ERROR scraping Roaring Moon: Attempted to use detached Frame '026D63CE6C3253BBDB6ECD21FB5072FC'.

[1006/1025] Iron Valiant -> https://bulbapedia.bulbagarden.net/wiki/Iron%20Valiant_(Pokémon)
  ERROR scraping Iron Valiant: Attempted to use detached Frame '026D63CE6C3253BBDB6ECD21FB5072FC'.

[1007/1025] Koraidon -> https://bulbapedia.bulbagarden.net/wiki/Koraidon_(Pokémon)
  ERROR scraping Koraidon: Attempted to use detached Frame '026D63CE6C3253BBDB6ECD21FB5072FC'.

[1008/1025] Miraidon -> https://bulbapedia.bulbagarden.net/wiki/Miraidon_(Pokémon)
  ERROR scraping Miraidon: Attempted to use detached Frame '026D63CE6C3253BBDB6ECD21FB5072FC'.

[1009/1025] Walking Wake -> https://bulbapedia.bulbagarden.net/wiki/Walking%20Wake_(Pokémon)
  ERROR scraping Walking Wake: Attempted to use detached Frame '026D63CE6C3253BBDB6ECD21FB5072FC'.

[1010/1025] Iron Leaves -> https://bulbapedia.bulbagarden.net/wiki/Iron%20Leaves_(Pokémon)
  ERROR scraping Iron Leaves: Attempted to use detached Frame '026D63CE6C3253BBDB6ECD21FB5072FC'.

[1011/1025] Dipplin -> https://bulbapedia.bulbagarden.net/wiki/Dipplin_(Pokémon)
  ERROR scraping Dipplin: Attempted to use detached Frame '026D63CE6C3253BBDB6ECD21FB5072FC'.

[1012/1025] Poltchageist -> https://bulbapedia.bulbagarden.net/wiki/Poltchageist_(Pokémon)
  ERROR scraping Poltchageist: Attempted to use detached Frame '026D63CE6C3253BBDB6ECD21FB5072FC'.

[1013/1025] Sinistcha -> https://bulbapedia.bulbagarden.net/wiki/Sinistcha_(Pokémon)
  ERROR scraping Sinistcha: Attempted to use detached Frame '026D63CE6C3253BBDB6ECD21FB5072FC'.

[1014/1025] Okidogi -> https://bulbapedia.bulbagarden.net/wiki/Okidogi_(Pokémon)
  ERROR scraping Okidogi: Attempted to use detached Frame '026D63CE6C3253BBDB6ECD21FB5072FC'.

[1015/1025] Munkidori -> https://bulbapedia.bulbagarden.net/wiki/Munkidori_(Pokémon)
  ERROR scraping Munkidori: Attempted to use detached Frame '026D63CE6C3253BBDB6ECD21FB5072FC'.

[1016/1025] Fezandipiti -> https://bulbapedia.bulbagarden.net/wiki/Fezandipiti_(Pokémon)
  ERROR scraping Fezandipiti: Attempted to use detached Frame '026D63CE6C3253BBDB6ECD21FB5072FC'.

[1017/1025] Ogerpon -> https://bulbapedia.bulbagarden.net/wiki/Ogerpon_(Pokémon)
  ERROR scraping Ogerpon: Attempted to use detached Frame '026D63CE6C3253BBDB6ECD21FB5072FC'.

[1018/1025] Archaludon -> https://bulbapedia.bulbagarden.net/wiki/Archaludon_(Pokémon)
  ERROR scraping Archaludon: Attempted to use detached Frame '026D63CE6C3253BBDB6ECD21FB5072FC'.

[1019/1025] Hydrapple -> https://bulbapedia.bulbagarden.net/wiki/Hydrapple_(Pokémon)
  ERROR scraping Hydrapple: Attempted to use detached Frame '026D63CE6C3253BBDB6ECD21FB5072FC'.

[1020/1025] Gouging Fire -> https://bulbapedia.bulbagarden.net/wiki/Gouging%20Fire_(Pokémon)
  ERROR scraping Gouging Fire: Attempted to use detached Frame '026D63CE6C3253BBDB6ECD21FB5072FC'.

[1021/1025] Raging Bolt -> https://bulbapedia.bulbagarden.net/wiki/Raging%20Bolt_(Pokémon)
  ERROR scraping Raging Bolt: Attempted to use detached Frame '026D63CE6C3253BBDB6ECD21FB5072FC'.

[1022/1025] Iron Boulder -> https://bulbapedia.bulbagarden.net/wiki/Iron%20Boulder_(Pokémon)
  ERROR scraping Iron Boulder: Attempted to use detached Frame '026D63CE6C3253BBDB6ECD21FB5072FC'.

[1023/1025] Iron Crown -> https://bulbapedia.bulbagarden.net/wiki/Iron%20Crown_(Pokémon)
  ERROR scraping Iron Crown: Attempted to use detached Frame '026D63CE6C3253BBDB6ECD21FB5072FC'.

[1024/1025] Terapagos -> https://bulbapedia.bulbagarden.net/wiki/Terapagos_(Pokémon)
  ERROR scraping Terapagos: Attempted to use detached Frame '026D63CE6C3253BBDB6ECD21FB5072FC'.

[1025/1025] Pecharunt -> https://bulbapedia.bulbagarden.net/wiki/Pecharunt_(Pokémon)
  ERROR scraping Pecharunt: Attempted to use detached Frame '026D63CE6C3253BBDB6ECD21FB5072FC'.

==============================
Done. Scraped 6/1025 Pokemon.
Saved to pokemon-data.json

1019 failure(s):
  - Bulbasaur: net::ERR_NAME_NOT_RESOLVED at https://bulbapedia.bulbagarden.net/wiki/Bulbasaur_(Pokémon)
  - Ivysaur: net::ERR_NAME_NOT_RESOLVED at https://bulbapedia.bulbagarden.net/wiki/Ivysaur_(Pokémon)
  - Venusaur: net::ERR_NAME_NOT_RESOLVED at https://bulbapedia.bulbagarden.net/wiki/Venusaur_(Pokémon)
  - Charmander: net::ERR_NAME_NOT_RESOLVED at https://bulbapedia.bulbagarden.net/wiki/Charmander_(Pokémon)
  - Charmeleon: net::ERR_NAME_NOT_RESOLVED at https://bulbapedia.bulbagarden.net/wiki/Charmeleon_(Pokémon)
  - Charizard: net::ERR_NAME_NOT_RESOLVED at https://bulbapedia.bulbagarden.net/wiki/Charizard_(Pokémon)
  - Squirtle: net::ERR_NAME_NOT_RESOLVED at https://bulbapedia.bulbagarden.net/wiki/Squirtle_(Pokémon)
  - Wartortle: net::ERR_NAME_NOT_RESOLVED at https://bulbapedia.bulbagarden.net/wiki/Wartortle_(Pokémon)
  - Blastoise: net::ERR_NAME_NOT_RESOLVED at https://bulbapedia.bulbagarden.net/wiki/Blastoise_(Pokémon)
  - Caterpie: net::ERR_NAME_NOT_RESOLVED at https://bulbapedia.bulbagarden.net/wiki/Caterpie_(Pokémon)
  - Metapod: net::ERR_NAME_NOT_RESOLVED at https://bulbapedia.bulbagarden.net/wiki/Metapod_(Pokémon)
  - Butterfree: net::ERR_NAME_NOT_RESOLVED at https://bulbapedia.bulbagarden.net/wiki/Butterfree_(Pokémon)
  - Weedle: net::ERR_NAME_NOT_RESOLVED at https://bulbapedia.bulbagarden.net/wiki/Weedle_(Pokémon)
  - Kakuna: net::ERR_NAME_NOT_RESOLVED at https://bulbapedia.bulbagarden.net/wiki/Kakuna_(Pokémon)
  - Beedrill: net::ERR_NAME_NOT_RESOLVED at https://bulbapedia.bulbagarden.net/wiki/Beedrill_(Pokémon)
  - Pidgey: net::ERR_NAME_NOT_RESOLVED at https://bulbapedia.bulbagarden.net/wiki/Pidgey_(Pokémon)
  - Pidgeotto: net::ERR_NAME_NOT_RESOLVED at https://bulbapedia.bulbagarden.net/wiki/Pidgeotto_(Pokémon)
  - Pidgeot: net::ERR_NAME_NOT_RESOLVED at https://bulbapedia.bulbagarden.net/wiki/Pidgeot_(Pokémon)
  - Rattata: net::ERR_NAME_NOT_RESOLVED at https://bulbapedia.bulbagarden.net/wiki/Rattata_(Pokémon)
  - Raticate: net::ERR_NAME_NOT_RESOLVED at https://bulbapedia.bulbagarden.net/wiki/Raticate_(Pokémon)
  - Spearow: net::ERR_NAME_NOT_RESOLVED at https://bulbapedia.bulbagarden.net/wiki/Spearow_(Pokémon)
  - Fearow: net::ERR_NAME_NOT_RESOLVED at https://bulbapedia.bulbagarden.net/wiki/Fearow_(Pokémon)
  - Ekans: net::ERR_NAME_NOT_RESOLVED at https://bulbapedia.bulbagarden.net/wiki/Ekans_(Pokémon)
  - Arbok: net::ERR_NAME_NOT_RESOLVED at https://bulbapedia.bulbagarden.net/wiki/Arbok_(Pokémon)
  - Pikachu: net::ERR_NAME_NOT_RESOLVED at https://bulbapedia.bulbagarden.net/wiki/Pikachu_(Pokémon)
  - Raichu: net::ERR_NAME_NOT_RESOLVED at https://bulbapedia.bulbagarden.net/wiki/Raichu_(Pokémon)
  - Sandshrew: net::ERR_NAME_NOT_RESOLVED at https://bulbapedia.bulbagarden.net/wiki/Sandshrew_(Pokémon)
  - Sandslash: net::ERR_NAME_NOT_RESOLVED at https://bulbapedia.bulbagarden.net/wiki/Sandslash_(Pokémon)
  - Nidoran♀: net::ERR_NAME_NOT_RESOLVED at https://bulbapedia.bulbagarden.net/wiki/Nidoran%E2%99%80_(Pokémon)
  - Nidorina: net::ERR_NAME_NOT_RESOLVED at https://bulbapedia.bulbagarden.net/wiki/Nidorina_(Pokémon)
  - Nidoqueen: net::ERR_NAME_NOT_RESOLVED at https://bulbapedia.bulbagarden.net/wiki/Nidoqueen_(Pokémon)
  - Nidoran♂: net::ERR_NAME_NOT_RESOLVED at https://bulbapedia.bulbagarden.net/wiki/Nidoran%E2%99%82_(Pokémon)
  - Nidorino: net::ERR_NAME_NOT_RESOLVED at https://bulbapedia.bulbagarden.net/wiki/Nidorino_(Pokémon)
  - Nidoking: net::ERR_NAME_NOT_RESOLVED at https://bulbapedia.bulbagarden.net/wiki/Nidoking_(Pokémon)
  - Clefairy: net::ERR_NAME_NOT_RESOLVED at https://bulbapedia.bulbagarden.net/wiki/Clefairy_(Pokémon)
  - Clefable: net::ERR_NAME_NOT_RESOLVED at https://bulbapedia.bulbagarden.net/wiki/Clefable_(Pokémon)
  - Vulpix: net::ERR_NAME_NOT_RESOLVED at https://bulbapedia.bulbagarden.net/wiki/Vulpix_(Pokémon)
  - Ninetales: net::ERR_NAME_NOT_RESOLVED at https://bulbapedia.bulbagarden.net/wiki/Ninetales_(Pokémon)
  - Jigglypuff: net::ERR_NAME_NOT_RESOLVED at https://bulbapedia.bulbagarden.net/wiki/Jigglypuff_(Pokémon)
  - Wigglytuff: net::ERR_NAME_NOT_RESOLVED at https://bulbapedia.bulbagarden.net/wiki/Wigglytuff_(Pokémon)
  - Zubat: net::ERR_NAME_NOT_RESOLVED at https://bulbapedia.bulbagarden.net/wiki/Zubat_(Pokémon)
  - Golbat: net::ERR_NAME_NOT_RESOLVED at https://bulbapedia.bulbagarden.net/wiki/Golbat_(Pokémon)
  - Oddish: net::ERR_NAME_NOT_RESOLVED at https://bulbapedia.bulbagarden.net/wiki/Oddish_(Pokémon)
  - Gloom: net::ERR_NAME_NOT_RESOLVED at https://bulbapedia.bulbagarden.net/wiki/Gloom_(Pokémon)
  - Vileplume: net::ERR_NAME_NOT_RESOLVED at https://bulbapedia.bulbagarden.net/wiki/Vileplume_(Pokémon)
  - Paras: net::ERR_NAME_NOT_RESOLVED at https://bulbapedia.bulbagarden.net/wiki/Paras_(Pokémon)
  - Parasect: net::ERR_NAME_NOT_RESOLVED at https://bulbapedia.bulbagarden.net/wiki/Parasect_(Pokémon)
  - Venonat: net::ERR_NAME_NOT_RESOLVED at https://bulbapedia.bulbagarden.net/wiki/Venonat_(Pokémon)
  - Venomoth: net::ERR_NAME_NOT_RESOLVED at https://bulbapedia.bulbagarden.net/wiki/Venomoth_(Pokémon)
  - Diglett: net::ERR_NAME_NOT_RESOLVED at https://bulbapedia.bulbagarden.net/wiki/Diglett_(Pokémon)
  - Dugtrio: net::ERR_NAME_NOT_RESOLVED at https://bulbapedia.bulbagarden.net/wiki/Dugtrio_(Pokémon)
  - Meowth: net::ERR_NAME_NOT_RESOLVED at https://bulbapedia.bulbagarden.net/wiki/Meowth_(Pokémon)
  - Persian: net::ERR_NAME_NOT_RESOLVED at https://bulbapedia.bulbagarden.net/wiki/Persian_(Pokémon)
  - Psyduck: net::ERR_NAME_NOT_RESOLVED at https://bulbapedia.bulbagarden.net/wiki/Psyduck_(Pokémon)
  - Golduck: net::ERR_NAME_NOT_RESOLVED at https://bulbapedia.bulbagarden.net/wiki/Golduck_(Pokémon)
  - Mankey: net::ERR_NAME_NOT_RESOLVED at https://bulbapedia.bulbagarden.net/wiki/Mankey_(Pokémon)
  - Primeape: net::ERR_NAME_NOT_RESOLVED at https://bulbapedia.bulbagarden.net/wiki/Primeape_(Pokémon)
  - Growlithe: net::ERR_NAME_NOT_RESOLVED at https://bulbapedia.bulbagarden.net/wiki/Growlithe_(Pokémon)
  - Arcanine: net::ERR_NAME_NOT_RESOLVED at https://bulbapedia.bulbagarden.net/wiki/Arcanine_(Pokémon)
  - Poliwag: net::ERR_NAME_NOT_RESOLVED at https://bulbapedia.bulbagarden.net/wiki/Poliwag_(Pokémon)
  - Poliwhirl: net::ERR_NAME_NOT_RESOLVED at https://bulbapedia.bulbagarden.net/wiki/Poliwhirl_(Pokémon)
  - Poliwrath: net::ERR_NAME_NOT_RESOLVED at https://bulbapedia.bulbagarden.net/wiki/Poliwrath_(Pokémon)
  - Abra: net::ERR_NAME_NOT_RESOLVED at https://bulbapedia.bulbagarden.net/wiki/Abra_(Pokémon)
  - Kadabra: net::ERR_NAME_NOT_RESOLVED at https://bulbapedia.bulbagarden.net/wiki/Kadabra_(Pokémon)
  - Alakazam: net::ERR_NAME_NOT_RESOLVED at https://bulbapedia.bulbagarden.net/wiki/Alakazam_(Pokémon)
  - Machop: net::ERR_NAME_NOT_RESOLVED at https://bulbapedia.bulbagarden.net/wiki/Machop_(Pokémon)
  - Machoke: net::ERR_NAME_NOT_RESOLVED at https://bulbapedia.bulbagarden.net/wiki/Machoke_(Pokémon)
  - Machamp: net::ERR_NAME_NOT_RESOLVED at https://bulbapedia.bulbagarden.net/wiki/Machamp_(Pokémon)
  - Bellsprout: net::ERR_NAME_NOT_RESOLVED at https://bulbapedia.bulbagarden.net/wiki/Bellsprout_(Pokémon)
  - Weepinbell: net::ERR_NAME_NOT_RESOLVED at https://bulbapedia.bulbagarden.net/wiki/Weepinbell_(Pokémon)
  - Victreebel: net::ERR_NAME_NOT_RESOLVED at https://bulbapedia.bulbagarden.net/wiki/Victreebel_(Pokémon)
  - Tentacool: net::ERR_NAME_NOT_RESOLVED at https://bulbapedia.bulbagarden.net/wiki/Tentacool_(Pokémon)
  - Tentacruel: net::ERR_NAME_NOT_RESOLVED at https://bulbapedia.bulbagarden.net/wiki/Tentacruel_(Pokémon)
  - Geodude: net::ERR_NAME_NOT_RESOLVED at https://bulbapedia.bulbagarden.net/wiki/Geodude_(Pokémon)
  - Graveler: net::ERR_NAME_NOT_RESOLVED at https://bulbapedia.bulbagarden.net/wiki/Graveler_(Pokémon)
  - Golem: net::ERR_NAME_NOT_RESOLVED at https://bulbapedia.bulbagarden.net/wiki/Golem_(Pokémon)
  - Ponyta: net::ERR_NAME_NOT_RESOLVED at https://bulbapedia.bulbagarden.net/wiki/Ponyta_(Pokémon)
  - Rapidash: net::ERR_NAME_NOT_RESOLVED at https://bulbapedia.bulbagarden.net/wiki/Rapidash_(Pokémon)
  - Slowpoke: net::ERR_NAME_NOT_RESOLVED at https://bulbapedia.bulbagarden.net/wiki/Slowpoke_(Pokémon)
  - Slowbro: net::ERR_NAME_NOT_RESOLVED at https://bulbapedia.bulbagarden.net/wiki/Slowbro_(Pokémon)
  - Magnemite: net::ERR_NAME_NOT_RESOLVED at https://bulbapedia.bulbagarden.net/wiki/Magnemite_(Pokémon)
  - Magneton: net::ERR_NAME_NOT_RESOLVED at https://bulbapedia.bulbagarden.net/wiki/Magneton_(Pokémon)
  - Farfetchd: net::ERR_NAME_NOT_RESOLVED at https://bulbapedia.bulbagarden.net/wiki/Farfetchd_(Pokémon)
  - Doduo: net::ERR_NAME_NOT_RESOLVED at https://bulbapedia.bulbagarden.net/wiki/Doduo_(Pokémon)
  - Dodrio: net::ERR_NAME_NOT_RESOLVED at https://bulbapedia.bulbagarden.net/wiki/Dodrio_(Pokémon)
  - Seel: net::ERR_NAME_NOT_RESOLVED at https://bulbapedia.bulbagarden.net/wiki/Seel_(Pokémon)
  - Dewgong: net::ERR_NAME_NOT_RESOLVED at https://bulbapedia.bulbagarden.net/wiki/Dewgong_(Pokémon)
  - Grimer: net::ERR_NAME_NOT_RESOLVED at https://bulbapedia.bulbagarden.net/wiki/Grimer_(Pokémon)
  - Muk: net::ERR_NAME_NOT_RESOLVED at https://bulbapedia.bulbagarden.net/wiki/Muk_(Pokémon)
  - Shellder: net::ERR_NAME_NOT_RESOLVED at https://bulbapedia.bulbagarden.net/wiki/Shellder_(Pokémon)
  - Cloyster: net::ERR_NAME_NOT_RESOLVED at https://bulbapedia.bulbagarden.net/wiki/Cloyster_(Pokémon)
  - Gastly: net::ERR_NAME_NOT_RESOLVED at https://bulbapedia.bulbagarden.net/wiki/Gastly_(Pokémon)
  - Haunter: net::ERR_NAME_NOT_RESOLVED at https://bulbapedia.bulbagarden.net/wiki/Haunter_(Pokémon)
  - Gengar: net::ERR_NAME_NOT_RESOLVED at https://bulbapedia.bulbagarden.net/wiki/Gengar_(Pokémon)
  - Onix: net::ERR_NAME_NOT_RESOLVED at https://bulbapedia.bulbagarden.net/wiki/Onix_(Pokémon)
  - Drowzee: net::ERR_NAME_NOT_RESOLVED at https://bulbapedia.bulbagarden.net/wiki/Drowzee_(Pokémon)
  - Hypno: net::ERR_NAME_NOT_RESOLVED at https://bulbapedia.bulbagarden.net/wiki/Hypno_(Pokémon)
  - Krabby: net::ERR_NAME_NOT_RESOLVED at https://bulbapedia.bulbagarden.net/wiki/Krabby_(Pokémon)
  - Kingler: net::ERR_NAME_NOT_RESOLVED at https://bulbapedia.bulbagarden.net/wiki/Kingler_(Pokémon)
  - Voltorb: net::ERR_NAME_NOT_RESOLVED at https://bulbapedia.bulbagarden.net/wiki/Voltorb_(Pokémon)
  - Electrode: net::ERR_NAME_NOT_RESOLVED at https://bulbapedia.bulbagarden.net/wiki/Electrode_(Pokémon)
  - Exeggcute: net::ERR_NAME_NOT_RESOLVED at https://bulbapedia.bulbagarden.net/wiki/Exeggcute_(Pokémon)
  - Exeggutor: net::ERR_NAME_NOT_RESOLVED at https://bulbapedia.bulbagarden.net/wiki/Exeggutor_(Pokémon)
  - Cubone: net::ERR_NAME_NOT_RESOLVED at https://bulbapedia.bulbagarden.net/wiki/Cubone_(Pokémon)
  - Marowak: net::ERR_NAME_NOT_RESOLVED at https://bulbapedia.bulbagarden.net/wiki/Marowak_(Pokémon)
  - Hitmonlee: net::ERR_NAME_NOT_RESOLVED at https://bulbapedia.bulbagarden.net/wiki/Hitmonlee_(Pokémon)
  - Hitmonchan: net::ERR_NAME_NOT_RESOLVED at https://bulbapedia.bulbagarden.net/wiki/Hitmonchan_(Pokémon)
  - Lickitung: net::ERR_NAME_NOT_RESOLVED at https://bulbapedia.bulbagarden.net/wiki/Lickitung_(Pokémon)
  - Koffing: net::ERR_NAME_NOT_RESOLVED at https://bulbapedia.bulbagarden.net/wiki/Koffing_(Pokémon)
  - Weezing: net::ERR_NAME_NOT_RESOLVED at https://bulbapedia.bulbagarden.net/wiki/Weezing_(Pokémon)
  - Rhyhorn: net::ERR_NAME_NOT_RESOLVED at https://bulbapedia.bulbagarden.net/wiki/Rhyhorn_(Pokémon)
  - Rhydon: net::ERR_NAME_NOT_RESOLVED at https://bulbapedia.bulbagarden.net/wiki/Rhydon_(Pokémon)
  - Chansey: net::ERR_NAME_NOT_RESOLVED at https://bulbapedia.bulbagarden.net/wiki/Chansey_(Pokémon)
  - Tangela: net::ERR_NAME_NOT_RESOLVED at https://bulbapedia.bulbagarden.net/wiki/Tangela_(Pokémon)
  - Kangaskhan: net::ERR_NAME_NOT_RESOLVED at https://bulbapedia.bulbagarden.net/wiki/Kangaskhan_(Pokémon)
  - Horsea: net::ERR_NAME_NOT_RESOLVED at https://bulbapedia.bulbagarden.net/wiki/Horsea_(Pokémon)
  - Seadra: net::ERR_NAME_NOT_RESOLVED at https://bulbapedia.bulbagarden.net/wiki/Seadra_(Pokémon)
  - Goldeen: net::ERR_NAME_NOT_RESOLVED at https://bulbapedia.bulbagarden.net/wiki/Goldeen_(Pokémon)
  - Seaking: net::ERR_NAME_NOT_RESOLVED at https://bulbapedia.bulbagarden.net/wiki/Seaking_(Pokémon)
  - Staryu: net::ERR_NAME_NOT_RESOLVED at https://bulbapedia.bulbagarden.net/wiki/Staryu_(Pokémon)
  - Starmie: net::ERR_NAME_NOT_RESOLVED at https://bulbapedia.bulbagarden.net/wiki/Starmie_(Pokémon)
  - Mr. Mime: net::ERR_NAME_NOT_RESOLVED at https://bulbapedia.bulbagarden.net/wiki/Mr.%20Mime_(Pokémon)
  - Scyther: net::ERR_NAME_NOT_RESOLVED at https://bulbapedia.bulbagarden.net/wiki/Scyther_(Pokémon)
  - Jynx: net::ERR_NAME_NOT_RESOLVED at https://bulbapedia.bulbagarden.net/wiki/Jynx_(Pokémon)
  - Electabuzz: net::ERR_NAME_NOT_RESOLVED at https://bulbapedia.bulbagarden.net/wiki/Electabuzz_(Pokémon)
  - Magmar: net::ERR_NAME_NOT_RESOLVED at https://bulbapedia.bulbagarden.net/wiki/Magmar_(Pokémon)
  - Pinsir: net::ERR_NAME_NOT_RESOLVED at https://bulbapedia.bulbagarden.net/wiki/Pinsir_(Pokémon)
  - Tauros: net::ERR_NAME_NOT_RESOLVED at https://bulbapedia.bulbagarden.net/wiki/Tauros_(Pokémon)
  - Magikarp: net::ERR_NAME_NOT_RESOLVED at https://bulbapedia.bulbagarden.net/wiki/Magikarp_(Pokémon)
  - Gyarados: net::ERR_NAME_NOT_RESOLVED at https://bulbapedia.bulbagarden.net/wiki/Gyarados_(Pokémon)
  - Lapras: net::ERR_NAME_NOT_RESOLVED at https://bulbapedia.bulbagarden.net/wiki/Lapras_(Pokémon)
  - Ditto: net::ERR_NAME_NOT_RESOLVED at https://bulbapedia.bulbagarden.net/wiki/Ditto_(Pokémon)
  - Eevee: net::ERR_NAME_NOT_RESOLVED at https://bulbapedia.bulbagarden.net/wiki/Eevee_(Pokémon)
  - Vaporeon: net::ERR_NAME_NOT_RESOLVED at https://bulbapedia.bulbagarden.net/wiki/Vaporeon_(Pokémon)
  - Jolteon: net::ERR_NAME_NOT_RESOLVED at https://bulbapedia.bulbagarden.net/wiki/Jolteon_(Pokémon)
  - Flareon: net::ERR_NAME_NOT_RESOLVED at https://bulbapedia.bulbagarden.net/wiki/Flareon_(Pokémon)
  - Porygon: net::ERR_NAME_NOT_RESOLVED at https://bulbapedia.bulbagarden.net/wiki/Porygon_(Pokémon)
  - Omanyte: net::ERR_NAME_NOT_RESOLVED at https://bulbapedia.bulbagarden.net/wiki/Omanyte_(Pokémon)
  - Omastar: net::ERR_NAME_NOT_RESOLVED at https://bulbapedia.bulbagarden.net/wiki/Omastar_(Pokémon)
  - Kabuto: net::ERR_NAME_NOT_RESOLVED at https://bulbapedia.bulbagarden.net/wiki/Kabuto_(Pokémon)
  - Kabutops: net::ERR_NAME_NOT_RESOLVED at https://bulbapedia.bulbagarden.net/wiki/Kabutops_(Pokémon)
  - Aerodactyl: net::ERR_NAME_NOT_RESOLVED at https://bulbapedia.bulbagarden.net/wiki/Aerodactyl_(Pokémon)
  - Snorlax: net::ERR_NAME_NOT_RESOLVED at https://bulbapedia.bulbagarden.net/wiki/Snorlax_(Pokémon)
  - Articuno: net::ERR_NAME_NOT_RESOLVED at https://bulbapedia.bulbagarden.net/wiki/Articuno_(Pokémon)
  - Zapdos: net::ERR_NAME_NOT_RESOLVED at https://bulbapedia.bulbagarden.net/wiki/Zapdos_(Pokémon)
  - Moltres: net::ERR_NAME_NOT_RESOLVED at https://bulbapedia.bulbagarden.net/wiki/Moltres_(Pokémon)
  - Dratini: net::ERR_NAME_NOT_RESOLVED at https://bulbapedia.bulbagarden.net/wiki/Dratini_(Pokémon)
  - Dragonair: net::ERR_NAME_NOT_RESOLVED at https://bulbapedia.bulbagarden.net/wiki/Dragonair_(Pokémon)
  - Dragonite: net::ERR_NAME_NOT_RESOLVED at https://bulbapedia.bulbagarden.net/wiki/Dragonite_(Pokémon)
  - Mewtwo: net::ERR_NAME_NOT_RESOLVED at https://bulbapedia.bulbagarden.net/wiki/Mewtwo_(Pokémon)
  - Mew: net::ERR_NAME_NOT_RESOLVED at https://bulbapedia.bulbagarden.net/wiki/Mew_(Pokémon)
  - Chikorita: net::ERR_NAME_NOT_RESOLVED at https://bulbapedia.bulbagarden.net/wiki/Chikorita_(Pokémon)
  - Bayleef: net::ERR_NAME_NOT_RESOLVED at https://bulbapedia.bulbagarden.net/wiki/Bayleef_(Pokémon)
  - Meganium: net::ERR_NAME_NOT_RESOLVED at https://bulbapedia.bulbagarden.net/wiki/Meganium_(Pokémon)
  - Cyndaquil: net::ERR_NAME_NOT_RESOLVED at https://bulbapedia.bulbagarden.net/wiki/Cyndaquil_(Pokémon)
  - Quilava: net::ERR_NAME_NOT_RESOLVED at https://bulbapedia.bulbagarden.net/wiki/Quilava_(Pokémon)
  - Typhlosion: net::ERR_NAME_NOT_RESOLVED at https://bulbapedia.bulbagarden.net/wiki/Typhlosion_(Pokémon)
  - Totodile: net::ERR_NAME_NOT_RESOLVED at https://bulbapedia.bulbagarden.net/wiki/Totodile_(Pokémon)
  - Croconaw: net::ERR_NAME_NOT_RESOLVED at https://bulbapedia.bulbagarden.net/wiki/Croconaw_(Pokémon)
  - Feraligatr: net::ERR_NAME_NOT_RESOLVED at https://bulbapedia.bulbagarden.net/wiki/Feraligatr_(Pokémon)
  - Sentret: net::ERR_NAME_NOT_RESOLVED at https://bulbapedia.bulbagarden.net/wiki/Sentret_(Pokémon)
  - Furret: net::ERR_NAME_NOT_RESOLVED at https://bulbapedia.bulbagarden.net/wiki/Furret_(Pokémon)
  - Hoothoot: net::ERR_NAME_NOT_RESOLVED at https://bulbapedia.bulbagarden.net/wiki/Hoothoot_(Pokémon)
  - Noctowl: net::ERR_NAME_NOT_RESOLVED at https://bulbapedia.bulbagarden.net/wiki/Noctowl_(Pokémon)
  - Ledyba: net::ERR_NAME_NOT_RESOLVED at https://bulbapedia.bulbagarden.net/wiki/Ledyba_(Pokémon)
  - Ledian: net::ERR_NAME_NOT_RESOLVED at https://bulbapedia.bulbagarden.net/wiki/Ledian_(Pokémon)
  - Spinarak: net::ERR_NAME_NOT_RESOLVED at https://bulbapedia.bulbagarden.net/wiki/Spinarak_(Pokémon)
  - Ariados: net::ERR_NAME_NOT_RESOLVED at https://bulbapedia.bulbagarden.net/wiki/Ariados_(Pokémon)
  - Crobat: net::ERR_NAME_NOT_RESOLVED at https://bulbapedia.bulbagarden.net/wiki/Crobat_(Pokémon)
  - Chinchou: net::ERR_NAME_NOT_RESOLVED at https://bulbapedia.bulbagarden.net/wiki/Chinchou_(Pokémon)
  - Lanturn: net::ERR_NAME_NOT_RESOLVED at https://bulbapedia.bulbagarden.net/wiki/Lanturn_(Pokémon)
  - Pichu: net::ERR_NAME_NOT_RESOLVED at https://bulbapedia.bulbagarden.net/wiki/Pichu_(Pokémon)
  - Cleffa: net::ERR_NAME_NOT_RESOLVED at https://bulbapedia.bulbagarden.net/wiki/Cleffa_(Pokémon)
  - Igglybuff: net::ERR_NAME_NOT_RESOLVED at https://bulbapedia.bulbagarden.net/wiki/Igglybuff_(Pokémon)
  - Togepi: net::ERR_NAME_NOT_RESOLVED at https://bulbapedia.bulbagarden.net/wiki/Togepi_(Pokémon)
  - Togetic: net::ERR_NAME_NOT_RESOLVED at https://bulbapedia.bulbagarden.net/wiki/Togetic_(Pokémon)
  - Natu: net::ERR_NAME_NOT_RESOLVED at https://bulbapedia.bulbagarden.net/wiki/Natu_(Pokémon)
  - Xatu: net::ERR_NAME_NOT_RESOLVED at https://bulbapedia.bulbagarden.net/wiki/Xatu_(Pokémon)
  - Mareep: net::ERR_NAME_NOT_RESOLVED at https://bulbapedia.bulbagarden.net/wiki/Mareep_(Pokémon)
  - Flaaffy: net::ERR_NAME_NOT_RESOLVED at https://bulbapedia.bulbagarden.net/wiki/Flaaffy_(Pokémon)
  - Ampharos: net::ERR_NAME_NOT_RESOLVED at https://bulbapedia.bulbagarden.net/wiki/Ampharos_(Pokémon)
  - Bellossom: net::ERR_NAME_NOT_RESOLVED at https://bulbapedia.bulbagarden.net/wiki/Bellossom_(Pokémon)
  - Marill: net::ERR_NAME_NOT_RESOLVED at https://bulbapedia.bulbagarden.net/wiki/Marill_(Pokémon)
  - Azumarill: net::ERR_NAME_NOT_RESOLVED at https://bulbapedia.bulbagarden.net/wiki/Azumarill_(Pokémon)
  - Sudowoodo: net::ERR_NAME_NOT_RESOLVED at https://bulbapedia.bulbagarden.net/wiki/Sudowoodo_(Pokémon)
  - Politoed: net::ERR_NAME_NOT_RESOLVED at https://bulbapedia.bulbagarden.net/wiki/Politoed_(Pokémon)
  - Hoppip: net::ERR_NAME_NOT_RESOLVED at https://bulbapedia.bulbagarden.net/wiki/Hoppip_(Pokémon)
  - Skiploom: net::ERR_NAME_NOT_RESOLVED at https://bulbapedia.bulbagarden.net/wiki/Skiploom_(Pokémon)
  - Jumpluff: net::ERR_NAME_NOT_RESOLVED at https://bulbapedia.bulbagarden.net/wiki/Jumpluff_(Pokémon)
  - Aipom: net::ERR_NAME_NOT_RESOLVED at https://bulbapedia.bulbagarden.net/wiki/Aipom_(Pokémon)
  - Sunkern: net::ERR_NAME_NOT_RESOLVED at https://bulbapedia.bulbagarden.net/wiki/Sunkern_(Pokémon)
  - Sunflora: net::ERR_NAME_NOT_RESOLVED at https://bulbapedia.bulbagarden.net/wiki/Sunflora_(Pokémon)
  - Yanma: net::ERR_NAME_NOT_RESOLVED at https://bulbapedia.bulbagarden.net/wiki/Yanma_(Pokémon)
  - Wooper: net::ERR_NAME_NOT_RESOLVED at https://bulbapedia.bulbagarden.net/wiki/Wooper_(Pokémon)
  - Quagsire: net::ERR_NAME_NOT_RESOLVED at https://bulbapedia.bulbagarden.net/wiki/Quagsire_(Pokémon)
  - Espeon: net::ERR_NAME_NOT_RESOLVED at https://bulbapedia.bulbagarden.net/wiki/Espeon_(Pokémon)
  - Umbreon: net::ERR_NAME_NOT_RESOLVED at https://bulbapedia.bulbagarden.net/wiki/Umbreon_(Pokémon)
  - Murkrow: net::ERR_NAME_NOT_RESOLVED at https://bulbapedia.bulbagarden.net/wiki/Murkrow_(Pokémon)
  - Slowking: net::ERR_NAME_NOT_RESOLVED at https://bulbapedia.bulbagarden.net/wiki/Slowking_(Pokémon)
  - Misdreavus: net::ERR_NAME_NOT_RESOLVED at https://bulbapedia.bulbagarden.net/wiki/Misdreavus_(Pokémon)
  - Unown: net::ERR_NAME_NOT_RESOLVED at https://bulbapedia.bulbagarden.net/wiki/Unown_(Pokémon)
  - Wobbuffet: net::ERR_NAME_NOT_RESOLVED at https://bulbapedia.bulbagarden.net/wiki/Wobbuffet_(Pokémon)
  - Girafarig: net::ERR_NAME_NOT_RESOLVED at https://bulbapedia.bulbagarden.net/wiki/Girafarig_(Pokémon)
  - Pineco: net::ERR_NAME_NOT_RESOLVED at https://bulbapedia.bulbagarden.net/wiki/Pineco_(Pokémon)
  - Forretress: net::ERR_NAME_NOT_RESOLVED at https://bulbapedia.bulbagarden.net/wiki/Forretress_(Pokémon)
  - Dunsparce: net::ERR_NAME_NOT_RESOLVED at https://bulbapedia.bulbagarden.net/wiki/Dunsparce_(Pokémon)
  - Gligar: net::ERR_NAME_NOT_RESOLVED at https://bulbapedia.bulbagarden.net/wiki/Gligar_(Pokémon)
  - Steelix: net::ERR_NAME_NOT_RESOLVED at https://bulbapedia.bulbagarden.net/wiki/Steelix_(Pokémon)
  - Snubbull: net::ERR_NAME_NOT_RESOLVED at https://bulbapedia.bulbagarden.net/wiki/Snubbull_(Pokémon)
  - Granbull: net::ERR_NAME_NOT_RESOLVED at https://bulbapedia.bulbagarden.net/wiki/Granbull_(Pokémon)
  - Qwilfish: net::ERR_NAME_NOT_RESOLVED at https://bulbapedia.bulbagarden.net/wiki/Qwilfish_(Pokémon)
  - Scizor: net::ERR_NAME_NOT_RESOLVED at https://bulbapedia.bulbagarden.net/wiki/Scizor_(Pokémon)
  - Shuckle: net::ERR_NAME_NOT_RESOLVED at https://bulbapedia.bulbagarden.net/wiki/Shuckle_(Pokémon)
  - Heracross: net::ERR_NAME_NOT_RESOLVED at https://bulbapedia.bulbagarden.net/wiki/Heracross_(Pokémon)
  - Sneasel: net::ERR_NAME_NOT_RESOLVED at https://bulbapedia.bulbagarden.net/wiki/Sneasel_(Pokémon)
  - Teddiursa: net::ERR_NAME_NOT_RESOLVED at https://bulbapedia.bulbagarden.net/wiki/Teddiursa_(Pokémon)
  - Ursaring: net::ERR_NAME_NOT_RESOLVED at https://bulbapedia.bulbagarden.net/wiki/Ursaring_(Pokémon)
  - Slugma: net::ERR_NAME_NOT_RESOLVED at https://bulbapedia.bulbagarden.net/wiki/Slugma_(Pokémon)
  - Magcargo: net::ERR_NAME_NOT_RESOLVED at https://bulbapedia.bulbagarden.net/wiki/Magcargo_(Pokémon)
  - Swinub: net::ERR_NAME_NOT_RESOLVED at https://bulbapedia.bulbagarden.net/wiki/Swinub_(Pokémon)
  - Piloswine: net::ERR_NAME_NOT_RESOLVED at https://bulbapedia.bulbagarden.net/wiki/Piloswine_(Pokémon)
  - Corsola: net::ERR_NAME_NOT_RESOLVED at https://bulbapedia.bulbagarden.net/wiki/Corsola_(Pokémon)
  - Remoraid: net::ERR_NAME_NOT_RESOLVED at https://bulbapedia.bulbagarden.net/wiki/Remoraid_(Pokémon)
  - Octillery: net::ERR_NAME_NOT_RESOLVED at https://bulbapedia.bulbagarden.net/wiki/Octillery_(Pokémon)
  - Delibird: net::ERR_NAME_NOT_RESOLVED at https://bulbapedia.bulbagarden.net/wiki/Delibird_(Pokémon)
  - Mantine: net::ERR_NAME_NOT_RESOLVED at https://bulbapedia.bulbagarden.net/wiki/Mantine_(Pokémon)
  - Skarmory: net::ERR_NAME_NOT_RESOLVED at https://bulbapedia.bulbagarden.net/wiki/Skarmory_(Pokémon)
  - Houndour: net::ERR_NAME_NOT_RESOLVED at https://bulbapedia.bulbagarden.net/wiki/Houndour_(Pokémon)
  - Houndoom: net::ERR_NAME_NOT_RESOLVED at https://bulbapedia.bulbagarden.net/wiki/Houndoom_(Pokémon)
  - Kingdra: net::ERR_NAME_NOT_RESOLVED at https://bulbapedia.bulbagarden.net/wiki/Kingdra_(Pokémon)
  - Phanpy: net::ERR_NAME_NOT_RESOLVED at https://bulbapedia.bulbagarden.net/wiki/Phanpy_(Pokémon)
  - Donphan: net::ERR_NAME_NOT_RESOLVED at https://bulbapedia.bulbagarden.net/wiki/Donphan_(Pokémon)
  - Porygon2: net::ERR_NAME_NOT_RESOLVED at https://bulbapedia.bulbagarden.net/wiki/Porygon2_(Pokémon)
  - Stantler: net::ERR_NAME_NOT_RESOLVED at https://bulbapedia.bulbagarden.net/wiki/Stantler_(Pokémon)
  - Smeargle: net::ERR_NAME_NOT_RESOLVED at https://bulbapedia.bulbagarden.net/wiki/Smeargle_(Pokémon)
  - Tyrogue: net::ERR_NAME_NOT_RESOLVED at https://bulbapedia.bulbagarden.net/wiki/Tyrogue_(Pokémon)
  - Hitmontop: net::ERR_NAME_NOT_RESOLVED at https://bulbapedia.bulbagarden.net/wiki/Hitmontop_(Pokémon)
  - Smoochum: net::ERR_NAME_NOT_RESOLVED at https://bulbapedia.bulbagarden.net/wiki/Smoochum_(Pokémon)
  - Elekid: net::ERR_NAME_NOT_RESOLVED at https://bulbapedia.bulbagarden.net/wiki/Elekid_(Pokémon)
  - Magby: net::ERR_NAME_NOT_RESOLVED at https://bulbapedia.bulbagarden.net/wiki/Magby_(Pokémon)
  - Miltank: net::ERR_NAME_NOT_RESOLVED at https://bulbapedia.bulbagarden.net/wiki/Miltank_(Pokémon)
  - Blissey: net::ERR_NAME_NOT_RESOLVED at https://bulbapedia.bulbagarden.net/wiki/Blissey_(Pokémon)
  - Raikou: net::ERR_NAME_NOT_RESOLVED at https://bulbapedia.bulbagarden.net/wiki/Raikou_(Pokémon)
  - Entei: net::ERR_NAME_NOT_RESOLVED at https://bulbapedia.bulbagarden.net/wiki/Entei_(Pokémon)
  - Suicune: net::ERR_NAME_NOT_RESOLVED at https://bulbapedia.bulbagarden.net/wiki/Suicune_(Pokémon)
  - Larvitar: net::ERR_NAME_NOT_RESOLVED at https://bulbapedia.bulbagarden.net/wiki/Larvitar_(Pokémon)
  - Pupitar: net::ERR_NAME_NOT_RESOLVED at https://bulbapedia.bulbagarden.net/wiki/Pupitar_(Pokémon)
  - Tyranitar: net::ERR_NAME_NOT_RESOLVED at https://bulbapedia.bulbagarden.net/wiki/Tyranitar_(Pokémon)
  - Lugia: net::ERR_NAME_NOT_RESOLVED at https://bulbapedia.bulbagarden.net/wiki/Lugia_(Pokémon)
  - Ho-oh: net::ERR_NAME_NOT_RESOLVED at https://bulbapedia.bulbagarden.net/wiki/Ho-oh_(Pokémon)
  - Celebi: net::ERR_NAME_NOT_RESOLVED at https://bulbapedia.bulbagarden.net/wiki/Celebi_(Pokémon)
  - Treecko: net::ERR_NAME_NOT_RESOLVED at https://bulbapedia.bulbagarden.net/wiki/Treecko_(Pokémon)
  - Grovyle: net::ERR_NAME_NOT_RESOLVED at https://bulbapedia.bulbagarden.net/wiki/Grovyle_(Pokémon)
  - Sceptile: net::ERR_NAME_NOT_RESOLVED at https://bulbapedia.bulbagarden.net/wiki/Sceptile_(Pokémon)
  - Torchic: net::ERR_NAME_NOT_RESOLVED at https://bulbapedia.bulbagarden.net/wiki/Torchic_(Pokémon)
  - Combusken: net::ERR_NAME_NOT_RESOLVED at https://bulbapedia.bulbagarden.net/wiki/Combusken_(Pokémon)
  - Blaziken: net::ERR_NAME_NOT_RESOLVED at https://bulbapedia.bulbagarden.net/wiki/Blaziken_(Pokémon)
  - Mudkip: net::ERR_NAME_NOT_RESOLVED at https://bulbapedia.bulbagarden.net/wiki/Mudkip_(Pokémon)
  - Marshtomp: net::ERR_NAME_NOT_RESOLVED at https://bulbapedia.bulbagarden.net/wiki/Marshtomp_(Pokémon)
  - Swampert: net::ERR_NAME_NOT_RESOLVED at https://bulbapedia.bulbagarden.net/wiki/Swampert_(Pokémon)
  - Poochyena: net::ERR_NAME_NOT_RESOLVED at https://bulbapedia.bulbagarden.net/wiki/Poochyena_(Pokémon)
  - Mightyena: net::ERR_NAME_NOT_RESOLVED at https://bulbapedia.bulbagarden.net/wiki/Mightyena_(Pokémon)
  - Zigzagoon: net::ERR_NAME_NOT_RESOLVED at https://bulbapedia.bulbagarden.net/wiki/Zigzagoon_(Pokémon)
  - Linoone: net::ERR_NAME_NOT_RESOLVED at https://bulbapedia.bulbagarden.net/wiki/Linoone_(Pokémon)
  - Wurmple: net::ERR_NAME_NOT_RESOLVED at https://bulbapedia.bulbagarden.net/wiki/Wurmple_(Pokémon)
  - Silcoon: net::ERR_NAME_NOT_RESOLVED at https://bulbapedia.bulbagarden.net/wiki/Silcoon_(Pokémon)
  - Beautifly: net::ERR_NAME_NOT_RESOLVED at https://bulbapedia.bulbagarden.net/wiki/Beautifly_(Pokémon)
  - Cascoon: net::ERR_NAME_NOT_RESOLVED at https://bulbapedia.bulbagarden.net/wiki/Cascoon_(Pokémon)
  - Dustox: net::ERR_NAME_NOT_RESOLVED at https://bulbapedia.bulbagarden.net/wiki/Dustox_(Pokémon)
  - Lotad: net::ERR_NAME_NOT_RESOLVED at https://bulbapedia.bulbagarden.net/wiki/Lotad_(Pokémon)
  - Lombre: net::ERR_NAME_NOT_RESOLVED at https://bulbapedia.bulbagarden.net/wiki/Lombre_(Pokémon)
  - Ludicolo: net::ERR_NAME_NOT_RESOLVED at https://bulbapedia.bulbagarden.net/wiki/Ludicolo_(Pokémon)
  - Seedot: net::ERR_NAME_NOT_RESOLVED at https://bulbapedia.bulbagarden.net/wiki/Seedot_(Pokémon)
  - Nuzleaf: net::ERR_NAME_NOT_RESOLVED at https://bulbapedia.bulbagarden.net/wiki/Nuzleaf_(Pokémon)
  - Shiftry: net::ERR_NAME_NOT_RESOLVED at https://bulbapedia.bulbagarden.net/wiki/Shiftry_(Pokémon)
  - Taillow: net::ERR_NAME_NOT_RESOLVED at https://bulbapedia.bulbagarden.net/wiki/Taillow_(Pokémon)
  - Swellow: net::ERR_NAME_NOT_RESOLVED at https://bulbapedia.bulbagarden.net/wiki/Swellow_(Pokémon)
  - Wingull: net::ERR_NAME_NOT_RESOLVED at https://bulbapedia.bulbagarden.net/wiki/Wingull_(Pokémon)
  - Pelipper: net::ERR_NAME_NOT_RESOLVED at https://bulbapedia.bulbagarden.net/wiki/Pelipper_(Pokémon)
  - Ralts: net::ERR_NAME_NOT_RESOLVED at https://bulbapedia.bulbagarden.net/wiki/Ralts_(Pokémon)
  - Kirlia: net::ERR_NAME_NOT_RESOLVED at https://bulbapedia.bulbagarden.net/wiki/Kirlia_(Pokémon)
  - Gardevoir: net::ERR_NAME_NOT_RESOLVED at https://bulbapedia.bulbagarden.net/wiki/Gardevoir_(Pokémon)
  - Surskit: net::ERR_NAME_NOT_RESOLVED at https://bulbapedia.bulbagarden.net/wiki/Surskit_(Pokémon)
  - Masquerain: net::ERR_NAME_NOT_RESOLVED at https://bulbapedia.bulbagarden.net/wiki/Masquerain_(Pokémon)
  - Shroomish: net::ERR_NAME_NOT_RESOLVED at https://bulbapedia.bulbagarden.net/wiki/Shroomish_(Pokémon)
  - Breloom: net::ERR_NAME_NOT_RESOLVED at https://bulbapedia.bulbagarden.net/wiki/Breloom_(Pokémon)
  - Slakoth: net::ERR_NAME_NOT_RESOLVED at https://bulbapedia.bulbagarden.net/wiki/Slakoth_(Pokémon)
  - Vigoroth: net::ERR_NAME_NOT_RESOLVED at https://bulbapedia.bulbagarden.net/wiki/Vigoroth_(Pokémon)
  - Slaking: net::ERR_NAME_NOT_RESOLVED at https://bulbapedia.bulbagarden.net/wiki/Slaking_(Pokémon)
  - Nincada: net::ERR_NAME_NOT_RESOLVED at https://bulbapedia.bulbagarden.net/wiki/Nincada_(Pokémon)
  - Ninjask: net::ERR_NAME_NOT_RESOLVED at https://bulbapedia.bulbagarden.net/wiki/Ninjask_(Pokémon)
  - Shedinja: net::ERR_NAME_NOT_RESOLVED at https://bulbapedia.bulbagarden.net/wiki/Shedinja_(Pokémon)
  - Whismur: net::ERR_NAME_NOT_RESOLVED at https://bulbapedia.bulbagarden.net/wiki/Whismur_(Pokémon)
  - Loudred: net::ERR_NAME_NOT_RESOLVED at https://bulbapedia.bulbagarden.net/wiki/Loudred_(Pokémon)
  - Exploud: net::ERR_NAME_NOT_RESOLVED at https://bulbapedia.bulbagarden.net/wiki/Exploud_(Pokémon)
  - Makuhita: net::ERR_NAME_NOT_RESOLVED at https://bulbapedia.bulbagarden.net/wiki/Makuhita_(Pokémon)
  - Hariyama: net::ERR_NAME_NOT_RESOLVED at https://bulbapedia.bulbagarden.net/wiki/Hariyama_(Pokémon)
  - Azurill: net::ERR_NAME_NOT_RESOLVED at https://bulbapedia.bulbagarden.net/wiki/Azurill_(Pokémon)
  - Nosepass: net::ERR_NAME_NOT_RESOLVED at https://bulbapedia.bulbagarden.net/wiki/Nosepass_(Pokémon)
  - Skitty: net::ERR_NAME_NOT_RESOLVED at https://bulbapedia.bulbagarden.net/wiki/Skitty_(Pokémon)
  - Delcatty: net::ERR_NAME_NOT_RESOLVED at https://bulbapedia.bulbagarden.net/wiki/Delcatty_(Pokémon)
  - Sableye: net::ERR_NAME_NOT_RESOLVED at https://bulbapedia.bulbagarden.net/wiki/Sableye_(Pokémon)
  - Mawile: net::ERR_NAME_NOT_RESOLVED at https://bulbapedia.bulbagarden.net/wiki/Mawile_(Pokémon)
  - Aron: net::ERR_NAME_NOT_RESOLVED at https://bulbapedia.bulbagarden.net/wiki/Aron_(Pokémon)
  - Lairon: net::ERR_NAME_NOT_RESOLVED at https://bulbapedia.bulbagarden.net/wiki/Lairon_(Pokémon)
  - Aggron: net::ERR_NAME_NOT_RESOLVED at https://bulbapedia.bulbagarden.net/wiki/Aggron_(Pokémon)
  - Meditite: net::ERR_NAME_NOT_RESOLVED at https://bulbapedia.bulbagarden.net/wiki/Meditite_(Pokémon)
  - Medicham: net::ERR_NAME_NOT_RESOLVED at https://bulbapedia.bulbagarden.net/wiki/Medicham_(Pokémon)
  - Electrike: net::ERR_NAME_NOT_RESOLVED at https://bulbapedia.bulbagarden.net/wiki/Electrike_(Pokémon)
  - Manectric: net::ERR_NAME_NOT_RESOLVED at https://bulbapedia.bulbagarden.net/wiki/Manectric_(Pokémon)
  - Plusle: net::ERR_NAME_NOT_RESOLVED at https://bulbapedia.bulbagarden.net/wiki/Plusle_(Pokémon)
  - Minun: net::ERR_NAME_NOT_RESOLVED at https://bulbapedia.bulbagarden.net/wiki/Minun_(Pokémon)
  - Volbeat: net::ERR_NAME_NOT_RESOLVED at https://bulbapedia.bulbagarden.net/wiki/Volbeat_(Pokémon)
  - Illumise: net::ERR_NAME_NOT_RESOLVED at https://bulbapedia.bulbagarden.net/wiki/Illumise_(Pokémon)
  - Roselia: net::ERR_NAME_NOT_RESOLVED at https://bulbapedia.bulbagarden.net/wiki/Roselia_(Pokémon)
  - Gulpin: net::ERR_NAME_NOT_RESOLVED at https://bulbapedia.bulbagarden.net/wiki/Gulpin_(Pokémon)
  - Swalot: net::ERR_NAME_NOT_RESOLVED at https://bulbapedia.bulbagarden.net/wiki/Swalot_(Pokémon)
  - Carvanha: net::ERR_NAME_NOT_RESOLVED at https://bulbapedia.bulbagarden.net/wiki/Carvanha_(Pokémon)
  - Sharpedo: net::ERR_NAME_NOT_RESOLVED at https://bulbapedia.bulbagarden.net/wiki/Sharpedo_(Pokémon)
  - Wailmer: net::ERR_NAME_NOT_RESOLVED at https://bulbapedia.bulbagarden.net/wiki/Wailmer_(Pokémon)
  - Wailord: net::ERR_NAME_NOT_RESOLVED at https://bulbapedia.bulbagarden.net/wiki/Wailord_(Pokémon)
  - Numel: net::ERR_NAME_NOT_RESOLVED at https://bulbapedia.bulbagarden.net/wiki/Numel_(Pokémon)
  - Camerupt: net::ERR_NAME_NOT_RESOLVED at https://bulbapedia.bulbagarden.net/wiki/Camerupt_(Pokémon)
  - Torkoal: net::ERR_NAME_NOT_RESOLVED at https://bulbapedia.bulbagarden.net/wiki/Torkoal_(Pokémon)
  - Spoink: net::ERR_NAME_NOT_RESOLVED at https://bulbapedia.bulbagarden.net/wiki/Spoink_(Pokémon)
  - Grumpig: net::ERR_NAME_NOT_RESOLVED at https://bulbapedia.bulbagarden.net/wiki/Grumpig_(Pokémon)
  - Spinda: net::ERR_NAME_NOT_RESOLVED at https://bulbapedia.bulbagarden.net/wiki/Spinda_(Pokémon)
  - Trapinch: net::ERR_NAME_NOT_RESOLVED at https://bulbapedia.bulbagarden.net/wiki/Trapinch_(Pokémon)
  - Vibrava: net::ERR_NAME_NOT_RESOLVED at https://bulbapedia.bulbagarden.net/wiki/Vibrava_(Pokémon)
  - Flygon: net::ERR_NAME_NOT_RESOLVED at https://bulbapedia.bulbagarden.net/wiki/Flygon_(Pokémon)
  - Cacnea: net::ERR_NAME_NOT_RESOLVED at https://bulbapedia.bulbagarden.net/wiki/Cacnea_(Pokémon)
  - Cacturne: net::ERR_NAME_NOT_RESOLVED at https://bulbapedia.bulbagarden.net/wiki/Cacturne_(Pokémon)
  - Swablu: net::ERR_NAME_NOT_RESOLVED at https://bulbapedia.bulbagarden.net/wiki/Swablu_(Pokémon)
  - Altaria: net::ERR_NAME_NOT_RESOLVED at https://bulbapedia.bulbagarden.net/wiki/Altaria_(Pokémon)
  - Zangoose: net::ERR_NAME_NOT_RESOLVED at https://bulbapedia.bulbagarden.net/wiki/Zangoose_(Pokémon)
  - Seviper: net::ERR_NAME_NOT_RESOLVED at https://bulbapedia.bulbagarden.net/wiki/Seviper_(Pokémon)
  - Lunatone: net::ERR_NAME_NOT_RESOLVED at https://bulbapedia.bulbagarden.net/wiki/Lunatone_(Pokémon)
  - Sol: net::ERR_NAME_NOT_RESOLVED at https://bulbapedia.bulbagarden.net/wiki/Sol_(Pokémon)
  - Barboach: net::ERR_NAME_NOT_RESOLVED at https://bulbapedia.bulbagarden.net/wiki/Barboach_(Pokémon)
  - Whiscash: net::ERR_NAME_NOT_RESOLVED at https://bulbapedia.bulbagarden.net/wiki/Whiscash_(Pokémon)
  - Corphish: net::ERR_NAME_NOT_RESOLVED at https://bulbapedia.bulbagarden.net/wiki/Corphish_(Pokémon)
  - Crawdaunt: net::ERR_NAME_NOT_RESOLVED at https://bulbapedia.bulbagarden.net/wiki/Crawdaunt_(Pokémon)
  - Baltoy: net::ERR_NAME_NOT_RESOLVED at https://bulbapedia.bulbagarden.net/wiki/Baltoy_(Pokémon)
  - Claydol: net::ERR_NAME_NOT_RESOLVED at https://bulbapedia.bulbagarden.net/wiki/Claydol_(Pokémon)
  - Lileep: net::ERR_NAME_NOT_RESOLVED at https://bulbapedia.bulbagarden.net/wiki/Lileep_(Pokémon)
  - Cradily: net::ERR_NAME_NOT_RESOLVED at https://bulbapedia.bulbagarden.net/wiki/Cradily_(Pokémon)
  - Anorith: net::ERR_NAME_NOT_RESOLVED at https://bulbapedia.bulbagarden.net/wiki/Anorith_(Pokémon)
  - Armaldo: net::ERR_NAME_NOT_RESOLVED at https://bulbapedia.bulbagarden.net/wiki/Armaldo_(Pokémon)
  - Feebas: net::ERR_NAME_NOT_RESOLVED at https://bulbapedia.bulbagarden.net/wiki/Feebas_(Pokémon)
  - Milotic: net::ERR_NAME_NOT_RESOLVED at https://bulbapedia.bulbagarden.net/wiki/Milotic_(Pokémon)
  - Castform: net::ERR_NAME_NOT_RESOLVED at https://bulbapedia.bulbagarden.net/wiki/Castform_(Pokémon)
  - Kecleon: net::ERR_NAME_NOT_RESOLVED at https://bulbapedia.bulbagarden.net/wiki/Kecleon_(Pokémon)
  - Shuppet: net::ERR_NAME_NOT_RESOLVED at https://bulbapedia.bulbagarden.net/wiki/Shuppet_(Pokémon)
  - Banette: net::ERR_NAME_NOT_RESOLVED at https://bulbapedia.bulbagarden.net/wiki/Banette_(Pokémon)
  - Duskull: net::ERR_NAME_NOT_RESOLVED at https://bulbapedia.bulbagarden.net/wiki/Duskull_(Pokémon)
  - Dusclops: net::ERR_NAME_NOT_RESOLVED at https://bulbapedia.bulbagarden.net/wiki/Dusclops_(Pokémon)
  - Tropius: net::ERR_NAME_NOT_RESOLVED at https://bulbapedia.bulbagarden.net/wiki/Tropius_(Pokémon)
  - Chimecho: net::ERR_NAME_NOT_RESOLVED at https://bulbapedia.bulbagarden.net/wiki/Chimecho_(Pokémon)
  - Absol: net::ERR_NAME_NOT_RESOLVED at https://bulbapedia.bulbagarden.net/wiki/Absol_(Pokémon)
  - Wynaut: net::ERR_NAME_NOT_RESOLVED at https://bulbapedia.bulbagarden.net/wiki/Wynaut_(Pokémon)
  - Snorunt: net::ERR_NAME_NOT_RESOLVED at https://bulbapedia.bulbagarden.net/wiki/Snorunt_(Pokémon)
  - Glalie: net::ERR_NAME_NOT_RESOLVED at https://bulbapedia.bulbagarden.net/wiki/Glalie_(Pokémon)
  - Spheal: net::ERR_NAME_NOT_RESOLVED at https://bulbapedia.bulbagarden.net/wiki/Spheal_(Pokémon)
  - Sealeo: net::ERR_NAME_NOT_RESOLVED at https://bulbapedia.bulbagarden.net/wiki/Sealeo_(Pokémon)
  - Walrein: net::ERR_NAME_NOT_RESOLVED at https://bulbapedia.bulbagarden.net/wiki/Walrein_(Pokémon)
  - Clamperl: net::ERR_NAME_NOT_RESOLVED at https://bulbapedia.bulbagarden.net/wiki/Clamperl_(Pokémon)
  - Huntail: net::ERR_NAME_NOT_RESOLVED at https://bulbapedia.bulbagarden.net/wiki/Huntail_(Pokémon)
  - Gorebyss: net::ERR_NAME_NOT_RESOLVED at https://bulbapedia.bulbagarden.net/wiki/Gorebyss_(Pokémon)
  - Relicanth: net::ERR_NAME_NOT_RESOLVED at https://bulbapedia.bulbagarden.net/wiki/Relicanth_(Pokémon)
  - Luvdisc: net::ERR_NAME_NOT_RESOLVED at https://bulbapedia.bulbagarden.net/wiki/Luvdisc_(Pokémon)
  - Bagon: net::ERR_NAME_NOT_RESOLVED at https://bulbapedia.bulbagarden.net/wiki/Bagon_(Pokémon)
  - Shelgon: net::ERR_NAME_NOT_RESOLVED at https://bulbapedia.bulbagarden.net/wiki/Shelgon_(Pokémon)
  - Salamence: net::ERR_NAME_NOT_RESOLVED at https://bulbapedia.bulbagarden.net/wiki/Salamence_(Pokémon)
  - Beldum: net::ERR_NAME_NOT_RESOLVED at https://bulbapedia.bulbagarden.net/wiki/Beldum_(Pokémon)
  - Metang: net::ERR_NAME_NOT_RESOLVED at https://bulbapedia.bulbagarden.net/wiki/Metang_(Pokémon)
  - Metagross: net::ERR_NAME_NOT_RESOLVED at https://bulbapedia.bulbagarden.net/wiki/Metagross_(Pokémon)
  - Regirock: net::ERR_NAME_NOT_RESOLVED at https://bulbapedia.bulbagarden.net/wiki/Regirock_(Pokémon)
  - Regice: net::ERR_NAME_NOT_RESOLVED at https://bulbapedia.bulbagarden.net/wiki/Regice_(Pokémon)
  - Registeel: net::ERR_NAME_NOT_RESOLVED at https://bulbapedia.bulbagarden.net/wiki/Registeel_(Pokémon)
  - Latias: net::ERR_NAME_NOT_RESOLVED at https://bulbapedia.bulbagarden.net/wiki/Latias_(Pokémon)
  - Latios: net::ERR_NAME_NOT_RESOLVED at https://bulbapedia.bulbagarden.net/wiki/Latios_(Pokémon)
  - Kyogre: net::ERR_NAME_NOT_RESOLVED at https://bulbapedia.bulbagarden.net/wiki/Kyogre_(Pokémon)
  - Groudon: net::ERR_NAME_NOT_RESOLVED at https://bulbapedia.bulbagarden.net/wiki/Groudon_(Pokémon)
  - Rayquaza: net::ERR_NAME_NOT_RESOLVED at https://bulbapedia.bulbagarden.net/wiki/Rayquaza_(Pokémon)
  - Jirachi: net::ERR_NAME_NOT_RESOLVED at https://bulbapedia.bulbagarden.net/wiki/Jirachi_(Pokémon)
  - Deoxys: net::ERR_NAME_NOT_RESOLVED at https://bulbapedia.bulbagarden.net/wiki/Deoxys_(Pokémon)
  - Turtwig: net::ERR_NAME_NOT_RESOLVED at https://bulbapedia.bulbagarden.net/wiki/Turtwig_(Pokémon)
  - Grotle: net::ERR_NAME_NOT_RESOLVED at https://bulbapedia.bulbagarden.net/wiki/Grotle_(Pokémon)
  - Torterra: net::ERR_NAME_NOT_RESOLVED at https://bulbapedia.bulbagarden.net/wiki/Torterra_(Pokémon)
  - Chimchar: net::ERR_NAME_NOT_RESOLVED at https://bulbapedia.bulbagarden.net/wiki/Chimchar_(Pokémon)
  - Monferno: net::ERR_NAME_NOT_RESOLVED at https://bulbapedia.bulbagarden.net/wiki/Monferno_(Pokémon)
  - Infernape: net::ERR_NAME_NOT_RESOLVED at https://bulbapedia.bulbagarden.net/wiki/Infernape_(Pokémon)
  - Piplup: net::ERR_NAME_NOT_RESOLVED at https://bulbapedia.bulbagarden.net/wiki/Piplup_(Pokémon)
  - Prinplup: net::ERR_NAME_NOT_RESOLVED at https://bulbapedia.bulbagarden.net/wiki/Prinplup_(Pokémon)
  - Empoleon: net::ERR_NAME_NOT_RESOLVED at https://bulbapedia.bulbagarden.net/wiki/Empoleon_(Pokémon)
  - Starly: net::ERR_NAME_NOT_RESOLVED at https://bulbapedia.bulbagarden.net/wiki/Starly_(Pokémon)
  - Staravia: net::ERR_NAME_NOT_RESOLVED at https://bulbapedia.bulbagarden.net/wiki/Staravia_(Pokémon)
  - Staraptor: net::ERR_NAME_NOT_RESOLVED at https://bulbapedia.bulbagarden.net/wiki/Staraptor_(Pokémon)
  - Bidoof: net::ERR_NAME_NOT_RESOLVED at https://bulbapedia.bulbagarden.net/wiki/Bidoof_(Pokémon)
  - Bibarel: net::ERR_NAME_NOT_RESOLVED at https://bulbapedia.bulbagarden.net/wiki/Bibarel_(Pokémon)
  - Kricketot: net::ERR_NAME_NOT_RESOLVED at https://bulbapedia.bulbagarden.net/wiki/Kricketot_(Pokémon)
  - Kricketune: net::ERR_NAME_NOT_RESOLVED at https://bulbapedia.bulbagarden.net/wiki/Kricketune_(Pokémon)
  - Shinx: net::ERR_NAME_NOT_RESOLVED at https://bulbapedia.bulbagarden.net/wiki/Shinx_(Pokémon)
  - Luxio: net::ERR_NAME_NOT_RESOLVED at https://bulbapedia.bulbagarden.net/wiki/Luxio_(Pokémon)
  - Luxray: net::ERR_NAME_NOT_RESOLVED at https://bulbapedia.bulbagarden.net/wiki/Luxray_(Pokémon)
  - Budew: net::ERR_NAME_NOT_RESOLVED at https://bulbapedia.bulbagarden.net/wiki/Budew_(Pokémon)
  - Roserade: net::ERR_NAME_NOT_RESOLVED at https://bulbapedia.bulbagarden.net/wiki/Roserade_(Pokémon)
  - Cranidos: net::ERR_NAME_NOT_RESOLVED at https://bulbapedia.bulbagarden.net/wiki/Cranidos_(Pokémon)
  - Rampardos: net::ERR_NAME_NOT_RESOLVED at https://bulbapedia.bulbagarden.net/wiki/Rampardos_(Pokémon)
  - Shieldon: net::ERR_NAME_NOT_RESOLVED at https://bulbapedia.bulbagarden.net/wiki/Shieldon_(Pokémon)
  - Bastiodon: net::ERR_NAME_NOT_RESOLVED at https://bulbapedia.bulbagarden.net/wiki/Bastiodon_(Pokémon)
  - Burmy: net::ERR_NAME_NOT_RESOLVED at https://bulbapedia.bulbagarden.net/wiki/Burmy_(Pokémon)
  - Wormadam: net::ERR_NAME_NOT_RESOLVED at https://bulbapedia.bulbagarden.net/wiki/Wormadam_(Pokémon)
  - Mothim: net::ERR_NAME_NOT_RESOLVED at https://bulbapedia.bulbagarden.net/wiki/Mothim_(Pokémon)
  - Combee: net::ERR_NAME_NOT_RESOLVED at https://bulbapedia.bulbagarden.net/wiki/Combee_(Pokémon)
  - Vespiquen: net::ERR_NAME_NOT_RESOLVED at https://bulbapedia.bulbagarden.net/wiki/Vespiquen_(Pokémon)
  - Pachirisu: net::ERR_NAME_NOT_RESOLVED at https://bulbapedia.bulbagarden.net/wiki/Pachirisu_(Pokémon)
  - Buizel: net::ERR_NAME_NOT_RESOLVED at https://bulbapedia.bulbagarden.net/wiki/Buizel_(Pokémon)
  - Floatzel: net::ERR_NAME_NOT_RESOLVED at https://bulbapedia.bulbagarden.net/wiki/Floatzel_(Pokémon)
  - Cherubi: net::ERR_NAME_NOT_RESOLVED at https://bulbapedia.bulbagarden.net/wiki/Cherubi_(Pokémon)
  - Cherrim: net::ERR_NAME_NOT_RESOLVED at https://bulbapedia.bulbagarden.net/wiki/Cherrim_(Pokémon)
  - Shellos: net::ERR_NAME_NOT_RESOLVED at https://bulbapedia.bulbagarden.net/wiki/Shellos_(Pokémon)
  - Gastrodon: net::ERR_NAME_NOT_RESOLVED at https://bulbapedia.bulbagarden.net/wiki/Gastrodon_(Pokémon)
  - Ambipom: net::ERR_NAME_NOT_RESOLVED at https://bulbapedia.bulbagarden.net/wiki/Ambipom_(Pokémon)
  - Drifloon: net::ERR_NAME_NOT_RESOLVED at https://bulbapedia.bulbagarden.net/wiki/Drifloon_(Pokémon)
  - Drifblim: net::ERR_NAME_NOT_RESOLVED at https://bulbapedia.bulbagarden.net/wiki/Drifblim_(Pokémon)
  - Buneary: net::ERR_NAME_NOT_RESOLVED at https://bulbapedia.bulbagarden.net/wiki/Buneary_(Pokémon)
  - Lopunny: net::ERR_NAME_NOT_RESOLVED at https://bulbapedia.bulbagarden.net/wiki/Lopunny_(Pokémon)
  - Mismagius: net::ERR_NAME_NOT_RESOLVED at https://bulbapedia.bulbagarden.net/wiki/Mismagius_(Pokémon)
  - Honchkrow: net::ERR_NAME_NOT_RESOLVED at https://bulbapedia.bulbagarden.net/wiki/Honchkrow_(Pokémon)
  - Glameow: net::ERR_NAME_NOT_RESOLVED at https://bulbapedia.bulbagarden.net/wiki/Glameow_(Pokémon)
  - Purugly: net::ERR_NAME_NOT_RESOLVED at https://bulbapedia.bulbagarden.net/wiki/Purugly_(Pokémon)
  - Chingling: net::ERR_NAME_NOT_RESOLVED at https://bulbapedia.bulbagarden.net/wiki/Chingling_(Pokémon)
  - Stunky: net::ERR_NAME_NOT_RESOLVED at https://bulbapedia.bulbagarden.net/wiki/Stunky_(Pokémon)
  - Skuntank: net::ERR_NAME_NOT_RESOLVED at https://bulbapedia.bulbagarden.net/wiki/Skuntank_(Pokémon)
  - Bronzor: net::ERR_NAME_NOT_RESOLVED at https://bulbapedia.bulbagarden.net/wiki/Bronzor_(Pokémon)
  - Bronzong: net::ERR_NAME_NOT_RESOLVED at https://bulbapedia.bulbagarden.net/wiki/Bronzong_(Pokémon)
  - Bonsly: net::ERR_NAME_NOT_RESOLVED at https://bulbapedia.bulbagarden.net/wiki/Bonsly_(Pokémon)
  - Mime Jr.: net::ERR_NAME_NOT_RESOLVED at https://bulbapedia.bulbagarden.net/wiki/Mime%20Jr._(Pokémon)
  - Happiny: net::ERR_NAME_NOT_RESOLVED at https://bulbapedia.bulbagarden.net/wiki/Happiny_(Pokémon)
  - Chatot: net::ERR_NAME_NOT_RESOLVED at https://bulbapedia.bulbagarden.net/wiki/Chatot_(Pokémon)
  - Spiritomb: net::ERR_NAME_NOT_RESOLVED at https://bulbapedia.bulbagarden.net/wiki/Spiritomb_(Pokémon)
  - Gible: net::ERR_NAME_NOT_RESOLVED at https://bulbapedia.bulbagarden.net/wiki/Gible_(Pokémon)
  - Gabite: net::ERR_NAME_NOT_RESOLVED at https://bulbapedia.bulbagarden.net/wiki/Gabite_(Pokémon)
  - Garchomp: net::ERR_NAME_NOT_RESOLVED at https://bulbapedia.bulbagarden.net/wiki/Garchomp_(Pokémon)
  - Munchlax: net::ERR_NAME_NOT_RESOLVED at https://bulbapedia.bulbagarden.net/wiki/Munchlax_(Pokémon)
  - Riolu: net::ERR_NAME_NOT_RESOLVED at https://bulbapedia.bulbagarden.net/wiki/Riolu_(Pokémon)
  - Lucario: net::ERR_NAME_NOT_RESOLVED at https://bulbapedia.bulbagarden.net/wiki/Lucario_(Pokémon)
  - Hippopotas: net::ERR_NAME_NOT_RESOLVED at https://bulbapedia.bulbagarden.net/wiki/Hippopotas_(Pokémon)
  - Hippowdon: net::ERR_NAME_NOT_RESOLVED at https://bulbapedia.bulbagarden.net/wiki/Hippowdon_(Pokémon)
  - Skorupi: net::ERR_NAME_NOT_RESOLVED at https://bulbapedia.bulbagarden.net/wiki/Skorupi_(Pokémon)
  - Drapion: net::ERR_NAME_NOT_RESOLVED at https://bulbapedia.bulbagarden.net/wiki/Drapion_(Pokémon)
  - Croagunk: net::ERR_NAME_NOT_RESOLVED at https://bulbapedia.bulbagarden.net/wiki/Croagunk_(Pokémon)
  - Toxicroak: net::ERR_NAME_NOT_RESOLVED at https://bulbapedia.bulbagarden.net/wiki/Toxicroak_(Pokémon)
  - Carnivine: net::ERR_NAME_NOT_RESOLVED at https://bulbapedia.bulbagarden.net/wiki/Carnivine_(Pokémon)
  - Finneon: net::ERR_NAME_NOT_RESOLVED at https://bulbapedia.bulbagarden.net/wiki/Finneon_(Pokémon)
  - Lumineon: net::ERR_NAME_NOT_RESOLVED at https://bulbapedia.bulbagarden.net/wiki/Lumineon_(Pokémon)
  - Mantyke: net::ERR_NAME_NOT_RESOLVED at https://bulbapedia.bulbagarden.net/wiki/Mantyke_(Pokémon)
  - Snover: net::ERR_NAME_NOT_RESOLVED at https://bulbapedia.bulbagarden.net/wiki/Snover_(Pokémon)
  - Abomasnow: net::ERR_NAME_NOT_RESOLVED at https://bulbapedia.bulbagarden.net/wiki/Abomasnow_(Pokémon)
  - Weavile: net::ERR_NAME_NOT_RESOLVED at https://bulbapedia.bulbagarden.net/wiki/Weavile_(Pokémon)
  - Magnezone: net::ERR_NAME_NOT_RESOLVED at https://bulbapedia.bulbagarden.net/wiki/Magnezone_(Pokémon)
  - Lickilicky: net::ERR_NAME_NOT_RESOLVED at https://bulbapedia.bulbagarden.net/wiki/Lickilicky_(Pokémon)
  - Rhyperior: net::ERR_NAME_NOT_RESOLVED at https://bulbapedia.bulbagarden.net/wiki/Rhyperior_(Pokémon)
  - Tangrowth: net::ERR_NAME_NOT_RESOLVED at https://bulbapedia.bulbagarden.net/wiki/Tangrowth_(Pokémon)
  - Electivire: net::ERR_NAME_NOT_RESOLVED at https://bulbapedia.bulbagarden.net/wiki/Electivire_(Pokémon)
  - Magmortar: net::ERR_NAME_NOT_RESOLVED at https://bulbapedia.bulbagarden.net/wiki/Magmortar_(Pokémon)
  - Togekiss: net::ERR_NAME_NOT_RESOLVED at https://bulbapedia.bulbagarden.net/wiki/Togekiss_(Pokémon)
  - Yanmega: net::ERR_NAME_NOT_RESOLVED at https://bulbapedia.bulbagarden.net/wiki/Yanmega_(Pokémon)
  - Leafeon: net::ERR_NAME_NOT_RESOLVED at https://bulbapedia.bulbagarden.net/wiki/Leafeon_(Pokémon)
  - Glaceon: net::ERR_NAME_NOT_RESOLVED at https://bulbapedia.bulbagarden.net/wiki/Glaceon_(Pokémon)
  - Gliscor: net::ERR_NAME_NOT_RESOLVED at https://bulbapedia.bulbagarden.net/wiki/Gliscor_(Pokémon)
  - Mamoswine: net::ERR_NAME_NOT_RESOLVED at https://bulbapedia.bulbagarden.net/wiki/Mamoswine_(Pokémon)
  - Porygon-Z: net::ERR_NAME_NOT_RESOLVED at https://bulbapedia.bulbagarden.net/wiki/Porygon-Z_(Pokémon)
  - Gallade: net::ERR_NAME_NOT_RESOLVED at https://bulbapedia.bulbagarden.net/wiki/Gallade_(Pokémon)
  - Probopass: net::ERR_NAME_NOT_RESOLVED at https://bulbapedia.bulbagarden.net/wiki/Probopass_(Pokémon)
  - Dusknoir: net::ERR_NAME_NOT_RESOLVED at https://bulbapedia.bulbagarden.net/wiki/Dusknoir_(Pokémon)
  - Froslass: net::ERR_NAME_NOT_RESOLVED at https://bulbapedia.bulbagarden.net/wiki/Froslass_(Pokémon)
  - Rotom: net::ERR_NAME_NOT_RESOLVED at https://bulbapedia.bulbagarden.net/wiki/Rotom_(Pokémon)
  - Uxie: net::ERR_NAME_NOT_RESOLVED at https://bulbapedia.bulbagarden.net/wiki/Uxie_(Pokémon)
  - Mesprit: net::ERR_NAME_NOT_RESOLVED at https://bulbapedia.bulbagarden.net/wiki/Mesprit_(Pokémon)
  - Azelf: net::ERR_NAME_NOT_RESOLVED at https://bulbapedia.bulbagarden.net/wiki/Azelf_(Pokémon)
  - Dialga: net::ERR_NAME_NOT_RESOLVED at https://bulbapedia.bulbagarden.net/wiki/Dialga_(Pokémon)
  - Palkia: net::ERR_NAME_NOT_RESOLVED at https://bulbapedia.bulbagarden.net/wiki/Palkia_(Pokémon)
  - Heatran: net::ERR_NAME_NOT_RESOLVED at https://bulbapedia.bulbagarden.net/wiki/Heatran_(Pokémon)
  - Regigigas: net::ERR_NAME_NOT_RESOLVED at https://bulbapedia.bulbagarden.net/wiki/Regigigas_(Pokémon)
  - Giratina: net::ERR_NAME_NOT_RESOLVED at https://bulbapedia.bulbagarden.net/wiki/Giratina_(Pokémon)
  - Cresselia: net::ERR_NAME_NOT_RESOLVED at https://bulbapedia.bulbagarden.net/wiki/Cresselia_(Pokémon)
  - Phione: net::ERR_NAME_NOT_RESOLVED at https://bulbapedia.bulbagarden.net/wiki/Phione_(Pokémon)
  - Manaphy: net::ERR_NAME_NOT_RESOLVED at https://bulbapedia.bulbagarden.net/wiki/Manaphy_(Pokémon)
  - Darkrai: net::ERR_NAME_NOT_RESOLVED at https://bulbapedia.bulbagarden.net/wiki/Darkrai_(Pokémon)
  - Shaymin: net::ERR_NAME_NOT_RESOLVED at https://bulbapedia.bulbagarden.net/wiki/Shaymin_(Pokémon)
  - Arceus: net::ERR_NAME_NOT_RESOLVED at https://bulbapedia.bulbagarden.net/wiki/Arceus_(Pokémon)
  - Emboar: Attempted to use detached Frame '026D63CE6C3253BBDB6ECD21FB5072FC'.
  - Oshawott: Attempted to use detached Frame '026D63CE6C3253BBDB6ECD21FB5072FC'.
  - Dewott: Attempted to use detached Frame '026D63CE6C3253BBDB6ECD21FB5072FC'.
  - Samurott: Attempted to use detached Frame '026D63CE6C3253BBDB6ECD21FB5072FC'.
  - Patrat: Attempted to use detached Frame '026D63CE6C3253BBDB6ECD21FB5072FC'.
  - Watchog: Attempted to use detached Frame '026D63CE6C3253BBDB6ECD21FB5072FC'.
  - Lillipup: Attempted to use detached Frame '026D63CE6C3253BBDB6ECD21FB5072FC'.
  - Herdier: Attempted to use detached Frame '026D63CE6C3253BBDB6ECD21FB5072FC'.
  - Stoutland: Attempted to use detached Frame '026D63CE6C3253BBDB6ECD21FB5072FC'.
  - Purrloin: Attempted to use detached Frame '026D63CE6C3253BBDB6ECD21FB5072FC'.
  - Liepard: Attempted to use detached Frame '026D63CE6C3253BBDB6ECD21FB5072FC'.
  - Pansage: Attempted to use detached Frame '026D63CE6C3253BBDB6ECD21FB5072FC'.
  - Simisage: Attempted to use detached Frame '026D63CE6C3253BBDB6ECD21FB5072FC'.
  - Pansear: Attempted to use detached Frame '026D63CE6C3253BBDB6ECD21FB5072FC'.
  - Simisear: Attempted to use detached Frame '026D63CE6C3253BBDB6ECD21FB5072FC'.
  - Panpour: Attempted to use detached Frame '026D63CE6C3253BBDB6ECD21FB5072FC'.
  - Simipour: Attempted to use detached Frame '026D63CE6C3253BBDB6ECD21FB5072FC'.
  - Munna: Attempted to use detached Frame '026D63CE6C3253BBDB6ECD21FB5072FC'.
  - Musharna: Attempted to use detached Frame '026D63CE6C3253BBDB6ECD21FB5072FC'.
  - Pidove: Attempted to use detached Frame '026D63CE6C3253BBDB6ECD21FB5072FC'.
  - Tranquill: Attempted to use detached Frame '026D63CE6C3253BBDB6ECD21FB5072FC'.
  - Unfezant: Attempted to use detached Frame '026D63CE6C3253BBDB6ECD21FB5072FC'.
  - Blitzle: Attempted to use detached Frame '026D63CE6C3253BBDB6ECD21FB5072FC'.
  - Zebstrika: Attempted to use detached Frame '026D63CE6C3253BBDB6ECD21FB5072FC'.
  - Roggenrola: Attempted to use detached Frame '026D63CE6C3253BBDB6ECD21FB5072FC'.
  - Boldore: Attempted to use detached Frame '026D63CE6C3253BBDB6ECD21FB5072FC'.
  - Gigalith: Attempted to use detached Frame '026D63CE6C3253BBDB6ECD21FB5072FC'.
  - Woobat: Attempted to use detached Frame '026D63CE6C3253BBDB6ECD21FB5072FC'.
  - Swoobat: Attempted to use detached Frame '026D63CE6C3253BBDB6ECD21FB5072FC'.
  - Drilbur: Attempted to use detached Frame '026D63CE6C3253BBDB6ECD21FB5072FC'.
  - Excadrill: Attempted to use detached Frame '026D63CE6C3253BBDB6ECD21FB5072FC'.
  - Audino: Attempted to use detached Frame '026D63CE6C3253BBDB6ECD21FB5072FC'.
  - Timburr: Attempted to use detached Frame '026D63CE6C3253BBDB6ECD21FB5072FC'.
  - Gurdurr: Attempted to use detached Frame '026D63CE6C3253BBDB6ECD21FB5072FC'.
  - Conkeldurr: Attempted to use detached Frame '026D63CE6C3253BBDB6ECD21FB5072FC'.
  - Tympole: Attempted to use detached Frame '026D63CE6C3253BBDB6ECD21FB5072FC'.
  - Palpitoad: Attempted to use detached Frame '026D63CE6C3253BBDB6ECD21FB5072FC'.
  - Seismitoad: Attempted to use detached Frame '026D63CE6C3253BBDB6ECD21FB5072FC'.
  - Throh: Attempted to use detached Frame '026D63CE6C3253BBDB6ECD21FB5072FC'.
  - Sawk: Attempted to use detached Frame '026D63CE6C3253BBDB6ECD21FB5072FC'.
  - Sewaddle: Attempted to use detached Frame '026D63CE6C3253BBDB6ECD21FB5072FC'.
  - Swadloon: Attempted to use detached Frame '026D63CE6C3253BBDB6ECD21FB5072FC'.
  - Leavanny: Attempted to use detached Frame '026D63CE6C3253BBDB6ECD21FB5072FC'.
  - Venipede: Attempted to use detached Frame '026D63CE6C3253BBDB6ECD21FB5072FC'.
  - Whirlipede: Attempted to use detached Frame '026D63CE6C3253BBDB6ECD21FB5072FC'.
  - Scolipede: Attempted to use detached Frame '026D63CE6C3253BBDB6ECD21FB5072FC'.
  - Cottonee: Attempted to use detached Frame '026D63CE6C3253BBDB6ECD21FB5072FC'.
  - Whimsicott: Attempted to use detached Frame '026D63CE6C3253BBDB6ECD21FB5072FC'.
  - Petilil: Attempted to use detached Frame '026D63CE6C3253BBDB6ECD21FB5072FC'.
  - Lilligant: Attempted to use detached Frame '026D63CE6C3253BBDB6ECD21FB5072FC'.
  - Basculin: Attempted to use detached Frame '026D63CE6C3253BBDB6ECD21FB5072FC'.
  - Sandile: Attempted to use detached Frame '026D63CE6C3253BBDB6ECD21FB5072FC'.
  - Krokorok: Attempted to use detached Frame '026D63CE6C3253BBDB6ECD21FB5072FC'.
  - Krookodile: Attempted to use detached Frame '026D63CE6C3253BBDB6ECD21FB5072FC'.
  - Darumaka: Attempted to use detached Frame '026D63CE6C3253BBDB6ECD21FB5072FC'.
  - Darmanitan: Attempted to use detached Frame '026D63CE6C3253BBDB6ECD21FB5072FC'.
  - Maractus: Attempted to use detached Frame '026D63CE6C3253BBDB6ECD21FB5072FC'.
  - Dwebble: Attempted to use detached Frame '026D63CE6C3253BBDB6ECD21FB5072FC'.
  - Crustle: Attempted to use detached Frame '026D63CE6C3253BBDB6ECD21FB5072FC'.
  - Scraggy: Attempted to use detached Frame '026D63CE6C3253BBDB6ECD21FB5072FC'.
  - Scrafty: Attempted to use detached Frame '026D63CE6C3253BBDB6ECD21FB5072FC'.
  - Sigilyph: Attempted to use detached Frame '026D63CE6C3253BBDB6ECD21FB5072FC'.
  - Yamask: Attempted to use detached Frame '026D63CE6C3253BBDB6ECD21FB5072FC'.
  - Cofagrigus: Attempted to use detached Frame '026D63CE6C3253BBDB6ECD21FB5072FC'.
  - Tirtouga: Attempted to use detached Frame '026D63CE6C3253BBDB6ECD21FB5072FC'.
  - Carracosta: Attempted to use detached Frame '026D63CE6C3253BBDB6ECD21FB5072FC'.
  - Archen: Attempted to use detached Frame '026D63CE6C3253BBDB6ECD21FB5072FC'.
  - Archeops: Attempted to use detached Frame '026D63CE6C3253BBDB6ECD21FB5072FC'.
  - Trubbish: Attempted to use detached Frame '026D63CE6C3253BBDB6ECD21FB5072FC'.
  - Garbodor: Attempted to use detached Frame '026D63CE6C3253BBDB6ECD21FB5072FC'.
  - Zorua: Attempted to use detached Frame '026D63CE6C3253BBDB6ECD21FB5072FC'.
  - Zoroark: Attempted to use detached Frame '026D63CE6C3253BBDB6ECD21FB5072FC'.
  - Minccino: Attempted to use detached Frame '026D63CE6C3253BBDB6ECD21FB5072FC'.
  - Cinccino: Attempted to use detached Frame '026D63CE6C3253BBDB6ECD21FB5072FC'.
  - Gothita: Attempted to use detached Frame '026D63CE6C3253BBDB6ECD21FB5072FC'.
  - Gothorita: Attempted to use detached Frame '026D63CE6C3253BBDB6ECD21FB5072FC'.
  - Gothitelle: Attempted to use detached Frame '026D63CE6C3253BBDB6ECD21FB5072FC'.
  - Solosis: Attempted to use detached Frame '026D63CE6C3253BBDB6ECD21FB5072FC'.
  - Duosion: Attempted to use detached Frame '026D63CE6C3253BBDB6ECD21FB5072FC'.
  - Reuniclus: Attempted to use detached Frame '026D63CE6C3253BBDB6ECD21FB5072FC'.
  - Ducklett: Attempted to use detached Frame '026D63CE6C3253BBDB6ECD21FB5072FC'.
  - Swanna: Attempted to use detached Frame '026D63CE6C3253BBDB6ECD21FB5072FC'.
  - Vanillite: Attempted to use detached Frame '026D63CE6C3253BBDB6ECD21FB5072FC'.
  - Vanillish: Attempted to use detached Frame '026D63CE6C3253BBDB6ECD21FB5072FC'.
  - Vanilluxe: Attempted to use detached Frame '026D63CE6C3253BBDB6ECD21FB5072FC'.
  - Deerling: Attempted to use detached Frame '026D63CE6C3253BBDB6ECD21FB5072FC'.
  - Sawsbuck: Attempted to use detached Frame '026D63CE6C3253BBDB6ECD21FB5072FC'.
  - Emolga: Attempted to use detached Frame '026D63CE6C3253BBDB6ECD21FB5072FC'.
  - Karrablast: Attempted to use detached Frame '026D63CE6C3253BBDB6ECD21FB5072FC'.
  - Escavalier: Attempted to use detached Frame '026D63CE6C3253BBDB6ECD21FB5072FC'.
  - Foongus: Attempted to use detached Frame '026D63CE6C3253BBDB6ECD21FB5072FC'.
  - Amoonguss: Attempted to use detached Frame '026D63CE6C3253BBDB6ECD21FB5072FC'.
  - Frillish: Attempted to use detached Frame '026D63CE6C3253BBDB6ECD21FB5072FC'.
  - Jellicent: Attempted to use detached Frame '026D63CE6C3253BBDB6ECD21FB5072FC'.
  - Alomomola: Attempted to use detached Frame '026D63CE6C3253BBDB6ECD21FB5072FC'.
  - Joltik: Attempted to use detached Frame '026D63CE6C3253BBDB6ECD21FB5072FC'.
  - Galvantula: Attempted to use detached Frame '026D63CE6C3253BBDB6ECD21FB5072FC'.
  - Ferroseed: Attempted to use detached Frame '026D63CE6C3253BBDB6ECD21FB5072FC'.
  - Ferrothorn: Attempted to use detached Frame '026D63CE6C3253BBDB6ECD21FB5072FC'.
  - Klink: Attempted to use detached Frame '026D63CE6C3253BBDB6ECD21FB5072FC'.
  - Klang: Attempted to use detached Frame '026D63CE6C3253BBDB6ECD21FB5072FC'.
  - Klinklang: Attempted to use detached Frame '026D63CE6C3253BBDB6ECD21FB5072FC'.
  - Tynamo: Attempted to use detached Frame '026D63CE6C3253BBDB6ECD21FB5072FC'.
  - Eelektrik: Attempted to use detached Frame '026D63CE6C3253BBDB6ECD21FB5072FC'.
  - Eelektross: Attempted to use detached Frame '026D63CE6C3253BBDB6ECD21FB5072FC'.
  - Elgyem: Attempted to use detached Frame '026D63CE6C3253BBDB6ECD21FB5072FC'.
  - Beheeyem: Attempted to use detached Frame '026D63CE6C3253BBDB6ECD21FB5072FC'.
  - Litwick: Attempted to use detached Frame '026D63CE6C3253BBDB6ECD21FB5072FC'.
  - Lampent: Attempted to use detached Frame '026D63CE6C3253BBDB6ECD21FB5072FC'.
  - Chandelure: Attempted to use detached Frame '026D63CE6C3253BBDB6ECD21FB5072FC'.
  - Axew: Attempted to use detached Frame '026D63CE6C3253BBDB6ECD21FB5072FC'.
  - Fraxure: Attempted to use detached Frame '026D63CE6C3253BBDB6ECD21FB5072FC'.
  - Haxorus: Attempted to use detached Frame '026D63CE6C3253BBDB6ECD21FB5072FC'.
  - Cubchoo: Attempted to use detached Frame '026D63CE6C3253BBDB6ECD21FB5072FC'.
  - Beartic: Attempted to use detached Frame '026D63CE6C3253BBDB6ECD21FB5072FC'.
  - Cryogonal: Attempted to use detached Frame '026D63CE6C3253BBDB6ECD21FB5072FC'.
  - Shelmet: Attempted to use detached Frame '026D63CE6C3253BBDB6ECD21FB5072FC'.
  - Accelgor: Attempted to use detached Frame '026D63CE6C3253BBDB6ECD21FB5072FC'.
  - Stunfisk: Attempted to use detached Frame '026D63CE6C3253BBDB6ECD21FB5072FC'.
  - Mienfoo: Attempted to use detached Frame '026D63CE6C3253BBDB6ECD21FB5072FC'.
  - Mienshao: Attempted to use detached Frame '026D63CE6C3253BBDB6ECD21FB5072FC'.
  - Druddigon: Attempted to use detached Frame '026D63CE6C3253BBDB6ECD21FB5072FC'.
  - Golett: Attempted to use detached Frame '026D63CE6C3253BBDB6ECD21FB5072FC'.
  - Golurk: Attempted to use detached Frame '026D63CE6C3253BBDB6ECD21FB5072FC'.
  - Pawniard: Attempted to use detached Frame '026D63CE6C3253BBDB6ECD21FB5072FC'.
  - Bisharp: Attempted to use detached Frame '026D63CE6C3253BBDB6ECD21FB5072FC'.
  - Bouffalant: Attempted to use detached Frame '026D63CE6C3253BBDB6ECD21FB5072FC'.
  - Rufflet: Attempted to use detached Frame '026D63CE6C3253BBDB6ECD21FB5072FC'.
  - Braviary: Attempted to use detached Frame '026D63CE6C3253BBDB6ECD21FB5072FC'.
  - Vullaby: Attempted to use detached Frame '026D63CE6C3253BBDB6ECD21FB5072FC'.
  - Mandibuzz: Attempted to use detached Frame '026D63CE6C3253BBDB6ECD21FB5072FC'.
  - Heatmor: Attempted to use detached Frame '026D63CE6C3253BBDB6ECD21FB5072FC'.
  - Durant: Attempted to use detached Frame '026D63CE6C3253BBDB6ECD21FB5072FC'.
  - Deino: Attempted to use detached Frame '026D63CE6C3253BBDB6ECD21FB5072FC'.
  - Zweilous: Attempted to use detached Frame '026D63CE6C3253BBDB6ECD21FB5072FC'.
  - Hydreigon: Attempted to use detached Frame '026D63CE6C3253BBDB6ECD21FB5072FC'.
  - Larvesta: Attempted to use detached Frame '026D63CE6C3253BBDB6ECD21FB5072FC'.
  - Volcarona: Attempted to use detached Frame '026D63CE6C3253BBDB6ECD21FB5072FC'.
  - Cobalion: Attempted to use detached Frame '026D63CE6C3253BBDB6ECD21FB5072FC'.
  - Terrakion: Attempted to use detached Frame '026D63CE6C3253BBDB6ECD21FB5072FC'.
  - Virizion: Attempted to use detached Frame '026D63CE6C3253BBDB6ECD21FB5072FC'.
  - Tornadus: Attempted to use detached Frame '026D63CE6C3253BBDB6ECD21FB5072FC'.
  - Thundurus: Attempted to use detached Frame '026D63CE6C3253BBDB6ECD21FB5072FC'.
  - Reshiram: Attempted to use detached Frame '026D63CE6C3253BBDB6ECD21FB5072FC'.
  - Zekrom: Attempted to use detached Frame '026D63CE6C3253BBDB6ECD21FB5072FC'.
  - Landorus: Attempted to use detached Frame '026D63CE6C3253BBDB6ECD21FB5072FC'.
  - Kyurem: Attempted to use detached Frame '026D63CE6C3253BBDB6ECD21FB5072FC'.
  - Keldeo: Attempted to use detached Frame '026D63CE6C3253BBDB6ECD21FB5072FC'.
  - Meloetta: Attempted to use detached Frame '026D63CE6C3253BBDB6ECD21FB5072FC'.
  - Genesect: Attempted to use detached Frame '026D63CE6C3253BBDB6ECD21FB5072FC'.
  - Chespin: Attempted to use detached Frame '026D63CE6C3253BBDB6ECD21FB5072FC'.
  - Quilladin: Attempted to use detached Frame '026D63CE6C3253BBDB6ECD21FB5072FC'.
  - Chesnaught: Attempted to use detached Frame '026D63CE6C3253BBDB6ECD21FB5072FC'.
  - Fennekin: Attempted to use detached Frame '026D63CE6C3253BBDB6ECD21FB5072FC'.
  - Braixen: Attempted to use detached Frame '026D63CE6C3253BBDB6ECD21FB5072FC'.
  - Delphox: Attempted to use detached Frame '026D63CE6C3253BBDB6ECD21FB5072FC'.
  - Froakie: Attempted to use detached Frame '026D63CE6C3253BBDB6ECD21FB5072FC'.
  - Frogadier: Attempted to use detached Frame '026D63CE6C3253BBDB6ECD21FB5072FC'.
  - Greninja: Attempted to use detached Frame '026D63CE6C3253BBDB6ECD21FB5072FC'.
  - Bunnelby: Attempted to use detached Frame '026D63CE6C3253BBDB6ECD21FB5072FC'.
  - Diggersby: Attempted to use detached Frame '026D63CE6C3253BBDB6ECD21FB5072FC'.
  - Fletchling: Attempted to use detached Frame '026D63CE6C3253BBDB6ECD21FB5072FC'.
  - Fletchinder: Attempted to use detached Frame '026D63CE6C3253BBDB6ECD21FB5072FC'.
  - Talonflame: Attempted to use detached Frame '026D63CE6C3253BBDB6ECD21FB5072FC'.
  - Scatter: Attempted to use detached Frame '026D63CE6C3253BBDB6ECD21FB5072FC'.
  - Spewpa: Attempted to use detached Frame '026D63CE6C3253BBDB6ECD21FB5072FC'.
  - Vivillon: Attempted to use detached Frame '026D63CE6C3253BBDB6ECD21FB5072FC'.
  - Litleo: Attempted to use detached Frame '026D63CE6C3253BBDB6ECD21FB5072FC'.
  - Pyroar: Attempted to use detached Frame '026D63CE6C3253BBDB6ECD21FB5072FC'.
  - Flabébé: Attempted to use detached Frame '026D63CE6C3253BBDB6ECD21FB5072FC'.
  - Floette: Attempted to use detached Frame '026D63CE6C3253BBDB6ECD21FB5072FC'.
  - Florges: Attempted to use detached Frame '026D63CE6C3253BBDB6ECD21FB5072FC'.
  - Skiddo: Attempted to use detached Frame '026D63CE6C3253BBDB6ECD21FB5072FC'.
  - Gogoat: Attempted to use detached Frame '026D63CE6C3253BBDB6ECD21FB5072FC'.
  - Pancham: Attempted to use detached Frame '026D63CE6C3253BBDB6ECD21FB5072FC'.
  - Pangoro: Attempted to use detached Frame '026D63CE6C3253BBDB6ECD21FB5072FC'.
  - Furfrou: Attempted to use detached Frame '026D63CE6C3253BBDB6ECD21FB5072FC'.
  - Espurr: Attempted to use detached Frame '026D63CE6C3253BBDB6ECD21FB5072FC'.
  - Meowstic: Attempted to use detached Frame '026D63CE6C3253BBDB6ECD21FB5072FC'.
  - Honedge: Attempted to use detached Frame '026D63CE6C3253BBDB6ECD21FB5072FC'.
  - Doublade: Attempted to use detached Frame '026D63CE6C3253BBDB6ECD21FB5072FC'.
  - Aegislash: Attempted to use detached Frame '026D63CE6C3253BBDB6ECD21FB5072FC'.
  - Spritzee: Attempted to use detached Frame '026D63CE6C3253BBDB6ECD21FB5072FC'.
  - Aromatisse: Attempted to use detached Frame '026D63CE6C3253BBDB6ECD21FB5072FC'.
  - Swirlix: Attempted to use detached Frame '026D63CE6C3253BBDB6ECD21FB5072FC'.
  - Slurpuff: Attempted to use detached Frame '026D63CE6C3253BBDB6ECD21FB5072FC'.
  - Inkay: Attempted to use detached Frame '026D63CE6C3253BBDB6ECD21FB5072FC'.
  - Malamar: Attempted to use detached Frame '026D63CE6C3253BBDB6ECD21FB5072FC'.
  - Binacle: Attempted to use detached Frame '026D63CE6C3253BBDB6ECD21FB5072FC'.
  - Barbaracle: Attempted to use detached Frame '026D63CE6C3253BBDB6ECD21FB5072FC'.
  - Skrelp: Attempted to use detached Frame '026D63CE6C3253BBDB6ECD21FB5072FC'.
  - Dragalge: Attempted to use detached Frame '026D63CE6C3253BBDB6ECD21FB5072FC'.
  - Clauncher: Attempted to use detached Frame '026D63CE6C3253BBDB6ECD21FB5072FC'.
  - Clawitzer: Attempted to use detached Frame '026D63CE6C3253BBDB6ECD21FB5072FC'.
  - Helioptile: Attempted to use detached Frame '026D63CE6C3253BBDB6ECD21FB5072FC'.
  - Heliolisk: Attempted to use detached Frame '026D63CE6C3253BBDB6ECD21FB5072FC'.
  - Tyrunt: Attempted to use detached Frame '026D63CE6C3253BBDB6ECD21FB5072FC'.
  - Tyrantrum: Attempted to use detached Frame '026D63CE6C3253BBDB6ECD21FB5072FC'.
  - Amaura: Attempted to use detached Frame '026D63CE6C3253BBDB6ECD21FB5072FC'.
  - Aurorus: Attempted to use detached Frame '026D63CE6C3253BBDB6ECD21FB5072FC'.
  - Sylveon: Attempted to use detached Frame '026D63CE6C3253BBDB6ECD21FB5072FC'.
  - Hawlucha: Attempted to use detached Frame '026D63CE6C3253BBDB6ECD21FB5072FC'.
  - Dedenne: Attempted to use detached Frame '026D63CE6C3253BBDB6ECD21FB5072FC'.
  - Carbink: Attempted to use detached Frame '026D63CE6C3253BBDB6ECD21FB5072FC'.
  - Goomy: Attempted to use detached Frame '026D63CE6C3253BBDB6ECD21FB5072FC'.
  - Sliggoo: Attempted to use detached Frame '026D63CE6C3253BBDB6ECD21FB5072FC'.
  - Goodra: Attempted to use detached Frame '026D63CE6C3253BBDB6ECD21FB5072FC'.
  - Klefki: Attempted to use detached Frame '026D63CE6C3253BBDB6ECD21FB5072FC'.
  - Phantump: Attempted to use detached Frame '026D63CE6C3253BBDB6ECD21FB5072FC'.
  - Trevenant: Attempted to use detached Frame '026D63CE6C3253BBDB6ECD21FB5072FC'.
  - Pumpkaboo: Attempted to use detached Frame '026D63CE6C3253BBDB6ECD21FB5072FC'.
  - Gourgeist: Attempted to use detached Frame '026D63CE6C3253BBDB6ECD21FB5072FC'.
  - Bergmite: Attempted to use detached Frame '026D63CE6C3253BBDB6ECD21FB5072FC'.
  - Avalugg: Attempted to use detached Frame '026D63CE6C3253BBDB6ECD21FB5072FC'.
  - Noibat: Attempted to use detached Frame '026D63CE6C3253BBDB6ECD21FB5072FC'.
  - Noivern: Attempted to use detached Frame '026D63CE6C3253BBDB6ECD21FB5072FC'.
  - Xerneas: Attempted to use detached Frame '026D63CE6C3253BBDB6ECD21FB5072FC'.
  - Yveltal: Attempted to use detached Frame '026D63CE6C3253BBDB6ECD21FB5072FC'.
  - Zygarde: Attempted to use detached Frame '026D63CE6C3253BBDB6ECD21FB5072FC'.
  - Diancie: Attempted to use detached Frame '026D63CE6C3253BBDB6ECD21FB5072FC'.
  - Hoopa: Attempted to use detached Frame '026D63CE6C3253BBDB6ECD21FB5072FC'.
  - Volcanion: Attempted to use detached Frame '026D63CE6C3253BBDB6ECD21FB5072FC'.
  - Rowlet: Attempted to use detached Frame '026D63CE6C3253BBDB6ECD21FB5072FC'.
  - Dartrix: Attempted to use detached Frame '026D63CE6C3253BBDB6ECD21FB5072FC'.
  - Decidueye: Attempted to use detached Frame '026D63CE6C3253BBDB6ECD21FB5072FC'.
  - Litten: Attempted to use detached Frame '026D63CE6C3253BBDB6ECD21FB5072FC'.
  - Torracat: Attempted to use detached Frame '026D63CE6C3253BBDB6ECD21FB5072FC'.
  - Incineroar: Attempted to use detached Frame '026D63CE6C3253BBDB6ECD21FB5072FC'.
  - Popplio: Attempted to use detached Frame '026D63CE6C3253BBDB6ECD21FB5072FC'.
  - Brionne: Attempted to use detached Frame '026D63CE6C3253BBDB6ECD21FB5072FC'.
  - Primarina: Attempted to use detached Frame '026D63CE6C3253BBDB6ECD21FB5072FC'.
  - Pikipek: Attempted to use detached Frame '026D63CE6C3253BBDB6ECD21FB5072FC'.
  - Trumbeak: Attempted to use detached Frame '026D63CE6C3253BBDB6ECD21FB5072FC'.
  - Toucannon: Attempted to use detached Frame '026D63CE6C3253BBDB6ECD21FB5072FC'.
  - Yungoos: Attempted to use detached Frame '026D63CE6C3253BBDB6ECD21FB5072FC'.
  - Gumshoos: Attempted to use detached Frame '026D63CE6C3253BBDB6ECD21FB5072FC'.
  - Grubbin: Attempted to use detached Frame '026D63CE6C3253BBDB6ECD21FB5072FC'.
  - Charjabug: Attempted to use detached Frame '026D63CE6C3253BBDB6ECD21FB5072FC'.
  - Vikavolt: Attempted to use detached Frame '026D63CE6C3253BBDB6ECD21FB5072FC'.
  - Crabrawler: Attempted to use detached Frame '026D63CE6C3253BBDB6ECD21FB5072FC'.
  - Crabominable: Attempted to use detached Frame '026D63CE6C3253BBDB6ECD21FB5072FC'.
  - Oricorio: Attempted to use detached Frame '026D63CE6C3253BBDB6ECD21FB5072FC'.
  - Cutiefly: Attempted to use detached Frame '026D63CE6C3253BBDB6ECD21FB5072FC'.
  - Ribombee: Attempted to use detached Frame '026D63CE6C3253BBDB6ECD21FB5072FC'.
  - Rockruff: Attempted to use detached Frame '026D63CE6C3253BBDB6ECD21FB5072FC'.
  - Lycanroc: Attempted to use detached Frame '026D63CE6C3253BBDB6ECD21FB5072FC'.
  - Wishiwashi: Attempted to use detached Frame '026D63CE6C3253BBDB6ECD21FB5072FC'.
  - Mareanie: Attempted to use detached Frame '026D63CE6C3253BBDB6ECD21FB5072FC'.
  - Toxapex: Attempted to use detached Frame '026D63CE6C3253BBDB6ECD21FB5072FC'.
  - Mudbray: Attempted to use detached Frame '026D63CE6C3253BBDB6ECD21FB5072FC'.
  - Mudsdale: Attempted to use detached Frame '026D63CE6C3253BBDB6ECD21FB5072FC'.
  - Dewpider: Attempted to use detached Frame '026D63CE6C3253BBDB6ECD21FB5072FC'.
  - Araquanid: Attempted to use detached Frame '026D63CE6C3253BBDB6ECD21FB5072FC'.
  - Fomantis: Attempted to use detached Frame '026D63CE6C3253BBDB6ECD21FB5072FC'.
  - Lurantis: Attempted to use detached Frame '026D63CE6C3253BBDB6ECD21FB5072FC'.
  - Morelull: Attempted to use detached Frame '026D63CE6C3253BBDB6ECD21FB5072FC'.
  - Shiinotic: Attempted to use detached Frame '026D63CE6C3253BBDB6ECD21FB5072FC'.
  - Salandit: Attempted to use detached Frame '026D63CE6C3253BBDB6ECD21FB5072FC'.
  - Salazzle: Attempted to use detached Frame '026D63CE6C3253BBDB6ECD21FB5072FC'.
  - Stufful: Attempted to use detached Frame '026D63CE6C3253BBDB6ECD21FB5072FC'.
  - Bewear: Attempted to use detached Frame '026D63CE6C3253BBDB6ECD21FB5072FC'.
  - Bounsweet: Attempted to use detached Frame '026D63CE6C3253BBDB6ECD21FB5072FC'.
  - Steenee: Attempted to use detached Frame '026D63CE6C3253BBDB6ECD21FB5072FC'.
  - Tsareena: Attempted to use detached Frame '026D63CE6C3253BBDB6ECD21FB5072FC'.
  - Comfey: Attempted to use detached Frame '026D63CE6C3253BBDB6ECD21FB5072FC'.
  - Oranguru: Attempted to use detached Frame '026D63CE6C3253BBDB6ECD21FB5072FC'.
  - Passimian: Attempted to use detached Frame '026D63CE6C3253BBDB6ECD21FB5072FC'.
  - Wimpod: Attempted to use detached Frame '026D63CE6C3253BBDB6ECD21FB5072FC'.
  - Golisopod: Attempted to use detached Frame '026D63CE6C3253BBDB6ECD21FB5072FC'.
  - Sandygast: Attempted to use detached Frame '026D63CE6C3253BBDB6ECD21FB5072FC'.
  - Palossand: Attempted to use detached Frame '026D63CE6C3253BBDB6ECD21FB5072FC'.
  - Pyukumuku: Attempted to use detached Frame '026D63CE6C3253BBDB6ECD21FB5072FC'.
  - Type: Null: Attempted to use detached Frame '026D63CE6C3253BBDB6ECD21FB5072FC'.
  - Silvally: Attempted to use detached Frame '026D63CE6C3253BBDB6ECD21FB5072FC'.
  - Minior: Attempted to use detached Frame '026D63CE6C3253BBDB6ECD21FB5072FC'.
  - Komala: Attempted to use detached Frame '026D63CE6C3253BBDB6ECD21FB5072FC'.
  - Turtonator: Attempted to use detached Frame '026D63CE6C3253BBDB6ECD21FB5072FC'.
  - Togedemaru: Attempted to use detached Frame '026D63CE6C3253BBDB6ECD21FB5072FC'.
  - Mimikyu: Attempted to use detached Frame '026D63CE6C3253BBDB6ECD21FB5072FC'.
  - Bruxish: Attempted to use detached Frame '026D63CE6C3253BBDB6ECD21FB5072FC'.
  - Drampa: Attempted to use detached Frame '026D63CE6C3253BBDB6ECD21FB5072FC'.
  - Dhelmise: Attempted to use detached Frame '026D63CE6C3253BBDB6ECD21FB5072FC'.
  - Jangmo-o: Attempted to use detached Frame '026D63CE6C3253BBDB6ECD21FB5072FC'.
  - Hakamo-o: Attempted to use detached Frame '026D63CE6C3253BBDB6ECD21FB5072FC'.
  - Kommo-o: Attempted to use detached Frame '026D63CE6C3253BBDB6ECD21FB5072FC'.
  - Tapu Koko: Attempted to use detached Frame '026D63CE6C3253BBDB6ECD21FB5072FC'.
  - Tapu Lele: Attempted to use detached Frame '026D63CE6C3253BBDB6ECD21FB5072FC'.
  - Tapu Bulu: Attempted to use detached Frame '026D63CE6C3253BBDB6ECD21FB5072FC'.
  - Tapu Fini: Attempted to use detached Frame '026D63CE6C3253BBDB6ECD21FB5072FC'.
  - Cosmog: Attempted to use detached Frame '026D63CE6C3253BBDB6ECD21FB5072FC'.
  - Cosmoem: Attempted to use detached Frame '026D63CE6C3253BBDB6ECD21FB5072FC'.
  - Solgaleo: Attempted to use detached Frame '026D63CE6C3253BBDB6ECD21FB5072FC'.
  - Lunala: Attempted to use detached Frame '026D63CE6C3253BBDB6ECD21FB5072FC'.
  - Nihilego: Attempted to use detached Frame '026D63CE6C3253BBDB6ECD21FB5072FC'.
  - Buzzwole: Attempted to use detached Frame '026D63CE6C3253BBDB6ECD21FB5072FC'.
  - Pheromosa: Attempted to use detached Frame '026D63CE6C3253BBDB6ECD21FB5072FC'.
  - Xurkitree: Attempted to use detached Frame '026D63CE6C3253BBDB6ECD21FB5072FC'.
  - Cele Steela: Attempted to use detached Frame '026D63CE6C3253BBDB6ECD21FB5072FC'.
  - Kartana: Attempted to use detached Frame '026D63CE6C3253BBDB6ECD21FB5072FC'.
  - Guzzlord: Attempted to use detached Frame '026D63CE6C3253BBDB6ECD21FB5072FC'.
  - Necrozma: Attempted to use detached Frame '026D63CE6C3253BBDB6ECD21FB5072FC'.
  - Magearna: Attempted to use detached Frame '026D63CE6C3253BBDB6ECD21FB5072FC'.
  - Marshadow: Attempted to use detached Frame '026D63CE6C3253BBDB6ECD21FB5072FC'.
  - Poipole: Attempted to use detached Frame '026D63CE6C3253BBDB6ECD21FB5072FC'.
  - Naganadel: Attempted to use detached Frame '026D63CE6C3253BBDB6ECD21FB5072FC'.
  - Stakataka: Attempted to use detached Frame '026D63CE6C3253BBDB6ECD21FB5072FC'.
  - Blacephalon: Attempted to use detached Frame '026D63CE6C3253BBDB6ECD21FB5072FC'.
  - Zeraora: Attempted to use detached Frame '026D63CE6C3253BBDB6ECD21FB5072FC'.
  - Meltan: Attempted to use detached Frame '026D63CE6C3253BBDB6ECD21FB5072FC'.
  - Melmetal: Attempted to use detached Frame '026D63CE6C3253BBDB6ECD21FB5072FC'.
  - Grookey: Attempted to use detached Frame '026D63CE6C3253BBDB6ECD21FB5072FC'.
  - Thwackey: Attempted to use detached Frame '026D63CE6C3253BBDB6ECD21FB5072FC'.
  - Rillaboom: Attempted to use detached Frame '026D63CE6C3253BBDB6ECD21FB5072FC'.
  - Scorbunny: Attempted to use detached Frame '026D63CE6C3253BBDB6ECD21FB5072FC'.
  - Raboot: Attempted to use detached Frame '026D63CE6C3253BBDB6ECD21FB5072FC'.
  - Cinderace: Attempted to use detached Frame '026D63CE6C3253BBDB6ECD21FB5072FC'.
  - Sobble: Attempted to use detached Frame '026D63CE6C3253BBDB6ECD21FB5072FC'.
  - Drizzile: Attempted to use detached Frame '026D63CE6C3253BBDB6ECD21FB5072FC'.
  - Inteleon: Attempted to use detached Frame '026D63CE6C3253BBDB6ECD21FB5072FC'.
  - Skwovet: Attempted to use detached Frame '026D63CE6C3253BBDB6ECD21FB5072FC'.
  - Greedent: Attempted to use detached Frame '026D63CE6C3253BBDB6ECD21FB5072FC'.
  - Rookidee: Attempted to use detached Frame '026D63CE6C3253BBDB6ECD21FB5072FC'.
  - Corvisquire: Attempted to use detached Frame '026D63CE6C3253BBDB6ECD21FB5072FC'.
  - Corviknight: Attempted to use detached Frame '026D63CE6C3253BBDB6ECD21FB5072FC'.
  - Blip: Attempted to use detached Frame '026D63CE6C3253BBDB6ECD21FB5072FC'.
  - Dottler: Attempted to use detached Frame '026D63CE6C3253BBDB6ECD21FB5072FC'.
  - Orbeetle: Attempted to use detached Frame '026D63CE6C3253BBDB6ECD21FB5072FC'.
  - Nickit: Attempted to use detached Frame '026D63CE6C3253BBDB6ECD21FB5072FC'.
  - Thievul: Attempted to use detached Frame '026D63CE6C3253BBDB6ECD21FB5072FC'.
  - Gossifleur: Attempted to use detached Frame '026D63CE6C3253BBDB6ECD21FB5072FC'.
  - Eldegoss: Attempted to use detached Frame '026D63CE6C3253BBDB6ECD21FB5072FC'.
  - Wooloo: Attempted to use detached Frame '026D63CE6C3253BBDB6ECD21FB5072FC'.
  - Dubwool: Attempted to use detached Frame '026D63CE6C3253BBDB6ECD21FB5072FC'.
  - Chewtle: Attempted to use detached Frame '026D63CE6C3253BBDB6ECD21FB5072FC'.
  - Drednaw: Attempted to use detached Frame '026D63CE6C3253BBDB6ECD21FB5072FC'.
  - Yamper: Attempted to use detached Frame '026D63CE6C3253BBDB6ECD21FB5072FC'.
  - Boltund: Attempted to use detached Frame '026D63CE6C3253BBDB6ECD21FB5072FC'.
  - Rolycoly: Attempted to use detached Frame '026D63CE6C3253BBDB6ECD21FB5072FC'.
  - Carkol: Attempted to use detached Frame '026D63CE6C3253BBDB6ECD21FB5072FC'.
  - Coalossal: Attempted to use detached Frame '026D63CE6C3253BBDB6ECD21FB5072FC'.
  - Applin: Attempted to use detached Frame '026D63CE6C3253BBDB6ECD21FB5072FC'.
  - Flapple: Attempted to use detached Frame '026D63CE6C3253BBDB6ECD21FB5072FC'.
  - Appletun: Attempted to use detached Frame '026D63CE6C3253BBDB6ECD21FB5072FC'.
  - Silicobra: Attempted to use detached Frame '026D63CE6C3253BBDB6ECD21FB5072FC'.
  - Sandaconda: Attempted to use detached Frame '026D63CE6C3253BBDB6ECD21FB5072FC'.
  - Cramorant: Attempted to use detached Frame '026D63CE6C3253BBDB6ECD21FB5072FC'.
  - Arrokuda: Attempted to use detached Frame '026D63CE6C3253BBDB6ECD21FB5072FC'.
  - Barraskewda: Attempted to use detached Frame '026D63CE6C3253BBDB6ECD21FB5072FC'.
  - Toxel: Attempted to use detached Frame '026D63CE6C3253BBDB6ECD21FB5072FC'.
  - Toxtricity: Attempted to use detached Frame '026D63CE6C3253BBDB6ECD21FB5072FC'.
  - Sizzlipede: Attempted to use detached Frame '026D63CE6C3253BBDB6ECD21FB5072FC'.
  - Centiskorch: Attempted to use detached Frame '026D63CE6C3253BBDB6ECD21FB5072FC'.
  - Clobbopus: Attempted to use detached Frame '026D63CE6C3253BBDB6ECD21FB5072FC'.
  - Grapploct: Attempted to use detached Frame '026D63CE6C3253BBDB6ECD21FB5072FC'.
  - Sinistea: Attempted to use detached Frame '026D63CE6C3253BBDB6ECD21FB5072FC'.
  - Polteageist: Attempted to use detached Frame '026D63CE6C3253BBDB6ECD21FB5072FC'.
  - Hatenna: Attempted to use detached Frame '026D63CE6C3253BBDB6ECD21FB5072FC'.
  - Hattrem: Attempted to use detached Frame '026D63CE6C3253BBDB6ECD21FB5072FC'.
  - Hatterene: Attempted to use detached Frame '026D63CE6C3253BBDB6ECD21FB5072FC'.
  - Impidimp: Attempted to use detached Frame '026D63CE6C3253BBDB6ECD21FB5072FC'.
  - Morgrem: Attempted to use detached Frame '026D63CE6C3253BBDB6ECD21FB5072FC'.
  - Grimmsnarl: Attempted to use detached Frame '026D63CE6C3253BBDB6ECD21FB5072FC'.
  - Obstagoon: Attempted to use detached Frame '026D63CE6C3253BBDB6ECD21FB5072FC'.
  - Perrserker: Attempted to use detached Frame '026D63CE6C3253BBDB6ECD21FB5072FC'.
  - Cursola: Attempted to use detached Frame '026D63CE6C3253BBDB6ECD21FB5072FC'.
  - Sirfetch'd: Attempted to use detached Frame '026D63CE6C3253BBDB6ECD21FB5072FC'.
  - Mr.Rime: Attempted to use detached Frame '026D63CE6C3253BBDB6ECD21FB5072FC'.
  - Runerigus: Attempted to use detached Frame '026D63CE6C3253BBDB6ECD21FB5072FC'.
  - Milcery: Attempted to use detached Frame '026D63CE6C3253BBDB6ECD21FB5072FC'.
  - Alcremie: Attempted to use detached Frame '026D63CE6C3253BBDB6ECD21FB5072FC'.
  - Falinks: Attempted to use detached Frame '026D63CE6C3253BBDB6ECD21FB5072FC'.
  - Pincurchin: Attempted to use detached Frame '026D63CE6C3253BBDB6ECD21FB5072FC'.
  - Snom: Attempted to use detached Frame '026D63CE6C3253BBDB6ECD21FB5072FC'.
  - Frosmoth: Attempted to use detached Frame '026D63CE6C3253BBDB6ECD21FB5072FC'.
  - Stonjourner: Attempted to use detached Frame '026D63CE6C3253BBDB6ECD21FB5072FC'.
  - Eiscue: Attempted to use detached Frame '026D63CE6C3253BBDB6ECD21FB5072FC'.
  - Indeedee: Attempted to use detached Frame '026D63CE6C3253BBDB6ECD21FB5072FC'.
  - Morpeko: Attempted to use detached Frame '026D63CE6C3253BBDB6ECD21FB5072FC'.
  - Cufant: Attempted to use detached Frame '026D63CE6C3253BBDB6ECD21FB5072FC'.
  - Copperajah: Attempted to use detached Frame '026D63CE6C3253BBDB6ECD21FB5072FC'.
  - Dracozolt: Attempted to use detached Frame '026D63CE6C3253BBDB6ECD21FB5072FC'.
  - Arctozolt: Attempted to use detached Frame '026D63CE6C3253BBDB6ECD21FB5072FC'.
  - Dracovish: Attempted to use detached Frame '026D63CE6C3253BBDB6ECD21FB5072FC'.
  - Arctovish: Attempted to use detached Frame '026D63CE6C3253BBDB6ECD21FB5072FC'.
  - Duraludon: Attempted to use detached Frame '026D63CE6C3253BBDB6ECD21FB5072FC'.
  - Dreepy: Attempted to use detached Frame '026D63CE6C3253BBDB6ECD21FB5072FC'.
  - Drakloak: Attempted to use detached Frame '026D63CE6C3253BBDB6ECD21FB5072FC'.
  - Dragapult: Attempted to use detached Frame '026D63CE6C3253BBDB6ECD21FB5072FC'.
  - Zacian: Attempted to use detached Frame '026D63CE6C3253BBDB6ECD21FB5072FC'.
  - Zamazenta: Attempted to use detached Frame '026D63CE6C3253BBDB6ECD21FB5072FC'.
  - Eternatus: Attempted to use detached Frame '026D63CE6C3253BBDB6ECD21FB5072FC'.
  - Kubfu: Attempted to use detached Frame '026D63CE6C3253BBDB6ECD21FB5072FC'.
  - Urshifu: Attempted to use detached Frame '026D63CE6C3253BBDB6ECD21FB5072FC'.
  - Zarude: Attempted to use detached Frame '026D63CE6C3253BBDB6ECD21FB5072FC'.
  - Regieleki: Attempted to use detached Frame '026D63CE6C3253BBDB6ECD21FB5072FC'.
  - Regidrago: Attempted to use detached Frame '026D63CE6C3253BBDB6ECD21FB5072FC'.
  - Glastrier: Attempted to use detached Frame '026D63CE6C3253BBDB6ECD21FB5072FC'.
  - Spectrier: Attempted to use detached Frame '026D63CE6C3253BBDB6ECD21FB5072FC'.
  - Calyrex: Attempted to use detached Frame '026D63CE6C3253BBDB6ECD21FB5072FC'.
  - Wyrdeer: Attempted to use detached Frame '026D63CE6C3253BBDB6ECD21FB5072FC'.
  - Kleavor: Attempted to use detached Frame '026D63CE6C3253BBDB6ECD21FB5072FC'.
  - Ursaluna: Attempted to use detached Frame '026D63CE6C3253BBDB6ECD21FB5072FC'.
  - Sneasler: Attempted to use detached Frame '026D63CE6C3253BBDB6ECD21FB5072FC'.
  - Overqwil: Attempted to use detached Frame '026D63CE6C3253BBDB6ECD21FB5072FC'.
  - Enamorus: Attempted to use detached Frame '026D63CE6C3253BBDB6ECD21FB5072FC'.
  - Enamorus: Attempted to use detached Frame '026D63CE6C3253BBDB6ECD21FB5072FC'.
  - Sprigatito: Attempted to use detached Frame '026D63CE6C3253BBDB6ECD21FB5072FC'.
  - Floragato: Attempted to use detached Frame '026D63CE6C3253BBDB6ECD21FB5072FC'.
  - Meowscarada: Attempted to use detached Frame '026D63CE6C3253BBDB6ECD21FB5072FC'.
  - Fuecoco: Attempted to use detached Frame '026D63CE6C3253BBDB6ECD21FB5072FC'.
  - Crocalor: Attempted to use detached Frame '026D63CE6C3253BBDB6ECD21FB5072FC'.
  - Skeledirge: Attempted to use detached Frame '026D63CE6C3253BBDB6ECD21FB5072FC'.
  - Quaxly: Attempted to use detached Frame '026D63CE6C3253BBDB6ECD21FB5072FC'.
  - Quaxwell: Attempted to use detached Frame '026D63CE6C3253BBDB6ECD21FB5072FC'.
  - Quaquaval: Attempted to use detached Frame '026D63CE6C3253BBDB6ECD21FB5072FC'.
  - Lechonk: Attempted to use detached Frame '026D63CE6C3253BBDB6ECD21FB5072FC'.
  - Oinkologne: Attempted to use detached Frame '026D63CE6C3253BBDB6ECD21FB5072FC'.
  - Tarountula: Attempted to use detached Frame '026D63CE6C3253BBDB6ECD21FB5072FC'.
  - Spidops: Attempted to use detached Frame '026D63CE6C3253BBDB6ECD21FB5072FC'.
  - Nymble: Attempted to use detached Frame '026D63CE6C3253BBDB6ECD21FB5072FC'.
  - Lokix: Attempted to use detached Frame '026D63CE6C3253BBDB6ECD21FB5072FC'.
  - Pawmi: Attempted to use detached Frame '026D63CE6C3253BBDB6ECD21FB5072FC'.
  - Pawmo: Attempted to use detached Frame '026D63CE6C3253BBDB6ECD21FB5072FC'.
  - Pawmot: Attempted to use detached Frame '026D63CE6C3253BBDB6ECD21FB5072FC'.
  - Tandemaus: Attempted to use detached Frame '026D63CE6C3253BBDB6ECD21FB5072FC'.
  - Maushold: Attempted to use detached Frame '026D63CE6C3253BBDB6ECD21FB5072FC'.
  - Fidough: Attempted to use detached Frame '026D63CE6C3253BBDB6ECD21FB5072FC'.
  - Dachsbun: Attempted to use detached Frame '026D63CE6C3253BBDB6ECD21FB5072FC'.
  - Smoliv: Attempted to use detached Frame '026D63CE6C3253BBDB6ECD21FB5072FC'.
  - Dolliv: Attempted to use detached Frame '026D63CE6C3253BBDB6ECD21FB5072FC'.
  - Arboliva: Attempted to use detached Frame '026D63CE6C3253BBDB6ECD21FB5072FC'.
  - Squawkabilly: Attempted to use detached Frame '026D63CE6C3253BBDB6ECD21FB5072FC'.
  - Nacli: Attempted to use detached Frame '026D63CE6C3253BBDB6ECD21FB5072FC'.
  - Naclstack: Attempted to use detached Frame '026D63CE6C3253BBDB6ECD21FB5072FC'.
  - Garganacl: Attempted to use detached Frame '026D63CE6C3253BBDB6ECD21FB5072FC'.
  - Charcadet: Attempted to use detached Frame '026D63CE6C3253BBDB6ECD21FB5072FC'.
  - Armarouge: Attempted to use detached Frame '026D63CE6C3253BBDB6ECD21FB5072FC'.
  - Ceruledge: Attempted to use detached Frame '026D63CE6C3253BBDB6ECD21FB5072FC'.
  - Tadbulb: Attempted to use detached Frame '026D63CE6C3253BBDB6ECD21FB5072FC'.
  - Bellibolt: Attempted to use detached Frame '026D63CE6C3253BBDB6ECD21FB5072FC'.
  - Wattrel: Attempted to use detached Frame '026D63CE6C3253BBDB6ECD21FB5072FC'.
  - Kilowattrel: Attempted to use detached Frame '026D63CE6C3253BBDB6ECD21FB5072FC'.
  - Maschiff: Attempted to use detached Frame '026D63CE6C3253BBDB6ECD21FB5072FC'.
  - Mabosstiff: Attempted to use detached Frame '026D63CE6C3253BBDB6ECD21FB5072FC'.
  - Shroodle: Attempted to use detached Frame '026D63CE6C3253BBDB6ECD21FB5072FC'.
  - Grafaiai: Attempted to use detached Frame '026D63CE6C3253BBDB6ECD21FB5072FC'.
  - Bramblin: Attempted to use detached Frame '026D63CE6C3253BBDB6ECD21FB5072FC'.
  - Brambleghast: Attempted to use detached Frame '026D63CE6C3253BBDB6ECD21FB5072FC'.
  - Toedscool: Attempted to use detached Frame '026D63CE6C3253BBDB6ECD21FB5072FC'.
  - Toedscruel: Attempted to use detached Frame '026D63CE6C3253BBDB6ECD21FB5072FC'.
  - Klawf: Attempted to use detached Frame '026D63CE6C3253BBDB6ECD21FB5072FC'.
  - Capsakid: Attempted to use detached Frame '026D63CE6C3253BBDB6ECD21FB5072FC'.
  - Scovillain: Attempted to use detached Frame '026D63CE6C3253BBDB6ECD21FB5072FC'.
  - Rellor: Attempted to use detached Frame '026D63CE6C3253BBDB6ECD21FB5072FC'.
  - Rabsca: Attempted to use detached Frame '026D63CE6C3253BBDB6ECD21FB5072FC'.
  - Flittle: Attempted to use detached Frame '026D63CE6C3253BBDB6ECD21FB5072FC'.
  - Espathra: Attempted to use detached Frame '026D63CE6C3253BBDB6ECD21FB5072FC'.
  - Tinkatink: Attempted to use detached Frame '026D63CE6C3253BBDB6ECD21FB5072FC'.
  - Tinkatuff: Attempted to use detached Frame '026D63CE6C3253BBDB6ECD21FB5072FC'.
  - Tinkaton: Attempted to use detached Frame '026D63CE6C3253BBDB6ECD21FB5072FC'.
  - Wiglett: Attempted to use detached Frame '026D63CE6C3253BBDB6ECD21FB5072FC'.
  - Wugtrio: Attempted to use detached Frame '026D63CE6C3253BBDB6ECD21FB5072FC'.
  - Bombirdier: Attempted to use detached Frame '026D63CE6C3253BBDB6ECD21FB5072FC'.
  - Finizen: Attempted to use detached Frame '026D63CE6C3253BBDB6ECD21FB5072FC'.
  - Palafin: Attempted to use detached Frame '026D63CE6C3253BBDB6ECD21FB5072FC'.
  - Varoom: Attempted to use detached Frame '026D63CE6C3253BBDB6ECD21FB5072FC'.
  - Revavroom: Attempted to use detached Frame '026D63CE6C3253BBDB6ECD21FB5072FC'.
  - Cyclizar: Attempted to use detached Frame '026D63CE6C3253BBDB6ECD21FB5072FC'.
  - Orthworm: Attempted to use detached Frame '026D63CE6C3253BBDB6ECD21FB5072FC'.
  - Glimmet: Attempted to use detached Frame '026D63CE6C3253BBDB6ECD21FB5072FC'.
  - Glimmora: Attempted to use detached Frame '026D63CE6C3253BBDB6ECD21FB5072FC'.
  - Greavard: Attempted to use detached Frame '026D63CE6C3253BBDB6ECD21FB5072FC'.
  - Houndstone: Attempted to use detached Frame '026D63CE6C3253BBDB6ECD21FB5072FC'.
  - Flamigo: Attempted to use detached Frame '026D63CE6C3253BBDB6ECD21FB5072FC'.
  - Cetoddle: Attempted to use detached Frame '026D63CE6C3253BBDB6ECD21FB5072FC'.
  - Cetitan: Attempted to use detached Frame '026D63CE6C3253BBDB6ECD21FB5072FC'.
  - Veluza: Attempted to use detached Frame '026D63CE6C3253BBDB6ECD21FB5072FC'.
  - Dondozo: Attempted to use detached Frame '026D63CE6C3253BBDB6ECD21FB5072FC'.
  - Tatsugiri: Attempted to use detached Frame '026D63CE6C3253BBDB6ECD21FB5072FC'.
  - Annihilape: Attempted to use detached Frame '026D63CE6C3253BBDB6ECD21FB5072FC'.
  - Clodsire: Attempted to use detached Frame '026D63CE6C3253BBDB6ECD21FB5072FC'.
  - Farigiraf: Attempted to use detached Frame '026D63CE6C3253BBDB6ECD21FB5072FC'.
  - Dudunsparce: Attempted to use detached Frame '026D63CE6C3253BBDB6ECD21FB5072FC'.
  - Kingambit: Attempted to use detached Frame '026D63CE6C3253BBDB6ECD21FB5072FC'.
  - Great Tusk: Attempted to use detached Frame '026D63CE6C3253BBDB6ECD21FB5072FC'.
  - Scream Tail: Attempted to use detached Frame '026D63CE6C3253BBDB6ECD21FB5072FC'.
  - Brute Bonnet: Attempted to use detached Frame '026D63CE6C3253BBDB6ECD21FB5072FC'.
  - Flutter Mane: Attempted to use detached Frame '026D63CE6C3253BBDB6ECD21FB5072FC'.
  - Slither Wing: Attempted to use detached Frame '026D63CE6C3253BBDB6ECD21FB5072FC'.
  - Sandy Shocks: Attempted to use detached Frame '026D63CE6C3253BBDB6ECD21FB5072FC'.
  - Iron Treads: Attempted to use detached Frame '026D63CE6C3253BBDB6ECD21FB5072FC'.
  - Iron Bundle: Attempted to use detached Frame '026D63CE6C3253BBDB6ECD21FB5072FC'.
  - Iron Hands: Attempted to use detached Frame '026D63CE6C3253BBDB6ECD21FB5072FC'.
  - Iron Jugulis: Attempted to use detached Frame '026D63CE6C3253BBDB6ECD21FB5072FC'.
  - Iron Moth: Attempted to use detached Frame '026D63CE6C3253BBDB6ECD21FB5072FC'.
  - Iron Thorns: Attempted to use detached Frame '026D63CE6C3253BBDB6ECD21FB5072FC'.
  - Frigibax: Attempted to use detached Frame '026D63CE6C3253BBDB6ECD21FB5072FC'.
  - Arctibax: Attempted to use detached Frame '026D63CE6C3253BBDB6ECD21FB5072FC'.
  - Baxcalibur: Attempted to use detached Frame '026D63CE6C3253BBDB6ECD21FB5072FC'.
  - Gimmighoul: Attempted to use detached Frame '026D63CE6C3253BBDB6ECD21FB5072FC'.
  - Gholdengo: Attempted to use detached Frame '026D63CE6C3253BBDB6ECD21FB5072FC'.
  - Wo-Chien: Attempted to use detached Frame '026D63CE6C3253BBDB6ECD21FB5072FC'.
  - Chien-Pao: Attempted to use detached Frame '026D63CE6C3253BBDB6ECD21FB5072FC'.
  - Ting-Lu: Attempted to use detached Frame '026D63CE6C3253BBDB6ECD21FB5072FC'.
  - Chi-Yu: Attempted to use detached Frame '026D63CE6C3253BBDB6ECD21FB5072FC'.
  - Roaring Moon: Attempted to use detached Frame '026D63CE6C3253BBDB6ECD21FB5072FC'.
  - Iron Valiant: Attempted to use detached Frame '026D63CE6C3253BBDB6ECD21FB5072FC'.
  - Koraidon: Attempted to use detached Frame '026D63CE6C3253BBDB6ECD21FB5072FC'.
  - Miraidon: Attempted to use detached Frame '026D63CE6C3253BBDB6ECD21FB5072FC'.
  - Walking Wake: Attempted to use detached Frame '026D63CE6C3253BBDB6ECD21FB5072FC'.
  - Iron Leaves: Attempted to use detached Frame '026D63CE6C3253BBDB6ECD21FB5072FC'.
  - Dipplin: Attempted to use detached Frame '026D63CE6C3253BBDB6ECD21FB5072FC'.
  - Poltchageist: Attempted to use detached Frame '026D63CE6C3253BBDB6ECD21FB5072FC'.
  - Sinistcha: Attempted to use detached Frame '026D63CE6C3253BBDB6ECD21FB5072FC'.
  - Okidogi: Attempted to use detached Frame '026D63CE6C3253BBDB6ECD21FB5072FC'.
  - Munkidori: Attempted to use detached Frame '026D63CE6C3253BBDB6ECD21FB5072FC'.
  - Fezandipiti: Attempted to use detached Frame '026D63CE6C3253BBDB6ECD21FB5072FC'.
  - Ogerpon: Attempted to use detached Frame '026D63CE6C3253BBDB6ECD21FB5072FC'.
  - Archaludon: Attempted to use detached Frame '026D63CE6C3253BBDB6ECD21FB5072FC'.
  - Hydrapple: Attempted to use detached Frame '026D63CE6C3253BBDB6ECD21FB5072FC'.
  - Gouging Fire: Attempted to use detached Frame '026D63CE6C3253BBDB6ECD21FB5072FC'.
  - Raging Bolt: Attempted to use detached Frame '026D63CE6C3253BBDB6ECD21FB5072FC'.
  - Iron Boulder: Attempted to use detached Frame '026D63CE6C3253BBDB6ECD21FB5072FC'.
  - Iron Crown: Attempted to use detached Frame '026D63CE6C3253BBDB6ECD21FB5072FC'.
  - Terapagos: Attempted to use detached Frame '026D63CE6C3253BBDB6ECD21FB5072FC'.
  - Pecharunt: Attempted to use detached Frame '026D63CE6C3253BBDB6ECD21FB5072FC'.
==============================

