Launching browser...
Browser launched.
Found 1025 Pokemon in CSV
Resuming: 460 Pokemon already scraped in pokemon-data.json.
565 Pokemon left to scrape.

[1/1025] Bulbasaur -> https://bulbapedia.bulbagarden.net/wiki/Bulbasaur_(Pokémon)
  OK: {"name":"Bulbasaur","primaryType":"Grass","secondaryType":"Poison","forms":[],"evolutionStage":"1","preEvolvePokemon":"","eggGroups":"Monster and Grass","height":"2'04\"","weight":"15.2 lbs.","genderRatio":"87.5% male, 12.5% female","catchRate":"45 (11.9%)","hatchTime":"20 cycles"}

[4/1025] Charmander -> https://bulbapedia.bulbagarden.net/wiki/Charmander_(Pokémon)
  OK: {"name":"Charmander","primaryType":"Fire","secondaryType":"Dragon","forms":[],"evolutionStage":"1","preEvolvePokemon":"","eggGroups":"Monster and Dragon","height":"2'00\"","weight":"18.7 lbs.","genderRatio":"87.5% male, 12.5% female","catchRate":"45 (11.9%)","hatchTime":"20 cycles"}

[5/1025] Charmeleon -> https://bulbapedia.bulbagarden.net/wiki/Charmeleon_(Pokémon)
  OK: {"name":"Charmeleon","primaryType":"Fire","secondaryType":"Dragon","forms":[],"evolutionStage":"2","preEvolvePokemon":"Charmander","eggGroups":"Monster and Dragon","height":"3'07\"","weight":"41.9 lbs.","genderRatio":"87.5% male, 12.5% female","catchRate":"45 (11.9%)","hatchTime":"20 cycles"}

[6/1025] Charizard -> https://bulbapedia.bulbagarden.net/wiki/Charizard_(Pokémon)
  OK: {"name":"Charizard","primaryType":"Fire","secondaryType":"Flying","forms":["Mega Charizard X","Mega Charizard Y","Gigantamax Charizard"],"evolutionStage":"final","preEvolvePokemon":"Charmeleon","eggGroups":"Monster and Dragon","height":"5'07\"","weight":"199.5 lbs.","genderRatio":"87.5% male, 12.5% female","catchRate":"45 (11.9%)","hatchTime":"20 cycles"}

[7/1025] Squirtle -> https://bulbapedia.bulbagarden.net/wiki/Squirtle_(Pokémon)
  OK: {"name":"Squirtle","primaryType":"Water","secondaryType":"","forms":[],"evolutionStage":"1","preEvolvePokemon":"","eggGroups":"Monster and Water 1","height":"1'08\"","weight":"19.8 lbs.","genderRatio":"87.5% male, 12.5% female","catchRate":"45 (11.9%)","hatchTime":"20 cycles"}

[10/1025] Caterpie -> https://bulbapedia.bulbagarden.net/wiki/Caterpie_(Pokémon)
  OK: {"name":"Caterpie","primaryType":"Bug","secondaryType":"","forms":[],"evolutionStage":"1","preEvolvePokemon":"","eggGroups":"Bug","height":"1'00\"","weight":"6.4 lbs.","genderRatio":"50% male, 50% female","catchRate":"255 (43.9%)","hatchTime":"15 cycles"}

[13/1025] Weedle -> https://bulbapedia.bulbagarden.net/wiki/Weedle_(Pokémon)
  OK: {"name":"Weedle","primaryType":"Bug","secondaryType":"Poison","forms":[],"evolutionStage":"1","preEvolvePokemon":"","eggGroups":"Bug","height":"1'00\"","weight":"7.1 lbs.","genderRatio":"50% male, 50% female","catchRate":"255 (43.9%)","hatchTime":"15 cycles"}

[16/1025] Pidgey -> https://bulbapedia.bulbagarden.net/wiki/Pidgey_(Pokémon)
  OK: {"name":"Pidgey","primaryType":"Normal","secondaryType":"Flying","forms":[],"evolutionStage":"1","preEvolvePokemon":"","eggGroups":"Flying","height":"1'00\"","weight":"4.0 lbs.","genderRatio":"50% male, 50% female","catchRate":"255 (43.9%)","hatchTime":"15 cycles"}

[18/1025] Pidgeot -> https://bulbapedia.bulbagarden.net/wiki/Pidgeot_(Pokémon)
  OK: {"name":"Pidgeot","primaryType":"Normal","secondaryType":"Flying","forms":["Mega Pidgeot"],"evolutionStage":"final","preEvolvePokemon":"Pidgeotto","eggGroups":"Flying","height":"4'11\"","weight":"87.1 lbs.","genderRatio":"50% male, 50% female","catchRate":"45 (11.9%)","hatchTime":"15 cycles"}

[19/1025] Rattata -> https://bulbapedia.bulbagarden.net/wiki/Rattata_(Pokémon)
  OK: {"name":"Rattata","primaryType":"Normal","secondaryType":"Dark","forms":["Alolan Rattata"],"evolutionStage":"1","preEvolvePokemon":"","eggGroups":"Field","height":"1'00\"","weight":"7.7 lbs.","genderRatio":"50% male, 50% female","catchRate":"255 (43.9%)","hatchTime":"15 cycles"}

[21/1025] Spearow -> https://bulbapedia.bulbagarden.net/wiki/Spearow_(Pokémon)
  OK: {"name":"Spearow","primaryType":"Normal","secondaryType":"Flying","forms":[],"evolutionStage":"1","preEvolvePokemon":"","eggGroups":"Flying","height":"1'00\"","weight":"4.4 lbs.","genderRatio":"50% male, 50% female","catchRate":"255 (43.9%)","hatchTime":"15 cycles"}

[23/1025] Ekans -> https://bulbapedia.bulbagarden.net/wiki/Ekans_(Pokémon)
  OK: {"name":"Ekans","primaryType":"Poison","secondaryType":"Dragon","forms":[],"evolutionStage":"1","preEvolvePokemon":"","eggGroups":"Field and Dragon","height":"6'07\"","weight":"15.2 lbs.","genderRatio":"50% male, 50% female","catchRate":"255 (43.9%)","hatchTime":"20 cycles"}

[27/1025] Sandshrew -> https://bulbapedia.bulbagarden.net/wiki/Sandshrew_(Pokémon)
  OK: {"name":"Sandshrew","primaryType":"Ground","secondaryType":"Ice","forms":["Alolan Sandshrew"],"evolutionStage":"1","preEvolvePokemon":"","eggGroups":"Field","height":"2'00\"","weight":"26.5 lbs.","genderRatio":"50% male, 50% female","catchRate":"255 (43.9%)","hatchTime":"20 cycles"}

[29/1025] Nidoran♀ -> https://bulbapedia.bulbagarden.net/wiki/Nidoran%E2%99%80_(Pokémon)
  OK: {"name":"Nidoran♀","primaryType":"Poison","secondaryType":"","forms":[],"evolutionStage":"1","preEvolvePokemon":"","eggGroups":"Monster and Field","height":"1'04\"","weight":"15.4 lbs.","genderRatio":"100% female","catchRate":"235 (41.3%)","hatchTime":"20 cycles"}

[37/1025] Vulpix -> https://bulbapedia.bulbagarden.net/wiki/Vulpix_(Pokémon)
  OK: {"name":"Vulpix","primaryType":"Fire","secondaryType":"Ice","forms":["Alolan Vulpix"],"evolutionStage":"1","preEvolvePokemon":"","eggGroups":"Field","height":"2'00\"","weight":"21.8 lbs.","genderRatio":"25% male, 75% female","catchRate":"190 (35.2%)","hatchTime":"20 cycles"}

[41/1025] Zubat -> https://bulbapedia.bulbagarden.net/wiki/Zubat_(Pokémon)
  OK: {"name":"Zubat","primaryType":"Poison","secondaryType":"Flying","forms":[],"evolutionStage":"1","preEvolvePokemon":"","eggGroups":"Flying","height":"2'07\"","weight":"16.5 lbs.","genderRatio":"50% male, 50% female","catchRate":"255 (43.9%)","hatchTime":"15 cycles"}

[43/1025] Oddish -> https://bulbapedia.bulbagarden.net/wiki/Oddish_(Pokémon)
  OK: {"name":"Oddish","primaryType":"Grass","secondaryType":"Poison","forms":[],"evolutionStage":"1","preEvolvePokemon":"","eggGroups":"Grass","height":"1'08\"","weight":"11.9 lbs.","genderRatio":"50% male, 50% female","catchRate":"255 (43.9%)","hatchTime":"20 cycles"}

[46/1025] Paras -> https://bulbapedia.bulbagarden.net/wiki/Paras_(Pokémon)
  OK: {"name":"Paras","primaryType":"Bug","secondaryType":"Grass","forms":[],"evolutionStage":"1","preEvolvePokemon":"","eggGroups":"Bug and Grass","height":"1'00\"","weight":"11.9 lbs.","genderRatio":"50% male, 50% female","catchRate":"190 (35.2%)","hatchTime":"20 cycles"}

[48/1025] Venonat -> https://bulbapedia.bulbagarden.net/wiki/Venonat_(Pokémon)
  OK: {"name":"Venonat","primaryType":"Bug","secondaryType":"Poison","forms":[],"evolutionStage":"1","preEvolvePokemon":"","eggGroups":"Bug","height":"3'03\"","weight":"66.1 lbs.","genderRatio":"50% male, 50% female","catchRate":"190 (35.2%)","hatchTime":"20 cycles"}

[50/1025] Diglett -> https://bulbapedia.bulbagarden.net/wiki/Diglett_(Pokémon)
  OK: {"name":"Diglett","primaryType":"Ground","secondaryType":"Steel","forms":["Alolan Diglett"],"evolutionStage":"1","preEvolvePokemon":"","eggGroups":"Field","height":"0'08\"","weight":"1.8 lbs.","genderRatio":"50% male, 50% female","catchRate":"255 (43.9%)","hatchTime":"20 cycles"}

[52/1025] Meowth -> https://bulbapedia.bulbagarden.net/wiki/Meowth_(Pokémon)
  OK: {"name":"Meowth","primaryType":"Normal","secondaryType":"Dark","forms":["Alolan Meowth","Galarian Meowth","Gigantamax Meowth"],"evolutionStage":"1","preEvolvePokemon":"","eggGroups":"Field","height":"1'04\"","weight":"9.3 lbs.","genderRatio":"50% male, 50% female","catchRate":"255 (43.9%)","hatchTime":"20 cycles"}

[54/1025] Psyduck -> https://bulbapedia.bulbagarden.net/wiki/Psyduck_(Pokémon)
  OK: {"name":"Psyduck","primaryType":"Water","secondaryType":"","forms":[],"evolutionStage":"1","preEvolvePokemon":"","eggGroups":"Water 1 and Field","height":"2'07\"","weight":"43.2 lbs.","genderRatio":"50% male, 50% female","catchRate":"190 (35.2%)","hatchTime":"20 cycles"}

[56/1025] Mankey -> https://bulbapedia.bulbagarden.net/wiki/Mankey_(Pokémon)
  OK: {"name":"Mankey","primaryType":"Fighting","secondaryType":"","forms":[],"evolutionStage":"1","preEvolvePokemon":"","eggGroups":"Field","height":"1'08\"","weight":"61.7 lbs.","genderRatio":"50% male, 50% female","catchRate":"190 (35.2%)","hatchTime":"20 cycles"}

[58/1025] Growlithe -> https://bulbapedia.bulbagarden.net/wiki/Growlithe_(Pokémon)
  OK: {"name":"Growlithe","primaryType":"Fire","secondaryType":"Rock","forms":["Hisuian Growlithe"],"evolutionStage":"1","preEvolvePokemon":"","eggGroups":"Field","height":"2'04\"","weight":"41.9 lbs.","genderRatio":"75% male, 25% female","catchRate":"190 (35.2%)","hatchTime":"20 cycles"}

[60/1025] Poliwag -> https://bulbapedia.bulbagarden.net/wiki/Poliwag_(Pokémon)
  OK: {"name":"Poliwag","primaryType":"Water","secondaryType":"","forms":[],"evolutionStage":"1","preEvolvePokemon":"","eggGroups":"Water 1","height":"2'00\"","weight":"27.3 lbs.","genderRatio":"50% male, 50% female","catchRate":"255 (43.9%)","hatchTime":"20 cycles"}

[63/1025] Abra -> https://bulbapedia.bulbagarden.net/wiki/Abra_(Pokémon)
  OK: {"name":"Abra","primaryType":"Psychic","secondaryType":"","forms":[],"evolutionStage":"1","preEvolvePokemon":"","eggGroups":"Human-Like","height":"2'11\"","weight":"43.0 lbs.","genderRatio":"75% male, 25% female","catchRate":"200 (36.6%)","hatchTime":"20 cycles"}

[66/1025] Machop -> https://bulbapedia.bulbagarden.net/wiki/Machop_(Pokémon)
  OK: {"name":"Machop","primaryType":"Fighting","secondaryType":"","forms":[],"evolutionStage":"1","preEvolvePokemon":"","eggGroups":"Human-Like","height":"2'07\"","weight":"43.0 lbs.","genderRatio":"75% male, 25% female","catchRate":"180 (33.8%)","hatchTime":"20 cycles"}

[69/1025] Bellsprout -> https://bulbapedia.bulbagarden.net/wiki/Bellsprout_(Pokémon)
  OK: {"name":"Bellsprout","primaryType":"Grass","secondaryType":"Poison","forms":[],"evolutionStage":"1","preEvolvePokemon":"","eggGroups":"Grass","height":"2'04\"","weight":"8.8 lbs.","genderRatio":"50% male, 50% female","catchRate":"255 (43.9%)","hatchTime":"20 cycles"}

[72/1025] Tentacool -> https://bulbapedia.bulbagarden.net/wiki/Tentacool_(Pokémon)
  OK: {"name":"Tentacool","primaryType":"Water","secondaryType":"Poison","forms":[],"evolutionStage":"1","preEvolvePokemon":"","eggGroups":"Water 3","height":"2'11\"","weight":"100.3 lbs.","genderRatio":"50% male, 50% female","catchRate":"190 (35.2%)","hatchTime":"20 cycles"}

[74/1025] Geodude -> https://bulbapedia.bulbagarden.net/wiki/Geodude_(Pokémon)
  OK: {"name":"Geodude","primaryType":"Rock","secondaryType":"Ground","forms":["Alolan Geodude"],"evolutionStage":"1","preEvolvePokemon":"","eggGroups":"Mineral","height":"1'04\"","weight":"44.1 lbs.","genderRatio":"50% male, 50% female","catchRate":"255 (43.9%)","hatchTime":"15 cycles"}

[77/1025] Ponyta -> https://bulbapedia.bulbagarden.net/wiki/Ponyta_(Pokémon)
  OK: {"name":"Ponyta","primaryType":"Fire","secondaryType":"Psychic","forms":["Galarian Ponyta"],"evolutionStage":"1","preEvolvePokemon":"","eggGroups":"Field","height":"3'03\"","weight":"66.1 lbs.","genderRatio":"50% male, 50% female","catchRate":"190 (35.2%)","hatchTime":"20 cycles"}

[79/1025] Slowpoke -> https://bulbapedia.bulbagarden.net/wiki/Slowpoke_(Pokémon)
  OK: {"name":"Slowpoke","primaryType":"Water","secondaryType":"Psychic","forms":["Galarian Slowpoke"],"evolutionStage":"1","preEvolvePokemon":"","eggGroups":"Monster and Water 1","height":"3'11\"","weight":"79.4 lbs.","genderRatio":"50% male, 50% female","catchRate":"190 (35.2%)","hatchTime":"20 cycles"}

[81/1025] Magnemite -> https://bulbapedia.bulbagarden.net/wiki/Magnemite_(Pokémon)
  OK: {"name":"Magnemite","primaryType":"Electric","secondaryType":"Steel","forms":[],"evolutionStage":"1","preEvolvePokemon":"","eggGroups":"Mineral","height":"1'00\"","weight":"13.2 lbs.","genderRatio":"Gender unknown","catchRate":"190 (35.2%)","hatchTime":"20 cycles"}

[83/1025] Farfetchd -> https://bulbapedia.bulbagarden.net/wiki/Farfetchd_(Pokémon)
  OK: {"name":"Farfetch'd","primaryType":"Normal","secondaryType":"Flying","forms":["Galarian Farfetch'd"],"evolutionStage":"1","preEvolvePokemon":"","eggGroups":"Flying and Field","height":"2'07\"","weight":"33.1 lbs.","genderRatio":"50% male, 50% female","catchRate":"45 (11.9%)","hatchTime":"20 cycles"}

[84/1025] Doduo -> https://bulbapedia.bulbagarden.net/wiki/Doduo_(Pokémon)
  OK: {"name":"Doduo","primaryType":"Normal","secondaryType":"Flying","forms":[],"evolutionStage":"1","preEvolvePokemon":"","eggGroups":"Flying","height":"4'07\"","weight":"86.4 lbs.","genderRatio":"50% male, 50% female","catchRate":"190 (35.2%)","hatchTime":"20 cycles"}

[86/1025] Seel -> https://bulbapedia.bulbagarden.net/wiki/Seel_(Pokémon)
  OK: {"name":"Seel","primaryType":"Water","secondaryType":"","forms":[],"evolutionStage":"1","preEvolvePokemon":"","eggGroups":"Water 1 and Field","height":"3'07\"","weight":"198.4 lbs.","genderRatio":"50% male, 50% female","catchRate":"190 (35.2%)","hatchTime":"20 cycles"}

[88/1025] Grimer -> https://bulbapedia.bulbagarden.net/wiki/Grimer_(Pokémon)
  OK: {"name":"Grimer","primaryType":"Poison","secondaryType":"Dark","forms":["Alolan Grimer"],"evolutionStage":"1","preEvolvePokemon":"","eggGroups":"Amorphous","height":"2'11\"","weight":"66.1 lbs.","genderRatio":"50% male, 50% female","catchRate":"190 (35.2%)","hatchTime":"20 cycles"}

[90/1025] Shellder -> https://bulbapedia.bulbagarden.net/wiki/Shellder_(Pokémon)
  OK: {"name":"Shellder","primaryType":"Water","secondaryType":"","forms":[],"evolutionStage":"1","preEvolvePokemon":"","eggGroups":"Water 3","height":"1'00\"","weight":"8.8 lbs.","genderRatio":"50% male, 50% female","catchRate":"190 (35.2%)","hatchTime":"20 cycles"}

[92/1025] Gastly -> https://bulbapedia.bulbagarden.net/wiki/Gastly_(Pokémon)
  OK: {"name":"Gastly","primaryType":"Ghost","secondaryType":"Poison","forms":[],"evolutionStage":"1","preEvolvePokemon":"","eggGroups":"Amorphous","height":"4'03\"","weight":"0.2 lbs.","genderRatio":"50% male, 50% female","catchRate":"190 (35.2%)","hatchTime":"20 cycles"}

[94/1025] Gengar -> https://bulbapedia.bulbagarden.net/wiki/Gengar_(Pokémon)
  OK: {"name":"Gengar","primaryType":"Ghost","secondaryType":"Poison","forms":["Mega Gengar"],"evolutionStage":"final","preEvolvePokemon":"Haunter","eggGroups":"Amorphous","height":"4'11\"","weight":"89.3 lbs.","genderRatio":"50% male, 50% female","catchRate":"45 (11.9%)","hatchTime":"20 cycles"}

[95/1025] Onix -> https://bulbapedia.bulbagarden.net/wiki/Onix_(Pokémon)
  OK: {"name":"Onix","primaryType":"Rock","secondaryType":"Ground","forms":[],"evolutionStage":"1","preEvolvePokemon":"","eggGroups":"Mineral","height":"28'10\"","weight":"463.0 lbs.","genderRatio":"50% male, 50% female","catchRate":"45 (11.9%)","hatchTime":"25 cycles"}

[96/1025] Drowzee -> https://bulbapedia.bulbagarden.net/wiki/Drowzee_(Pokémon)
  OK: {"name":"Drowzee","primaryType":"Psychic","secondaryType":"","forms":[],"evolutionStage":"1","preEvolvePokemon":"","eggGroups":"Human-Like","height":"3'03\"","weight":"71.4 lbs.","genderRatio":"50% male, 50% female","catchRate":"190 (35.2%)","hatchTime":"20 cycles"}

[98/1025] Krabby -> https://bulbapedia.bulbagarden.net/wiki/Krabby_(Pokémon)
  OK: {"name":"Krabby","primaryType":"Water","secondaryType":"","forms":[],"evolutionStage":"1","preEvolvePokemon":"","eggGroups":"Water 3","height":"1'04\"","weight":"14.3 lbs.","genderRatio":"50% male, 50% female","catchRate":"225 (39.9%)","hatchTime":"20 cycles"}

[100/1025] Voltorb -> https://bulbapedia.bulbagarden.net/wiki/Voltorb_(Pokémon)
  OK: {"name":"Voltorb","primaryType":"Electric","secondaryType":"Grass","forms":["Hisuian Voltorb"],"evolutionStage":"1","preEvolvePokemon":"","eggGroups":"Mineral","height":"1'08\"","weight":"22.9 lbs.","genderRatio":"Gender unknown","catchRate":"190 (35.2%)","hatchTime":"20 cycles"}

[102/1025] Exeggcute -> https://bulbapedia.bulbagarden.net/wiki/Exeggcute_(Pokémon)
  OK: {"name":"Exeggcute","primaryType":"Grass","secondaryType":"Psychic","forms":[],"evolutionStage":"1","preEvolvePokemon":"","eggGroups":"Grass","height":"1'04\"","weight":"5.5 lbs.","genderRatio":"50% male, 50% female","catchRate":"90 (20.1%)","hatchTime":"20 cycles"}

[104/1025] Cubone -> https://bulbapedia.bulbagarden.net/wiki/Cubone_(Pokémon)
  OK: {"name":"Cubone","primaryType":"Ground","secondaryType":"","forms":[],"evolutionStage":"1","preEvolvePokemon":"","eggGroups":"Monster","height":"1'04\"","weight":"14.3 lbs.","genderRatio":"50% male, 50% female","catchRate":"190 (35.2%)","hatchTime":"20 cycles"}

[108/1025] Lickitung -> https://bulbapedia.bulbagarden.net/wiki/Lickitung_(Pokémon)
  OK: {"name":"Lickitung","primaryType":"Normal","secondaryType":"","forms":[],"evolutionStage":"1","preEvolvePokemon":"","eggGroups":"Monster","height":"3'11\"","weight":"144.4 lbs.","genderRatio":"50% male, 50% female","catchRate":"45 (11.9%)","hatchTime":"20 cycles"}

[109/1025] Koffing -> https://bulbapedia.bulbagarden.net/wiki/Koffing_(Pokémon)
  OK: {"name":"Koffing","primaryType":"Poison","secondaryType":"","forms":[],"evolutionStage":"1","preEvolvePokemon":"","eggGroups":"Amorphous","height":"2'00\"","weight":"2.2 lbs.","genderRatio":"50% male, 50% female","catchRate":"190 (35.2%)","hatchTime":"20 cycles"}

[111/1025] Rhyhorn -> https://bulbapedia.bulbagarden.net/wiki/Rhyhorn_(Pokémon)
  OK: {"name":"Rhyhorn","primaryType":"Ground","secondaryType":"Rock","forms":[],"evolutionStage":"1","preEvolvePokemon":"","eggGroups":"Monster and Field","height":"3'03\"","weight":"253.5 lbs.","genderRatio":"50% male, 50% female","catchRate":"120 (24.9%)","hatchTime":"20 cycles"}

[114/1025] Tangela -> https://bulbapedia.bulbagarden.net/wiki/Tangela_(Pokémon)
  OK: {"name":"Tangela","primaryType":"Grass","secondaryType":"","forms":[],"evolutionStage":"1","preEvolvePokemon":"","eggGroups":"Grass","height":"3'03\"","weight":"77.2 lbs.","genderRatio":"50% male, 50% female","catchRate":"45 (11.9%)","hatchTime":"20 cycles"}

[115/1025] Kangaskhan -> https://bulbapedia.bulbagarden.net/wiki/Kangaskhan_(Pokémon)
  OK: {"name":"Kangaskhan","primaryType":"Normal","secondaryType":"","forms":["Mega Kangaskhan"],"evolutionStage":"1","preEvolvePokemon":"","eggGroups":"Monster","height":"7'03\"","weight":"176.4 lbs.","genderRatio":"100% female","catchRate":"45 (11.9%)","hatchTime":"20 cycles"}

[116/1025] Horsea -> https://bulbapedia.bulbagarden.net/wiki/Horsea_(Pokémon)
  OK: {"name":"Horsea","primaryType":"Water","secondaryType":"Dragon","forms":[],"evolutionStage":"1","preEvolvePokemon":"","eggGroups":"Water 1 and Dragon","height":"1'04\"","weight":"17.6 lbs.","genderRatio":"50% male, 50% female","catchRate":"225 (39.9%)","hatchTime":"20 cycles"}

[118/1025] Goldeen -> https://bulbapedia.bulbagarden.net/wiki/Goldeen_(Pokémon)
  OK: {"name":"Goldeen","primaryType":"Water","secondaryType":"","forms":[],"evolutionStage":"1","preEvolvePokemon":"","eggGroups":"Water 2","height":"2'00\"","weight":"33.1 lbs.","genderRatio":"50% male, 50% female","catchRate":"225 (39.9%)","hatchTime":"20 cycles"}

[119/1025] Seaking -> https://bulbapedia.bulbagarden.net/wiki/Seaking_(Pokémon)
  OK: {"name":"Seaking","primaryType":"Water","secondaryType":"","forms":[],"evolutionStage":"final","preEvolvePokemon":"Goldeen","eggGroups":"Water 2","height":"4'03\"","weight":"86.0 lbs.","genderRatio":"50% male, 50% female","catchRate":"60 (14.8%)","hatchTime":"20 cycles"}

[120/1025] Staryu -> https://bulbapedia.bulbagarden.net/wiki/Staryu_(Pokémon)
  OK: {"name":"Staryu","primaryType":"Water","secondaryType":"","forms":[],"evolutionStage":"1","preEvolvePokemon":"","eggGroups":"Water 3","height":"2'07\"","weight":"76.1 lbs.","genderRatio":"Gender unknown","catchRate":"225 (39.9%)","hatchTime":"20 cycles"}

[121/1025] Starmie -> https://bulbapedia.bulbagarden.net/wiki/Starmie_(Pokémon)
  OK: {"name":"Starmie","primaryType":"Water","secondaryType":"Psychic","forms":["Mega Starmie"],"evolutionStage":"final","preEvolvePokemon":"Staryu","eggGroups":"Water 3","height":"3'07\"","weight":"176.4 lbs.","genderRatio":"Gender unknown","catchRate":"60 (14.8%)","hatchTime":"20 cycles"}

[123/1025] Scyther -> https://bulbapedia.bulbagarden.net/wiki/Scyther_(Pokémon)
  OK: {"name":"Scyther","primaryType":"Bug","secondaryType":"Flying","forms":[],"evolutionStage":"1","preEvolvePokemon":"","eggGroups":"Bug","height":"4'11\"","weight":"123.5 lbs.","genderRatio":"50% male, 50% female","catchRate":"45 (11.9%)","hatchTime":"25 cycles"}

[127/1025] Pinsir -> https://bulbapedia.bulbagarden.net/wiki/Pinsir_(Pokémon)
  OK: {"name":"Pinsir","primaryType":"Bug","secondaryType":"Flying","forms":["Mega Pinsir"],"evolutionStage":"1","preEvolvePokemon":"","eggGroups":"Bug","height":"4'11\"","weight":"121.3 lbs.","genderRatio":"50% male, 50% female","catchRate":"45 (11.9%)","hatchTime":"25 cycles"}

[128/1025] Tauros -> https://bulbapedia.bulbagarden.net/wiki/Tauros_(Pokémon)
  OK: {"name":"Tauros","primaryType":"Normal","secondaryType":"Fighting","forms":["Combat Breed","Blaze Breed","Aqua Breed"],"evolutionStage":"1","preEvolvePokemon":"","eggGroups":"Field","height":"4'07\"","weight":"194.9 lbs.","genderRatio":"100% male","catchRate":"45 (11.9%)","hatchTime":"20 cycles"}

[129/1025] Magikarp -> https://bulbapedia.bulbagarden.net/wiki/Magikarp_(Pokémon)
  OK: {"name":"Magikarp","primaryType":"Water","secondaryType":"Dragon","forms":[],"evolutionStage":"1","preEvolvePokemon":"","eggGroups":"Water 2 and Dragon","height":"2'11\"","weight":"22.0 lbs.","genderRatio":"50% male, 50% female","catchRate":"255 (43.9%)","hatchTime":"5 cycles"}

[131/1025] Lapras -> https://bulbapedia.bulbagarden.net/wiki/Lapras_(Pokémon)
  OK: {"name":"Lapras","primaryType":"Water","secondaryType":"Ice","forms":[],"evolutionStage":"1","preEvolvePokemon":"","eggGroups":"Monster and Water 1","height":"8'02\"","weight":"485.0 lbs.","genderRatio":"50% male, 50% female","catchRate":"45 (11.9%)","hatchTime":"40 cycles"}

[132/1025] Ditto -> https://bulbapedia.bulbagarden.net/wiki/Ditto_(Pokémon)
  OK: {"name":"Ditto","primaryType":"Normal","secondaryType":"","forms":[],"evolutionStage":"1","preEvolvePokemon":"","eggGroups":"Ditto","height":"1'00\"","weight":"8.8 lbs.","genderRatio":"Gender unknown","catchRate":"35 (9.9%)","hatchTime":"20 cycles"}

[133/1025] Eevee -> https://bulbapedia.bulbagarden.net/wiki/Eevee_(Pokémon)
  OK: {"name":"Eevee","primaryType":"Normal","secondaryType":"","forms":["Gigantamax Eevee","Partner Eevee"],"evolutionStage":"1","preEvolvePokemon":"","eggGroups":"Field","height":"1'00\"","weight":"14.3 lbs.","genderRatio":"87.5% male, 12.5% female","catchRate":"45 (11.9%)","hatchTime":"35 cycles"}

[134/1025] Vaporeon -> https://bulbapedia.bulbagarden.net/wiki/Vaporeon_(Pokémon)
  OK: {"name":"Vaporeon","primaryType":"Water","secondaryType":"","forms":[],"evolutionStage":"final","preEvolvePokemon":"Eevee","eggGroups":"Field","height":"3'03\"","weight":"63.9 lbs.","genderRatio":"87.5% male, 12.5% female","catchRate":"45 (11.9%)","hatchTime":"35 cycles"}

[135/1025] Jolteon -> https://bulbapedia.bulbagarden.net/wiki/Jolteon_(Pokémon)
  OK: {"name":"Jolteon","primaryType":"Electric","secondaryType":"","forms":[],"evolutionStage":"final","preEvolvePokemon":"Eevee","eggGroups":"Field","height":"2'07\"","weight":"54.0 lbs.","genderRatio":"87.5% male, 12.5% female","catchRate":"45 (11.9%)","hatchTime":"35 cycles"}

[136/1025] Flareon -> https://bulbapedia.bulbagarden.net/wiki/Flareon_(Pokémon)
  OK: {"name":"Flareon","primaryType":"Fire","secondaryType":"","forms":[],"evolutionStage":"final","preEvolvePokemon":"Eevee","eggGroups":"Field","height":"2'11\"","weight":"55.1 lbs.","genderRatio":"87.5% male, 12.5% female","catchRate":"45 (11.9%)","hatchTime":"35 cycles"}

[137/1025] Porygon -> https://bulbapedia.bulbagarden.net/wiki/Porygon_(Pokémon)
  OK: {"name":"Porygon","primaryType":"Normal","secondaryType":"","forms":[],"evolutionStage":"1","preEvolvePokemon":"","eggGroups":"Mineral","height":"2'07\"","weight":"80.5 lbs.","genderRatio":"Gender unknown","catchRate":"45 (11.9%)","hatchTime":"20 cycles"}

[138/1025] Omanyte -> https://bulbapedia.bulbagarden.net/wiki/Omanyte_(Pokémon)
  OK: {"name":"Omanyte","primaryType":"Rock","secondaryType":"Water","forms":[],"evolutionStage":"1","preEvolvePokemon":"","eggGroups":"Water 1 and Water 3","height":"1'04\"","weight":"16.5 lbs.","genderRatio":"87.5% male, 12.5% female","catchRate":"45 (11.9%)","hatchTime":"30 cycles"}

[140/1025] Kabuto -> https://bulbapedia.bulbagarden.net/wiki/Kabuto_(Pokémon)
  OK: {"name":"Kabuto","primaryType":"Rock","secondaryType":"Water","forms":[],"evolutionStage":"1","preEvolvePokemon":"","eggGroups":"Water 1 and Water 3","height":"1'08\"","weight":"25.4 lbs.","genderRatio":"87.5% male, 12.5% female","catchRate":"45 (11.9%)","hatchTime":"30 cycles"}

[142/1025] Aerodactyl -> https://bulbapedia.bulbagarden.net/wiki/Aerodactyl_(Pokémon)
  OK: {"name":"Aerodactyl","primaryType":"Rock","secondaryType":"Flying","forms":["Mega Aerodactyl"],"evolutionStage":"1","preEvolvePokemon":"","eggGroups":"Flying","height":"5'11\"","weight":"130.1 lbs.","genderRatio":"87.5% male, 12.5% female","catchRate":"45 (11.9%)","hatchTime":"35 cycles"}

[144/1025] Articuno -> https://bulbapedia.bulbagarden.net/wiki/Articuno_(Pokémon)
  OK: {"name":"Articuno","primaryType":"Ice","secondaryType":"Flying","forms":["Galarian Articuno"],"evolutionStage":"1","preEvolvePokemon":"","eggGroups":"No Eggs Discovered","height":"5'07\"","weight":"122.1 lbs.","genderRatio":"Gender unknown","catchRate":"3 (1.6%)","hatchTime":"80 cycles Egg not obtainable"}

[145/1025] Zapdos -> https://bulbapedia.bulbagarden.net/wiki/Zapdos_(Pokémon)
  OK: {"name":"Zapdos","primaryType":"Electric","secondaryType":"Flying","forms":["Galarian Zapdos"],"evolutionStage":"1","preEvolvePokemon":"","eggGroups":"No Eggs Discovered","height":"5'03\"","weight":"116.0 lbs.","genderRatio":"Gender unknown","catchRate":"3 (1.6%)","hatchTime":"80 cycles Egg not obtainable"}

[146/1025] Moltres -> https://bulbapedia.bulbagarden.net/wiki/Moltres_(Pokémon)
  OK: {"name":"Moltres","primaryType":"Fire","secondaryType":"Flying","forms":["Galarian Moltres"],"evolutionStage":"1","preEvolvePokemon":"","eggGroups":"No Eggs Discovered","height":"6'07\"","weight":"132.3 lbs.","genderRatio":"Gender unknown","catchRate":"3 (1.6%)","hatchTime":"80 cycles Egg not obtainable"}

[147/1025] Dratini -> https://bulbapedia.bulbagarden.net/wiki/Dratini_(Pokémon)
  OK: {"name":"Dratini","primaryType":"Dragon","secondaryType":"","forms":[],"evolutionStage":"1","preEvolvePokemon":"","eggGroups":"Water 1 and Dragon","height":"5'11\"","weight":"7.3 lbs.","genderRatio":"50% male, 50% female","catchRate":"45 (11.9%)","hatchTime":"40 cycles"}

[150/1025] Mewtwo -> https://bulbapedia.bulbagarden.net/wiki/Mewtwo_(Pokémon)
  OK: {"name":"Mewtwo","primaryType":"Psychic","secondaryType":"Fighting","forms":["Mega Mewtwo X","Mega Mewtwo Y"],"evolutionStage":"1","preEvolvePokemon":"","eggGroups":"No Eggs Discovered","height":"6'07\"","weight":"269.0 lbs.","genderRatio":"Gender unknown","catchRate":"3 (1.6%)","hatchTime":"120 cycles Egg not obtainable"}

[151/1025] Mew -> https://bulbapedia.bulbagarden.net/wiki/Mew_(Pokémon)
  OK: {"name":"Mew","primaryType":"Psychic","secondaryType":"","forms":[],"evolutionStage":"1","preEvolvePokemon":"","eggGroups":"No Eggs Discovered","height":"1'04\"","weight":"8.8 lbs.","genderRatio":"Gender unknown","catchRate":"45 (11.9%)","hatchTime":"120 cycles Egg not obtainable"}

[152/1025] Chikorita -> https://bulbapedia.bulbagarden.net/wiki/Chikorita_(Pokémon)
  OK: {"name":"Chikorita","primaryType":"Grass","secondaryType":"","forms":[],"evolutionStage":"1","preEvolvePokemon":"","eggGroups":"Monster and Grass","height":"2'11\"","weight":"14.1 lbs.","genderRatio":"87.5% male, 12.5% female","catchRate":"45 (11.9%)","hatchTime":"20 cycles"}

[155/1025] Cyndaquil -> https://bulbapedia.bulbagarden.net/wiki/Cyndaquil_(Pokémon)
  OK: {"name":"Cyndaquil","primaryType":"Fire","secondaryType":"","forms":[],"evolutionStage":"1","preEvolvePokemon":"","eggGroups":"Field","height":"1'08\"","weight":"17.4 lbs.","genderRatio":"87.5% male, 12.5% female","catchRate":"45 (11.9%)","hatchTime":"20 cycles"}

[158/1025] Totodile -> https://bulbapedia.bulbagarden.net/wiki/Totodile_(Pokémon)
  OK: {"name":"Totodile","primaryType":"Water","secondaryType":"","forms":[],"evolutionStage":"1","preEvolvePokemon":"","eggGroups":"Monster and Water 1","height":"2'00\"","weight":"20.9 lbs.","genderRatio":"87.5% male, 12.5% female","catchRate":"45 (11.9%)","hatchTime":"20 cycles"}

[161/1025] Sentret -> https://bulbapedia.bulbagarden.net/wiki/Sentret_(Pokémon)
  OK: {"name":"Sentret","primaryType":"Normal","secondaryType":"","forms":[],"evolutionStage":"1","preEvolvePokemon":"","eggGroups":"Field","height":"2'07\"","weight":"13.2 lbs.","genderRatio":"50% male, 50% female","catchRate":"255 (43.9%)","hatchTime":"15 cycles"}

[163/1025] Hoothoot -> https://bulbapedia.bulbagarden.net/wiki/Hoothoot_(Pokémon)
  OK: {"name":"Hoothoot","primaryType":"Normal","secondaryType":"Flying","forms":[],"evolutionStage":"1","preEvolvePokemon":"","eggGroups":"Flying","height":"2'04\"","weight":"46.7 lbs.","genderRatio":"50% male, 50% female","catchRate":"255 (43.9%)","hatchTime":"15 cycles"}

[165/1025] Ledyba -> https://bulbapedia.bulbagarden.net/wiki/Ledyba_(Pokémon)
  OK: {"name":"Ledyba","primaryType":"Bug","secondaryType":"Flying","forms":[],"evolutionStage":"1","preEvolvePokemon":"","eggGroups":"Bug","height":"3'03\"","weight":"23.8 lbs.","genderRatio":"50% male, 50% female","catchRate":"255 (43.9%)","hatchTime":"15 cycles"}

[167/1025] Spinarak -> https://bulbapedia.bulbagarden.net/wiki/Spinarak_(Pokémon)
  OK: {"name":"Spinarak","primaryType":"Bug","secondaryType":"Poison","forms":[],"evolutionStage":"1","preEvolvePokemon":"","eggGroups":"Bug","height":"1'08\"","weight":"18.7 lbs.","genderRatio":"50% male, 50% female","catchRate":"255 (43.9%)","hatchTime":"15 cycles"}

[170/1025] Chinchou -> https://bulbapedia.bulbagarden.net/wiki/Chinchou_(Pokémon)
  OK: {"name":"Chinchou","primaryType":"Water","secondaryType":"Electric","forms":[],"evolutionStage":"1","preEvolvePokemon":"","eggGroups":"Water 2","height":"1'08\"","weight":"26.5 lbs.","genderRatio":"50% male, 50% female","catchRate":"190 (35.2%)","hatchTime":"20 cycles"}

[172/1025] Pichu -> https://bulbapedia.bulbagarden.net/wiki/Pichu_(Pokémon)
  OK: {"name":"Pichu","primaryType":"Electric","secondaryType":"","forms":[],"evolutionStage":"1","preEvolvePokemon":"","eggGroups":"No Eggs Discovered","height":"1'00\"","weight":"4.4 lbs.","genderRatio":"50% male, 50% female","catchRate":"190 (35.2%)","hatchTime":"10 cycles"}

[173/1025] Cleffa -> https://bulbapedia.bulbagarden.net/wiki/Cleffa_(Pokémon)
  OK: {"name":"Cleffa","primaryType":"Fairy","secondaryType":"","forms":[],"evolutionStage":"1","preEvolvePokemon":"","eggGroups":"No Eggs Discovered","height":"1'00\"","weight":"6.6 lbs.","genderRatio":"25% male, 75% female","catchRate":"150 (29.5%)","hatchTime":"10 cycles"}

[174/1025] Igglybuff -> https://bulbapedia.bulbagarden.net/wiki/Igglybuff_(Pokémon)
  OK: {"name":"Igglybuff","primaryType":"Normal","secondaryType":"Fairy","forms":[],"evolutionStage":"1","preEvolvePokemon":"","eggGroups":"No Eggs Discovered","height":"1'00\"","weight":"2.2 lbs.","genderRatio":"25% male, 75% female","catchRate":"170 (32.4%)","hatchTime":"10 cycles"}

[175/1025] Togepi -> https://bulbapedia.bulbagarden.net/wiki/Togepi_(Pokémon)
  OK: {"name":"Togepi","primaryType":"Fairy","secondaryType":"","forms":[],"evolutionStage":"1","preEvolvePokemon":"","eggGroups":"No Eggs Discovered","height":"1'00\"","weight":"3.3 lbs.","genderRatio":"87.5% male, 12.5% female","catchRate":"190 (35.2%)","hatchTime":"10 cycles"}

[177/1025] Natu -> https://bulbapedia.bulbagarden.net/wiki/Natu_(Pokémon)
  OK: {"name":"Natu","primaryType":"Psychic","secondaryType":"Flying","forms":[],"evolutionStage":"1","preEvolvePokemon":"","eggGroups":"Flying","height":"0'08\"","weight":"4.4 lbs.","genderRatio":"50% male, 50% female","catchRate":"190 (35.2%)","hatchTime":"20 cycles"}

[179/1025] Mareep -> https://bulbapedia.bulbagarden.net/wiki/Mareep_(Pokémon)
  OK: {"name":"Mareep","primaryType":"Electric","secondaryType":"","forms":[],"evolutionStage":"1","preEvolvePokemon":"","eggGroups":"Monster and Field","height":"2'00\"","weight":"17.2 lbs.","genderRatio":"50% male, 50% female","catchRate":"235 (41.3%)","hatchTime":"20 cycles"}

[187/1025] Hoppip -> https://bulbapedia.bulbagarden.net/wiki/Hoppip_(Pokémon)
  OK: {"name":"Hoppip","primaryType":"Grass","secondaryType":"Flying","forms":[],"evolutionStage":"1","preEvolvePokemon":"","eggGroups":"Fairy and Grass","height":"1'04\"","weight":"1.1 lbs.","genderRatio":"50% male, 50% female","catchRate":"255 (43.9%)","hatchTime":"20 cycles"}

[190/1025] Aipom -> https://bulbapedia.bulbagarden.net/wiki/Aipom_(Pokémon)
  OK: {"name":"Aipom","primaryType":"Normal","secondaryType":"","forms":[],"evolutionStage":"1","preEvolvePokemon":"","eggGroups":"Field","height":"2'07\"","weight":"25.4 lbs.","genderRatio":"50% male, 50% female","catchRate":"45 (11.9%)","hatchTime":"20 cycles"}

[191/1025] Sunkern -> https://bulbapedia.bulbagarden.net/wiki/Sunkern_(Pokémon)
  OK: {"name":"Sunkern","primaryType":"Grass","secondaryType":"","forms":[],"evolutionStage":"1","preEvolvePokemon":"","eggGroups":"Grass","height":"1'00\"","weight":"4.0 lbs.","genderRatio":"50% male, 50% female","catchRate":"235 (41.3%)","hatchTime":"20 cycles"}

[193/1025] Yanma -> https://bulbapedia.bulbagarden.net/wiki/Yanma_(Pokémon)
  OK: {"name":"Yanma","primaryType":"Bug","secondaryType":"Flying","forms":[],"evolutionStage":"1","preEvolvePokemon":"","eggGroups":"Bug","height":"3'11\"","weight":"83.8 lbs.","genderRatio":"50% male, 50% female","catchRate":"75 (17.5%)","hatchTime":"20 cycles"}

[194/1025] Wooper -> https://bulbapedia.bulbagarden.net/wiki/Wooper_(Pokémon)
  OK: {"name":"Wooper","primaryType":"Water","secondaryType":"Ground","forms":["Paldean Wooper"],"evolutionStage":"1","preEvolvePokemon":"","eggGroups":"Water 1 and Field","height":"1'04\"","weight":"18.7 lbs.","genderRatio":"50% male, 50% female","catchRate":"255 (43.9%)","hatchTime":"20 cycles"}

[197/1025] Umbreon -> https://bulbapedia.bulbagarden.net/wiki/Umbreon_(Pokémon)
  OK: {"name":"Umbreon","primaryType":"Dark","secondaryType":"","forms":[],"evolutionStage":"final","preEvolvePokemon":"Eevee","eggGroups":"Field","height":"3'03\"","weight":"59.5 lbs.","genderRatio":"87.5% male, 12.5% female","catchRate":"45 (11.9%)","hatchTime":"35 cycles"}

[198/1025] Murkrow -> https://bulbapedia.bulbagarden.net/wiki/Murkrow_(Pokémon)
  OK: {"name":"Murkrow","primaryType":"Dark","secondaryType":"Flying","forms":[],"evolutionStage":"1","preEvolvePokemon":"","eggGroups":"Flying","height":"1'08\"","weight":"4.6 lbs.","genderRatio":"50% male, 50% female","catchRate":"30 (8.8%)","hatchTime":"20 cycles"}

[200/1025] Misdreavus -> https://bulbapedia.bulbagarden.net/wiki/Misdreavus_(Pokémon)
  OK: {"name":"Misdreavus","primaryType":"Ghost","secondaryType":"","forms":[],"evolutionStage":"1","preEvolvePokemon":"","eggGroups":"Amorphous","height":"2'04\"","weight":"2.2 lbs.","genderRatio":"50% male, 50% female","catchRate":"45 (11.9%)","hatchTime":"25 cycles"}

[201/1025] Unown -> https://bulbapedia.bulbagarden.net/wiki/Unown_(Pokémon)
  OK: {"name":"Unown","primaryType":"Psychic","secondaryType":"","forms":[],"evolutionStage":"1","preEvolvePokemon":"","eggGroups":"No Eggs Discovered","height":"1'08\"","weight":"11.0 lbs.","genderRatio":"Gender unknown","catchRate":"225 (39.9%)","hatchTime":"40 cycles Egg not obtainable"}

[203/1025] Girafarig -> https://bulbapedia.bulbagarden.net/wiki/Girafarig_(Pokémon)
  OK: {"name":"Girafarig","primaryType":"Normal","secondaryType":"Psychic","forms":[],"evolutionStage":"1","preEvolvePokemon":"","eggGroups":"Field","height":"4'11\"","weight":"91.5 lbs.","genderRatio":"50% male, 50% female","catchRate":"60 (14.8%)","hatchTime":"20 cycles"}

[204/1025] Pineco -> https://bulbapedia.bulbagarden.net/wiki/Pineco_(Pokémon)
  OK: {"name":"Pineco","primaryType":"Bug","secondaryType":"","forms":[],"evolutionStage":"1","preEvolvePokemon":"","eggGroups":"Bug","height":"2'00\"","weight":"15.9 lbs.","genderRatio":"50% male, 50% female","catchRate":"190 (35.2%)","hatchTime":"20 cycles"}

[206/1025] Dunsparce -> https://bulbapedia.bulbagarden.net/wiki/Dunsparce_(Pokémon)
  OK: {"name":"Dunsparce","primaryType":"Normal","secondaryType":"","forms":[],"evolutionStage":"1","preEvolvePokemon":"","eggGroups":"Field","height":"4'11\"","weight":"30.9 lbs.","genderRatio":"50% male, 50% female","catchRate":"190 (35.2%)","hatchTime":"20 cycles"}

[207/1025] Gligar -> https://bulbapedia.bulbagarden.net/wiki/Gligar_(Pokémon)
  OK: {"name":"Gligar","primaryType":"Ground","secondaryType":"Flying","forms":[],"evolutionStage":"1","preEvolvePokemon":"","eggGroups":"Bug","height":"3'07\"","weight":"142.9 lbs.","genderRatio":"50% male, 50% female","catchRate":"60 (14.8%)","hatchTime":"20 cycles"}

[209/1025] Snubbull -> https://bulbapedia.bulbagarden.net/wiki/Snubbull_(Pokémon)
  OK: {"name":"Snubbull","primaryType":"Fairy","secondaryType":"","forms":[],"evolutionStage":"1","preEvolvePokemon":"","eggGroups":"Field and Fairy","height":"2'00\"","weight":"17.2 lbs.","genderRatio":"25% male, 75% female","catchRate":"190 (35.2%)","hatchTime":"20 cycles"}

[211/1025] Qwilfish -> https://bulbapedia.bulbagarden.net/wiki/Qwilfish_(Pokémon)
  OK: {"name":"Qwilfish","primaryType":"Water","secondaryType":"Poison","forms":["Hisuian Qwilfish"],"evolutionStage":"1","preEvolvePokemon":"","eggGroups":"Water 2","height":"1'08\"","weight":"8.6 lbs.","genderRatio":"50% male, 50% female","catchRate":"45 (11.9%)","hatchTime":"20 cycles"}

[213/1025] Shuckle -> https://bulbapedia.bulbagarden.net/wiki/Shuckle_(Pokémon)
  OK: {"name":"Shuckle","primaryType":"Bug","secondaryType":"Rock","forms":[],"evolutionStage":"1","preEvolvePokemon":"","eggGroups":"Bug","height":"2'00\"","weight":"45.2 lbs.","genderRatio":"50% male, 50% female","catchRate":"190 (35.2%)","hatchTime":"20 cycles"}

[214/1025] Heracross -> https://bulbapedia.bulbagarden.net/wiki/Heracross_(Pokémon)
  OK: {"name":"Heracross","primaryType":"Bug","secondaryType":"Fighting","forms":["Mega Heracross"],"evolutionStage":"1","preEvolvePokemon":"","eggGroups":"Bug","height":"4'11\"","weight":"119.0 lbs.","genderRatio":"50% male, 50% female","catchRate":"45 (11.9%)","hatchTime":"25 cycles"}

[215/1025] Sneasel -> https://bulbapedia.bulbagarden.net/wiki/Sneasel_(Pokémon)
  OK: {"name":"Sneasel","primaryType":"Dark","secondaryType":"Ice","forms":["Hisuian Sneasel"],"evolutionStage":"1","preEvolvePokemon":"","eggGroups":"Field","height":"2'11\"","weight":"61.7 lbs.","genderRatio":"50% male, 50% female","catchRate":"60 (14.8%)","hatchTime":"20 cycles"}

[216/1025] Teddiursa -> https://bulbapedia.bulbagarden.net/wiki/Teddiursa_(Pokémon)
  OK: {"name":"Teddiursa","primaryType":"Normal","secondaryType":"","forms":[],"evolutionStage":"1","preEvolvePokemon":"","eggGroups":"Field","height":"2'00\"","weight":"19.4 lbs.","genderRatio":"50% male, 50% female","catchRate":"120 (24.9%)","hatchTime":"20 cycles"}

[218/1025] Slugma -> https://bulbapedia.bulbagarden.net/wiki/Slugma_(Pokémon)
  OK: {"name":"Slugma","primaryType":"Fire","secondaryType":"","forms":[],"evolutionStage":"1","preEvolvePokemon":"","eggGroups":"Amorphous","height":"2'04\"","weight":"77.2 lbs.","genderRatio":"50% male, 50% female","catchRate":"190 (35.2%)","hatchTime":"20 cycles"}

[220/1025] Swinub -> https://bulbapedia.bulbagarden.net/wiki/Swinub_(Pokémon)
  OK: {"name":"Swinub","primaryType":"Ice","secondaryType":"Ground","forms":[],"evolutionStage":"1","preEvolvePokemon":"","eggGroups":"Field","height":"1'04\"","weight":"14.3 lbs.","genderRatio":"50% male, 50% female","catchRate":"225 (39.9%)","hatchTime":"20 cycles"}

[222/1025] Corsola -> https://bulbapedia.bulbagarden.net/wiki/Corsola_(Pokémon)
  OK: {"name":"Corsola","primaryType":"Water","secondaryType":"Rock","forms":["Galarian Corsola"],"evolutionStage":"1","preEvolvePokemon":"","eggGroups":"Water 1 and Water 3","height":"2'00\"","weight":"11.0 lbs.","genderRatio":"25% male, 75% female","catchRate":"60 (14.8%)","hatchTime":"20 cycles"}

[223/1025] Remoraid -> https://bulbapedia.bulbagarden.net/wiki/Remoraid_(Pokémon)
  OK: {"name":"Remoraid","primaryType":"Water","secondaryType":"","forms":[],"evolutionStage":"1","preEvolvePokemon":"","eggGroups":"Water 1 and Water 2","height":"2'00\"","weight":"26.5 lbs.","genderRatio":"50% male, 50% female","catchRate":"190 (35.2%)","hatchTime":"20 cycles"}

[225/1025] Delibird -> https://bulbapedia.bulbagarden.net/wiki/Delibird_(Pokémon)
  OK: {"name":"Delibird","primaryType":"Ice","secondaryType":"Flying","forms":[],"evolutionStage":"1","preEvolvePokemon":"","eggGroups":"Water 1 and Field","height":"2'11\"","weight":"35.3 lbs.","genderRatio":"50% male, 50% female","catchRate":"45 (11.9%)","hatchTime":"20 cycles"}

[227/1025] Skarmory -> https://bulbapedia.bulbagarden.net/wiki/Skarmory_(Pokémon)
  OK: {"name":"Skarmory","primaryType":"Steel","secondaryType":"Flying","forms":["Mega Skarmory"],"evolutionStage":"1","preEvolvePokemon":"","eggGroups":"Flying","height":"5'07\"","weight":"111.3 lbs.","genderRatio":"50% male, 50% female","catchRate":"25 (7.7%)","hatchTime":"25 cycles"}

[228/1025] Houndour -> https://bulbapedia.bulbagarden.net/wiki/Houndour_(Pokémon)
  OK: {"name":"Houndour","primaryType":"Dark","secondaryType":"Fire","forms":[],"evolutionStage":"1","preEvolvePokemon":"","eggGroups":"Field","height":"2'00\"","weight":"23.8 lbs.","genderRatio":"50% male, 50% female","catchRate":"120 (24.9%)","hatchTime":"20 cycles"}

[231/1025] Phanpy -> https://bulbapedia.bulbagarden.net/wiki/Phanpy_(Pokémon)
  OK: {"name":"Phanpy","primaryType":"Ground","secondaryType":"","forms":[],"evolutionStage":"1","preEvolvePokemon":"","eggGroups":"Field","height":"1'08\"","weight":"73.9 lbs.","genderRatio":"50% male, 50% female","catchRate":"120 (24.9%)","hatchTime":"20 cycles"}

[234/1025] Stantler -> https://bulbapedia.bulbagarden.net/wiki/Stantler_(Pokémon)
  OK: {"name":"Stantler","primaryType":"Normal","secondaryType":"","forms":[],"evolutionStage":"1","preEvolvePokemon":"","eggGroups":"Field","height":"4'07\"","weight":"157.0 lbs.","genderRatio":"50% male, 50% female","catchRate":"45 (11.9%)","hatchTime":"20 cycles"}

[235/1025] Smeargle -> https://bulbapedia.bulbagarden.net/wiki/Smeargle_(Pokémon)
  OK: {"name":"Smeargle","primaryType":"Normal","secondaryType":"","forms":[],"evolutionStage":"1","preEvolvePokemon":"","eggGroups":"Field","height":"3'11\"","weight":"127.9 lbs.","genderRatio":"50% male, 50% female","catchRate":"45 (11.9%)","hatchTime":"20 cycles"}

[236/1025] Tyrogue -> https://bulbapedia.bulbagarden.net/wiki/Tyrogue_(Pokémon)
  OK: {"name":"Tyrogue","primaryType":"Fighting","secondaryType":"","forms":[],"evolutionStage":"1","preEvolvePokemon":"","eggGroups":"No Eggs Discovered","height":"2'04\"","weight":"46.3 lbs.","genderRatio":"100% male","catchRate":"75 (17.5%)","hatchTime":"25 cycles"}

[238/1025] Smoochum -> https://bulbapedia.bulbagarden.net/wiki/Smoochum_(Pokémon)
  OK: {"name":"Smoochum","primaryType":"Ice","secondaryType":"Psychic","forms":[],"evolutionStage":"1","preEvolvePokemon":"","eggGroups":"No Eggs Discovered","height":"1'04\"","weight":"13.2 lbs.","genderRatio":"100% female","catchRate":"45 (11.9%)","hatchTime":"25 cycles"}

[239/1025] Elekid -> https://bulbapedia.bulbagarden.net/wiki/Elekid_(Pokémon)
  OK: {"name":"Elekid","primaryType":"Electric","secondaryType":"","forms":[],"evolutionStage":"1","preEvolvePokemon":"","eggGroups":"No Eggs Discovered","height":"2'00\"","weight":"51.8 lbs.","genderRatio":"75% male, 25% female","catchRate":"45 (11.9%)","hatchTime":"25 cycles"}

[240/1025] Magby -> https://bulbapedia.bulbagarden.net/wiki/Magby_(Pokémon)
  OK: {"name":"Magby","primaryType":"Fire","secondaryType":"","forms":[],"evolutionStage":"1","preEvolvePokemon":"","eggGroups":"No Eggs Discovered","height":"2'04\"","weight":"47.2 lbs.","genderRatio":"75% male, 25% female","catchRate":"45 (11.9%)","hatchTime":"25 cycles"}

[241/1025] Miltank -> https://bulbapedia.bulbagarden.net/wiki/Miltank_(Pokémon)
  OK: {"name":"Miltank","primaryType":"Normal","secondaryType":"","forms":[],"evolutionStage":"1","preEvolvePokemon":"","eggGroups":"Field","height":"3'11\"","weight":"166.4 lbs.","genderRatio":"100% female","catchRate":"45 (11.9%)","hatchTime":"20 cycles"}

[243/1025] Raikou -> https://bulbapedia.bulbagarden.net/wiki/Raikou_(Pokémon)
  OK: {"name":"Raikou","primaryType":"Electric","secondaryType":"","forms":[],"evolutionStage":"1","preEvolvePokemon":"","eggGroups":"No Eggs Discovered","height":"6'03\"","weight":"392.4 lbs.","genderRatio":"Gender unknown","catchRate":"3 (1.6%)","hatchTime":"80 cycles Egg not obtainable"}

[244/1025] Entei -> https://bulbapedia.bulbagarden.net/wiki/Entei_(Pokémon)
  OK: {"name":"Entei","primaryType":"Fire","secondaryType":"","forms":[],"evolutionStage":"1","preEvolvePokemon":"","eggGroups":"No Eggs Discovered","height":"6'11\"","weight":"436.5 lbs.","genderRatio":"Gender unknown","catchRate":"3 (1.6%)","hatchTime":"80 cycles Egg not obtainable"}

[245/1025] Suicune -> https://bulbapedia.bulbagarden.net/wiki/Suicune_(Pokémon)
  OK: {"name":"Suicune","primaryType":"Water","secondaryType":"","forms":[],"evolutionStage":"1","preEvolvePokemon":"","eggGroups":"No Eggs Discovered","height":"6'07\"","weight":"412.3 lbs.","genderRatio":"Gender unknown","catchRate":"3 (1.6%)","hatchTime":"80 cycles Egg not obtainable"}

[246/1025] Larvitar -> https://bulbapedia.bulbagarden.net/wiki/Larvitar_(Pokémon)
  OK: {"name":"Larvitar","primaryType":"Rock","secondaryType":"Ground","forms":[],"evolutionStage":"1","preEvolvePokemon":"","eggGroups":"Monster","height":"2'00\"","weight":"158.7 lbs.","genderRatio":"50% male, 50% female","catchRate":"45 (11.9%)","hatchTime":"40 cycles"}

[249/1025] Lugia -> https://bulbapedia.bulbagarden.net/wiki/Lugia_(Pokémon)
  OK: {"name":"Lugia","primaryType":"Psychic","secondaryType":"Flying","forms":[],"evolutionStage":"1","preEvolvePokemon":"","eggGroups":"No Eggs Discovered","height":"17'01\"","weight":"476.2 lbs.","genderRatio":"Gender unknown","catchRate":"3 (1.6%)","hatchTime":"120 cycles Egg not obtainable"}

[250/1025] Ho-Oh -> https://bulbapedia.bulbagarden.net/wiki/Ho-Oh_(Pokémon)
  OK: {"name":"Ho-Oh","primaryType":"Fire","secondaryType":"Flying","forms":[],"evolutionStage":"1","preEvolvePokemon":"","eggGroups":"No Eggs Discovered","height":"12'06\"","weight":"438.7 lbs.","genderRatio":"Gender unknown","catchRate":"3 (1.6%)","hatchTime":"120 cycles Egg not obtainable"}

[251/1025] Celebi -> https://bulbapedia.bulbagarden.net/wiki/Celebi_(Pokémon)
  OK: {"name":"Celebi","primaryType":"Psychic","secondaryType":"Grass","forms":[],"evolutionStage":"1","preEvolvePokemon":"","eggGroups":"No Eggs Discovered","height":"2'00\"","weight":"11.0 lbs.","genderRatio":"Gender unknown","catchRate":"45 (11.9%)","hatchTime":"120 cycles Egg not obtainable"}

[252/1025] Treecko -> https://bulbapedia.bulbagarden.net/wiki/Treecko_(Pokémon)
  OK: {"name":"Treecko","primaryType":"Grass","secondaryType":"Dragon","forms":[],"evolutionStage":"1","preEvolvePokemon":"","eggGroups":"Monster and Dragon","height":"1'08\"","weight":"11.0 lbs.","genderRatio":"87.5% male, 12.5% female","catchRate":"45 (11.9%)","hatchTime":"20 cycles"}

[255/1025] Torchic -> https://bulbapedia.bulbagarden.net/wiki/Torchic_(Pokémon)
  OK: {"name":"Torchic","primaryType":"Fire","secondaryType":"","forms":[],"evolutionStage":"1","preEvolvePokemon":"","eggGroups":"Field","height":"1'04\"","weight":"5.5 lbs.","genderRatio":"87.5% male, 12.5% female","catchRate":"45 (11.9%)","hatchTime":"20 cycles"}

[258/1025] Mudkip -> https://bulbapedia.bulbagarden.net/wiki/Mudkip_(Pokémon)
  OK: {"name":"Mudkip","primaryType":"Water","secondaryType":"","forms":[],"evolutionStage":"1","preEvolvePokemon":"","eggGroups":"Monster and Water 1","height":"1'04\"","weight":"16.8 lbs.","genderRatio":"87.5% male, 12.5% female","catchRate":"45 (11.9%)","hatchTime":"20 cycles"}

[261/1025] Poochyena -> https://bulbapedia.bulbagarden.net/wiki/Poochyena_(Pokémon)
  OK: {"name":"Poochyena","primaryType":"Dark","secondaryType":"","forms":[],"evolutionStage":"1","preEvolvePokemon":"","eggGroups":"Field","height":"1'08\"","weight":"30.0 lbs.","genderRatio":"50% male, 50% female","catchRate":"255 (43.9%)","hatchTime":"15 cycles"}

[263/1025] Zigzagoon -> https://bulbapedia.bulbagarden.net/wiki/Zigzagoon_(Pokémon)
  OK: {"name":"Zigzagoon","primaryType":"Normal","secondaryType":"Dark","forms":["Galarian Zigzagoon"],"evolutionStage":"1","preEvolvePokemon":"","eggGroups":"Field","height":"1'04\"","weight":"38.6 lbs.","genderRatio":"50% male, 50% female","catchRate":"255 (43.9%)","hatchTime":"15 cycles"}

[265/1025] Wurmple -> https://bulbapedia.bulbagarden.net/wiki/Wurmple_(Pokémon)
  OK: {"name":"Wurmple","primaryType":"Bug","secondaryType":"","forms":[],"evolutionStage":"1","preEvolvePokemon":"","eggGroups":"Bug","height":"1'00\"","weight":"7.9 lbs.","genderRatio":"50% male, 50% female","catchRate":"255 (43.9%)","hatchTime":"15 cycles"}

[270/1025] Lotad -> https://bulbapedia.bulbagarden.net/wiki/Lotad_(Pokémon)
  OK: {"name":"Lotad","primaryType":"Water","secondaryType":"Grass","forms":[],"evolutionStage":"1","preEvolvePokemon":"","eggGroups":"Water 1 and Grass","height":"1'08\"","weight":"5.7 lbs.","genderRatio":"50% male, 50% female","catchRate":"255 (43.9%)","hatchTime":"15 cycles"}

[273/1025] Seedot -> https://bulbapedia.bulbagarden.net/wiki/Seedot_(Pokémon)
  OK: {"name":"Seedot","primaryType":"Grass","secondaryType":"","forms":[],"evolutionStage":"1","preEvolvePokemon":"","eggGroups":"Field and Grass","height":"1'08\"","weight":"8.8 lbs.","genderRatio":"50% male, 50% female","catchRate":"255 (43.9%)","hatchTime":"15 cycles"}

[276/1025] Taillow -> https://bulbapedia.bulbagarden.net/wiki/Taillow_(Pokémon)
  OK: {"name":"Taillow","primaryType":"Normal","secondaryType":"Flying","forms":[],"evolutionStage":"1","preEvolvePokemon":"","eggGroups":"Flying","height":"1'00\"","weight":"5.1 lbs.","genderRatio":"50% male, 50% female","catchRate":"200 (36.6%)","hatchTime":"15 cycles"}

[278/1025] Wingull -> https://bulbapedia.bulbagarden.net/wiki/Wingull_(Pokémon)
  OK: {"name":"Wingull","primaryType":"Water","secondaryType":"Flying","forms":[],"evolutionStage":"1","preEvolvePokemon":"","eggGroups":"Water 1 and Flying","height":"2'00\"","weight":"20.9 lbs.","genderRatio":"50% male, 50% female","catchRate":"190 (35.2%)","hatchTime":"20 cycles"}

[280/1025] Ralts -> https://bulbapedia.bulbagarden.net/wiki/Ralts_(Pokémon)
  OK: {"name":"Ralts","primaryType":"Psychic","secondaryType":"Fairy","forms":[],"evolutionStage":"1","preEvolvePokemon":"","eggGroups":"Human-Like and Amorphous","height":"1'04\"","weight":"14.6 lbs.","genderRatio":"50% male, 50% female","catchRate":"235 (41.3%)","hatchTime":"20 cycles"}

[283/1025] Surskit -> https://bulbapedia.bulbagarden.net/wiki/Surskit_(Pokémon)
  OK: {"name":"Surskit","primaryType":"Bug","secondaryType":"Water","forms":[],"evolutionStage":"1","preEvolvePokemon":"","eggGroups":"Water 1 and Bug","height":"1'08\"","weight":"3.7 lbs.","genderRatio":"50% male, 50% female","catchRate":"200 (36.6%)","hatchTime":"15 cycles"}

[285/1025] Shroomish -> https://bulbapedia.bulbagarden.net/wiki/Shroomish_(Pokémon)
  OK: {"name":"Shroomish","primaryType":"Grass","secondaryType":"Fairy","forms":[],"evolutionStage":"1","preEvolvePokemon":"","eggGroups":"Fairy and Grass","height":"1'04\"","weight":"9.9 lbs.","genderRatio":"50% male, 50% female","catchRate":"255 (43.9%)","hatchTime":"15 cycles"}

[287/1025] Slakoth -> https://bulbapedia.bulbagarden.net/wiki/Slakoth_(Pokémon)
  OK: {"name":"Slakoth","primaryType":"Normal","secondaryType":"","forms":[],"evolutionStage":"1","preEvolvePokemon":"","eggGroups":"Field","height":"2'07\"","weight":"52.9 lbs.","genderRatio":"50% male, 50% female","catchRate":"255 (43.9%)","hatchTime":"15 cycles"}

[290/1025] Nincada -> https://bulbapedia.bulbagarden.net/wiki/Nincada_(Pokémon)
  OK: {"name":"Nincada","primaryType":"Bug","secondaryType":"Ground","forms":[],"evolutionStage":"1","preEvolvePokemon":"","eggGroups":"Bug","height":"1'08\"","weight":"12.1 lbs.","genderRatio":"50% male, 50% female","catchRate":"255 (43.9%)","hatchTime":"15 cycles"}

[292/1025] Shedinja -> https://bulbapedia.bulbagarden.net/wiki/Shedinja_(Pokémon)
  OK: {"name":"Shedinja","primaryType":"Bug","secondaryType":"Ghost","forms":[],"evolutionStage":"1","preEvolvePokemon":"","eggGroups":"Mineral","height":"2'07\"","weight":"2.6 lbs.","genderRatio":"Gender unknown","catchRate":"45 (11.9%)","hatchTime":"15 cycles"}

[293/1025] Whismur -> https://bulbapedia.bulbagarden.net/wiki/Whismur_(Pokémon)
  OK: {"name":"Whismur","primaryType":"Normal","secondaryType":"","forms":[],"evolutionStage":"1","preEvolvePokemon":"","eggGroups":"Monster and Field","height":"2'00\"","weight":"35.9 lbs.","genderRatio":"50% male, 50% female","catchRate":"190 (35.2%)","hatchTime":"20 cycles"}

[296/1025] Makuhita -> https://bulbapedia.bulbagarden.net/wiki/Makuhita_(Pokémon)
  OK: {"name":"Makuhita","primaryType":"Fighting","secondaryType":"","forms":[],"evolutionStage":"1","preEvolvePokemon":"","eggGroups":"Human-Like","height":"3'03\"","weight":"190.5 lbs.","genderRatio":"75% male, 25% female","catchRate":"180 (33.8%)","hatchTime":"20 cycles"}

[298/1025] Azurill -> https://bulbapedia.bulbagarden.net/wiki/Azurill_(Pokémon)
  OK: {"name":"Azurill","primaryType":"Normal","secondaryType":"Fairy","forms":[],"evolutionStage":"1","preEvolvePokemon":"","eggGroups":"No Eggs Discovered","height":"0'08\"","weight":"4.4 lbs.","genderRatio":"25% male, 75% female","catchRate":"150 (29.5%)","hatchTime":"10 cycles"}

[299/1025] Nosepass -> https://bulbapedia.bulbagarden.net/wiki/Nosepass_(Pokémon)
  OK: {"name":"Nosepass","primaryType":"Rock","secondaryType":"","forms":[],"evolutionStage":"1","preEvolvePokemon":"","eggGroups":"Mineral","height":"3'03\"","weight":"213.8 lbs.","genderRatio":"50% male, 50% female","catchRate":"255 (43.9%)","hatchTime":"20 cycles"}

[300/1025] Skitty -> https://bulbapedia.bulbagarden.net/wiki/Skitty_(Pokémon)
  OK: {"name":"Skitty","primaryType":"Normal","secondaryType":"Fairy","forms":[],"evolutionStage":"1","preEvolvePokemon":"","eggGroups":"Field and Fairy","height":"2'00\"","weight":"24.3 lbs.","genderRatio":"25% male, 75% female","catchRate":"255 (43.9%)","hatchTime":"15 cycles"}

[302/1025] Sableye -> https://bulbapedia.bulbagarden.net/wiki/Sableye_(Pokémon)
  OK: {"name":"Sableye","primaryType":"Dark","secondaryType":"Ghost","forms":["Mega Sableye"],"evolutionStage":"1","preEvolvePokemon":"","eggGroups":"Human-Like","height":"1'08\"","weight":"24.3 lbs.","genderRatio":"50% male, 50% female","catchRate":"45 (11.9%)","hatchTime":"25 cycles"}

[303/1025] Mawile -> https://bulbapedia.bulbagarden.net/wiki/Mawile_(Pokémon)
  OK: {"name":"Mawile","primaryType":"Steel","secondaryType":"Fairy","forms":["Mega Mawile"],"evolutionStage":"1","preEvolvePokemon":"","eggGroups":"Field and Fairy","height":"2'00\"","weight":"25.4 lbs.","genderRatio":"50% male, 50% female","catchRate":"45 (11.9%)","hatchTime":"20 cycles"}

[304/1025] Aron -> https://bulbapedia.bulbagarden.net/wiki/Aron_(Pokémon)
  OK: {"name":"Aron","primaryType":"Steel","secondaryType":"Rock","forms":[],"evolutionStage":"1","preEvolvePokemon":"","eggGroups":"Monster","height":"1'04\"","weight":"132.3 lbs.","genderRatio":"50% male, 50% female","catchRate":"180 (33.8%)","hatchTime":"35 cycles"}

[307/1025] Meditite -> https://bulbapedia.bulbagarden.net/wiki/Meditite_(Pokémon)
  OK: {"name":"Meditite","primaryType":"Fighting","secondaryType":"Psychic","forms":[],"evolutionStage":"1","preEvolvePokemon":"","eggGroups":"Human-Like","height":"2'00\"","weight":"24.7 lbs.","genderRatio":"50% male, 50% female","catchRate":"180 (33.8%)","hatchTime":"20 cycles"}

[309/1025] Electrike -> https://bulbapedia.bulbagarden.net/wiki/Electrike_(Pokémon)
  OK: {"name":"Electrike","primaryType":"Electric","secondaryType":"","forms":[],"evolutionStage":"1","preEvolvePokemon":"","eggGroups":"Field","height":"2'00\"","weight":"33.5 lbs.","genderRatio":"50% male, 50% female","catchRate":"120 (24.9%)","hatchTime":"20 cycles"}

[311/1025] Plusle -> https://bulbapedia.bulbagarden.net/wiki/Plusle_(Pokémon)
  OK: {"name":"Plusle","primaryType":"Electric","secondaryType":"Fairy","forms":[],"evolutionStage":"1","preEvolvePokemon":"","eggGroups":"Fairy","height":"1'04\"","weight":"9.3 lbs.","genderRatio":"50% male, 50% female","catchRate":"200 (36.6%)","hatchTime":"20 cycles"}

[312/1025] Minun -> https://bulbapedia.bulbagarden.net/wiki/Minun_(Pokémon)
  OK: {"name":"Minun","primaryType":"Electric","secondaryType":"Fairy","forms":[],"evolutionStage":"1","preEvolvePokemon":"","eggGroups":"Fairy","height":"1'04\"","weight":"9.3 lbs.","genderRatio":"50% male, 50% female","catchRate":"200 (36.6%)","hatchTime":"20 cycles"}

[313/1025] Volbeat -> https://bulbapedia.bulbagarden.net/wiki/Volbeat_(Pokémon)
  OK: {"name":"Volbeat","primaryType":"Bug","secondaryType":"","forms":[],"evolutionStage":"1","preEvolvePokemon":"","eggGroups":"Bug and Human-Like","height":"2'04\"","weight":"39.0 lbs.","genderRatio":"100% male","catchRate":"150 (29.5%)","hatchTime":"15 cycles"}

[314/1025] Illumise -> https://bulbapedia.bulbagarden.net/wiki/Illumise_(Pokémon)
  OK: {"name":"Illumise","primaryType":"Bug","secondaryType":"","forms":[],"evolutionStage":"1","preEvolvePokemon":"","eggGroups":"Bug and Human-Like","height":"2'00\"","weight":"39.0 lbs.","genderRatio":"100% female","catchRate":"150 (29.5%)","hatchTime":"15 cycles"}

[316/1025] Gulpin -> https://bulbapedia.bulbagarden.net/wiki/Gulpin_(Pokémon)
  OK: {"name":"Gulpin","primaryType":"Poison","secondaryType":"","forms":[],"evolutionStage":"1","preEvolvePokemon":"","eggGroups":"Amorphous","height":"1'04\"","weight":"22.7 lbs.","genderRatio":"50% male, 50% female","catchRate":"225 (39.9%)","hatchTime":"20 cycles"}

[318/1025] Carvanha -> https://bulbapedia.bulbagarden.net/wiki/Carvanha_(Pokémon)
  OK: {"name":"Carvanha","primaryType":"Water","secondaryType":"Dark","forms":[],"evolutionStage":"1","preEvolvePokemon":"","eggGroups":"Water 2","height":"2'07\"","weight":"45.9 lbs.","genderRatio":"50% male, 50% female","catchRate":"225 (39.9%)","hatchTime":"20 cycles"}

[320/1025] Wailmer -> https://bulbapedia.bulbagarden.net/wiki/Wailmer_(Pokémon)
  OK: {"name":"Wailmer","primaryType":"Water","secondaryType":"","forms":[],"evolutionStage":"1","preEvolvePokemon":"","eggGroups":"Field and Water 2","height":"6'07\"","weight":"286.6 lbs.","genderRatio":"50% male, 50% female","catchRate":"125 (25.7%)","hatchTime":"40 cycles"}

[322/1025] Numel -> https://bulbapedia.bulbagarden.net/wiki/Numel_(Pokémon)
  OK: {"name":"Numel","primaryType":"Fire","secondaryType":"Ground","forms":[],"evolutionStage":"1","preEvolvePokemon":"","eggGroups":"Field","height":"2'04\"","weight":"52.9 lbs.","genderRatio":"50% male, 50% female","catchRate":"255 (43.9%)","hatchTime":"20 cycles"}

[324/1025] Torkoal -> https://bulbapedia.bulbagarden.net/wiki/Torkoal_(Pokémon)
  OK: {"name":"Torkoal","primaryType":"Fire","secondaryType":"","forms":[],"evolutionStage":"1","preEvolvePokemon":"","eggGroups":"Field","height":"1'08\"","weight":"177.3 lbs.","genderRatio":"50% male, 50% female","catchRate":"90 (20.1%)","hatchTime":"20 cycles"}

[325/1025] Spoink -> https://bulbapedia.bulbagarden.net/wiki/Spoink_(Pokémon)
  OK: {"name":"Spoink","primaryType":"Psychic","secondaryType":"","forms":[],"evolutionStage":"1","preEvolvePokemon":"","eggGroups":"Field","height":"2'04\"","weight":"67.5 lbs.","genderRatio":"50% male, 50% female","catchRate":"255 (43.9%)","hatchTime":"20 cycles"}

[327/1025] Spinda -> https://bulbapedia.bulbagarden.net/wiki/Spinda_(Pokémon)
  OK: {"name":"Spinda","primaryType":"Normal","secondaryType":"","forms":[],"evolutionStage":"1","preEvolvePokemon":"","eggGroups":"Field and Human-Like","height":"3'07\"","weight":"11.0 lbs.","genderRatio":"50% male, 50% female","catchRate":"255 (43.9%)","hatchTime":"15 cycles"}

[328/1025] Trapinch -> https://bulbapedia.bulbagarden.net/wiki/Trapinch_(Pokémon)
  OK: {"name":"Trapinch","primaryType":"Ground","secondaryType":"Bug","forms":[],"evolutionStage":"1","preEvolvePokemon":"","eggGroups":"Bug and Dragon","height":"2'04\"","weight":"33.1 lbs.","genderRatio":"50% male, 50% female","catchRate":"255 (43.9%)","hatchTime":"20 cycles"}

[331/1025] Cacnea -> https://bulbapedia.bulbagarden.net/wiki/Cacnea_(Pokémon)
  OK: {"name":"Cacnea","primaryType":"Grass","secondaryType":"","forms":[],"evolutionStage":"1","preEvolvePokemon":"","eggGroups":"Grass and Human-Like","height":"1'04\"","weight":"113.1 lbs.","genderRatio":"50% male, 50% female","catchRate":"190 (35.2%)","hatchTime":"20 cycles"}

[333/1025] Swablu -> https://bulbapedia.bulbagarden.net/wiki/Swablu_(Pokémon)
  OK: {"name":"Swablu","primaryType":"Normal","secondaryType":"Flying","forms":[],"evolutionStage":"1","preEvolvePokemon":"","eggGroups":"Flying and Dragon","height":"1'04\"","weight":"2.6 lbs.","genderRatio":"50% male, 50% female","catchRate":"255 (43.9%)","hatchTime":"20 cycles"}

[335/1025] Zangoose -> https://bulbapedia.bulbagarden.net/wiki/Zangoose_(Pokémon)
  OK: {"name":"Zangoose","primaryType":"Normal","secondaryType":"","forms":[],"evolutionStage":"1","preEvolvePokemon":"","eggGroups":"Field","height":"4'03\"","weight":"88.8 lbs.","genderRatio":"50% male, 50% female","catchRate":"90 (20.1%)","hatchTime":"20 cycles"}

[336/1025] Seviper -> https://bulbapedia.bulbagarden.net/wiki/Seviper_(Pokémon)
  OK: {"name":"Seviper","primaryType":"Poison","secondaryType":"Dragon","forms":[],"evolutionStage":"1","preEvolvePokemon":"","eggGroups":"Field and Dragon","height":"8'10\"","weight":"115.7 lbs.","genderRatio":"50% male, 50% female","catchRate":"90 (20.1%)","hatchTime":"20 cycles"}

[337/1025] Lunatone -> https://bulbapedia.bulbagarden.net/wiki/Lunatone_(Pokémon)
  OK: {"name":"Lunatone","primaryType":"Rock","secondaryType":"Psychic","forms":[],"evolutionStage":"1","preEvolvePokemon":"","eggGroups":"Mineral","height":"3'03\"","weight":"370.4 lbs.","genderRatio":"Gender unknown","catchRate":"45 (11.9%)","hatchTime":"25 cycles"}

[338/1025] Solrock -> https://bulbapedia.bulbagarden.net/wiki/Solrock_(Pokémon)
  OK: {"name":"Solrock","primaryType":"Rock","secondaryType":"Psychic","forms":[],"evolutionStage":"1","preEvolvePokemon":"","eggGroups":"Mineral","height":"3'11\"","weight":"339.5 lbs.","genderRatio":"Gender unknown","catchRate":"45 (11.9%)","hatchTime":"25 cycles"}

[339/1025] Barboach -> https://bulbapedia.bulbagarden.net/wiki/Barboach_(Pokémon)
  OK: {"name":"Barboach","primaryType":"Water","secondaryType":"Ground","forms":[],"evolutionStage":"1","preEvolvePokemon":"","eggGroups":"Water 2","height":"1'04\"","weight":"4.2 lbs.","genderRatio":"50% male, 50% female","catchRate":"190 (35.2%)","hatchTime":"20 cycles"}

[341/1025] Corphish -> https://bulbapedia.bulbagarden.net/wiki/Corphish_(Pokémon)
  OK: {"name":"Corphish","primaryType":"Water","secondaryType":"","forms":[],"evolutionStage":"1","preEvolvePokemon":"","eggGroups":"Water 1 and Water 3","height":"2'00\"","weight":"25.4 lbs.","genderRatio":"50% male, 50% female","catchRate":"205 (37.2%)","hatchTime":"15 cycles"}

[343/1025] Baltoy -> https://bulbapedia.bulbagarden.net/wiki/Baltoy_(Pokémon)
  OK: {"name":"Baltoy","primaryType":"Ground","secondaryType":"Psychic","forms":[],"evolutionStage":"1","preEvolvePokemon":"","eggGroups":"Mineral","height":"1'08\"","weight":"47.4 lbs.","genderRatio":"Gender unknown","catchRate":"255 (43.9%)","hatchTime":"20 cycles"}

[345/1025] Lileep -> https://bulbapedia.bulbagarden.net/wiki/Lileep_(Pokémon)
  OK: {"name":"Lileep","primaryType":"Rock","secondaryType":"Grass","forms":[],"evolutionStage":"1","preEvolvePokemon":"","eggGroups":"Water 3","height":"3'03\"","weight":"52.5 lbs.","genderRatio":"87.5% male, 12.5% female","catchRate":"45 (11.9%)","hatchTime":"30 cycles"}

[347/1025] Anorith -> https://bulbapedia.bulbagarden.net/wiki/Anorith_(Pokémon)
  OK: {"name":"Anorith","primaryType":"Rock","secondaryType":"Bug","forms":[],"evolutionStage":"1","preEvolvePokemon":"","eggGroups":"Water 3","height":"2'04\"","weight":"27.6 lbs.","genderRatio":"87.5% male, 12.5% female","catchRate":"45 (11.9%)","hatchTime":"30 cycles"}

[349/1025] Feebas -> https://bulbapedia.bulbagarden.net/wiki/Feebas_(Pokémon)
  OK: {"name":"Feebas","primaryType":"Water","secondaryType":"Dragon","forms":[],"evolutionStage":"1","preEvolvePokemon":"","eggGroups":"Water 1 and Dragon","height":"2'00\"","weight":"16.3 lbs.","genderRatio":"50% male, 50% female","catchRate":"255 (43.9%)","hatchTime":"20 cycles"}

[351/1025] Castform -> https://bulbapedia.bulbagarden.net/wiki/Castform_(Pokémon)
  OK: {"name":"Castform","primaryType":"Normal","secondaryType":"Fire","forms":["Sunny Form","Rainy Form","Snowy Form"],"evolutionStage":"1","preEvolvePokemon":"","eggGroups":"Fairy and Amorphous","height":"1'00\"","weight":"1.8 lbs.","genderRatio":"50% male, 50% female","catchRate":"45 (11.9%)","hatchTime":"25 cycles"}

[352/1025] Kecleon -> https://bulbapedia.bulbagarden.net/wiki/Kecleon_(Pokémon)
  OK: {"name":"Kecleon","primaryType":"Normal","secondaryType":"","forms":[],"evolutionStage":"1","preEvolvePokemon":"","eggGroups":"Field","height":"3'03\"","weight":"48.5 lbs.","genderRatio":"50% male, 50% female","catchRate":"200 (36.6%)","hatchTime":"20 cycles"}

[353/1025] Shuppet -> https://bulbapedia.bulbagarden.net/wiki/Shuppet_(Pokémon)
  OK: {"name":"Shuppet","primaryType":"Ghost","secondaryType":"","forms":[],"evolutionStage":"1","preEvolvePokemon":"","eggGroups":"Amorphous","height":"2'00\"","weight":"5.1 lbs.","genderRatio":"50% male, 50% female","catchRate":"225 (39.9%)","hatchTime":"25 cycles"}

[355/1025] Duskull -> https://bulbapedia.bulbagarden.net/wiki/Duskull_(Pokémon)
  OK: {"name":"Duskull","primaryType":"Ghost","secondaryType":"","forms":[],"evolutionStage":"1","preEvolvePokemon":"","eggGroups":"Amorphous","height":"2'07\"","weight":"33.1 lbs.","genderRatio":"50% male, 50% female","catchRate":"190 (35.2%)","hatchTime":"25 cycles"}

[357/1025] Tropius -> https://bulbapedia.bulbagarden.net/wiki/Tropius_(Pokémon)
  OK: {"name":"Tropius","primaryType":"Grass","secondaryType":"Flying","forms":[],"evolutionStage":"1","preEvolvePokemon":"","eggGroups":"Monster and Grass","height":"6'07\"","weight":"220.5 lbs.","genderRatio":"50% male, 50% female","catchRate":"200 (36.6%)","hatchTime":"25 cycles"}

[359/1025] Absol -> https://bulbapedia.bulbagarden.net/wiki/Absol_(Pokémon)
  OK: {"name":"Absol","primaryType":"Dark","secondaryType":"Ghost","forms":["Mega Absol","Mega Absol Z"],"evolutionStage":"1","preEvolvePokemon":"","eggGroups":"Field","height":"3'11\"","weight":"103.6 lbs.","genderRatio":"50% male, 50% female","catchRate":"30 (8.8%)","hatchTime":"25 cycles"}

[360/1025] Wynaut -> https://bulbapedia.bulbagarden.net/wiki/Wynaut_(Pokémon)
  OK: {"name":"Wynaut","primaryType":"Psychic","secondaryType":"","forms":[],"evolutionStage":"1","preEvolvePokemon":"","eggGroups":"No Eggs Discovered","height":"2'00\"","weight":"30.9 lbs.","genderRatio":"50% male, 50% female","catchRate":"125 (25.7%)","hatchTime":"20 cycles"}

[361/1025] Snorunt -> https://bulbapedia.bulbagarden.net/wiki/Snorunt_(Pokémon)
  OK: {"name":"Snorunt","primaryType":"Ice","secondaryType":"Fairy","forms":[],"evolutionStage":"1","preEvolvePokemon":"","eggGroups":"Fairy and Mineral","height":"2'04\"","weight":"37.0 lbs.","genderRatio":"50% male, 50% female","catchRate":"190 (35.2%)","hatchTime":"20 cycles"}

[363/1025] Spheal -> https://bulbapedia.bulbagarden.net/wiki/Spheal_(Pokémon)
  OK: {"name":"Spheal","primaryType":"Ice","secondaryType":"Water","forms":[],"evolutionStage":"1","preEvolvePokemon":"","eggGroups":"Water 1 and Field","height":"2'07\"","weight":"87.1 lbs.","genderRatio":"50% male, 50% female","catchRate":"255 (43.9%)","hatchTime":"20 cycles"}

[366/1025] Clamperl -> https://bulbapedia.bulbagarden.net/wiki/Clamperl_(Pokémon)
  OK: {"name":"Clamperl","primaryType":"Water","secondaryType":"","forms":[],"evolutionStage":"1","preEvolvePokemon":"","eggGroups":"Water 1","height":"1'04\"","weight":"115.7 lbs.","genderRatio":"50% male, 50% female","catchRate":"255 (43.9%)","hatchTime":"20 cycles"}

[369/1025] Relicanth -> https://bulbapedia.bulbagarden.net/wiki/Relicanth_(Pokémon)
  OK: {"name":"Relicanth","primaryType":"Water","secondaryType":"Rock","forms":[],"evolutionStage":"1","preEvolvePokemon":"","eggGroups":"Water 1 and Water 2","height":"3'03\"","weight":"51.6 lbs.","genderRatio":"87.5% male, 12.5% female","catchRate":"25 (7.7%)","hatchTime":"40 cycles"}

[370/1025] Luvdisc -> https://bulbapedia.bulbagarden.net/wiki/Luvdisc_(Pokémon)
  OK: {"name":"Luvdisc","primaryType":"Water","secondaryType":"","forms":[],"evolutionStage":"1","preEvolvePokemon":"","eggGroups":"Water 2","height":"2'00\"","weight":"19.2 lbs.","genderRatio":"25% male, 75% female","catchRate":"225 (39.9%)","hatchTime":"20 cycles"}

[371/1025] Bagon -> https://bulbapedia.bulbagarden.net/wiki/Bagon_(Pokémon)
  OK: {"name":"Bagon","primaryType":"Dragon","secondaryType":"","forms":[],"evolutionStage":"1","preEvolvePokemon":"","eggGroups":"Dragon","height":"2'00\"","weight":"92.8 lbs.","genderRatio":"50% male, 50% female","catchRate":"45 (11.9%)","hatchTime":"40 cycles"}

[374/1025] Beldum -> https://bulbapedia.bulbagarden.net/wiki/Beldum_(Pokémon)
  OK: {"name":"Beldum","primaryType":"Steel","secondaryType":"Psychic","forms":[],"evolutionStage":"1","preEvolvePokemon":"","eggGroups":"Mineral","height":"2'00\"","weight":"209.9 lbs.","genderRatio":"Gender unknown","catchRate":"3 (1.6%)","hatchTime":"40 cycles"}

[377/1025] Regirock -> https://bulbapedia.bulbagarden.net/wiki/Regirock_(Pokémon)
  OK: {"name":"Regirock","primaryType":"Rock","secondaryType":"","forms":[],"evolutionStage":"1","preEvolvePokemon":"","eggGroups":"No Eggs Discovered","height":"5'07\"","weight":"507.1 lbs.","genderRatio":"Gender unknown","catchRate":"3 (1.6%)","hatchTime":"80 cycles Egg not obtainable"}

[378/1025] Regice -> https://bulbapedia.bulbagarden.net/wiki/Regice_(Pokémon)
  OK: {"name":"Regice","primaryType":"Ice","secondaryType":"","forms":[],"evolutionStage":"1","preEvolvePokemon":"","eggGroups":"No Eggs Discovered","height":"5'11\"","weight":"385.8 lbs.","genderRatio":"Gender unknown","catchRate":"3 (1.6%)","hatchTime":"80 cycles Egg not obtainable"}

[379/1025] Registeel -> https://bulbapedia.bulbagarden.net/wiki/Registeel_(Pokémon)
  OK: {"name":"Registeel","primaryType":"Steel","secondaryType":"","forms":[],"evolutionStage":"1","preEvolvePokemon":"","eggGroups":"No Eggs Discovered","height":"6'03\"","weight":"451.9 lbs.","genderRatio":"Gender unknown","catchRate":"3 (1.6%)","hatchTime":"80 cycles Egg not obtainable"}

[380/1025] Latias -> https://bulbapedia.bulbagarden.net/wiki/Latias_(Pokémon)
  OK: {"name":"Latias","primaryType":"Dragon","secondaryType":"Psychic","forms":["Mega Latias"],"evolutionStage":"1","preEvolvePokemon":"","eggGroups":"No Eggs Discovered","height":"4'07\"","weight":"88.2 lbs.","genderRatio":"100% female","catchRate":"3 (1.6%)","hatchTime":"120 cycles Egg not obtainable"}

[381/1025] Latios -> https://bulbapedia.bulbagarden.net/wiki/Latios_(Pokémon)
  OK: {"name":"Latios","primaryType":"Dragon","secondaryType":"Psychic","forms":["Mega Latios"],"evolutionStage":"1","preEvolvePokemon":"","eggGroups":"No Eggs Discovered","height":"6'07\"","weight":"132.3 lbs.","genderRatio":"100% male","catchRate":"3 (1.6%)","hatchTime":"120 cycles Egg not obtainable"}

[382/1025] Kyogre -> https://bulbapedia.bulbagarden.net/wiki/Kyogre_(Pokémon)
  OK: {"name":"Kyogre","primaryType":"Water","secondaryType":"","forms":["Primal Kyogre"],"evolutionStage":"1","preEvolvePokemon":"","eggGroups":"No Eggs Discovered","height":"14'09\"","weight":"776.0 lbs.","genderRatio":"Gender unknown","catchRate":"3 (1.6%)","hatchTime":"120 cycles Egg not obtainable"}

[383/1025] Groudon -> https://bulbapedia.bulbagarden.net/wiki/Groudon_(Pokémon)
  OK: {"name":"Groudon","primaryType":"Ground","secondaryType":"Fire","forms":["Primal Groudon"],"evolutionStage":"1","preEvolvePokemon":"","eggGroups":"No Eggs Discovered","height":"11'06\"","weight":"2094.4 lbs.","genderRatio":"Gender unknown","catchRate":"3 (1.6%)","hatchTime":"120 cycles Egg not obtainable"}

[384/1025] Rayquaza -> https://bulbapedia.bulbagarden.net/wiki/Rayquaza_(Pokémon)
  OK: {"name":"Rayquaza","primaryType":"Dragon","secondaryType":"Flying","forms":["Mega Rayquaza"],"evolutionStage":"1","preEvolvePokemon":"","eggGroups":"No Eggs Discovered","height":"23'00\"","weight":"455.3 lbs.","genderRatio":"Gender unknown","catchRate":"3 (1.6%)","hatchTime":"120 cycles Egg not obtainable"}

[385/1025] Jirachi -> https://bulbapedia.bulbagarden.net/wiki/Jirachi_(Pokémon)
  OK: {"name":"Jirachi","primaryType":"Steel","secondaryType":"Psychic","forms":[],"evolutionStage":"1","preEvolvePokemon":"","eggGroups":"No Eggs Discovered","height":"1'00\"","weight":"2.4 lbs.","genderRatio":"Gender unknown","catchRate":"3 (1.6%)","hatchTime":"120 cycles Egg not obtainable"}

[386/1025] Deoxys -> https://bulbapedia.bulbagarden.net/wiki/Deoxys_(Pokémon)
  OK: {"name":"Deoxys","primaryType":"Psychic","secondaryType":"","forms":["Normal Forme","Attack Forme","Defense Forme","Speed Forme"],"evolutionStage":"1","preEvolvePokemon":"","eggGroups":"No Eggs Discovered","height":"5'07\"","weight":"134.0 lbs.","genderRatio":"Gender unknown","catchRate":"3 (1.6%)","hatchTime":"120 cycles Egg not obtainable"}

[387/1025] Turtwig -> https://bulbapedia.bulbagarden.net/wiki/Turtwig_(Pokémon)
  OK: {"name":"Turtwig","primaryType":"Grass","secondaryType":"","forms":[],"evolutionStage":"1","preEvolvePokemon":"","eggGroups":"Monster and Grass","height":"1'04\"","weight":"22.5 lbs.","genderRatio":"87.5% male, 12.5% female","catchRate":"45 (11.9%)","hatchTime":"20 cycles"}

[389/1025] Torterra -> https://bulbapedia.bulbagarden.net/wiki/Torterra_(Pokémon)
  OK: {"name":"Torterra","primaryType":"Grass","secondaryType":"Ground","forms":[],"evolutionStage":"1","preEvolvePokemon":"","eggGroups":"Monster and Grass","height":"7'03\"","weight":"683.4 lbs.","genderRatio":"87.5% male, 12.5% female","catchRate":"45 (11.9%)","hatchTime":"20 cycles"}

[390/1025] Chimchar -> https://bulbapedia.bulbagarden.net/wiki/Chimchar_(Pokémon)
  OK: {"name":"Chimchar","primaryType":"Fire","secondaryType":"","forms":[],"evolutionStage":"1","preEvolvePokemon":"","eggGroups":"Field and Human-Like","height":"1'08\"","weight":"13.7 lbs.","genderRatio":"87.5% male, 12.5% female","catchRate":"45 (11.9%)","hatchTime":"20 cycles"}

[393/1025] Piplup -> https://bulbapedia.bulbagarden.net/wiki/Piplup_(Pokémon)
  OK: {"name":"Piplup","primaryType":"Water","secondaryType":"","forms":[],"evolutionStage":"1","preEvolvePokemon":"","eggGroups":"Water 1 and Field","height":"1'04\"","weight":"11.5 lbs.","genderRatio":"87.5% male, 12.5% female","catchRate":"45 (11.9%)","hatchTime":"20 cycles"}

[396/1025] Starly -> https://bulbapedia.bulbagarden.net/wiki/Starly_(Pokémon)
  OK: {"name":"Starly","primaryType":"Normal","secondaryType":"Flying","forms":[],"evolutionStage":"1","preEvolvePokemon":"","eggGroups":"Flying","height":"1'00\"","weight":"4.4 lbs.","genderRatio":"50% male, 50% female","catchRate":"255 (43.9%)","hatchTime":"15 cycles"}

[399/1025] Bidoof -> https://bulbapedia.bulbagarden.net/wiki/Bidoof_(Pokémon)
  OK: {"name":"Bidoof","primaryType":"Normal","secondaryType":"","forms":[],"evolutionStage":"1","preEvolvePokemon":"","eggGroups":"Water 1 and Field","height":"1'08\"","weight":"44.1 lbs.","genderRatio":"50% male, 50% female","catchRate":"255 (43.9%)","hatchTime":"15 cycles"}

[401/1025] Kricketot -> https://bulbapedia.bulbagarden.net/wiki/Kricketot_(Pokémon)
  OK: {"name":"Kricketot","primaryType":"Bug","secondaryType":"","forms":[],"evolutionStage":"1","preEvolvePokemon":"","eggGroups":"Bug","height":"1'00\"","weight":"4.9 lbs.","genderRatio":"50% male, 50% female","catchRate":"255 (43.9%)","hatchTime":"15 cycles"}

[403/1025] Shinx -> https://bulbapedia.bulbagarden.net/wiki/Shinx_(Pokémon)
  OK: {"name":"Shinx","primaryType":"Electric","secondaryType":"","forms":[],"evolutionStage":"1","preEvolvePokemon":"","eggGroups":"Field","height":"1'08\"","weight":"20.9 lbs.","genderRatio":"50% male, 50% female","catchRate":"235 (41.3%)","hatchTime":"20 cycles"}

[406/1025] Budew -> https://bulbapedia.bulbagarden.net/wiki/Budew_(Pokémon)
  OK: {"name":"Budew","primaryType":"Grass","secondaryType":"Poison","forms":[],"evolutionStage":"1","preEvolvePokemon":"","eggGroups":"No Eggs Discovered","height":"0'08\"","weight":"2.6 lbs.","genderRatio":"50% male, 50% female","catchRate":"255 (43.9%)","hatchTime":"20 cycles"}

[408/1025] Cranidos -> https://bulbapedia.bulbagarden.net/wiki/Cranidos_(Pokémon)
  OK: {"name":"Cranidos","primaryType":"Rock","secondaryType":"","forms":[],"evolutionStage":"1","preEvolvePokemon":"","eggGroups":"Monster","height":"2'11\"","weight":"69.4 lbs.","genderRatio":"87.5% male, 12.5% female","catchRate":"45 (11.9%)","hatchTime":"30 cycles"}

[410/1025] Shieldon -> https://bulbapedia.bulbagarden.net/wiki/Shieldon_(Pokémon)
  OK: {"name":"Shieldon","primaryType":"Rock","secondaryType":"Steel","forms":[],"evolutionStage":"1","preEvolvePokemon":"","eggGroups":"Monster","height":"1'08\"","weight":"125.7 lbs.","genderRatio":"87.5% male, 12.5% female","catchRate":"45 (11.9%)","hatchTime":"30 cycles"}

[412/1025] Burmy -> https://bulbapedia.bulbagarden.net/wiki/Burmy_(Pokémon)
  OK: {"name":"Burmy","primaryType":"Bug","secondaryType":"","forms":["Plant Cloak","Sandy Cloak","Trash Cloak"],"evolutionStage":"1","preEvolvePokemon":"","eggGroups":"Bug","height":"0'08\"","weight":"7.5 lbs.","genderRatio":"50% male, 50% female","catchRate":"120 (24.9%)","hatchTime":"15 cycles"}

[415/1025] Combee -> https://bulbapedia.bulbagarden.net/wiki/Combee_(Pokémon)
  OK: {"name":"Combee","primaryType":"Bug","secondaryType":"Flying","forms":[],"evolutionStage":"1","preEvolvePokemon":"","eggGroups":"Bug","height":"1'00\"","weight":"12.1 lbs.","genderRatio":"87.5% male, 12.5% female","catchRate":"120 (24.9%)","hatchTime":"15 cycles"}

[416/1025] Vespiquen -> https://bulbapedia.bulbagarden.net/wiki/Vespiquen_(Pokémon)
  OK: {"name":"Vespiquen","primaryType":"Bug","secondaryType":"Flying","forms":[],"evolutionStage":"1","preEvolvePokemon":"","eggGroups":"Bug","height":"3'11\"","weight":"84.9 lbs.","genderRatio":"100% female","catchRate":"45 (11.9%)","hatchTime":"15 cycles"}

[417/1025] Pachirisu -> https://bulbapedia.bulbagarden.net/wiki/Pachirisu_(Pokémon)
  OK: {"name":"Pachirisu","primaryType":"Electric","secondaryType":"Fairy","forms":[],"evolutionStage":"1","preEvolvePokemon":"","eggGroups":"Field and Fairy","height":"1'04\"","weight":"8.6 lbs.","genderRatio":"50% male, 50% female","catchRate":"200 (36.6%)","hatchTime":"10 cycles"}

[418/1025] Buizel -> https://bulbapedia.bulbagarden.net/wiki/Buizel_(Pokémon)
  OK: {"name":"Buizel","primaryType":"Water","secondaryType":"","forms":[],"evolutionStage":"1","preEvolvePokemon":"","eggGroups":"Water 1 and Field","height":"2'04\"","weight":"65.0 lbs.","genderRatio":"50% male, 50% female","catchRate":"190 (35.2%)","hatchTime":"20 cycles"}

[420/1025] Cherubi -> https://bulbapedia.bulbagarden.net/wiki/Cherubi_(Pokémon)
  OK: {"name":"Cherubi","primaryType":"Grass","secondaryType":"Fairy","forms":[],"evolutionStage":"1","preEvolvePokemon":"","eggGroups":"Fairy and Grass","height":"1'04\"","weight":"7.3 lbs.","genderRatio":"50% male, 50% female","catchRate":"190 (35.2%)","hatchTime":"20 cycles"}

[422/1025] Shellos -> https://bulbapedia.bulbagarden.net/wiki/Shellos_(Pokémon)
  OK: {"name":"Shellos","primaryType":"Water","secondaryType":"","forms":["West Sea Shellos","East Sea Shellos"],"evolutionStage":"1","preEvolvePokemon":"","eggGroups":"Water 1 and Amorphous","height":"1'00\"","weight":"13.9 lbs.","genderRatio":"50% male, 50% female","catchRate":"190 (35.2%)","hatchTime":"20 cycles"}

[425/1025] Drifloon -> https://bulbapedia.bulbagarden.net/wiki/Drifloon_(Pokémon)
  OK: {"name":"Drifloon","primaryType":"Ghost","secondaryType":"Flying","forms":[],"evolutionStage":"1","preEvolvePokemon":"","eggGroups":"Amorphous","height":"1'04\"","weight":"2.6 lbs.","genderRatio":"50% male, 50% female","catchRate":"125 (25.7%)","hatchTime":"30 cycles"}

[427/1025] Buneary -> https://bulbapedia.bulbagarden.net/wiki/Buneary_(Pokémon)
  OK: {"name":"Buneary","primaryType":"Normal","secondaryType":"","forms":[],"evolutionStage":"1","preEvolvePokemon":"","eggGroups":"Field and Human-Like","height":"1'04\"","weight":"12.1 lbs.","genderRatio":"50% male, 50% female","catchRate":"190 (35.2%)","hatchTime":"20 cycles"}

[428/1025] Lopunny -> https://bulbapedia.bulbagarden.net/wiki/Lopunny_(Pokémon)
  OK: {"name":"Lopunny","primaryType":"Normal","secondaryType":"Fighting","forms":["Mega Lopunny"],"evolutionStage":"final","preEvolvePokemon":"Buneary","eggGroups":"Field and Human-Like","height":"3'11\"","weight":"73.4 lbs.","genderRatio":"50% male, 50% female","catchRate":"60 (14.8%)","hatchTime":"20 cycles"}

[431/1025] Glameow -> https://bulbapedia.bulbagarden.net/wiki/Glameow_(Pokémon)
  OK: {"name":"Glameow","primaryType":"Normal","secondaryType":"","forms":[],"evolutionStage":"1","preEvolvePokemon":"","eggGroups":"Field","height":"1'08\"","weight":"8.6 lbs.","genderRatio":"25% male, 75% female","catchRate":"190 (35.2%)","hatchTime":"20 cycles"}

[433/1025] Chingling -> https://bulbapedia.bulbagarden.net/wiki/Chingling_(Pokémon)
  OK: {"name":"Chingling","primaryType":"Psychic","secondaryType":"","forms":[],"evolutionStage":"1","preEvolvePokemon":"","eggGroups":"No Eggs Discovered","height":"0'08\"","weight":"1.3 lbs.","genderRatio":"50% male, 50% female","catchRate":"120 (24.9%)","hatchTime":"25 cycles"}

[434/1025] Stunky -> https://bulbapedia.bulbagarden.net/wiki/Stunky_(Pokémon)
  OK: {"name":"Stunky","primaryType":"Poison","secondaryType":"Dark","forms":[],"evolutionStage":"1","preEvolvePokemon":"","eggGroups":"Field","height":"1'04\"","weight":"42.3 lbs.","genderRatio":"50% male, 50% female","catchRate":"225 (39.9%)","hatchTime":"20 cycles"}

[436/1025] Bronzor -> https://bulbapedia.bulbagarden.net/wiki/Bronzor_(Pokémon)
  OK: {"name":"Bronzor","primaryType":"Steel","secondaryType":"Psychic","forms":[],"evolutionStage":"1","preEvolvePokemon":"","eggGroups":"Mineral","height":"1'08\"","weight":"133.4 lbs.","genderRatio":"Gender unknown","catchRate":"255 (43.9%)","hatchTime":"20 cycles"}

[438/1025] Bonsly -> https://bulbapedia.bulbagarden.net/wiki/Bonsly_(Pokémon)
  OK: {"name":"Bonsly","primaryType":"Rock","secondaryType":"","forms":[],"evolutionStage":"1","preEvolvePokemon":"","eggGroups":"No Eggs Discovered","height":"1'08\"","weight":"33.1 lbs.","genderRatio":"50% male, 50% female","catchRate":"255 (43.9%)","hatchTime":"20 cycles"}

[439/1025] Mime Jr. -> https://bulbapedia.bulbagarden.net/wiki/Mime%20Jr._(Pokémon)
  OK: {"name":"Mime Jr.","primaryType":"Psychic","secondaryType":"Fairy","forms":[],"evolutionStage":"1","preEvolvePokemon":"","eggGroups":"No Eggs Discovered","height":"2'00\"","weight":"28.7 lbs.","genderRatio":"50% male, 50% female","catchRate":"145 (28.7%)","hatchTime":"25 cycles"}

[440/1025] Happiny -> https://bulbapedia.bulbagarden.net/wiki/Happiny_(Pokémon)
  OK: {"name":"Happiny","primaryType":"Normal","secondaryType":"","forms":[],"evolutionStage":"1","preEvolvePokemon":"","eggGroups":"No Eggs Discovered","height":"2'00\"","weight":"53.8 lbs.","genderRatio":"100% female","catchRate":"130 (26.5%)","hatchTime":"40 cycles"}

[441/1025] Chatot -> https://bulbapedia.bulbagarden.net/wiki/Chatot_(Pokémon)
  OK: {"name":"Chatot","primaryType":"Normal","secondaryType":"Flying","forms":[],"evolutionStage":"1","preEvolvePokemon":"","eggGroups":"Flying","height":"1'08\"","weight":"4.2 lbs.","genderRatio":"50% male, 50% female","catchRate":"30 (8.8%)","hatchTime":"20 cycles"}

[442/1025] Spiritomb -> https://bulbapedia.bulbagarden.net/wiki/Spiritomb_(Pokémon)
  OK: {"name":"Spiritomb","primaryType":"Ghost","secondaryType":"Dark","forms":[],"evolutionStage":"1","preEvolvePokemon":"","eggGroups":"Amorphous","height":"3'03\"","weight":"238.1 lbs.","genderRatio":"50% male, 50% female","catchRate":"100 (21.7%)","hatchTime":"30 cycles"}

[443/1025] Gible -> https://bulbapedia.bulbagarden.net/wiki/Gible_(Pokémon)
  OK: {"name":"Gible","primaryType":"Dragon","secondaryType":"Ground","forms":[],"evolutionStage":"1","preEvolvePokemon":"","eggGroups":"Monster and Dragon","height":"2'04\"","weight":"45.2 lbs.","genderRatio":"50% male, 50% female","catchRate":"45 (11.9%)","hatchTime":"40 cycles"}

[445/1025] Garchomp -> https://bulbapedia.bulbagarden.net/wiki/Garchomp_(Pokémon)
  OK: {"name":"Garchomp","primaryType":"Dragon","secondaryType":"Ground","forms":["Mega Garchomp","Mega Garchomp Z"],"evolutionStage":"final","preEvolvePokemon":"Gabite","eggGroups":"Monster and Dragon","height":"6'03\"","weight":"209.4 lbs.","genderRatio":"50% male, 50% female","catchRate":"45 (11.9%)","hatchTime":"40 cycles"}

[446/1025] Munchlax -> https://bulbapedia.bulbagarden.net/wiki/Munchlax_(Pokémon)
  OK: {"name":"Munchlax","primaryType":"Normal","secondaryType":"","forms":[],"evolutionStage":"1","preEvolvePokemon":"","eggGroups":"No Eggs Discovered","height":"2'00\"","weight":"231.5 lbs.","genderRatio":"87.5% male, 12.5% female","catchRate":"50 (12.9%)","hatchTime":"40 cycles"}

[447/1025] Riolu -> https://bulbapedia.bulbagarden.net/wiki/Riolu_(Pokémon)
  OK: {"name":"Riolu","primaryType":"Fighting","secondaryType":"","forms":[],"evolutionStage":"1","preEvolvePokemon":"","eggGroups":"No Eggs Discovered","height":"2'04\"","weight":"44.5 lbs.","genderRatio":"87.5% male, 12.5% female","catchRate":"75 (17.5%)","hatchTime":"25 cycles"}

[449/1025] Hippopotas -> https://bulbapedia.bulbagarden.net/wiki/Hippopotas_(Pokémon)
  OK: {"name":"Hippopotas","primaryType":"Ground","secondaryType":"","forms":[],"evolutionStage":"1","preEvolvePokemon":"","eggGroups":"Field","height":"2'07\"","weight":"109.1 lbs.","genderRatio":"50% male, 50% female","catchRate":"140 (28%)","hatchTime":"30 cycles"}

[451/1025] Skorupi -> https://bulbapedia.bulbagarden.net/wiki/Skorupi_(Pokémon)
  OK: {"name":"Skorupi","primaryType":"Poison","secondaryType":"Bug","forms":[],"evolutionStage":"1","preEvolvePokemon":"","eggGroups":"Bug and Water 3","height":"2'07\"","weight":"26.5 lbs.","genderRatio":"50% male, 50% female","catchRate":"120 (24.9%)","hatchTime":"20 cycles"}

[453/1025] Croagunk -> https://bulbapedia.bulbagarden.net/wiki/Croagunk_(Pokémon)
  OK: {"name":"Croagunk","primaryType":"Poison","secondaryType":"Fighting","forms":[],"evolutionStage":"1","preEvolvePokemon":"","eggGroups":"Human-Like","height":"2'04\"","weight":"50.7 lbs.","genderRatio":"50% male, 50% female","catchRate":"140 (28%)","hatchTime":"10 cycles"}

[455/1025] Carnivine -> https://bulbapedia.bulbagarden.net/wiki/Carnivine_(Pokémon)
  OK: {"name":"Carnivine","primaryType":"Grass","secondaryType":"","forms":[],"evolutionStage":"1","preEvolvePokemon":"","eggGroups":"Grass","height":"4'07\"","weight":"59.5 lbs.","genderRatio":"50% male, 50% female","catchRate":"200 (36.6%)","hatchTime":"25 cycles"}

[456/1025] Finneon -> https://bulbapedia.bulbagarden.net/wiki/Finneon_(Pokémon)
  OK: {"name":"Finneon","primaryType":"Water","secondaryType":"","forms":[],"evolutionStage":"1","preEvolvePokemon":"","eggGroups":"Water 2","height":"1'04\"","weight":"15.4 lbs.","genderRatio":"50% male, 50% female","catchRate":"190 (35.2%)","hatchTime":"20 cycles"}

[458/1025] Mantyke -> https://bulbapedia.bulbagarden.net/wiki/Mantyke_(Pokémon)
  OK: {"name":"Mantyke","primaryType":"Water","secondaryType":"Flying","forms":[],"evolutionStage":"1","preEvolvePokemon":"","eggGroups":"No Eggs Discovered","height":"3'03\"","weight":"143.3 lbs.","genderRatio":"50% male, 50% female","catchRate":"25 (7.7%)","hatchTime":"25 cycles"}

[459/1025] Snover -> https://bulbapedia.bulbagarden.net/wiki/Snover_(Pokémon)
  OK: {"name":"Snover","primaryType":"Grass","secondaryType":"Ice","forms":[],"evolutionStage":"1","preEvolvePokemon":"","eggGroups":"Monster and Grass","height":"3'03\"","weight":"111.3 lbs.","genderRatio":"50% male, 50% female","catchRate":"120 (24.9%)","hatchTime":"20 cycles"}

[470/1025] Leafeon -> https://bulbapedia.bulbagarden.net/wiki/Leafeon_(Pokémon)
  OK: {"name":"Leafeon","primaryType":"Grass","secondaryType":"","forms":[],"evolutionStage":"final","preEvolvePokemon":"Eevee","eggGroups":"Field","height":"3'03\"","weight":"56.2 lbs.","genderRatio":"87.5% male, 12.5% female","catchRate":"45 (11.9%)","hatchTime":"35 cycles"}

[471/1025] Glaceon -> https://bulbapedia.bulbagarden.net/wiki/Glaceon_(Pokémon)
  OK: {"name":"Glaceon","primaryType":"Ice","secondaryType":"","forms":[],"evolutionStage":"final","preEvolvePokemon":"Eevee","eggGroups":"Field","height":"2'07\"","weight":"57.1 lbs.","genderRatio":"87.5% male, 12.5% female","catchRate":"45 (11.9%)","hatchTime":"35 cycles"}

[479/1025] Rotom -> https://bulbapedia.bulbagarden.net/wiki/Rotom_(Pokémon)
  OK: {"name":"Rotom","primaryType":"Electric","secondaryType":"Ghost","forms":["Heat Rotom","Wash Rotom","Frost Rotom","Fan Rotom","Mow Rotom","Stereo Rotom"],"evolutionStage":"1","preEvolvePokemon":"","eggGroups":"Amorphous","height":"1'00\"","weight":"0.7 lbs.","genderRatio":"Gender unknown","catchRate":"45 (11.9%)","hatchTime":"20 cycles"}

[480/1025] Uxie -> https://bulbapedia.bulbagarden.net/wiki/Uxie_(Pokémon)
  OK: {"name":"Uxie","primaryType":"Psychic","secondaryType":"","forms":[],"evolutionStage":"1","preEvolvePokemon":"","eggGroups":"No Eggs Discovered","height":"1'00\"","weight":"0.7 lbs.","genderRatio":"Gender unknown","catchRate":"3 (1.6%)","hatchTime":"80 cycles Egg not obtainable"}

[481/1025] Mesprit -> https://bulbapedia.bulbagarden.net/wiki/Mesprit_(Pokémon)
  OK: {"name":"Mesprit","primaryType":"Psychic","secondaryType":"","forms":[],"evolutionStage":"1","preEvolvePokemon":"","eggGroups":"No Eggs Discovered","height":"1'00\"","weight":"0.7 lbs.","genderRatio":"Gender unknown","catchRate":"3 (1.6%)","hatchTime":"80 cycles Egg not obtainable"}

[482/1025] Azelf -> https://bulbapedia.bulbagarden.net/wiki/Azelf_(Pokémon)
  OK: {"name":"Azelf","primaryType":"Psychic","secondaryType":"","forms":[],"evolutionStage":"1","preEvolvePokemon":"","eggGroups":"No Eggs Discovered","height":"1'00\"","weight":"0.7 lbs.","genderRatio":"Gender unknown","catchRate":"3 (1.6%)","hatchTime":"80 cycles Egg not obtainable"}

[483/1025] Dialga -> https://bulbapedia.bulbagarden.net/wiki/Dialga_(Pokémon)
  OK: {"name":"Dialga","primaryType":"Steel","secondaryType":"Dragon","forms":[],"evolutionStage":"1","preEvolvePokemon":"","eggGroups":"No Eggs Discovered","height":"17'09\"","weight":"1505.8 lbs.","genderRatio":"Gender unknown","catchRate":"3 (1.6%)","hatchTime":"120 cycles Egg not obtainable"}

[484/1025] Palkia -> https://bulbapedia.bulbagarden.net/wiki/Palkia_(Pokémon)
  OK: {"name":"Palkia","primaryType":"Water","secondaryType":"Dragon","forms":[],"evolutionStage":"1","preEvolvePokemon":"","eggGroups":"No Eggs Discovered","height":"13'09\"","weight":"740.8 lbs.","genderRatio":"Gender unknown","catchRate":"3 (1.6%)","hatchTime":"120 cycles Egg not obtainable"}

[485/1025] Heatran -> https://bulbapedia.bulbagarden.net/wiki/Heatran_(Pokémon)
  OK: {"name":"Heatran","primaryType":"Fire","secondaryType":"Steel","forms":["Mega Heatran"],"evolutionStage":"1","preEvolvePokemon":"","eggGroups":"No Eggs Discovered","height":"5'07\"","weight":"948.0 lbs.","genderRatio":"50% male, 50% female","catchRate":"3 (1.6%)","hatchTime":"10 cycles Egg not obtainable"}

[486/1025] Regigigas -> https://bulbapedia.bulbagarden.net/wiki/Regigigas_(Pokémon)
  OK: {"name":"Regigigas","primaryType":"Normal","secondaryType":"","forms":[],"evolutionStage":"1","preEvolvePokemon":"","eggGroups":"No Eggs Discovered","height":"12'02\"","weight":"925.9 lbs.","genderRatio":"Gender unknown","catchRate":"3 (1.6%)","hatchTime":"120 cycles Egg not obtainable"}

[487/1025] Giratina -> https://bulbapedia.bulbagarden.net/wiki/Giratina_(Pokémon)
  OK: {"name":"Giratina","primaryType":"Ghost","secondaryType":"Dragon","forms":["Altered Forme","Origin Forme"],"evolutionStage":"1","preEvolvePokemon":"","eggGroups":"No Eggs Discovered","height":"14'09\"","weight":"1653.5 lbs.","genderRatio":"Gender unknown","catchRate":"3 (1.6%)","hatchTime":"120 cycles Egg not obtainable"}

[488/1025] Cresselia -> https://bulbapedia.bulbagarden.net/wiki/Cresselia_(Pokémon)
  OK: {"name":"Cresselia","primaryType":"Psychic","secondaryType":"","forms":[],"evolutionStage":"1","preEvolvePokemon":"","eggGroups":"No Eggs Discovered","height":"4'11\"","weight":"188.7 lbs.","genderRatio":"100% female","catchRate":"3 (1.6%)","hatchTime":"120 cycles Egg not obtainable"}

[489/1025] Phione -> https://bulbapedia.bulbagarden.net/wiki/Phione_(Pokémon)
  OK: {"name":"Phione","primaryType":"Water","secondaryType":"Fairy","forms":[],"evolutionStage":"1","preEvolvePokemon":"","eggGroups":"Water 1 and Fairy","height":"1'04\"","weight":"6.8 lbs.","genderRatio":"Gender unknown","catchRate":"30 (8.8%)","hatchTime":"40 cycles"}

[490/1025] Manaphy -> https://bulbapedia.bulbagarden.net/wiki/Manaphy_(Pokémon)
  OK: {"name":"Manaphy","primaryType":"Water","secondaryType":"Fairy","forms":[],"evolutionStage":"1","preEvolvePokemon":"","eggGroups":"Water 1 and Fairy","height":"1'00\"","weight":"3.1 lbs.","genderRatio":"Gender unknown","catchRate":"3 (1.6%)","hatchTime":"10 cycles"}

[491/1025] Darkrai -> https://bulbapedia.bulbagarden.net/wiki/Darkrai_(Pokémon)
  OK: {"name":"Darkrai","primaryType":"Dark","secondaryType":"","forms":["Mega Darkrai"],"evolutionStage":"1","preEvolvePokemon":"","eggGroups":"No Eggs Discovered","height":"4'11\"","weight":"111.3 lbs.","genderRatio":"Gender unknown","catchRate":"3 (1.6%)","hatchTime":"120 cycles Egg not obtainable"}

[492/1025] Shaymin -> https://bulbapedia.bulbagarden.net/wiki/Shaymin_(Pokémon)
  OK: {"name":"Shaymin","primaryType":"Grass","secondaryType":"Flying","forms":[],"evolutionStage":"1","preEvolvePokemon":"","eggGroups":"No Eggs Discovered","height":"0'08\"","weight":"4.6 lbs.","genderRatio":"Gender unknown","catchRate":"45 (11.9%)","hatchTime":"120 cycles Egg not obtainable"}

[493/1025] Arceus -> https://bulbapedia.bulbagarden.net/wiki/Arceus_(Pokémon)
  OK: {"name":"Arceus","primaryType":"Normal","secondaryType":"","forms":[],"evolutionStage":"1","preEvolvePokemon":"","eggGroups":"No Eggs Discovered","height":"10'06\"","weight":"705.5 lbs.","genderRatio":"Gender unknown","catchRate":"3 (1.6%)","hatchTime":"120 cycles Egg not obtainable"}

[494/1025] Victini -> https://bulbapedia.bulbagarden.net/wiki/Victini_(Pokémon)
  OK: {"name":"Victini","primaryType":"Psychic","secondaryType":"Fire","forms":[],"evolutionStage":"1","preEvolvePokemon":"","eggGroups":"No Eggs Discovered","height":"1'04\"","weight":"8.8 lbs.","genderRatio":"Gender unknown","catchRate":"3 (1.6%)","hatchTime":"120 cycles Egg not obtainable"}

[495/1025] Snivy -> https://bulbapedia.bulbagarden.net/wiki/Snivy_(Pokémon)
  OK: {"name":"Snivy","primaryType":"Grass","secondaryType":"","forms":[],"evolutionStage":"1","preEvolvePokemon":"","eggGroups":"Field and Grass","height":"2'00\"","weight":"17.9 lbs.","genderRatio":"87.5% male, 12.5% female","catchRate":"45 (11.9%)","hatchTime":"20 cycles"}

[498/1025] Tepig -> https://bulbapedia.bulbagarden.net/wiki/Tepig_(Pokémon)
  OK: {"name":"Tepig","primaryType":"Fire","secondaryType":"","forms":[],"evolutionStage":"1","preEvolvePokemon":"","eggGroups":"Field","height":"1'08\"","weight":"21.8 lbs.","genderRatio":"87.5% male, 12.5% female","catchRate":"45 (11.9%)","hatchTime":"20 cycles"}

[501/1025] Oshawott -> https://bulbapedia.bulbagarden.net/wiki/Oshawott_(Pokémon)
  OK: {"name":"Oshawott","primaryType":"Water","secondaryType":"","forms":[],"evolutionStage":"1","preEvolvePokemon":"","eggGroups":"Field","height":"1'08\"","weight":"13.0 lbs.","genderRatio":"87.5% male, 12.5% female","catchRate":"45 (11.9%)","hatchTime":"20 cycles"}

[504/1025] Patrat -> https://bulbapedia.bulbagarden.net/wiki/Patrat_(Pokémon)
  OK: {"name":"Patrat","primaryType":"Normal","secondaryType":"","forms":[],"evolutionStage":"1","preEvolvePokemon":"","eggGroups":"Field","height":"1'08\"","weight":"25.6 lbs.","genderRatio":"50% male, 50% female","catchRate":"255 (43.9%)","hatchTime":"15 cycles"}

[506/1025] Lillipup -> https://bulbapedia.bulbagarden.net/wiki/Lillipup_(Pokémon)
  OK: {"name":"Lillipup","primaryType":"Normal","secondaryType":"","forms":[],"evolutionStage":"1","preEvolvePokemon":"","eggGroups":"Field","height":"1'04\"","weight":"9.0 lbs.","genderRatio":"50% male, 50% female","catchRate":"255 (43.9%)","hatchTime":"15 cycles"}

[509/1025] Purrloin -> https://bulbapedia.bulbagarden.net/wiki/Purrloin_(Pokémon)
  OK: {"name":"Purrloin","primaryType":"Dark","secondaryType":"","forms":[],"evolutionStage":"1","preEvolvePokemon":"","eggGroups":"Field","height":"1'04\"","weight":"22.3 lbs.","genderRatio":"50% male, 50% female","catchRate":"255 (43.9%)","hatchTime":"20 cycles"}

[511/1025] Pansage -> https://bulbapedia.bulbagarden.net/wiki/Pansage_(Pokémon)
  OK: {"name":"Pansage","primaryType":"Grass","secondaryType":"","forms":[],"evolutionStage":"1","preEvolvePokemon":"","eggGroups":"Field","height":"2'00\"","weight":"23.1 lbs.","genderRatio":"87.5% male, 12.5% female","catchRate":"190 (35.2%)","hatchTime":"20 cycles"}

[513/1025] Pansear -> https://bulbapedia.bulbagarden.net/wiki/Pansear_(Pokémon)
  OK: {"name":"Pansear","primaryType":"Fire","secondaryType":"","forms":[],"evolutionStage":"1","preEvolvePokemon":"","eggGroups":"Field","height":"2'00\"","weight":"24.3 lbs.","genderRatio":"87.5% male, 12.5% female","catchRate":"190 (35.2%)","hatchTime":"20 cycles"}

[515/1025] Panpour -> https://bulbapedia.bulbagarden.net/wiki/Panpour_(Pokémon)
  OK: {"name":"Panpour","primaryType":"Water","secondaryType":"","forms":[],"evolutionStage":"1","preEvolvePokemon":"","eggGroups":"Field","height":"2'00\"","weight":"29.8 lbs.","genderRatio":"87.5% male, 12.5% female","catchRate":"190 (35.2%)","hatchTime":"20 cycles"}

[517/1025] Munna -> https://bulbapedia.bulbagarden.net/wiki/Munna_(Pokémon)
  OK: {"name":"Munna","primaryType":"Psychic","secondaryType":"","forms":[],"evolutionStage":"1","preEvolvePokemon":"","eggGroups":"Field","height":"2'00\"","weight":"51.3 lbs.","genderRatio":"50% male, 50% female","catchRate":"190 (35.2%)","hatchTime":"10 cycles"}

[519/1025] Pidove -> https://bulbapedia.bulbagarden.net/wiki/Pidove_(Pokémon)
  OK: {"name":"Pidove","primaryType":"Normal","secondaryType":"Flying","forms":[],"evolutionStage":"1","preEvolvePokemon":"","eggGroups":"Flying","height":"1'00\"","weight":"4.6 lbs.","genderRatio":"50% male, 50% female","catchRate":"255 (43.9%)","hatchTime":"15 cycles"}

[522/1025] Blitzle -> https://bulbapedia.bulbagarden.net/wiki/Blitzle_(Pokémon)
  OK: {"name":"Blitzle","primaryType":"Electric","secondaryType":"","forms":[],"evolutionStage":"1","preEvolvePokemon":"","eggGroups":"Field","height":"2'07\"","weight":"65.7 lbs.","genderRatio":"50% male, 50% female","catchRate":"190 (35.2%)","hatchTime":"20 cycles"}

[524/1025] Roggenrola -> https://bulbapedia.bulbagarden.net/wiki/Roggenrola_(Pokémon)
  OK: {"name":"Roggenrola","primaryType":"Rock","secondaryType":"","forms":[],"evolutionStage":"1","preEvolvePokemon":"","eggGroups":"Mineral","height":"1'04\"","weight":"39.7 lbs.","genderRatio":"50% male, 50% female","catchRate":"255 (43.9%)","hatchTime":"15 cycles"}

[527/1025] Woobat -> https://bulbapedia.bulbagarden.net/wiki/Woobat_(Pokémon)
  OK: {"name":"Woobat","primaryType":"Psychic","secondaryType":"Flying","forms":[],"evolutionStage":"1","preEvolvePokemon":"","eggGroups":"Field and Flying","height":"1'04\"","weight":"4.6 lbs.","genderRatio":"50% male, 50% female","catchRate":"190 (35.2%)","hatchTime":"15 cycles"}

[529/1025] Drilbur -> https://bulbapedia.bulbagarden.net/wiki/Drilbur_(Pokémon)
  OK: {"name":"Drilbur","primaryType":"Ground","secondaryType":"","forms":[],"evolutionStage":"1","preEvolvePokemon":"","eggGroups":"Field","height":"1'00\"","weight":"18.7 lbs.","genderRatio":"50% male, 50% female","catchRate":"120 (24.9%)","hatchTime":"20 cycles"}

[531/1025] Audino -> https://bulbapedia.bulbagarden.net/wiki/Audino_(Pokémon)
  OK: {"name":"Audino","primaryType":"Normal","secondaryType":"Fairy","forms":["Mega Audino"],"evolutionStage":"1","preEvolvePokemon":"","eggGroups":"Fairy","height":"3'07\"","weight":"68.3 lbs.","genderRatio":"50% male, 50% female","catchRate":"255 (43.9%)","hatchTime":"20 cycles"}

[532/1025] Timburr -> https://bulbapedia.bulbagarden.net/wiki/Timburr_(Pokémon)
  OK: {"name":"Timburr","primaryType":"Fighting","secondaryType":"","forms":[],"evolutionStage":"1","preEvolvePokemon":"","eggGroups":"Human-Like","height":"2'00\"","weight":"27.6 lbs.","genderRatio":"75% male, 25% female","catchRate":"180 (33.8%)","hatchTime":"20 cycles"}

[535/1025] Tympole -> https://bulbapedia.bulbagarden.net/wiki/Tympole_(Pokémon)
  OK: {"name":"Tympole","primaryType":"Water","secondaryType":"","forms":[],"evolutionStage":"1","preEvolvePokemon":"","eggGroups":"Water 1","height":"1'08\"","weight":"9.9 lbs.","genderRatio":"50% male, 50% female","catchRate":"255 (43.9%)","hatchTime":"20 cycles"}

[538/1025] Throh -> https://bulbapedia.bulbagarden.net/wiki/Throh_(Pokémon)
  OK: {"name":"Throh","primaryType":"Fighting","secondaryType":"","forms":[],"evolutionStage":"1","preEvolvePokemon":"","eggGroups":"Human-Like","height":"4'03\"","weight":"122.4 lbs.","genderRatio":"100% male","catchRate":"45 (11.9%)","hatchTime":"20 cycles"}

[539/1025] Sawk -> https://bulbapedia.bulbagarden.net/wiki/Sawk_(Pokémon)
  OK: {"name":"Sawk","primaryType":"Fighting","secondaryType":"","forms":[],"evolutionStage":"1","preEvolvePokemon":"","eggGroups":"Human-Like","height":"4'07\"","weight":"112.4 lbs.","genderRatio":"100% male","catchRate":"45 (11.9%)","hatchTime":"20 cycles"}

[540/1025] Sewaddle -> https://bulbapedia.bulbagarden.net/wiki/Sewaddle_(Pokémon)
  OK: {"name":"Sewaddle","primaryType":"Bug","secondaryType":"Grass","forms":[],"evolutionStage":"1","preEvolvePokemon":"","eggGroups":"Bug","height":"1'00\"","weight":"5.5 lbs.","genderRatio":"50% male, 50% female","catchRate":"255 (43.9%)","hatchTime":"15 cycles"}

[543/1025] Venipede -> https://bulbapedia.bulbagarden.net/wiki/Venipede_(Pokémon)
  OK: {"name":"Venipede","primaryType":"Bug","secondaryType":"Poison","forms":[],"evolutionStage":"1","preEvolvePokemon":"","eggGroups":"Bug","height":"1'04\"","weight":"11.7 lbs.","genderRatio":"50% male, 50% female","catchRate":"255 (43.9%)","hatchTime":"15 cycles"}

[546/1025] Cottonee -> https://bulbapedia.bulbagarden.net/wiki/Cottonee_(Pokémon)
  OK: {"name":"Cottonee","primaryType":"Grass","secondaryType":"Fairy","forms":[],"evolutionStage":"1","preEvolvePokemon":"","eggGroups":"Grass and Fairy","height":"1'00\"","weight":"1.3 lbs.","genderRatio":"50% male, 50% female","catchRate":"190 (35.2%)","hatchTime":"20 cycles"}

[548/1025] Petilil -> https://bulbapedia.bulbagarden.net/wiki/Petilil_(Pokémon)
  OK: {"name":"Petilil","primaryType":"Grass","secondaryType":"","forms":[],"evolutionStage":"1","preEvolvePokemon":"","eggGroups":"Grass","height":"1'08\"","weight":"14.6 lbs.","genderRatio":"100% female","catchRate":"190 (35.2%)","hatchTime":"20 cycles"}

[550/1025] Basculin -> https://bulbapedia.bulbagarden.net/wiki/Basculin_(Pokémon)
  OK: {"name":"Basculin","primaryType":"Water","secondaryType":"","forms":["Red-Striped Form","Blue-Striped Form","White-Striped Form"],"evolutionStage":"1","preEvolvePokemon":"","eggGroups":"Water 2","height":"3'03\"","weight":"39.7 lbs.","genderRatio":"50% male, 50% female","catchRate":"190 (35.2%)","hatchTime":"40 cycles"}

[551/1025] Sandile -> https://bulbapedia.bulbagarden.net/wiki/Sandile_(Pokémon)
  OK: {"name":"Sandile","primaryType":"Ground","secondaryType":"Dark","forms":[],"evolutionStage":"1","preEvolvePokemon":"","eggGroups":"Field","height":"2'04\"","weight":"33.5 lbs.","genderRatio":"50% male, 50% female","catchRate":"180 (33.8%)","hatchTime":"20 cycles"}

[554/1025] Darumaka -> https://bulbapedia.bulbagarden.net/wiki/Darumaka_(Pokémon)
  OK: {"name":"Darumaka","primaryType":"Fire","secondaryType":"Ice","forms":["Galarian Darumaka"],"evolutionStage":"1","preEvolvePokemon":"","eggGroups":"Field","height":"2'00\"","weight":"82.7 lbs.","genderRatio":"50% male, 50% female","catchRate":"120 (24.9%)","hatchTime":"20 cycles"}

[556/1025] Maractus -> https://bulbapedia.bulbagarden.net/wiki/Maractus_(Pokémon)
  OK: {"name":"Maractus","primaryType":"Grass","secondaryType":"","forms":[],"evolutionStage":"1","preEvolvePokemon":"","eggGroups":"Grass","height":"3'03\"","weight":"61.7 lbs.","genderRatio":"50% male, 50% female","catchRate":"255 (43.9%)","hatchTime":"20 cycles"}

[557/1025] Dwebble -> https://bulbapedia.bulbagarden.net/wiki/Dwebble_(Pokémon)
  OK: {"name":"Dwebble","primaryType":"Bug","secondaryType":"Rock","forms":[],"evolutionStage":"1","preEvolvePokemon":"","eggGroups":"Bug and Mineral","height":"1'00\"","weight":"32.0 lbs.","genderRatio":"50% male, 50% female","catchRate":"190 (35.2%)","hatchTime":"20 cycles"}

[559/1025] Scraggy -> https://bulbapedia.bulbagarden.net/wiki/Scraggy_(Pokémon)
  OK: {"name":"Scraggy","primaryType":"Dark","secondaryType":"Fighting","forms":[],"evolutionStage":"1","preEvolvePokemon":"","eggGroups":"Field and Dragon","height":"2'00\"","weight":"26.0 lbs.","genderRatio":"50% male, 50% female","catchRate":"180 (33.8%)","hatchTime":"15 cycles"}

[561/1025] Sigilyph -> https://bulbapedia.bulbagarden.net/wiki/Sigilyph_(Pokémon)
  OK: {"name":"Sigilyph","primaryType":"Psychic","secondaryType":"Flying","forms":[],"evolutionStage":"1","preEvolvePokemon":"","eggGroups":"Flying","height":"4'07\"","weight":"30.9 lbs.","genderRatio":"50% male, 50% female","catchRate":"45 (11.9%)","hatchTime":"20 cycles"}

[562/1025] Yamask -> https://bulbapedia.bulbagarden.net/wiki/Yamask_(Pokémon)
  OK: {"name":"Yamask","primaryType":"Ghost","secondaryType":"Ground","forms":["Galarian Yamask"],"evolutionStage":"1","preEvolvePokemon":"","eggGroups":"Mineral and Amorphous","height":"1'08\"","weight":"3.3 lbs.","genderRatio":"50% male, 50% female","catchRate":"190 (35.2%)","hatchTime":"25 cycles"}

[564/1025] Tirtouga -> https://bulbapedia.bulbagarden.net/wiki/Tirtouga_(Pokémon)
  OK: {"name":"Tirtouga","primaryType":"Water","secondaryType":"Rock","forms":[],"evolutionStage":"1","preEvolvePokemon":"","eggGroups":"Water 1 and Water 3","height":"2'04\"","weight":"36.4 lbs.","genderRatio":"87.5% male, 12.5% female","catchRate":"45 (11.9%)","hatchTime":"30 cycles"}

[566/1025] Archen -> https://bulbapedia.bulbagarden.net/wiki/Archen_(Pokémon)
  OK: {"name":"Archen","primaryType":"Rock","secondaryType":"Flying","forms":[],"evolutionStage":"1","preEvolvePokemon":"","eggGroups":"Flying and Water 3","height":"1'08\"","weight":"20.9 lbs.","genderRatio":"87.5% male, 12.5% female","catchRate":"45 (11.9%)","hatchTime":"30 cycles"}

[568/1025] Trubbish -> https://bulbapedia.bulbagarden.net/wiki/Trubbish_(Pokémon)
  OK: {"name":"Trubbish","primaryType":"Poison","secondaryType":"","forms":[],"evolutionStage":"1","preEvolvePokemon":"","eggGroups":"Mineral","height":"2'00\"","weight":"68.3 lbs.","genderRatio":"50% male, 50% female","catchRate":"190 (35.2%)","hatchTime":"20 cycles"}

[570/1025] Zorua -> https://bulbapedia.bulbagarden.net/wiki/Zorua_(Pokémon)
  OK: {"name":"Zorua","primaryType":"Dark","secondaryType":"Normal","forms":["Hisuian Zorua"],"evolutionStage":"1","preEvolvePokemon":"","eggGroups":"Field","height":"2'04\"","weight":"27.6 lbs.","genderRatio":"87.5% male, 12.5% female","catchRate":"75 (17.5%)","hatchTime":"25 cycles"}

[572/1025] Minccino -> https://bulbapedia.bulbagarden.net/wiki/Minccino_(Pokémon)
  OK: {"name":"Minccino","primaryType":"Normal","secondaryType":"","forms":[],"evolutionStage":"1","preEvolvePokemon":"","eggGroups":"Field","height":"1'04\"","weight":"12.8 lbs.","genderRatio":"25% male, 75% female","catchRate":"255 (43.9%)","hatchTime":"15 cycles"}

[574/1025] Gothita -> https://bulbapedia.bulbagarden.net/wiki/Gothita_(Pokémon)
  OK: {"name":"Gothita","primaryType":"Psychic","secondaryType":"","forms":[],"evolutionStage":"1","preEvolvePokemon":"","eggGroups":"Human-Like","height":"1'04\"","weight":"12.8 lbs.","genderRatio":"25% male, 75% female","catchRate":"200 (36.6%)","hatchTime":"20 cycles"}

[577/1025] Solosis -> https://bulbapedia.bulbagarden.net/wiki/Solosis_(Pokémon)
  OK: {"name":"Solosis","primaryType":"Psychic","secondaryType":"","forms":[],"evolutionStage":"1","preEvolvePokemon":"","eggGroups":"Amorphous","height":"1'00\"","weight":"2.2 lbs.","genderRatio":"50% male, 50% female","catchRate":"200 (36.6%)","hatchTime":"20 cycles"}

[580/1025] Ducklett -> https://bulbapedia.bulbagarden.net/wiki/Ducklett_(Pokémon)
  OK: {"name":"Ducklett","primaryType":"Water","secondaryType":"Flying","forms":[],"evolutionStage":"1","preEvolvePokemon":"","eggGroups":"Water 1 and Flying","height":"1'08\"","weight":"12.1 lbs.","genderRatio":"50% male, 50% female","catchRate":"190 (35.2%)","hatchTime":"20 cycles"}

[582/1025] Vanillite -> https://bulbapedia.bulbagarden.net/wiki/Vanillite_(Pokémon)
  OK: {"name":"Vanillite","primaryType":"Ice","secondaryType":"","forms":[],"evolutionStage":"1","preEvolvePokemon":"","eggGroups":"Mineral","height":"1'04\"","weight":"12.6 lbs.","genderRatio":"50% male, 50% female","catchRate":"255 (43.9%)","hatchTime":"20 cycles"}

[585/1025] Deerling -> https://bulbapedia.bulbagarden.net/wiki/Deerling_(Pokémon)
  OK: {"name":"Deerling","primaryType":"Normal","secondaryType":"Grass","forms":["Spring Form","Summer Form","Autumn Form","Winter Form"],"evolutionStage":"1","preEvolvePokemon":"","eggGroups":"Field","height":"2'00\"","weight":"43.0 lbs.","genderRatio":"50% male, 50% female","catchRate":"190 (35.2%)","hatchTime":"20 cycles"}

[587/1025] Emolga -> https://bulbapedia.bulbagarden.net/wiki/Emolga_(Pokémon)
  OK: {"name":"Emolga","primaryType":"Electric","secondaryType":"Flying","forms":[],"evolutionStage":"1","preEvolvePokemon":"","eggGroups":"Field","height":"1'04\"","weight":"11.0 lbs.","genderRatio":"50% male, 50% female","catchRate":"200 (36.6%)","hatchTime":"20 cycles"}

[588/1025] Karrablast -> https://bulbapedia.bulbagarden.net/wiki/Karrablast_(Pokémon)
  OK: {"name":"Karrablast","primaryType":"Bug","secondaryType":"","forms":[],"evolutionStage":"1","preEvolvePokemon":"","eggGroups":"Bug","height":"1'08\"","weight":"13.0 lbs.","genderRatio":"50% male, 50% female","catchRate":"200 (36.6%)","hatchTime":"15 cycles"}

[590/1025] Foongus -> https://bulbapedia.bulbagarden.net/wiki/Foongus_(Pokémon)
  OK: {"name":"Foongus","primaryType":"Grass","secondaryType":"Poison","forms":[],"evolutionStage":"1","preEvolvePokemon":"","eggGroups":"Grass","height":"0'08\"","weight":"2.2 lbs.","genderRatio":"50% male, 50% female","catchRate":"190 (35.2%)","hatchTime":"20 cycles"}

[592/1025] Frillish -> https://bulbapedia.bulbagarden.net/wiki/Frillish_(Pokémon)
  OK: {"name":"Frillish","primaryType":"Water","secondaryType":"Ghost","forms":[],"evolutionStage":"1","preEvolvePokemon":"","eggGroups":"Amorphous","height":"3'11\"","weight":"72.8 lbs.","genderRatio":"50% male, 50% female","catchRate":"190 (35.2%)","hatchTime":"20 cycles"}

[594/1025] Alomomola -> https://bulbapedia.bulbagarden.net/wiki/Alomomola_(Pokémon)
  OK: {"name":"Alomomola","primaryType":"Water","secondaryType":"","forms":[],"evolutionStage":"1","preEvolvePokemon":"","eggGroups":"Water 1 and Water 2","height":"3'11\"","weight":"69.7 lbs.","genderRatio":"50% male, 50% female","catchRate":"75 (17.5%)","hatchTime":"40 cycles"}

[595/1025] Joltik -> https://bulbapedia.bulbagarden.net/wiki/Joltik_(Pokémon)
  OK: {"name":"Joltik","primaryType":"Bug","secondaryType":"Electric","forms":[],"evolutionStage":"1","preEvolvePokemon":"","eggGroups":"Bug","height":"0'04\"","weight":"1.3 lbs.","genderRatio":"50% male, 50% female","catchRate":"190 (35.2%)","hatchTime":"20 cycles"}

[597/1025] Ferroseed -> https://bulbapedia.bulbagarden.net/wiki/Ferroseed_(Pokémon)
  OK: {"name":"Ferroseed","primaryType":"Grass","secondaryType":"Steel","forms":[],"evolutionStage":"1","preEvolvePokemon":"","eggGroups":"Grass and Mineral","height":"2'00\"","weight":"41.4 lbs.","genderRatio":"50% male, 50% female","catchRate":"255 (43.9%)","hatchTime":"20 cycles"}

[599/1025] Klink -> https://bulbapedia.bulbagarden.net/wiki/Klink_(Pokémon)
  OK: {"name":"Klink","primaryType":"Steel","secondaryType":"","forms":[],"evolutionStage":"1","preEvolvePokemon":"","eggGroups":"Mineral","height":"1'00\"","weight":"46.3 lbs.","genderRatio":"Gender unknown","catchRate":"130 (26.5%)","hatchTime":"20 cycles"}

[602/1025] Tynamo -> https://bulbapedia.bulbagarden.net/wiki/Tynamo_(Pokémon)
  OK: {"name":"Tynamo","primaryType":"Electric","secondaryType":"","forms":[],"evolutionStage":"1","preEvolvePokemon":"","eggGroups":"Amorphous","height":"0'08\"","weight":"0.7 lbs.","genderRatio":"50% male, 50% female","catchRate":"190 (35.2%)","hatchTime":"20 cycles"}

[605/1025] Elgyem -> https://bulbapedia.bulbagarden.net/wiki/Elgyem_(Pokémon)
  OK: {"name":"Elgyem","primaryType":"Psychic","secondaryType":"","forms":[],"evolutionStage":"1","preEvolvePokemon":"","eggGroups":"Human-Like","height":"1'08\"","weight":"19.8 lbs.","genderRatio":"50% male, 50% female","catchRate":"255 (43.9%)","hatchTime":"20 cycles"}

[607/1025] Litwick -> https://bulbapedia.bulbagarden.net/wiki/Litwick_(Pokémon)
  OK: {"name":"Litwick","primaryType":"Ghost","secondaryType":"Fire","forms":[],"evolutionStage":"1","preEvolvePokemon":"","eggGroups":"Amorphous","height":"1'00\"","weight":"6.8 lbs.","genderRatio":"50% male, 50% female","catchRate":"190 (35.2%)","hatchTime":"20 cycles"}

[610/1025] Axew -> https://bulbapedia.bulbagarden.net/wiki/Axew_(Pokémon)
  OK: {"name":"Axew","primaryType":"Dragon","secondaryType":"","forms":[],"evolutionStage":"1","preEvolvePokemon":"","eggGroups":"Monster and Dragon","height":"2'00\"","weight":"39.7 lbs.","genderRatio":"50% male, 50% female","catchRate":"75 (17.5%)","hatchTime":"40 cycles"}

[613/1025] Cubchoo -> https://bulbapedia.bulbagarden.net/wiki/Cubchoo_(Pokémon)
  OK: {"name":"Cubchoo","primaryType":"Ice","secondaryType":"","forms":[],"evolutionStage":"1","preEvolvePokemon":"","eggGroups":"Field","height":"1'08\"","weight":"18.7 lbs.","genderRatio":"50% male, 50% female","catchRate":"120 (24.9%)","hatchTime":"20 cycles"}

[615/1025] Cryogonal -> https://bulbapedia.bulbagarden.net/wiki/Cryogonal_(Pokémon)
  OK: {"name":"Cryogonal","primaryType":"Ice","secondaryType":"","forms":[],"evolutionStage":"1","preEvolvePokemon":"","eggGroups":"Mineral","height":"3'07\"","weight":"326.3 lbs.","genderRatio":"Gender unknown","catchRate":"25 (7.7%)","hatchTime":"25 cycles"}

[616/1025] Shelmet -> https://bulbapedia.bulbagarden.net/wiki/Shelmet_(Pokémon)
  OK: {"name":"Shelmet","primaryType":"Bug","secondaryType":"","forms":[],"evolutionStage":"1","preEvolvePokemon":"","eggGroups":"Bug","height":"1'04\"","weight":"17.0 lbs.","genderRatio":"50% male, 50% female","catchRate":"200 (36.6%)","hatchTime":"15 cycles"}

[618/1025] Stunfisk -> https://bulbapedia.bulbagarden.net/wiki/Stunfisk_(Pokémon)
  OK: {"name":"Stunfisk","primaryType":"Ground","secondaryType":"Electric","forms":["Galarian Stunfisk"],"evolutionStage":"1","preEvolvePokemon":"","eggGroups":"Water 1 and Amorphous","height":"2'04\"","weight":"24.3 lbs.","genderRatio":"50% male, 50% female","catchRate":"75 (17.5%)","hatchTime":"20 cycles"}

[619/1025] Mienfoo -> https://bulbapedia.bulbagarden.net/wiki/Mienfoo_(Pokémon)
  OK: {"name":"Mienfoo","primaryType":"Fighting","secondaryType":"","forms":[],"evolutionStage":"1","preEvolvePokemon":"","eggGroups":"Field and Human-Like","height":"2'11\"","weight":"44.1 lbs.","genderRatio":"50% male, 50% female","catchRate":"180 (33.8%)","hatchTime":"25 cycles"}

[621/1025] Druddigon -> https://bulbapedia.bulbagarden.net/wiki/Druddigon_(Pokémon)
  OK: {"name":"Druddigon","primaryType":"Dragon","secondaryType":"","forms":[],"evolutionStage":"1","preEvolvePokemon":"","eggGroups":"Dragon and Monster","height":"5'03\"","weight":"306.4 lbs.","genderRatio":"50% male, 50% female","catchRate":"45 (11.9%)","hatchTime":"30 cycles"}

[622/1025] Golett -> https://bulbapedia.bulbagarden.net/wiki/Golett_(Pokémon)
  OK: {"name":"Golett","primaryType":"Ground","secondaryType":"Ghost","forms":[],"evolutionStage":"1","preEvolvePokemon":"","eggGroups":"Mineral","height":"3'03\"","weight":"202.8 lbs.","genderRatio":"Gender unknown","catchRate":"190 (35.2%)","hatchTime":"25 cycles"}

[624/1025] Pawniard -> https://bulbapedia.bulbagarden.net/wiki/Pawniard_(Pokémon)
  OK: {"name":"Pawniard","primaryType":"Dark","secondaryType":"Steel","forms":[],"evolutionStage":"1","preEvolvePokemon":"","eggGroups":"Human-Like","height":"1'08\"","weight":"22.5 lbs.","genderRatio":"50% male, 50% female","catchRate":"120 (24.9%)","hatchTime":"20 cycles"}

[626/1025] Bouffalant -> https://bulbapedia.bulbagarden.net/wiki/Bouffalant_(Pokémon)
  OK: {"name":"Bouffalant","primaryType":"Normal","secondaryType":"","forms":[],"evolutionStage":"1","preEvolvePokemon":"","eggGroups":"Field","height":"5'03\"","weight":"208.6 lbs.","genderRatio":"50% male, 50% female","catchRate":"45 (11.9%)","hatchTime":"20 cycles"}

[627/1025] Rufflet -> https://bulbapedia.bulbagarden.net/wiki/Rufflet_(Pokémon)
  OK: {"name":"Rufflet","primaryType":"Normal","secondaryType":"Flying","forms":[],"evolutionStage":"1","preEvolvePokemon":"","eggGroups":"Flying","height":"1'08\"","weight":"23.1 lbs.","genderRatio":"100% male","catchRate":"190 (35.2%)","hatchTime":"20 cycles"}

[629/1025] Vullaby -> https://bulbapedia.bulbagarden.net/wiki/Vullaby_(Pokémon)
  OK: {"name":"Vullaby","primaryType":"Dark","secondaryType":"Flying","forms":[],"evolutionStage":"1","preEvolvePokemon":"","eggGroups":"Flying","height":"1'08\"","weight":"19.8 lbs.","genderRatio":"100% female","catchRate":"190 (35.2%)","hatchTime":"20 cycles"}

[631/1025] Heatmor -> https://bulbapedia.bulbagarden.net/wiki/Heatmor_(Pokémon)
  OK: {"name":"Heatmor","primaryType":"Fire","secondaryType":"","forms":[],"evolutionStage":"1","preEvolvePokemon":"","eggGroups":"Field","height":"4'07\"","weight":"127.9 lbs.","genderRatio":"50% male, 50% female","catchRate":"90 (20.1%)","hatchTime":"20 cycles"}

[632/1025] Durant -> https://bulbapedia.bulbagarden.net/wiki/Durant_(Pokémon)
  OK: {"name":"Durant","primaryType":"Bug","secondaryType":"Steel","forms":[],"evolutionStage":"1","preEvolvePokemon":"","eggGroups":"Bug","height":"1'00\"","weight":"72.8 lbs.","genderRatio":"50% male, 50% female","catchRate":"90 (20.1%)","hatchTime":"20 cycles"}

[633/1025] Deino -> https://bulbapedia.bulbagarden.net/wiki/Deino_(Pokémon)
  OK: {"name":"Deino","primaryType":"Dark","secondaryType":"Dragon","forms":[],"evolutionStage":"1","preEvolvePokemon":"","eggGroups":"Dragon","height":"2'07\"","weight":"38.1 lbs.","genderRatio":"50% male, 50% female","catchRate":"45 (11.9%)","hatchTime":"40 cycles"}

[636/1025] Larvesta -> https://bulbapedia.bulbagarden.net/wiki/Larvesta_(Pokémon)
  OK: {"name":"Larvesta","primaryType":"Bug","secondaryType":"Fire","forms":[],"evolutionStage":"1","preEvolvePokemon":"","eggGroups":"Bug","height":"3'07\"","weight":"63.5 lbs.","genderRatio":"50% male, 50% female","catchRate":"45 (11.9%)","hatchTime":"40 cycles"}

[638/1025] Cobalion -> https://bulbapedia.bulbagarden.net/wiki/Cobalion_(Pokémon)
  OK: {"name":"Cobalion","primaryType":"Steel","secondaryType":"Fighting","forms":[],"evolutionStage":"1","preEvolvePokemon":"","eggGroups":"No Eggs Discovered","height":"6'11\"","weight":"551.2 lbs.","genderRatio":"Gender unknown","catchRate":"3 (1.6%)","hatchTime":"80 cycles Egg not obtainable"}

[639/1025] Terrakion -> https://bulbapedia.bulbagarden.net/wiki/Terrakion_(Pokémon)
  OK: {"name":"Terrakion","primaryType":"Rock","secondaryType":"Fighting","forms":[],"evolutionStage":"1","preEvolvePokemon":"","eggGroups":"No Eggs Discovered","height":"6'03\"","weight":"573.2 lbs.","genderRatio":"Gender unknown","catchRate":"3 (1.6%)","hatchTime":"80 cycles Egg not obtainable"}

[640/1025] Virizion -> https://bulbapedia.bulbagarden.net/wiki/Virizion_(Pokémon)
  OK: {"name":"Virizion","primaryType":"Grass","secondaryType":"Fighting","forms":[],"evolutionStage":"1","preEvolvePokemon":"","eggGroups":"No Eggs Discovered","height":"6'07\"","weight":"440.9 lbs.","genderRatio":"Gender unknown","catchRate":"3 (1.6%)","hatchTime":"80 cycles Egg not obtainable"}

[641/1025] Tornadus -> https://bulbapedia.bulbagarden.net/wiki/Tornadus_(Pokémon)
  OK: {"name":"Tornadus","primaryType":"Flying","secondaryType":"","forms":["Incarnate Forme","Therian Forme"],"evolutionStage":"1","preEvolvePokemon":"","eggGroups":"No Eggs Discovered","height":"4'11\"","weight":"138.9 lbs.","genderRatio":"100% male","catchRate":"3 (1.6%)","hatchTime":"120 cycles Egg not obtainable"}

[642/1025] Thundurus -> https://bulbapedia.bulbagarden.net/wiki/Thundurus_(Pokémon)
  OK: {"name":"Thundurus","primaryType":"Electric","secondaryType":"Flying","forms":["Incarnate Forme","Therian Forme"],"evolutionStage":"1","preEvolvePokemon":"","eggGroups":"No Eggs Discovered","height":"4'11\"","weight":"134.5 lbs.","genderRatio":"100% male","catchRate":"3 (1.6%)","hatchTime":"120 cycles Egg not obtainable"}

[643/1025] Reshiram -> https://bulbapedia.bulbagarden.net/wiki/Reshiram_(Pokémon)
  OK: {"name":"Reshiram","primaryType":"Dragon","secondaryType":"Fire","forms":[],"evolutionStage":"1","preEvolvePokemon":"","eggGroups":"No Eggs Discovered","height":"10'06\"","weight":"727.5 lbs.","genderRatio":"Gender unknown","catchRate":"3 (1.6%)","hatchTime":"120 cycles Egg not obtainable"}

[644/1025] Zekrom -> https://bulbapedia.bulbagarden.net/wiki/Zekrom_(Pokémon)
  OK: {"name":"Zekrom","primaryType":"Dragon","secondaryType":"Electric","forms":[],"evolutionStage":"1","preEvolvePokemon":"","eggGroups":"No Eggs Discovered","height":"9'06\"","weight":"760.6 lbs.","genderRatio":"Gender unknown","catchRate":"3 (1.6%)","hatchTime":"120 cycles Egg not obtainable"}

[645/1025] Landorus -> https://bulbapedia.bulbagarden.net/wiki/Landorus_(Pokémon)
  OK: {"name":"Landorus","primaryType":"Ground","secondaryType":"Flying","forms":["Incarnate Forme","Therian Forme"],"evolutionStage":"1","preEvolvePokemon":"","eggGroups":"No Eggs Discovered","height":"4'11\"","weight":"149.9 lbs.","genderRatio":"100% male","catchRate":"3 (1.6%)","hatchTime":"120 cycles Egg not obtainable"}

[646/1025] Kyurem -> https://bulbapedia.bulbagarden.net/wiki/Kyurem_(Pokémon)
  OK: {"name":"Kyurem","primaryType":"Dragon","secondaryType":"Ice","forms":["White Kyurem","Black Kyurem"],"evolutionStage":"1","preEvolvePokemon":"","eggGroups":"No Eggs Discovered","height":"9'10\"","weight":"716.5 lbs.","genderRatio":"Gender unknown","catchRate":"3 (1.6%)","hatchTime":"120 cycles Egg not obtainable"}

[647/1025] Keldeo -> https://bulbapedia.bulbagarden.net/wiki/Keldeo_(Pokémon)
  OK: {"name":"Keldeo","primaryType":"Water","secondaryType":"Fighting","forms":["Ordinary Form","Resolute Form"],"evolutionStage":"1","preEvolvePokemon":"","eggGroups":"No Eggs Discovered","height":"4'07\"","weight":"106.9 lbs.","genderRatio":"Gender unknown","catchRate":"3 (1.6%)","hatchTime":"80 cycles Egg not obtainable"}

[648/1025] Meloetta -> https://bulbapedia.bulbagarden.net/wiki/Meloetta_(Pokémon)
  OK: {"name":"Meloetta","primaryType":"Normal","secondaryType":"Psychic","forms":[],"evolutionStage":"1","preEvolvePokemon":"","eggGroups":"No Eggs Discovered","height":"2'00\"","weight":"14.3 lbs.","genderRatio":"Gender unknown","catchRate":"3 (1.6%)","hatchTime":"120 cycles Egg not obtainable"}

[649/1025] Genesect -> https://bulbapedia.bulbagarden.net/wiki/Genesect_(Pokémon)
  OK: {"name":"Genesect","primaryType":"Bug","secondaryType":"Steel","forms":[],"evolutionStage":"1","preEvolvePokemon":"","eggGroups":"No Eggs Discovered","height":"4'11\"","weight":"181.9 lbs.","genderRatio":"Gender unknown","catchRate":"3 (1.6%)","hatchTime":"120 cycles Egg not obtainable"}

[650/1025] Chespin -> https://bulbapedia.bulbagarden.net/wiki/Chespin_(Pokémon)
  OK: {"name":"Chespin","primaryType":"Grass","secondaryType":"","forms":[],"evolutionStage":"1","preEvolvePokemon":"","eggGroups":"Field","height":"1'04\"","weight":"19.8 lbs.","genderRatio":"87.5% male, 12.5% female","catchRate":"45 (11.9%)","hatchTime":"20 cycles"}

[653/1025] Fennekin -> https://bulbapedia.bulbagarden.net/wiki/Fennekin_(Pokémon)
  OK: {"name":"Fennekin","primaryType":"Fire","secondaryType":"","forms":[],"evolutionStage":"1","preEvolvePokemon":"","eggGroups":"Field","height":"1'04\"","weight":"20.7 lbs.","genderRatio":"87.5% male, 12.5% female","catchRate":"45 (11.9%)","hatchTime":"20 cycles"}

[656/1025] Froakie -> https://bulbapedia.bulbagarden.net/wiki/Froakie_(Pokémon)
  OK: {"name":"Froakie","primaryType":"Water","secondaryType":"","forms":[],"evolutionStage":"1","preEvolvePokemon":"","eggGroups":"Water 1","height":"1'00\"","weight":"15.4 lbs.","genderRatio":"87.5% male, 12.5% female","catchRate":"45 (11.9%)","hatchTime":"20 cycles"}

[658/1025] Greninja -> https://bulbapedia.bulbagarden.net/wiki/Greninja_(Pokémon)
  OK: {"name":"Greninja","primaryType":"Water","secondaryType":"Dark","forms":["Ash-Greninja","Mega Greninja"],"evolutionStage":"final","preEvolvePokemon":"Frogadier","eggGroups":"Water 1 or No Eggs Discovered","height":"4'11\"","weight":"88.2 lbs.","genderRatio":"87.5% male, 12.5% female","catchRate":"45 (11.9%)","hatchTime":"20 cycles"}

[659/1025] Bunnelby -> https://bulbapedia.bulbagarden.net/wiki/Bunnelby_(Pokémon)
  OK: {"name":"Bunnelby","primaryType":"Normal","secondaryType":"","forms":[],"evolutionStage":"1","preEvolvePokemon":"","eggGroups":"Field","height":"1'04\"","weight":"11.0 lbs.","genderRatio":"50% male, 50% female","catchRate":"255 (43.9%)","hatchTime":"15 cycles"}

[661/1025] Fletchling -> https://bulbapedia.bulbagarden.net/wiki/Fletchling_(Pokémon)
  OK: {"name":"Fletchling","primaryType":"Normal","secondaryType":"Flying","forms":[],"evolutionStage":"1","preEvolvePokemon":"","eggGroups":"Flying","height":"1'00\"","weight":"3.7 lbs.","genderRatio":"50% male, 50% female","catchRate":"255 (43.9%)","hatchTime":"15 cycles"}

[664/1025] Scatterbug -> https://bulbapedia.bulbagarden.net/wiki/Scatterbug_(Pokémon)
  OK: {"name":"Scatterbug","primaryType":"Bug","secondaryType":"","forms":[],"evolutionStage":"1","preEvolvePokemon":"","eggGroups":"Bug","height":"1'00\"","weight":"5.5 lbs.","genderRatio":"50% male, 50% female","catchRate":"255 (43.9%)","hatchTime":"15 cycles"}

[667/1025] Litleo -> https://bulbapedia.bulbagarden.net/wiki/Litleo_(Pokémon)
  OK: {"name":"Litleo","primaryType":"Fire","secondaryType":"Normal","forms":[],"evolutionStage":"1","preEvolvePokemon":"","eggGroups":"Field","height":"2'00\"","weight":"29.8 lbs.","genderRatio":"12.5% male, 87.5% female","catchRate":"220 (39.3%)","hatchTime":"20 cycles"}

[669/1025] Flabébé -> https://bulbapedia.bulbagarden.net/wiki/Flab%C3%A9b%C3%A9_(Pokémon)
  OK: {"name":"Flabébé","primaryType":"Fairy","secondaryType":"","forms":["Red Flower","Yellow Flower","Orange Flower","Blue Flower","White Flower"],"evolutionStage":"1","preEvolvePokemon":"","eggGroups":"Fairy","height":"0'04\"","weight":"0.2 lbs.","genderRatio":"100% female","catchRate":"225 (39.9%)","hatchTime":"20 cycles"}

[672/1025] Skiddo -> https://bulbapedia.bulbagarden.net/wiki/Skiddo_(Pokémon)
  OK: {"name":"Skiddo","primaryType":"Grass","secondaryType":"","forms":[],"evolutionStage":"1","preEvolvePokemon":"","eggGroups":"Field","height":"2'11\"","weight":"68.3 lbs.","genderRatio":"50% male, 50% female","catchRate":"200 (36.6%)","hatchTime":"20 cycles"}

[674/1025] Pancham -> https://bulbapedia.bulbagarden.net/wiki/Pancham_(Pokémon)
  OK: {"name":"Pancham","primaryType":"Fighting","secondaryType":"","forms":[],"evolutionStage":"1","preEvolvePokemon":"","eggGroups":"Field and Human-Like","height":"2'00\"","weight":"17.6 lbs.","genderRatio":"50% male, 50% female","catchRate":"220 (39.3%)","hatchTime":"25 cycles"}

[676/1025] Furfrou -> https://bulbapedia.bulbagarden.net/wiki/Furfrou_(Pokémon)
  OK: {"name":"Furfrou","primaryType":"Normal","secondaryType":"","forms":[],"evolutionStage":"1","preEvolvePokemon":"","eggGroups":"Field","height":"3'11\"","weight":"61.7 lbs.","genderRatio":"50% male, 50% female","catchRate":"160 (30.9%)","hatchTime":"20 cycles"}

[677/1025] Espurr -> https://bulbapedia.bulbagarden.net/wiki/Espurr_(Pokémon)
  OK: {"name":"Espurr","primaryType":"Psychic","secondaryType":"","forms":[],"evolutionStage":"1","preEvolvePokemon":"","eggGroups":"Field","height":"1'00\"","weight":"7.7 lbs.","genderRatio":"50% male, 50% female","catchRate":"190 (35.2%)","hatchTime":"20 cycles"}

[679/1025] Honedge -> https://bulbapedia.bulbagarden.net/wiki/Honedge_(Pokémon)
  OK: {"name":"Honedge","primaryType":"Steel","secondaryType":"Ghost","forms":[],"evolutionStage":"1","preEvolvePokemon":"","eggGroups":"Mineral","height":"2'07\"","weight":"4.4 lbs.","genderRatio":"50% male, 50% female","catchRate":"180 (33.8%)","hatchTime":"20 cycles"}

[682/1025] Spritzee -> https://bulbapedia.bulbagarden.net/wiki/Spritzee_(Pokémon)
  OK: {"name":"Spritzee","primaryType":"Fairy","secondaryType":"","forms":[],"evolutionStage":"1","preEvolvePokemon":"","eggGroups":"Fairy","height":"0'08\"","weight":"1.1 lbs.","genderRatio":"50% male, 50% female","catchRate":"200 (36.6%)","hatchTime":"20 cycles"}

[684/1025] Swirlix -> https://bulbapedia.bulbagarden.net/wiki/Swirlix_(Pokémon)
  OK: {"name":"Swirlix","primaryType":"Fairy","secondaryType":"","forms":[],"evolutionStage":"1","preEvolvePokemon":"","eggGroups":"Fairy","height":"1'04\"","weight":"7.7 lbs.","genderRatio":"50% male, 50% female","catchRate":"200 (36.6%)","hatchTime":"20 cycles"}

[686/1025] Inkay -> https://bulbapedia.bulbagarden.net/wiki/Inkay_(Pokémon)
  OK: {"name":"Inkay","primaryType":"Dark","secondaryType":"Psychic","forms":[],"evolutionStage":"1","preEvolvePokemon":"","eggGroups":"Water 1 and Water 2","height":"1'04\"","weight":"7.7 lbs.","genderRatio":"50% male, 50% female","catchRate":"190 (35.2%)","hatchTime":"20 cycles"}

[688/1025] Binacle -> https://bulbapedia.bulbagarden.net/wiki/Binacle_(Pokémon)
  OK: {"name":"Binacle","primaryType":"Rock","secondaryType":"Water","forms":[],"evolutionStage":"1","preEvolvePokemon":"","eggGroups":"Water 3","height":"1'08\"","weight":"68.3 lbs.","genderRatio":"50% male, 50% female","catchRate":"120 (24.9%)","hatchTime":"20 cycles"}

[690/1025] Skrelp -> https://bulbapedia.bulbagarden.net/wiki/Skrelp_(Pokémon)
  OK: {"name":"Skrelp","primaryType":"Poison","secondaryType":"Water","forms":[],"evolutionStage":"1","preEvolvePokemon":"","eggGroups":"Water 1 and Dragon","height":"1'08\"","weight":"16.1 lbs.","genderRatio":"50% male, 50% female","catchRate":"225 (39.9%)","hatchTime":"20 cycles"}

[692/1025] Clauncher -> https://bulbapedia.bulbagarden.net/wiki/Clauncher_(Pokémon)
  OK: {"name":"Clauncher","primaryType":"Water","secondaryType":"","forms":[],"evolutionStage":"1","preEvolvePokemon":"","eggGroups":"Water 1 and Water 3","height":"1'08\"","weight":"18.3 lbs.","genderRatio":"50% male, 50% female","catchRate":"225 (39.9%)","hatchTime":"15 cycles"}

[694/1025] Helioptile -> https://bulbapedia.bulbagarden.net/wiki/Helioptile_(Pokémon)
  OK: {"name":"Helioptile","primaryType":"Electric","secondaryType":"Normal","forms":[],"evolutionStage":"1","preEvolvePokemon":"","eggGroups":"Monster and Dragon","height":"1'08\"","weight":"13.2 lbs.","genderRatio":"50% male, 50% female","catchRate":"190 (35.2%)","hatchTime":"20 cycles"}

[696/1025] Tyrunt -> https://bulbapedia.bulbagarden.net/wiki/Tyrunt_(Pokémon)
  OK: {"name":"Tyrunt","primaryType":"Rock","secondaryType":"Dragon","forms":[],"evolutionStage":"1","preEvolvePokemon":"","eggGroups":"Monster and Dragon","height":"2'07\"","weight":"57.3 lbs.","genderRatio":"87.5% male, 12.5% female","catchRate":"45 (11.9%)","hatchTime":"30 cycles"}

[698/1025] Amaura -> https://bulbapedia.bulbagarden.net/wiki/Amaura_(Pokémon)
  OK: {"name":"Amaura","primaryType":"Rock","secondaryType":"Ice","forms":[],"evolutionStage":"1","preEvolvePokemon":"","eggGroups":"Monster","height":"4'03\"","weight":"55.6 lbs.","genderRatio":"87.5% male, 12.5% female","catchRate":"45 (11.9%)","hatchTime":"30 cycles"}

[700/1025] Sylveon -> https://bulbapedia.bulbagarden.net/wiki/Sylveon_(Pokémon)
  OK: {"name":"Sylveon","primaryType":"Fairy","secondaryType":"","forms":[],"evolutionStage":"final","preEvolvePokemon":"Eevee","eggGroups":"Field","height":"3'03\"","weight":"51.8 lbs.","genderRatio":"87.5% male, 12.5% female","catchRate":"45 (11.9%)","hatchTime":"35 cycles"}

[701/1025] Hawlucha -> https://bulbapedia.bulbagarden.net/wiki/Hawlucha_(Pokémon)
  OK: {"name":"Hawlucha","primaryType":"Fighting","secondaryType":"Flying","forms":["Mega Hawlucha"],"evolutionStage":"1","preEvolvePokemon":"","eggGroups":"Flying and Human-Like","height":"2'07\"","weight":"47.4 lbs.","genderRatio":"50% male, 50% female","catchRate":"100 (21.7%)","hatchTime":"20 cycles"}

[702/1025] Dedenne -> https://bulbapedia.bulbagarden.net/wiki/Dedenne_(Pokémon)
  OK: {"name":"Dedenne","primaryType":"Electric","secondaryType":"Fairy","forms":[],"evolutionStage":"1","preEvolvePokemon":"","eggGroups":"Field and Fairy","height":"0'08\"","weight":"4.9 lbs.","genderRatio":"50% male, 50% female","catchRate":"180 (33.8%)","hatchTime":"20 cycles"}

[703/1025] Carbink -> https://bulbapedia.bulbagarden.net/wiki/Carbink_(Pokémon)
  OK: {"name":"Carbink","primaryType":"Rock","secondaryType":"Fairy","forms":[],"evolutionStage":"1","preEvolvePokemon":"","eggGroups":"Fairy and Mineral","height":"1'00\"","weight":"12.6 lbs.","genderRatio":"Gender unknown","catchRate":"60 (14.8%)","hatchTime":"25 cycles"}

[704/1025] Goomy -> https://bulbapedia.bulbagarden.net/wiki/Goomy_(Pokémon)
  OK: {"name":"Goomy","primaryType":"Dragon","secondaryType":"","forms":[],"evolutionStage":"1","preEvolvePokemon":"","eggGroups":"Dragon","height":"1'00\"","weight":"6.2 lbs.","genderRatio":"50% male, 50% female","catchRate":"45 (11.9%)","hatchTime":"40 cycles"}

[707/1025] Klefki -> https://bulbapedia.bulbagarden.net/wiki/Klefki_(Pokémon)
  OK: {"name":"Klefki","primaryType":"Steel","secondaryType":"Fairy","forms":[],"evolutionStage":"1","preEvolvePokemon":"","eggGroups":"Mineral","height":"0'08\"","weight":"6.6 lbs.","genderRatio":"50% male, 50% female","catchRate":"75 (17.5%)","hatchTime":"20 cycles"}

[708/1025] Phantump -> https://bulbapedia.bulbagarden.net/wiki/Phantump_(Pokémon)
  OK: {"name":"Phantump","primaryType":"Ghost","secondaryType":"Grass","forms":[],"evolutionStage":"1","preEvolvePokemon":"","eggGroups":"Grass and Amorphous","height":"1'04\"","weight":"15.4 lbs.","genderRatio":"50% male, 50% female","catchRate":"120 (24.9%)","hatchTime":"20 cycles"}

[710/1025] Pumpkaboo -> https://bulbapedia.bulbagarden.net/wiki/Pumpkaboo_(Pokémon)
  OK: {"name":"Pumpkaboo","primaryType":"Ghost","secondaryType":"Grass","forms":["Medium Variety","Small Variety","Large Variety","Jumbo Variety"],"evolutionStage":"1","preEvolvePokemon":"","eggGroups":"Amorphous","height":"1'04\"","weight":"11.0 lbs.","genderRatio":"50% male, 50% female","catchRate":"120 (24.9%)","hatchTime":"20 cycles"}

[712/1025] Bergmite -> https://bulbapedia.bulbagarden.net/wiki/Bergmite_(Pokémon)
  OK: {"name":"Bergmite","primaryType":"Ice","secondaryType":"","forms":[],"evolutionStage":"1","preEvolvePokemon":"","eggGroups":"Monster and Mineral","height":"3'03\"","weight":"219.4 lbs.","genderRatio":"50% male, 50% female","catchRate":"190 (35.2%)","hatchTime":"20 cycles"}

[714/1025] Noibat -> https://bulbapedia.bulbagarden.net/wiki/Noibat_(Pokémon)
  OK: {"name":"Noibat","primaryType":"Flying","secondaryType":"Dragon","forms":[],"evolutionStage":"1","preEvolvePokemon":"","eggGroups":"Flying and Dragon","height":"1'08\"","weight":"17.6 lbs.","genderRatio":"50% male, 50% female","catchRate":"190 (35.2%)","hatchTime":"20 cycles"}

[716/1025] Xerneas -> https://bulbapedia.bulbagarden.net/wiki/Xerneas_(Pokémon)
  OK: {"name":"Xerneas","primaryType":"Fairy","secondaryType":"","forms":["Active Mode","Neutral Mode"],"evolutionStage":"1","preEvolvePokemon":"","eggGroups":"No Eggs Discovered","height":"9'10\"","weight":"474.0 lbs.","genderRatio":"Gender unknown","catchRate":"45 (11.9%)","hatchTime":"120 cycles Egg not obtainable"}

[717/1025] Yveltal -> https://bulbapedia.bulbagarden.net/wiki/Yveltal_(Pokémon)
  OK: {"name":"Yveltal","primaryType":"Dark","secondaryType":"Flying","forms":[],"evolutionStage":"1","preEvolvePokemon":"","eggGroups":"No Eggs Discovered","height":"19'00\"","weight":"447.5 lbs.","genderRatio":"Gender unknown","catchRate":"45 (11.9%)","hatchTime":"120 cycles Egg not obtainable"}

[718/1025] Zygarde -> https://bulbapedia.bulbagarden.net/wiki/Zygarde_(Pokémon)
  OK: {"name":"Zygarde","primaryType":"Dragon","secondaryType":"Ground","forms":["10% Forme","50% Forme","Complete Forme","Mega Zygarde"],"evolutionStage":"1","preEvolvePokemon":"","eggGroups":"No Eggs Discovered","height":"16'05\"","weight":"672.4 lbs.","genderRatio":"Gender unknown","catchRate":"3 (1.6%)","hatchTime":"120 cycles Egg not obtainable"}

[719/1025] Diancie -> https://bulbapedia.bulbagarden.net/wiki/Diancie_(Pokémon)
  OK: {"name":"Diancie","primaryType":"Rock","secondaryType":"Fairy","forms":["Mega Diancie"],"evolutionStage":"1","preEvolvePokemon":"","eggGroups":"No Eggs Discovered","height":"2'04\"","weight":"19.4 lbs.","genderRatio":"Gender unknown","catchRate":"3 (1.6%)","hatchTime":"25 cycles Egg not obtainable"}

[720/1025] Hoopa -> https://bulbapedia.bulbagarden.net/wiki/Hoopa_(Pokémon)
  OK: {"name":"Hoopa","primaryType":"Psychic","secondaryType":"Ghost","forms":["Hoopa Confined","Hoopa Unbound"],"evolutionStage":"1","preEvolvePokemon":"","eggGroups":"No Eggs Discovered","height":"1'08\"","weight":"19.8 lbs.","genderRatio":"Gender unknown","catchRate":"3 (1.6%)","hatchTime":"120 cycles Egg not obtainable"}

[721/1025] Volcanion -> https://bulbapedia.bulbagarden.net/wiki/Volcanion_(Pokémon)
  OK: {"name":"Volcanion","primaryType":"Fire","secondaryType":"Water","forms":[],"evolutionStage":"1","preEvolvePokemon":"","eggGroups":"No Eggs Discovered","height":"5'07\"","weight":"429.9 lbs.","genderRatio":"Gender unknown","catchRate":"3 (1.6%)","hatchTime":"120 cycles Egg not obtainable"}

[722/1025] Rowlet -> https://bulbapedia.bulbagarden.net/wiki/Rowlet_(Pokémon)
  OK: {"name":"Rowlet","primaryType":"Grass","secondaryType":"Flying","forms":[],"evolutionStage":"1","preEvolvePokemon":"","eggGroups":"Flying","height":"1'00\"","weight":"3.3 lbs.","genderRatio":"87.5% male, 12.5% female","catchRate":"45 (11.9%)","hatchTime":"15 cycles"}

[725/1025] Litten -> https://bulbapedia.bulbagarden.net/wiki/Litten_(Pokémon)
  OK: {"name":"Litten","primaryType":"Fire","secondaryType":"","forms":[],"evolutionStage":"1","preEvolvePokemon":"","eggGroups":"Field","height":"1'04\"","weight":"9.5 lbs.","genderRatio":"87.5% male, 12.5% female","catchRate":"45 (11.9%)","hatchTime":"15 cycles"}

[728/1025] Popplio -> https://bulbapedia.bulbagarden.net/wiki/Popplio_(Pokémon)
  OK: {"name":"Popplio","primaryType":"Water","secondaryType":"","forms":[],"evolutionStage":"1","preEvolvePokemon":"","eggGroups":"Water 1 and Field","height":"1'04\"","weight":"16.5 lbs.","genderRatio":"87.5% male, 12.5% female","catchRate":"45 (11.9%)","hatchTime":"15 cycles"}

[731/1025] Pikipek -> https://bulbapedia.bulbagarden.net/wiki/Pikipek_(Pokémon)
  OK: {"name":"Pikipek","primaryType":"Normal","secondaryType":"Flying","forms":[],"evolutionStage":"1","preEvolvePokemon":"","eggGroups":"Flying","height":"1'00\"","weight":"2.6 lbs.","genderRatio":"50% male, 50% female","catchRate":"255 (43.9%)","hatchTime":"15 cycles"}

[734/1025] Yungoos -> https://bulbapedia.bulbagarden.net/wiki/Yungoos_(Pokémon)
  OK: {"name":"Yungoos","primaryType":"Normal","secondaryType":"","forms":[],"evolutionStage":"1","preEvolvePokemon":"","eggGroups":"Field","height":"1'04\"","weight":"13.2 lbs.","genderRatio":"50% male, 50% female","catchRate":"255 (43.9%)","hatchTime":"15 cycles"}

[736/1025] Grubbin -> https://bulbapedia.bulbagarden.net/wiki/Grubbin_(Pokémon)
  OK: {"name":"Grubbin","primaryType":"Bug","secondaryType":"","forms":[],"evolutionStage":"1","preEvolvePokemon":"","eggGroups":"Bug","height":"1'04\"","weight":"9.7 lbs.","genderRatio":"50% male, 50% female","catchRate":"255 (43.9%)","hatchTime":"15 cycles"}

[739/1025] Crabrawler -> https://bulbapedia.bulbagarden.net/wiki/Crabrawler_(Pokémon)
  OK: {"name":"Crabrawler","primaryType":"Fighting","secondaryType":"","forms":[],"evolutionStage":"1","preEvolvePokemon":"","eggGroups":"Water 3","height":"2'00\"","weight":"15.4 lbs.","genderRatio":"50% male, 50% female","catchRate":"225 (39.9%)","hatchTime":"20 cycles"}

[741/1025] Oricorio -> https://bulbapedia.bulbagarden.net/wiki/Oricorio_(Pokémon)
  OK: {"name":"Oricorio","primaryType":"Fire","secondaryType":"Flying","forms":["Baile Style","Pom-Pom Style","Pa'u Style","Sensu Style"],"evolutionStage":"1","preEvolvePokemon":"","eggGroups":"Flying","height":"2'00\"","weight":"7.5 lbs.","genderRatio":"25% male, 75% female","catchRate":"45 (11.9%)","hatchTime":"20 cycles"}

[742/1025] Cutiefly -> https://bulbapedia.bulbagarden.net/wiki/Cutiefly_(Pokémon)
  OK: {"name":"Cutiefly","primaryType":"Bug","secondaryType":"Fairy","forms":[],"evolutionStage":"1","preEvolvePokemon":"","eggGroups":"Bug and Fairy","height":"0'04\"","weight":"0.4 lbs.","genderRatio":"50% male, 50% female","catchRate":"190 (35.2%)","hatchTime":"20 cycles"}

[744/1025] Rockruff -> https://bulbapedia.bulbagarden.net/wiki/Rockruff_(Pokémon)
  OK: {"name":"Rockruff","primaryType":"Rock","secondaryType":"","forms":[],"evolutionStage":"1","preEvolvePokemon":"","eggGroups":"Field","height":"1'08\"","weight":"20.3 lbs.","genderRatio":"50% male, 50% female","catchRate":"190 (35.2%)","hatchTime":"15 cycles"}

[746/1025] Wishiwashi -> https://bulbapedia.bulbagarden.net/wiki/Wishiwashi_(Pokémon)
  OK: {"name":"Wishiwashi","primaryType":"Water","secondaryType":"","forms":["Solo Form","School Form"],"evolutionStage":"1","preEvolvePokemon":"","eggGroups":"Water 2","height":"0'08\"","weight":"0.7 lbs.","genderRatio":"50% male, 50% female","catchRate":"60 (14.8%)","hatchTime":"15 cycles"}

[747/1025] Mareanie -> https://bulbapedia.bulbagarden.net/wiki/Mareanie_(Pokémon)
  OK: {"name":"Mareanie","primaryType":"Poison","secondaryType":"Water","forms":[],"evolutionStage":"1","preEvolvePokemon":"","eggGroups":"Water 1","height":"1'04\"","weight":"17.6 lbs.","genderRatio":"50% male, 50% female","catchRate":"190 (35.2%)","hatchTime":"20 cycles"}

[749/1025] Mudbray -> https://bulbapedia.bulbagarden.net/wiki/Mudbray_(Pokémon)
  OK: {"name":"Mudbray","primaryType":"Ground","secondaryType":"","forms":[],"evolutionStage":"1","preEvolvePokemon":"","eggGroups":"Field","height":"3'03\"","weight":"242.5 lbs.","genderRatio":"50% male, 50% female","catchRate":"190 (35.2%)","hatchTime":"20 cycles"}

[751/1025] Dewpider -> https://bulbapedia.bulbagarden.net/wiki/Dewpider_(Pokémon)
  OK: {"name":"Dewpider","primaryType":"Water","secondaryType":"Bug","forms":[],"evolutionStage":"1","preEvolvePokemon":"","eggGroups":"Water 1 and Bug","height":"1'00\"","weight":"8.8 lbs.","genderRatio":"50% male, 50% female","catchRate":"200 (36.6%)","hatchTime":"15 cycles"}

[753/1025] Fomantis -> https://bulbapedia.bulbagarden.net/wiki/Fomantis_(Pokémon)
  OK: {"name":"Fomantis","primaryType":"Grass","secondaryType":"","forms":[],"evolutionStage":"1","preEvolvePokemon":"","eggGroups":"Grass","height":"1'00\"","weight":"3.3 lbs.","genderRatio":"50% male, 50% female","catchRate":"190 (35.2%)","hatchTime":"20 cycles"}

[755/1025] Morelull -> https://bulbapedia.bulbagarden.net/wiki/Morelull_(Pokémon)
  OK: {"name":"Morelull","primaryType":"Grass","secondaryType":"Fairy","forms":[],"evolutionStage":"1","preEvolvePokemon":"","eggGroups":"Grass","height":"0'08\"","weight":"3.3 lbs.","genderRatio":"50% male, 50% female","catchRate":"190 (35.2%)","hatchTime":"20 cycles"}

[757/1025] Salandit -> https://bulbapedia.bulbagarden.net/wiki/Salandit_(Pokémon)
  OK: {"name":"Salandit","primaryType":"Poison","secondaryType":"Fire","forms":[],"evolutionStage":"1","preEvolvePokemon":"","eggGroups":"Monster and Dragon","height":"2'00\"","weight":"10.6 lbs.","genderRatio":"87.5% male, 12.5% female","catchRate":"120 (24.9%)","hatchTime":"20 cycles"}

[759/1025] Stufful -> https://bulbapedia.bulbagarden.net/wiki/Stufful_(Pokémon)
  OK: {"name":"Stufful","primaryType":"Normal","secondaryType":"Fighting","forms":[],"evolutionStage":"1","preEvolvePokemon":"","eggGroups":"Field","height":"1'08\"","weight":"15.0 lbs.","genderRatio":"50% male, 50% female","catchRate":"140 (28%)","hatchTime":"15 cycles"}

[761/1025] Bounsweet -> https://bulbapedia.bulbagarden.net/wiki/Bounsweet_(Pokémon)
  OK: {"name":"Bounsweet","primaryType":"Grass","secondaryType":"","forms":[],"evolutionStage":"1","preEvolvePokemon":"","eggGroups":"Grass","height":"1'00\"","weight":"7.1 lbs.","genderRatio":"100% female","catchRate":"235 (41.3%)","hatchTime":"20 cycles"}

[764/1025] Comfey -> https://bulbapedia.bulbagarden.net/wiki/Comfey_(Pokémon)
  OK: {"name":"Comfey","primaryType":"Fairy","secondaryType":"Grass","forms":[],"evolutionStage":"1","preEvolvePokemon":"","eggGroups":"Grass","height":"0'04\"","weight":"0.7 lbs.","genderRatio":"25% male, 75% female","catchRate":"60 (14.8%)","hatchTime":"20 cycles"}

[765/1025] Oranguru -> https://bulbapedia.bulbagarden.net/wiki/Oranguru_(Pokémon)
  OK: {"name":"Oranguru","primaryType":"Normal","secondaryType":"Psychic","forms":[],"evolutionStage":"1","preEvolvePokemon":"","eggGroups":"Field","height":"4'11\"","weight":"167.6 lbs.","genderRatio":"50% male, 50% female","catchRate":"45 (11.9%)","hatchTime":"20 cycles"}

[766/1025] Passimian -> https://bulbapedia.bulbagarden.net/wiki/Passimian_(Pokémon)
  OK: {"name":"Passimian","primaryType":"Fighting","secondaryType":"","forms":[],"evolutionStage":"1","preEvolvePokemon":"","eggGroups":"Field","height":"6'07\"","weight":"182.5 lbs.","genderRatio":"50% male, 50% female","catchRate":"45 (11.9%)","hatchTime":"20 cycles"}

[767/1025] Wimpod -> https://bulbapedia.bulbagarden.net/wiki/Wimpod_(Pokémon)
  OK: {"name":"Wimpod","primaryType":"Bug","secondaryType":"Water","forms":[],"evolutionStage":"1","preEvolvePokemon":"","eggGroups":"Bug and Water 3","height":"1'08\"","weight":"26.5 lbs.","genderRatio":"50% male, 50% female","catchRate":"90 (20.1%)","hatchTime":"20 cycles"}

[769/1025] Sandygast -> https://bulbapedia.bulbagarden.net/wiki/Sandygast_(Pokémon)
  OK: {"name":"Sandygast","primaryType":"Ghost","secondaryType":"Ground","forms":[],"evolutionStage":"1","preEvolvePokemon":"","eggGroups":"Amorphous","height":"1'08\"","weight":"154.3 lbs.","genderRatio":"50% male, 50% female","catchRate":"140 (28%)","hatchTime":"15 cycles"}

[771/1025] Pyukumuku -> https://bulbapedia.bulbagarden.net/wiki/Pyukumuku_(Pokémon)
  OK: {"name":"Pyukumuku","primaryType":"Water","secondaryType":"","forms":[],"evolutionStage":"1","preEvolvePokemon":"","eggGroups":"Water 1","height":"1'00\"","weight":"2.6 lbs.","genderRatio":"50% male, 50% female","catchRate":"60 (14.8%)","hatchTime":"15 cycles"}

[772/1025] Type: Null -> https://bulbapedia.bulbagarden.net/wiki/Type%3A%20Null_(Pokémon)
  OK: {"name":"Type: Null","primaryType":"Normal","secondaryType":"","forms":[],"evolutionStage":"1","preEvolvePokemon":"","eggGroups":"No Eggs Discovered","height":"6'03\"","weight":"265.7 lbs.","genderRatio":"Gender unknown","catchRate":"3 (1.6%)","hatchTime":"120 cycles Egg not obtainable"}

[774/1025] Minior -> https://bulbapedia.bulbagarden.net/wiki/Minior_(Pokémon)
  OK: {"name":"Minior","primaryType":"Rock","secondaryType":"Flying","forms":["Meteor Form","Core"],"evolutionStage":"1","preEvolvePokemon":"","eggGroups":"Mineral","height":"1'00\"","weight":"88.2 lbs.","genderRatio":"Gender unknown","catchRate":"30 (8.8%)","hatchTime":"25 cycles"}

[775/1025] Komala -> https://bulbapedia.bulbagarden.net/wiki/Komala_(Pokémon)
  OK: {"name":"Komala","primaryType":"Normal","secondaryType":"","forms":[],"evolutionStage":"1","preEvolvePokemon":"","eggGroups":"Field","height":"1'04\"","weight":"43.9 lbs.","genderRatio":"50% male, 50% female","catchRate":"45 (11.9%)","hatchTime":"20 cycles"}

[776/1025] Turtonator -> https://bulbapedia.bulbagarden.net/wiki/Turtonator_(Pokémon)
  OK: {"name":"Turtonator","primaryType":"Fire","secondaryType":"Dragon","forms":[],"evolutionStage":"1","preEvolvePokemon":"","eggGroups":"Monster and Dragon","height":"6'07\"","weight":"467.4 lbs.","genderRatio":"50% male, 50% female","catchRate":"70 (16.6%)","hatchTime":"20 cycles"}

[777/1025] Togedemaru -> https://bulbapedia.bulbagarden.net/wiki/Togedemaru_(Pokémon)
  OK: {"name":"Togedemaru","primaryType":"Electric","secondaryType":"Steel","forms":[],"evolutionStage":"1","preEvolvePokemon":"","eggGroups":"Field and Fairy","height":"1'00\"","weight":"7.3 lbs.","genderRatio":"50% male, 50% female","catchRate":"180 (33.8%)","hatchTime":"10 cycles"}

[778/1025] Mimikyu -> https://bulbapedia.bulbagarden.net/wiki/Mimikyu_(Pokémon)
  OK: {"name":"Mimikyu","primaryType":"Ghost","secondaryType":"Fairy","forms":["Disguised Form","Busted Form"],"evolutionStage":"1","preEvolvePokemon":"","eggGroups":"Amorphous","height":"0'08\"","weight":"1.5 lbs.","genderRatio":"50% male, 50% female","catchRate":"45 (11.9%)","hatchTime":"20 cycles"}

[779/1025] Bruxish -> https://bulbapedia.bulbagarden.net/wiki/Bruxish_(Pokémon)
  OK: {"name":"Bruxish","primaryType":"Water","secondaryType":"Psychic","forms":[],"evolutionStage":"1","preEvolvePokemon":"","eggGroups":"Water 2","height":"2'11\"","weight":"41.9 lbs.","genderRatio":"50% male, 50% female","catchRate":"80 (18.4%)","hatchTime":"15 cycles"}

[780/1025] Drampa -> https://bulbapedia.bulbagarden.net/wiki/Drampa_(Pokémon)
  OK: {"name":"Drampa","primaryType":"Normal","secondaryType":"Dragon","forms":["Mega Drampa"],"evolutionStage":"1","preEvolvePokemon":"","eggGroups":"Monster and Dragon","height":"9'10\"","weight":"407.9 lbs.","genderRatio":"50% male, 50% female","catchRate":"70 (16.6%)","hatchTime":"20 cycles"}

[781/1025] Dhelmise -> https://bulbapedia.bulbagarden.net/wiki/Dhelmise_(Pokémon)
  OK: {"name":"Dhelmise","primaryType":"Ghost","secondaryType":"Grass","forms":[],"evolutionStage":"1","preEvolvePokemon":"","eggGroups":"Mineral","height":"12'10\"","weight":"463.0 lbs.","genderRatio":"Gender unknown","catchRate":"25 (7.7%)","hatchTime":"25 cycles"}

[782/1025] Jangmo-o -> https://bulbapedia.bulbagarden.net/wiki/Jangmo-o_(Pokémon)
  OK: {"name":"Jangmo-o","primaryType":"Dragon","secondaryType":"","forms":[],"evolutionStage":"1","preEvolvePokemon":"","eggGroups":"Dragon","height":"2'00\"","weight":"65.5 lbs.","genderRatio":"50% male, 50% female","catchRate":"45 (11.9%)","hatchTime":"40 cycles"}

[785/1025] Tapu Koko -> https://bulbapedia.bulbagarden.net/wiki/Tapu%20Koko_(Pokémon)
  OK: {"name":"Tapu Koko","primaryType":"Electric","secondaryType":"Fairy","forms":[],"evolutionStage":"1","preEvolvePokemon":"","eggGroups":"No Eggs Discovered","height":"5'11\"","weight":"45.2 lbs.","genderRatio":"Gender unknown","catchRate":"3 (1.6%)","hatchTime":"15 cycles Egg not obtainable"}

[786/1025] Tapu Lele -> https://bulbapedia.bulbagarden.net/wiki/Tapu%20Lele_(Pokémon)
  OK: {"name":"Tapu Lele","primaryType":"Psychic","secondaryType":"Fairy","forms":[],"evolutionStage":"1","preEvolvePokemon":"","eggGroups":"No Eggs Discovered","height":"3'11\"","weight":"41.0 lbs.","genderRatio":"Gender unknown","catchRate":"3 (1.6%)","hatchTime":"15 cycles Egg not obtainable"}

[787/1025] Tapu Bulu -> https://bulbapedia.bulbagarden.net/wiki/Tapu%20Bulu_(Pokémon)
  OK: {"name":"Tapu Bulu","primaryType":"Grass","secondaryType":"Fairy","forms":[],"evolutionStage":"1","preEvolvePokemon":"","eggGroups":"No Eggs Discovered","height":"6'03\"","weight":"100.3 lbs.","genderRatio":"Gender unknown","catchRate":"3 (1.6%)","hatchTime":"15 cycles Egg not obtainable"}

[788/1025] Tapu Fini -> https://bulbapedia.bulbagarden.net/wiki/Tapu%20Fini_(Pokémon)
  OK: {"name":"Tapu Fini","primaryType":"Water","secondaryType":"Fairy","forms":[],"evolutionStage":"1","preEvolvePokemon":"","eggGroups":"No Eggs Discovered","height":"4'03\"","weight":"46.7 lbs.","genderRatio":"Gender unknown","catchRate":"3 (1.6%)","hatchTime":"15 cycles Egg not obtainable"}

[789/1025] Cosmog -> https://bulbapedia.bulbagarden.net/wiki/Cosmog_(Pokémon)
  OK: {"name":"Cosmog","primaryType":"Psychic","secondaryType":"","forms":[],"evolutionStage":"1","preEvolvePokemon":"","eggGroups":"No Eggs Discovered","height":"0'08\"","weight":"0.2 lbs.","genderRatio":"Gender unknown","catchRate":"3 (1.6%)","hatchTime":"120 cycles Egg not obtainable"}

[793/1025] Nihilego -> https://bulbapedia.bulbagarden.net/wiki/Nihilego_(Pokémon)
  OK: {"name":"Nihilego","primaryType":"Rock","secondaryType":"Poison","forms":[],"evolutionStage":"1","preEvolvePokemon":"","eggGroups":"No Eggs Discovered","height":"3'11\"","weight":"122.4 lbs.","genderRatio":"Gender unknown","catchRate":"45 (11.9%)","hatchTime":"120 cycles Egg not obtainable"}

[794/1025] Buzzwole -> https://bulbapedia.bulbagarden.net/wiki/Buzzwole_(Pokémon)
  OK: {"name":"Buzzwole","primaryType":"Bug","secondaryType":"Fighting","forms":[],"evolutionStage":"1","preEvolvePokemon":"","eggGroups":"No Eggs Discovered","height":"7'10\"","weight":"735.5 lbs.","genderRatio":"Gender unknown","catchRate":"45 (11.9%)","hatchTime":"120 cycles Egg not obtainable"}

[795/1025] Pheromosa -> https://bulbapedia.bulbagarden.net/wiki/Pheromosa_(Pokémon)
  OK: {"name":"Pheromosa","primaryType":"Bug","secondaryType":"Fighting","forms":[],"evolutionStage":"1","preEvolvePokemon":"","eggGroups":"No Eggs Discovered","height":"5'11\"","weight":"55.1 lbs.","genderRatio":"Gender unknown","catchRate":"45 (11.9%)","hatchTime":"120 cycles Egg not obtainable"}

[796/1025] Xurkitree -> https://bulbapedia.bulbagarden.net/wiki/Xurkitree_(Pokémon)
  OK: {"name":"Xurkitree","primaryType":"Electric","secondaryType":"","forms":[],"evolutionStage":"1","preEvolvePokemon":"","eggGroups":"No Eggs Discovered","height":"12'06\"","weight":"220.5 lbs.","genderRatio":"Gender unknown","catchRate":"45 (11.9%)","hatchTime":"120 cycles Egg not obtainable"}

[797/1025] Celesteela -> https://bulbapedia.bulbagarden.net/wiki/Celesteela_(Pokémon)
  OK: {"name":"Celesteela","primaryType":"Steel","secondaryType":"Flying","forms":[],"evolutionStage":"1","preEvolvePokemon":"","eggGroups":"No Eggs Discovered","height":"30'02\"","weight":"2204.4 lbs.","genderRatio":"Gender unknown","catchRate":"45 (11.9%)","hatchTime":"120 cycles Egg not obtainable"}

[798/1025] Kartana -> https://bulbapedia.bulbagarden.net/wiki/Kartana_(Pokémon)
  OK: {"name":"Kartana","primaryType":"Grass","secondaryType":"Steel","forms":[],"evolutionStage":"1","preEvolvePokemon":"","eggGroups":"No Eggs Discovered","height":"1'00\"","weight":"0.2 lbs.","genderRatio":"Gender unknown","catchRate":"45 (11.9%)","hatchTime":"120 cycles Egg not obtainable"}

[799/1025] Guzzlord -> https://bulbapedia.bulbagarden.net/wiki/Guzzlord_(Pokémon)
  OK: {"name":"Guzzlord","primaryType":"Dark","secondaryType":"Dragon","forms":[],"evolutionStage":"1","preEvolvePokemon":"","eggGroups":"No Eggs Discovered","height":"18'01\"","weight":"1957.7 lbs.","genderRatio":"Gender unknown","catchRate":"45 (11.9%)","hatchTime":"120 cycles Egg not obtainable"}

[800/1025] Necrozma -> https://bulbapedia.bulbagarden.net/wiki/Necrozma_(Pokémon)
  OK: {"name":"Necrozma","primaryType":"Psychic","secondaryType":"Steel","forms":["Dusk Mane Necrozma","Dawn Wings Necrozma","Ultra Necrozma"],"evolutionStage":"1","preEvolvePokemon":"","eggGroups":"No Eggs Discovered","height":"7'10\"","weight":"507.1 lbs.","genderRatio":"Gender unknown","catchRate":"3 (1.6%)","hatchTime":"120 cycles Egg not obtainable"}

[801/1025] Magearna -> https://bulbapedia.bulbagarden.net/wiki/Magearna_(Pokémon)
  OK: {"name":"Magearna","primaryType":"Steel","secondaryType":"Fairy","forms":["Original Color","Mega Magearna"],"evolutionStage":"1","preEvolvePokemon":"","eggGroups":"No Eggs Discovered","height":"3'03\"","weight":"177.5 lbs.","genderRatio":"Gender unknown","catchRate":"3 (1.6%)","hatchTime":"120 cycles Egg not obtainable"}

[802/1025] Marshadow -> https://bulbapedia.bulbagarden.net/wiki/Marshadow_(Pokémon)
  OK: {"name":"Marshadow","primaryType":"Fighting","secondaryType":"Ghost","forms":[],"evolutionStage":"1","preEvolvePokemon":"","eggGroups":"No Eggs Discovered","height":"2'04\"","weight":"48.9 lbs.","genderRatio":"Gender unknown","catchRate":"3 (1.6%)","hatchTime":"120 cycles Egg not obtainable"}

[803/1025] Poipole -> https://bulbapedia.bulbagarden.net/wiki/Poipole_(Pokémon)
  OK: {"name":"Poipole","primaryType":"Poison","secondaryType":"","forms":[],"evolutionStage":"1","preEvolvePokemon":"","eggGroups":"No Eggs Discovered","height":"2'00\"","weight":"4.0 lbs.","genderRatio":"Gender unknown","catchRate":"45 (11.9%)","hatchTime":"120 cycles Egg not obtainable"}

[805/1025] Stakataka -> https://bulbapedia.bulbagarden.net/wiki/Stakataka_(Pokémon)
  OK: {"name":"Stakataka","primaryType":"Rock","secondaryType":"Steel","forms":[],"evolutionStage":"1","preEvolvePokemon":"","eggGroups":"No Eggs Discovered","height":"18'01\"","weight":"1807.8 lbs.","genderRatio":"Gender unknown","catchRate":"30 (8.8%)","hatchTime":"120 cycles Egg not obtainable"}

[806/1025] Blacephalon -> https://bulbapedia.bulbagarden.net/wiki/Blacephalon_(Pokémon)
  OK: {"name":"Blacephalon","primaryType":"Fire","secondaryType":"Ghost","forms":[],"evolutionStage":"1","preEvolvePokemon":"","eggGroups":"No Eggs Discovered","height":"5'11\"","weight":"28.7 lbs.","genderRatio":"Gender unknown","catchRate":"30 (8.8%)","hatchTime":"120 cycles Egg not obtainable"}

[807/1025] Zeraora -> https://bulbapedia.bulbagarden.net/wiki/Zeraora_(Pokémon)
  OK: {"name":"Zeraora","primaryType":"Electric","secondaryType":"","forms":["Mega Zeraora"],"evolutionStage":"1","preEvolvePokemon":"","eggGroups":"No Eggs Discovered","height":"4'11\"","weight":"98.1 lbs.","genderRatio":"Gender unknown","catchRate":"3 (1.6%)","hatchTime":"120 cycles Egg not obtainable"}

[808/1025] Meltan -> https://bulbapedia.bulbagarden.net/wiki/Meltan_(Pokémon)
  OK: {"name":"Meltan","primaryType":"Steel","secondaryType":"","forms":[],"evolutionStage":"1","preEvolvePokemon":"","eggGroups":"No Eggs Discovered","height":"0'08\"","weight":"17.6 lbs.","genderRatio":"Gender unknown","catchRate":"3 (1.6%)","hatchTime":"120 cycles Egg not obtainable"}

[810/1025] Grookey -> https://bulbapedia.bulbagarden.net/wiki/Grookey_(Pokémon)
  OK: {"name":"Grookey","primaryType":"Grass","secondaryType":"","forms":[],"evolutionStage":"1","preEvolvePokemon":"","eggGroups":"Field and Grass","height":"1'00\"","weight":"11.0 lbs.","genderRatio":"87.5% male, 12.5% female","catchRate":"45 (11.9%)","hatchTime":"20 cycles"}

[813/1025] Scorbunny -> https://bulbapedia.bulbagarden.net/wiki/Scorbunny_(Pokémon)
  OK: {"name":"Scorbunny","primaryType":"Fire","secondaryType":"","forms":[],"evolutionStage":"1","preEvolvePokemon":"","eggGroups":"Field and Human-Like","height":"1'00\"","weight":"9.9 lbs.","genderRatio":"87.5% male, 12.5% female","catchRate":"45 (11.9%)","hatchTime":"20 cycles"}

[816/1025] Sobble -> https://bulbapedia.bulbagarden.net/wiki/Sobble_(Pokémon)
  OK: {"name":"Sobble","primaryType":"Water","secondaryType":"","forms":[],"evolutionStage":"1","preEvolvePokemon":"","eggGroups":"Water 1 and Field","height":"1'00\"","weight":"8.8 lbs.","genderRatio":"87.5% male, 12.5% female","catchRate":"45 (11.9%)","hatchTime":"20 cycles"}

[819/1025] Skwovet -> https://bulbapedia.bulbagarden.net/wiki/Skwovet_(Pokémon)
  OK: {"name":"Skwovet","primaryType":"Normal","secondaryType":"","forms":[],"evolutionStage":"1","preEvolvePokemon":"","eggGroups":"Field","height":"1'00\"","weight":"5.5 lbs.","genderRatio":"50% male, 50% female","catchRate":"255 (43.9%)","hatchTime":"20 cycles"}

[821/1025] Rookidee -> https://bulbapedia.bulbagarden.net/wiki/Rookidee_(Pokémon)
  OK: {"name":"Rookidee","primaryType":"Flying","secondaryType":"","forms":[],"evolutionStage":"1","preEvolvePokemon":"","eggGroups":"Flying","height":"0'08\"","weight":"4.0 lbs.","genderRatio":"50% male, 50% female","catchRate":"255 (43.9%)","hatchTime":"15 cycles"}

[824/1025] Blipbug -> https://bulbapedia.bulbagarden.net/wiki/Blipbug_(Pokémon)
  OK: {"name":"Blipbug","primaryType":"Bug","secondaryType":"","forms":[],"evolutionStage":"1","preEvolvePokemon":"","eggGroups":"Bug","height":"1'04\"","weight":"17.6 lbs.","genderRatio":"50% male, 50% female","catchRate":"255 (43.9%)","hatchTime":"15 cycles"}

[827/1025] Nickit -> https://bulbapedia.bulbagarden.net/wiki/Nickit_(Pokémon)
  OK: {"name":"Nickit","primaryType":"Dark","secondaryType":"","forms":[],"evolutionStage":"1","preEvolvePokemon":"","eggGroups":"Field","height":"2'00\"","weight":"19.6 lbs.","genderRatio":"50% male, 50% female","catchRate":"255 (43.9%)","hatchTime":"15 cycles"}

[829/1025] Gossifleur -> https://bulbapedia.bulbagarden.net/wiki/Gossifleur_(Pokémon)
  OK: {"name":"Gossifleur","primaryType":"Grass","secondaryType":"","forms":[],"evolutionStage":"1","preEvolvePokemon":"","eggGroups":"Grass","height":"1'04\"","weight":"4.9 lbs.","genderRatio":"50% male, 50% female","catchRate":"190 (35.2%)","hatchTime":"20 cycles"}

[831/1025] Wooloo -> https://bulbapedia.bulbagarden.net/wiki/Wooloo_(Pokémon)
  OK: {"name":"Wooloo","primaryType":"Normal","secondaryType":"","forms":[],"evolutionStage":"1","preEvolvePokemon":"","eggGroups":"Field","height":"2'00\"","weight":"13.2 lbs.","genderRatio":"50% male, 50% female","catchRate":"255 (43.9%)","hatchTime":"15 cycles"}

[833/1025] Chewtle -> https://bulbapedia.bulbagarden.net/wiki/Chewtle_(Pokémon)
  OK: {"name":"Chewtle","primaryType":"Water","secondaryType":"","forms":[],"evolutionStage":"1","preEvolvePokemon":"","eggGroups":"Monster and Water 1","height":"1'00\"","weight":"18.7 lbs.","genderRatio":"50% male, 50% female","catchRate":"255 (43.9%)","hatchTime":"20 cycles"}

[835/1025] Yamper -> https://bulbapedia.bulbagarden.net/wiki/Yamper_(Pokémon)
  OK: {"name":"Yamper","primaryType":"Electric","secondaryType":"","forms":[],"evolutionStage":"1","preEvolvePokemon":"","eggGroups":"Field","height":"1'00\"","weight":"29.8 lbs.","genderRatio":"50% male, 50% female","catchRate":"255 (43.9%)","hatchTime":"20 cycles"}

[837/1025] Rolycoly -> https://bulbapedia.bulbagarden.net/wiki/Rolycoly_(Pokémon)
  OK: {"name":"Rolycoly","primaryType":"Rock","secondaryType":"","forms":[],"evolutionStage":"1","preEvolvePokemon":"","eggGroups":"Mineral","height":"1'00\"","weight":"26.5 lbs.","genderRatio":"50% male, 50% female","catchRate":"255 (43.9%)","hatchTime":"15 cycles"}

[840/1025] Applin -> https://bulbapedia.bulbagarden.net/wiki/Applin_(Pokémon)
  OK: {"name":"Applin","primaryType":"Grass","secondaryType":"Dragon","forms":[],"evolutionStage":"1","preEvolvePokemon":"","eggGroups":"Grass and Dragon","height":"0'08\"","weight":"1.1 lbs.","genderRatio":"50% male, 50% female","catchRate":"255 (43.9%)","hatchTime":"20 cycles"}

[843/1025] Silicobra -> https://bulbapedia.bulbagarden.net/wiki/Silicobra_(Pokémon)
  OK: {"name":"Silicobra","primaryType":"Ground","secondaryType":"Dragon","forms":[],"evolutionStage":"1","preEvolvePokemon":"","eggGroups":"Field and Dragon","height":"7'03\"","weight":"16.8 lbs.","genderRatio":"50% male, 50% female","catchRate":"255 (43.9%)","hatchTime":"20 cycles"}

[845/1025] Cramorant -> https://bulbapedia.bulbagarden.net/wiki/Cramorant_(Pokémon)
  OK: {"name":"Cramorant","primaryType":"Flying","secondaryType":"Water","forms":["Gulping Form","Gorging Form"],"evolutionStage":"1","preEvolvePokemon":"","eggGroups":"Water 1 and Flying","height":"2'07\"","weight":"39.7 lbs.","genderRatio":"50% male, 50% female","catchRate":"45 (11.9%)","hatchTime":"20 cycles"}

[846/1025] Arrokuda -> https://bulbapedia.bulbagarden.net/wiki/Arrokuda_(Pokémon)
  OK: {"name":"Arrokuda","primaryType":"Water","secondaryType":"","forms":[],"evolutionStage":"1","preEvolvePokemon":"","eggGroups":"Water 2","height":"1'08\"","weight":"2.2 lbs.","genderRatio":"50% male, 50% female","catchRate":"255 (43.9%)","hatchTime":"20 cycles"}

[848/1025] Toxel -> https://bulbapedia.bulbagarden.net/wiki/Toxel_(Pokémon)
  OK: {"name":"Toxel","primaryType":"Electric","secondaryType":"Poison","forms":[],"evolutionStage":"1","preEvolvePokemon":"","eggGroups":"No Eggs Discovered","height":"1'04\"","weight":"24.3 lbs.","genderRatio":"50% male, 50% female","catchRate":"75 (17.5%)","hatchTime":"25 cycles"}

[850/1025] Sizzlipede -> https://bulbapedia.bulbagarden.net/wiki/Sizzlipede_(Pokémon)
  OK: {"name":"Sizzlipede","primaryType":"Fire","secondaryType":"Bug","forms":[],"evolutionStage":"1","preEvolvePokemon":"","eggGroups":"Bug","height":"2'04\"","weight":"2.2 lbs.","genderRatio":"50% male, 50% female","catchRate":"190 (35.2%)","hatchTime":"20 cycles"}

[852/1025] Clobbopus -> https://bulbapedia.bulbagarden.net/wiki/Clobbopus_(Pokémon)
  OK: {"name":"Clobbopus","primaryType":"Fighting","secondaryType":"","forms":[],"evolutionStage":"1","preEvolvePokemon":"","eggGroups":"Water 1 and Human-Like","height":"2'00\"","weight":"8.8 lbs.","genderRatio":"50% male, 50% female","catchRate":"180 (33.8%)","hatchTime":"25 cycles"}

[854/1025] Sinistea -> https://bulbapedia.bulbagarden.net/wiki/Sinistea_(Pokémon)
  OK: {"name":"Sinistea","primaryType":"Ghost","secondaryType":"","forms":["Phony Form","Antique Form"],"evolutionStage":"1","preEvolvePokemon":"","eggGroups":"Mineral and Amorphous","height":"0'04\"","weight":"0.4 lbs.","genderRatio":"Gender unknown","catchRate":"120 (24.9%)","hatchTime":"20 cycles"}

[856/1025] Hatenna -> https://bulbapedia.bulbagarden.net/wiki/Hatenna_(Pokémon)
  OK: {"name":"Hatenna","primaryType":"Psychic","secondaryType":"Fairy","forms":[],"evolutionStage":"1","preEvolvePokemon":"","eggGroups":"Fairy","height":"1'04\"","weight":"7.5 lbs.","genderRatio":"100% female","catchRate":"235 (41.3%)","hatchTime":"20 cycles"}

[859/1025] Impidimp -> https://bulbapedia.bulbagarden.net/wiki/Impidimp_(Pokémon)
  OK: {"name":"Impidimp","primaryType":"Dark","secondaryType":"Fairy","forms":[],"evolutionStage":"1","preEvolvePokemon":"","eggGroups":"Fairy and Human-Like","height":"1'04\"","weight":"12.1 lbs.","genderRatio":"100% male","catchRate":"255 (43.9%)","hatchTime":"20 cycles"}

[864/1025] Cursola -> https://bulbapedia.bulbagarden.net/wiki/Cursola_(Pokémon)
  OK: {"name":"Cursola","primaryType":"Ghost","secondaryType":"","forms":[],"evolutionStage":"1","preEvolvePokemon":"","eggGroups":"Water 1 and Water 3","height":"3'03\"","weight":"0.9 lbs.","genderRatio":"25% male, 75% female","catchRate":"30 (8.8%)","hatchTime":"20 cycles"}

[868/1025] Milcery -> https://bulbapedia.bulbagarden.net/wiki/Milcery_(Pokémon)
  OK: {"name":"Milcery","primaryType":"Fairy","secondaryType":"","forms":[],"evolutionStage":"1","preEvolvePokemon":"","eggGroups":"Fairy and Amorphous","height":"0'08\"","weight":"0.7 lbs.","genderRatio":"100% female","catchRate":"200 (36.6%)","hatchTime":"20 cycles"}

[870/1025] Falinks -> https://bulbapedia.bulbagarden.net/wiki/Falinks_(Pokémon)
  OK: {"name":"Falinks","primaryType":"Fighting","secondaryType":"Fairy","forms":["Mega Falinks"],"evolutionStage":"1","preEvolvePokemon":"","eggGroups":"Fairy and Mineral","height":"9'10\"","weight":"136.7 lbs.","genderRatio":"Gender unknown","catchRate":"45 (11.9%)","hatchTime":"25 cycles"}

[871/1025] Pincurchin -> https://bulbapedia.bulbagarden.net/wiki/Pincurchin_(Pokémon)
  OK: {"name":"Pincurchin","primaryType":"Electric","secondaryType":"","forms":[],"evolutionStage":"1","preEvolvePokemon":"","eggGroups":"Water 1 and Amorphous","height":"1'00\"","weight":"2.2 lbs.","genderRatio":"50% male, 50% female","catchRate":"75 (17.5%)","hatchTime":"20 cycles"}

[872/1025] Snom -> https://bulbapedia.bulbagarden.net/wiki/Snom_(Pokémon)
  OK: {"name":"Snom","primaryType":"Ice","secondaryType":"Bug","forms":[],"evolutionStage":"1","preEvolvePokemon":"","eggGroups":"Bug","height":"1'00\"","weight":"8.4 lbs.","genderRatio":"50% male, 50% female","catchRate":"190 (35.2%)","hatchTime":"20 cycles"}

[874/1025] Stonjourner -> https://bulbapedia.bulbagarden.net/wiki/Stonjourner_(Pokémon)
  OK: {"name":"Stonjourner","primaryType":"Rock","secondaryType":"","forms":[],"evolutionStage":"1","preEvolvePokemon":"","eggGroups":"Mineral","height":"8'02\"","weight":"1146.4 lbs.","genderRatio":"50% male, 50% female","catchRate":"60 (14.8%)","hatchTime":"25 cycles"}

[875/1025] Eiscue -> https://bulbapedia.bulbagarden.net/wiki/Eiscue_(Pokémon)
  OK: {"name":"Eiscue","primaryType":"Ice","secondaryType":"","forms":["Ice Face","Noice Face"],"evolutionStage":"1","preEvolvePokemon":"","eggGroups":"Water 1 and Field","height":"4'07\"","weight":"196.2 lbs.","genderRatio":"50% male, 50% female","catchRate":"60 (14.8%)","hatchTime":"25 cycles"}

[876/1025] Indeedee -> https://bulbapedia.bulbagarden.net/wiki/Indeedee_(Pokémon)
  OK: {"name":"Indeedee","primaryType":"Psychic","secondaryType":"Normal","forms":[],"evolutionStage":"1","preEvolvePokemon":"","eggGroups":"Fairy","height":"2'11\"","weight":"61.7 lbs.","genderRatio":"50% male, 50% female","catchRate":"30 (8.8%)","hatchTime":"40 cycles"}

[877/1025] Morpeko -> https://bulbapedia.bulbagarden.net/wiki/Morpeko_(Pokémon)
  OK: {"name":"Morpeko","primaryType":"Electric","secondaryType":"Dark","forms":["Full Belly Mode","Hangry Mode"],"evolutionStage":"1","preEvolvePokemon":"","eggGroups":"Field and Fairy","height":"1'00\"","weight":"6.6 lbs.","genderRatio":"50% male, 50% female","catchRate":"180 (33.8%)","hatchTime":"10 cycles"}

[878/1025] Cufant -> https://bulbapedia.bulbagarden.net/wiki/Cufant_(Pokémon)
  OK: {"name":"Cufant","primaryType":"Steel","secondaryType":"","forms":[],"evolutionStage":"1","preEvolvePokemon":"","eggGroups":"Field and Mineral","height":"3'11\"","weight":"220.5 lbs.","genderRatio":"50% male, 50% female","catchRate":"190 (35.2%)","hatchTime":"25 cycles"}

[880/1025] Dracozolt -> https://bulbapedia.bulbagarden.net/wiki/Dracozolt_(Pokémon)
  OK: {"name":"Dracozolt","primaryType":"Electric","secondaryType":"Dragon","forms":[],"evolutionStage":"1","preEvolvePokemon":"","eggGroups":"No Eggs Discovered","height":"5'11\"","weight":"418.9 lbs.","genderRatio":"Gender unknown","catchRate":"45 (11.9%)","hatchTime":"35 cycles Egg not obtainable"}

[881/1025] Arctozolt -> https://bulbapedia.bulbagarden.net/wiki/Arctozolt_(Pokémon)
  OK: {"name":"Arctozolt","primaryType":"Electric","secondaryType":"Ice","forms":[],"evolutionStage":"1","preEvolvePokemon":"","eggGroups":"No Eggs Discovered","height":"7'07\"","weight":"330.7 lbs.","genderRatio":"Gender unknown","catchRate":"45 (11.9%)","hatchTime":"35 cycles Egg not obtainable"}

[882/1025] Dracovish -> https://bulbapedia.bulbagarden.net/wiki/Dracovish_(Pokémon)
  OK: {"name":"Dracovish","primaryType":"Water","secondaryType":"Dragon","forms":[],"evolutionStage":"1","preEvolvePokemon":"","eggGroups":"No Eggs Discovered","height":"7'07\"","weight":"474.0 lbs.","genderRatio":"Gender unknown","catchRate":"45 (11.9%)","hatchTime":"35 cycles Egg not obtainable"}

[883/1025] Arctovish -> https://bulbapedia.bulbagarden.net/wiki/Arctovish_(Pokémon)
  OK: {"name":"Arctovish","primaryType":"Water","secondaryType":"Ice","forms":[],"evolutionStage":"1","preEvolvePokemon":"","eggGroups":"No Eggs Discovered","height":"6'07\"","weight":"385.8 lbs.","genderRatio":"Gender unknown","catchRate":"45 (11.9%)","hatchTime":"35 cycles Egg not obtainable"}

[884/1025] Duraludon -> https://bulbapedia.bulbagarden.net/wiki/Duraludon_(Pokémon)
  OK: {"name":"Duraludon","primaryType":"Steel","secondaryType":"Dragon","forms":[],"evolutionStage":"1","preEvolvePokemon":"","eggGroups":"Mineral and Dragon","height":"5'11\"","weight":"88.2 lbs.","genderRatio":"50% male, 50% female","catchRate":"45 (11.9%)","hatchTime":"30 cycles"}

[885/1025] Dreepy -> https://bulbapedia.bulbagarden.net/wiki/Dreepy_(Pokémon)
  OK: {"name":"Dreepy","primaryType":"Dragon","secondaryType":"Ghost","forms":[],"evolutionStage":"1","preEvolvePokemon":"","eggGroups":"Amorphous and Dragon","height":"1'08\"","weight":"4.4 lbs.","genderRatio":"50% male, 50% female","catchRate":"45 (11.9%)","hatchTime":"40 cycles"}

[888/1025] Zacian -> https://bulbapedia.bulbagarden.net/wiki/Zacian_(Pokémon)
  OK: {"name":"Zacian","primaryType":"Fairy","secondaryType":"Steel","forms":["Hero of Many Battles","Crowned Sword"],"evolutionStage":"1","preEvolvePokemon":"","eggGroups":"No Eggs Discovered","height":"9'02\"","weight":"242.5 lbs.","genderRatio":"Gender unknown","catchRate":"10 (3.9%)","hatchTime":"120 cycles Egg not obtainable"}

[889/1025] Zamazenta -> https://bulbapedia.bulbagarden.net/wiki/Zamazenta_(Pokémon)
  OK: {"name":"Zamazenta","primaryType":"Fighting","secondaryType":"Steel","forms":["Hero of Many Battles","Crowned Shield"],"evolutionStage":"1","preEvolvePokemon":"","eggGroups":"No Eggs Discovered","height":"9'06\"","weight":"463.0 lbs.","genderRatio":"Gender unknown","catchRate":"10 (3.9%)","hatchTime":"120 cycles Egg not obtainable"}

[890/1025] Eternatus -> https://bulbapedia.bulbagarden.net/wiki/Eternatus_(Pokémon)
  OK: {"name":"Eternatus","primaryType":"Poison","secondaryType":"Dragon","forms":[],"evolutionStage":"1","preEvolvePokemon":"","eggGroups":"No Eggs Discovered","height":"65'07\"","weight":"2094.4 lbs.","genderRatio":"Gender unknown","catchRate":"255 (43.9%)","hatchTime":"120 cycles Egg not obtainable"}

[891/1025] Kubfu -> https://bulbapedia.bulbagarden.net/wiki/Kubfu_(Pokémon)
  OK: {"name":"Kubfu","primaryType":"Fighting","secondaryType":"","forms":[],"evolutionStage":"1","preEvolvePokemon":"","eggGroups":"No Eggs Discovered","height":"2'00\"","weight":"26.5 lbs.","genderRatio":"87.5% male, 12.5% female","catchRate":"3 (1.6%)","hatchTime":"120 cycles Egg not obtainable"}

[892/1025] Urshifu -> https://bulbapedia.bulbagarden.net/wiki/Urshifu_(Pokémon)
  OK: {"name":"Urshifu","primaryType":"Fighting","secondaryType":"Dark","forms":["Single Strike Style","Rapid Strike Style","Gigantamax Urshifu (Single Strike Style)","Gigantamax Urshifu (Rapid Strike Style)"],"evolutionStage":"final","preEvolvePokemon":"Kubfu","eggGroups":"No Eggs Discovered","height":"6'03\"","weight":"231.5 lbs.","genderRatio":"87.5% male, 12.5% female","catchRate":"3 (1.6%)","hatchTime":"120 cycles Egg not obtainable"}

[893/1025] Zarude -> https://bulbapedia.bulbagarden.net/wiki/Zarude_(Pokémon)
  OK: {"name":"Zarude","primaryType":"Dark","secondaryType":"Grass","forms":[],"evolutionStage":"1","preEvolvePokemon":"","eggGroups":"No Eggs Discovered","height":"5'11\"","weight":"154.3 lbs.","genderRatio":"Gender unknown","catchRate":"3 (1.6%)","hatchTime":"120 cycles Egg not obtainable"}

[894/1025] Regieleki -> https://bulbapedia.bulbagarden.net/wiki/Regieleki_(Pokémon)
  OK: {"name":"Regieleki","primaryType":"Electric","secondaryType":"","forms":[],"evolutionStage":"1","preEvolvePokemon":"","eggGroups":"No Eggs Discovered","height":"3'11\"","weight":"319.7 lbs.","genderRatio":"Gender unknown","catchRate":"3 (1.6%)","hatchTime":"120 cycles Egg not obtainable"}

[895/1025] Regidrago -> https://bulbapedia.bulbagarden.net/wiki/Regidrago_(Pokémon)
  OK: {"name":"Regidrago","primaryType":"Dragon","secondaryType":"","forms":[],"evolutionStage":"1","preEvolvePokemon":"","eggGroups":"No Eggs Discovered","height":"6'11\"","weight":"440.9 lbs.","genderRatio":"Gender unknown","catchRate":"3 (1.6%)","hatchTime":"120 cycles Egg not obtainable"}

[896/1025] Glastrier -> https://bulbapedia.bulbagarden.net/wiki/Glastrier_(Pokémon)
  OK: {"name":"Glastrier","primaryType":"Ice","secondaryType":"","forms":[],"evolutionStage":"1","preEvolvePokemon":"","eggGroups":"No Eggs Discovered","height":"7'03\"","weight":"1763.7 lbs.","genderRatio":"Gender unknown","catchRate":"3 (1.6%)","hatchTime":"120 cycles Egg not obtainable"}

[897/1025] Spectrier -> https://bulbapedia.bulbagarden.net/wiki/Spectrier_(Pokémon)
  OK: {"name":"Spectrier","primaryType":"Ghost","secondaryType":"","forms":[],"evolutionStage":"1","preEvolvePokemon":"","eggGroups":"No Eggs Discovered","height":"6'07\"","weight":"98.1 lbs.","genderRatio":"Gender unknown","catchRate":"3 (1.6%)","hatchTime":"120 cycles Egg not obtainable"}

[898/1025] Calyrex -> https://bulbapedia.bulbagarden.net/wiki/Calyrex_(Pokémon)
  OK: {"name":"Calyrex","primaryType":"Psychic","secondaryType":"Grass","forms":["Ice Rider Calyrex","Shadow Rider Calyrex"],"evolutionStage":"1","preEvolvePokemon":"","eggGroups":"No Eggs Discovered","height":"3'07\"","weight":"17.0 lbs.","genderRatio":"Gender unknown","catchRate":"3 (1.6%)","hatchTime":"120 cycles Egg not obtainable"}

[904/1025] Enamorus -> https://bulbapedia.bulbagarden.net/wiki/Enamorus_(Pokémon)
  OK: {"name":"Enamorus","primaryType":"Fairy","secondaryType":"Flying","forms":["Incarnate Forme","Therian Forme"],"evolutionStage":"1","preEvolvePokemon":"","eggGroups":"No Eggs Discovered","height":"5'03\"","weight":"105.8 lbs.","genderRatio":"100% female","catchRate":"3 (1.6%)","hatchTime":"20 cycles Egg not obtainable"}

[906/1025] Sprigatito -> https://bulbapedia.bulbagarden.net/wiki/Sprigatito_(Pokémon)
  OK: {"name":"Sprigatito","primaryType":"Grass","secondaryType":"","forms":[],"evolutionStage":"1","preEvolvePokemon":"","eggGroups":"Field and Grass","height":"1'04\"","weight":"9.0 lbs.","genderRatio":"87.5% male, 12.5% female","catchRate":"45 (11.9%)","hatchTime":"20 cycles"}

[909/1025] Fuecoco -> https://bulbapedia.bulbagarden.net/wiki/Fuecoco_(Pokémon)
  OK: {"name":"Fuecoco","primaryType":"Fire","secondaryType":"","forms":[],"evolutionStage":"1","preEvolvePokemon":"","eggGroups":"Field","height":"1'04\"","weight":"21.6 lbs.","genderRatio":"87.5% male, 12.5% female","catchRate":"45 (11.9%)","hatchTime":"20 cycles"}

[912/1025] Quaxly -> https://bulbapedia.bulbagarden.net/wiki/Quaxly_(Pokémon)
  OK: {"name":"Quaxly","primaryType":"Water","secondaryType":"Flying","forms":[],"evolutionStage":"1","preEvolvePokemon":"","eggGroups":"Flying and Water 1","height":"1'08\"","weight":"13.4 lbs.","genderRatio":"87.5% male, 12.5% female","catchRate":"45 (11.9%)","hatchTime":"20 cycles"}

[915/1025] Lechonk -> https://bulbapedia.bulbagarden.net/wiki/Lechonk_(Pokémon)
  OK: {"name":"Lechonk","primaryType":"Normal","secondaryType":"","forms":[],"evolutionStage":"1","preEvolvePokemon":"","eggGroups":"Field","height":"1'08\"","weight":"22.5 lbs.","genderRatio":"50% male, 50% female","catchRate":"255 (43.9%)","hatchTime":"15 cycles"}

[917/1025] Tarountula -> https://bulbapedia.bulbagarden.net/wiki/Tarountula_(Pokémon)
  OK: {"name":"Tarountula","primaryType":"Bug","secondaryType":"","forms":[],"evolutionStage":"1","preEvolvePokemon":"","eggGroups":"Bug","height":"1'00\"","weight":"8.8 lbs.","genderRatio":"50% male, 50% female","catchRate":"255 (43.9%)","hatchTime":"15 cycles"}

[919/1025] Nymble -> https://bulbapedia.bulbagarden.net/wiki/Nymble_(Pokémon)
  OK: {"name":"Nymble","primaryType":"Bug","secondaryType":"","forms":[],"evolutionStage":"1","preEvolvePokemon":"","eggGroups":"Bug","height":"0'08\"","weight":"2.2 lbs.","genderRatio":"50% male, 50% female","catchRate":"190 (35.2%)","hatchTime":"20 cycles"}

[921/1025] Pawmi -> https://bulbapedia.bulbagarden.net/wiki/Pawmi_(Pokémon)
  OK: {"name":"Pawmi","primaryType":"Electric","secondaryType":"","forms":[],"evolutionStage":"1","preEvolvePokemon":"","eggGroups":"Field","height":"1'00\"","weight":"5.5 lbs.","genderRatio":"50% male, 50% female","catchRate":"190 (35.2%)","hatchTime":"15 cycles"}

[923/1025] Pawmot -> https://bulbapedia.bulbagarden.net/wiki/Pawmot_(Pokémon)
  OK: {"name":"Pawmot","primaryType":"Electric","secondaryType":"Fighting","forms":[],"evolutionStage":"final","preEvolvePokemon":"Pawmo","eggGroups":"Field","height":"2'11\"","weight":"90.4 lbs.","genderRatio":"50% male, 50% female","catchRate":"45 (11.9%)","hatchTime":"15 cycles"}

[924/1025] Tandemaus -> https://bulbapedia.bulbagarden.net/wiki/Tandemaus_(Pokémon)
  OK: {"name":"Tandemaus","primaryType":"Normal","secondaryType":"Fairy","forms":[],"evolutionStage":"1","preEvolvePokemon":"","eggGroups":"Field and Fairy","height":"1'00\"","weight":"4.0 lbs.","genderRatio":"Gender unknown","catchRate":"150 (29.5%)","hatchTime":"10 cycles"}

[926/1025] Fidough -> https://bulbapedia.bulbagarden.net/wiki/Fidough_(Pokémon)
  OK: {"name":"Fidough","primaryType":"Fairy","secondaryType":"","forms":[],"evolutionStage":"1","preEvolvePokemon":"","eggGroups":"Field and Mineral","height":"1'00\"","weight":"24.0 lbs.","genderRatio":"50% male, 50% female","catchRate":"190 (35.2%)","hatchTime":"20 cycles"}

[928/1025] Smoliv -> https://bulbapedia.bulbagarden.net/wiki/Smoliv_(Pokémon)
  OK: {"name":"Smoliv","primaryType":"Grass","secondaryType":"Normal","forms":[],"evolutionStage":"1","preEvolvePokemon":"","eggGroups":"Grass","height":"1'00\"","weight":"14.3 lbs.","genderRatio":"50% male, 50% female","catchRate":"255 (43.9%)","hatchTime":"20 cycles"}

[931/1025] Squawkabilly -> https://bulbapedia.bulbagarden.net/wiki/Squawkabilly_(Pokémon)
  OK: {"name":"Squawkabilly","primaryType":"Normal","secondaryType":"Flying","forms":["Green Plumage","Blue Plumage","Yellow Plumage","White Plumage"],"evolutionStage":"1","preEvolvePokemon":"","eggGroups":"Flying","height":"2'00\"","weight":"5.3 lbs.","genderRatio":"50% male, 50% female","catchRate":"190 (35.2%)","hatchTime":"15 cycles"}

[932/1025] Nacli -> https://bulbapedia.bulbagarden.net/wiki/Nacli_(Pokémon)
  OK: {"name":"Nacli","primaryType":"Rock","secondaryType":"","forms":[],"evolutionStage":"1","preEvolvePokemon":"","eggGroups":"Mineral","height":"1'04\"","weight":"35.3 lbs.","genderRatio":"50% male, 50% female","catchRate":"255 (43.9%)","hatchTime":"20 cycles"}

[935/1025] Charcadet -> https://bulbapedia.bulbagarden.net/wiki/Charcadet_(Pokémon)
  OK: {"name":"Charcadet","primaryType":"Fire","secondaryType":"","forms":[],"evolutionStage":"1","preEvolvePokemon":"","eggGroups":"Human-Like","height":"2'00\"","weight":"23.1 lbs.","genderRatio":"50% male, 50% female","catchRate":"90 (20.1%)","hatchTime":"35 cycles"}

[938/1025] Tadbulb -> https://bulbapedia.bulbagarden.net/wiki/Tadbulb_(Pokémon)
  OK: {"name":"Tadbulb","primaryType":"Electric","secondaryType":"","forms":[],"evolutionStage":"1","preEvolvePokemon":"","eggGroups":"Water 1","height":"1'00\"","weight":"0.9 lbs.","genderRatio":"50% male, 50% female","catchRate":"190 (35.2%)","hatchTime":"20 cycles"}

[940/1025] Wattrel -> https://bulbapedia.bulbagarden.net/wiki/Wattrel_(Pokémon)
  OK: {"name":"Wattrel","primaryType":"Electric","secondaryType":"Flying","forms":[],"evolutionStage":"1","preEvolvePokemon":"","eggGroups":"Water 1 and Flying","height":"1'04\"","weight":"7.9 lbs.","genderRatio":"50% male, 50% female","catchRate":"180 (33.8%)","hatchTime":"20 cycles"}

[942/1025] Maschiff -> https://bulbapedia.bulbagarden.net/wiki/Maschiff_(Pokémon)
  OK: {"name":"Maschiff","primaryType":"Dark","secondaryType":"","forms":[],"evolutionStage":"1","preEvolvePokemon":"","eggGroups":"Field","height":"1'08\"","weight":"35.3 lbs.","genderRatio":"50% male, 50% female","catchRate":"150 (29.5%)","hatchTime":"20 cycles"}

[944/1025] Shroodle -> https://bulbapedia.bulbagarden.net/wiki/Shroodle_(Pokémon)
  OK: {"name":"Shroodle","primaryType":"Poison","secondaryType":"Normal","forms":[],"evolutionStage":"1","preEvolvePokemon":"","eggGroups":"Field","height":"0'08\"","weight":"1.5 lbs.","genderRatio":"50% male, 50% female","catchRate":"190 (35.2%)","hatchTime":"20 cycles"}

[946/1025] Bramblin -> https://bulbapedia.bulbagarden.net/wiki/Bramblin_(Pokémon)
  OK: {"name":"Bramblin","primaryType":"Grass","secondaryType":"Ghost","forms":[],"evolutionStage":"1","preEvolvePokemon":"","eggGroups":"Grass","height":"2'00\"","weight":"1.3 lbs.","genderRatio":"50% male, 50% female","catchRate":"190 (35.2%)","hatchTime":"20 cycles"}

[948/1025] Toedscool -> https://bulbapedia.bulbagarden.net/wiki/Toedscool_(Pokémon)
  OK: {"name":"Toedscool","primaryType":"Ground","secondaryType":"Grass","forms":[],"evolutionStage":"1","preEvolvePokemon":"","eggGroups":"Grass","height":"2'11\"","weight":"72.8 lbs.","genderRatio":"50% male, 50% female","catchRate":"190 (35.2%)","hatchTime":"20 cycles"}

[950/1025] Klawf -> https://bulbapedia.bulbagarden.net/wiki/Klawf_(Pokémon)
  OK: {"name":"Klawf","primaryType":"Rock","secondaryType":"","forms":[],"evolutionStage":"1","preEvolvePokemon":"","eggGroups":"Water 3","height":"4'03\"","weight":"174.2 lbs.","genderRatio":"50% male, 50% female","catchRate":"120 (24.9%)","hatchTime":"35 cycles"}

[951/1025] Capsakid -> https://bulbapedia.bulbagarden.net/wiki/Capsakid_(Pokémon)
  OK: {"name":"Capsakid","primaryType":"Grass","secondaryType":"","forms":[],"evolutionStage":"1","preEvolvePokemon":"","eggGroups":"Grass","height":"1'00\"","weight":"6.6 lbs.","genderRatio":"50% male, 50% female","catchRate":"190 (35.2%)","hatchTime":"20 cycles"}

[953/1025] Rellor -> https://bulbapedia.bulbagarden.net/wiki/Rellor_(Pokémon)
  OK: {"name":"Rellor","primaryType":"Bug","secondaryType":"","forms":[],"evolutionStage":"1","preEvolvePokemon":"","eggGroups":"Bug","height":"0'08\"","weight":"2.2 lbs.","genderRatio":"50% male, 50% female","catchRate":"190 (35.2%)","hatchTime":"20 cycles"}

[955/1025] Flittle -> https://bulbapedia.bulbagarden.net/wiki/Flittle_(Pokémon)
  OK: {"name":"Flittle","primaryType":"Psychic","secondaryType":"Flying","forms":[],"evolutionStage":"1","preEvolvePokemon":"","eggGroups":"Flying","height":"0'08\"","weight":"3.3 lbs.","genderRatio":"50% male, 50% female","catchRate":"120 (24.9%)","hatchTime":"20 cycles"}

[957/1025] Tinkatink -> https://bulbapedia.bulbagarden.net/wiki/Tinkatink_(Pokémon)
  OK: {"name":"Tinkatink","primaryType":"Fairy","secondaryType":"Steel","forms":[],"evolutionStage":"1","preEvolvePokemon":"","eggGroups":"Fairy","height":"1'04\"","weight":"19.6 lbs.","genderRatio":"100% female","catchRate":"190 (35.2%)","hatchTime":"20 cycles"}

[960/1025] Wiglett -> https://bulbapedia.bulbagarden.net/wiki/Wiglett_(Pokémon)
  OK: {"name":"Wiglett","primaryType":"Water","secondaryType":"","forms":[],"evolutionStage":"1","preEvolvePokemon":"","eggGroups":"Water 3","height":"3'11\"","weight":"4.0 lbs.","genderRatio":"50% male, 50% female","catchRate":"255 (43.9%)","hatchTime":"20 cycles"}

[962/1025] Bombirdier -> https://bulbapedia.bulbagarden.net/wiki/Bombirdier_(Pokémon)
  OK: {"name":"Bombirdier","primaryType":"Flying","secondaryType":"Dark","forms":[],"evolutionStage":"1","preEvolvePokemon":"","eggGroups":"Flying","height":"4'11\"","weight":"94.6 lbs.","genderRatio":"50% male, 50% female","catchRate":"25 (7.7%)","hatchTime":"35 cycles"}

[963/1025] Finizen -> https://bulbapedia.bulbagarden.net/wiki/Finizen_(Pokémon)
  OK: {"name":"Finizen","primaryType":"Water","secondaryType":"","forms":[],"evolutionStage":"1","preEvolvePokemon":"","eggGroups":"Field and Water 2","height":"4'03\"","weight":"132.7 lbs.","genderRatio":"50% male, 50% female","catchRate":"200 (36.6%)","hatchTime":"40 cycles"}

[964/1025] Palafin -> https://bulbapedia.bulbagarden.net/wiki/Palafin_(Pokémon)
  OK: {"name":"Palafin","primaryType":"Water","secondaryType":"","forms":["Zero Form","Hero Form"],"evolutionStage":"final","preEvolvePokemon":"Finizen","eggGroups":"Field and Water 2","height":"4'03\"","weight":"132.7 lbs.","genderRatio":"50% male, 50% female","catchRate":"45 (11.9%)","hatchTime":"40 cycles"}

[965/1025] Varoom -> https://bulbapedia.bulbagarden.net/wiki/Varoom_(Pokémon)
  OK: {"name":"Varoom","primaryType":"Steel","secondaryType":"Poison","forms":[],"evolutionStage":"1","preEvolvePokemon":"","eggGroups":"Mineral","height":"3'03\"","weight":"77.2 lbs.","genderRatio":"50% male, 50% female","catchRate":"190 (35.2%)","hatchTime":"20 cycles"}

[967/1025] Cyclizar -> https://bulbapedia.bulbagarden.net/wiki/Cyclizar_(Pokémon)
  OK: {"name":"Cyclizar","primaryType":"Dragon","secondaryType":"Normal","forms":[],"evolutionStage":"1","preEvolvePokemon":"","eggGroups":"Field","height":"5'03\"","weight":"138.9 lbs.","genderRatio":"50% male, 50% female","catchRate":"190 (35.2%)","hatchTime":"30 cycles"}

[968/1025] Orthworm -> https://bulbapedia.bulbagarden.net/wiki/Orthworm_(Pokémon)
  OK: {"name":"Orthworm","primaryType":"Steel","secondaryType":"","forms":[],"evolutionStage":"1","preEvolvePokemon":"","eggGroups":"Field","height":"8'02\"","weight":"683.4 lbs.","genderRatio":"50% male, 50% female","catchRate":"25 (7.7%)","hatchTime":"35 cycles"}

[969/1025] Glimmet -> https://bulbapedia.bulbagarden.net/wiki/Glimmet_(Pokémon)
  OK: {"name":"Glimmet","primaryType":"Rock","secondaryType":"Poison","forms":[],"evolutionStage":"1","preEvolvePokemon":"","eggGroups":"Mineral","height":"2'04\"","weight":"17.6 lbs.","genderRatio":"50% male, 50% female","catchRate":"70 (16.6%)","hatchTime":"30 cycles"}

[971/1025] Greavard -> https://bulbapedia.bulbagarden.net/wiki/Greavard_(Pokémon)
  OK: {"name":"Greavard","primaryType":"Ghost","secondaryType":"","forms":[],"evolutionStage":"1","preEvolvePokemon":"","eggGroups":"Field","height":"2'00\"","weight":"77.2 lbs.","genderRatio":"50% male, 50% female","catchRate":"120 (24.9%)","hatchTime":"20 cycles"}

[973/1025] Flamigo -> https://bulbapedia.bulbagarden.net/wiki/Flamigo_(Pokémon)
  OK: {"name":"Flamigo","primaryType":"Flying","secondaryType":"Fighting","forms":[],"evolutionStage":"1","preEvolvePokemon":"","eggGroups":"Flying","height":"5'03\"","weight":"81.6 lbs.","genderRatio":"50% male, 50% female","catchRate":"100 (21.7%)","hatchTime":"20 cycles"}

[974/1025] Cetoddle -> https://bulbapedia.bulbagarden.net/wiki/Cetoddle_(Pokémon)
  OK: {"name":"Cetoddle","primaryType":"Ice","secondaryType":"","forms":[],"evolutionStage":"1","preEvolvePokemon":"","eggGroups":"Field","height":"3'11\"","weight":"99.2 lbs.","genderRatio":"50% male, 50% female","catchRate":"150 (29.5%)","hatchTime":"25 cycles"}

[976/1025] Veluza -> https://bulbapedia.bulbagarden.net/wiki/Veluza_(Pokémon)
  OK: {"name":"Veluza","primaryType":"Water","secondaryType":"Psychic","forms":[],"evolutionStage":"1","preEvolvePokemon":"","eggGroups":"Water 2","height":"8'02\"","weight":"198.4 lbs.","genderRatio":"50% male, 50% female","catchRate":"100 (21.7%)","hatchTime":"20 cycles"}

[977/1025] Dondozo -> https://bulbapedia.bulbagarden.net/wiki/Dondozo_(Pokémon)
  OK: {"name":"Dondozo","primaryType":"Water","secondaryType":"","forms":[],"evolutionStage":"1","preEvolvePokemon":"","eggGroups":"Water 2","height":"39'04\"","weight":"485.0 lbs.","genderRatio":"50% male, 50% female","catchRate":"25 (7.7%)","hatchTime":"40 cycles"}

[978/1025] Tatsugiri -> https://bulbapedia.bulbagarden.net/wiki/Tatsugiri_(Pokémon)
  OK: {"name":"Tatsugiri","primaryType":"Dragon","secondaryType":"Water","forms":["Curly Form","Droopy Form","Stretchy Form","Mega Tatsugiri"],"evolutionStage":"1","preEvolvePokemon":"","eggGroups":"Water 2","height":"1'00\"","weight":"17.6 lbs.","genderRatio":"50% male, 50% female","catchRate":"100 (21.7%)","hatchTime":"35 cycles"}

[984/1025] Great Tusk -> https://bulbapedia.bulbagarden.net/wiki/Great%20Tusk_(Pokémon)
  OK: {"name":"Great Tusk","primaryType":"Ground","secondaryType":"Fighting","forms":[],"evolutionStage":"1","preEvolvePokemon":"","eggGroups":"No Eggs Discovered","height":"7'03\"","weight":"705.5 lbs.","genderRatio":"Gender unknown","catchRate":"30 (8.8%)","hatchTime":"50 cycles Egg not obtainable"}

[985/1025] Scream Tail -> https://bulbapedia.bulbagarden.net/wiki/Scream%20Tail_(Pokémon)
  OK: {"name":"Scream Tail","primaryType":"Fairy","secondaryType":"Psychic","forms":[],"evolutionStage":"1","preEvolvePokemon":"","eggGroups":"No Eggs Discovered","height":"3'11\"","weight":"17.6 lbs.","genderRatio":"Gender unknown","catchRate":"50 (12.9%)","hatchTime":"50 cycles"}

[986/1025] Brute Bonnet -> https://bulbapedia.bulbagarden.net/wiki/Brute%20Bonnet_(Pokémon)
  OK: {"name":"Brute Bonnet","primaryType":"Grass","secondaryType":"Dark","forms":[],"evolutionStage":"1","preEvolvePokemon":"","eggGroups":"No Eggs Discovered","height":"3'11\"","weight":"46.3 lbs.","genderRatio":"Gender unknown","catchRate":"50 (12.9%)","hatchTime":"50 cycles"}

[987/1025] Flutter Mane -> https://bulbapedia.bulbagarden.net/wiki/Flutter%20Mane_(Pokémon)
  OK: {"name":"Flutter Mane","primaryType":"Ghost","secondaryType":"Fairy","forms":[],"evolutionStage":"1","preEvolvePokemon":"","eggGroups":"No Eggs Discovered","height":"4'07\"","weight":"8.8 lbs.","genderRatio":"Gender unknown","catchRate":"30 (8.8%)","hatchTime":"50 cycles"}

[988/1025] Slither Wing -> https://bulbapedia.bulbagarden.net/wiki/Slither%20Wing_(Pokémon)
  OK: {"name":"Slither Wing","primaryType":"Bug","secondaryType":"Fighting","forms":[],"evolutionStage":"1","preEvolvePokemon":"","eggGroups":"No Eggs Discovered","height":"10'06\"","weight":"202.8 lbs.","genderRatio":"Gender unknown","catchRate":"30 (8.8%)","hatchTime":"50 cycles"}

[989/1025] Sandy Shocks -> https://bulbapedia.bulbagarden.net/wiki/Sandy%20Shocks_(Pokémon)
  OK: {"name":"Sandy Shocks","primaryType":"Electric","secondaryType":"Ground","forms":[],"evolutionStage":"1","preEvolvePokemon":"","eggGroups":"No Eggs Discovered","height":"7'07\"","weight":"132.3 lbs.","genderRatio":"Gender unknown","catchRate":"30 (8.8%)","hatchTime":"50 cycles"}

[990/1025] Iron Treads -> https://bulbapedia.bulbagarden.net/wiki/Iron%20Treads_(Pokémon)
  OK: {"name":"Iron Treads","primaryType":"Ground","secondaryType":"Steel","forms":[],"evolutionStage":"1","preEvolvePokemon":"","eggGroups":"No Eggs Discovered","height":"2'11\"","weight":"529.2 lbs.","genderRatio":"Gender unknown","catchRate":"30 (8.8%)","hatchTime":"50 cycles"}

[991/1025] Iron Bundle -> https://bulbapedia.bulbagarden.net/wiki/Iron%20Bundle_(Pokémon)
  OK: {"name":"Iron Bundle","primaryType":"Ice","secondaryType":"Water","forms":[],"evolutionStage":"1","preEvolvePokemon":"","eggGroups":"No Eggs Discovered","height":"2'00\"","weight":"24.3 lbs.","genderRatio":"Gender unknown","catchRate":"50 (12.9%)","hatchTime":"50 cycles"}

[992/1025] Iron Hands -> https://bulbapedia.bulbagarden.net/wiki/Iron%20Hands_(Pokémon)
  OK: {"name":"Iron Hands","primaryType":"Fighting","secondaryType":"Electric","forms":[],"evolutionStage":"1","preEvolvePokemon":"","eggGroups":"No Eggs Discovered","height":"5'11\"","weight":"839.3 lbs.","genderRatio":"Gender unknown","catchRate":"50 (12.9%)","hatchTime":"50 cycles Egg not obtainable"}

[993/1025] Iron Jugulis -> https://bulbapedia.bulbagarden.net/wiki/Iron%20Jugulis_(Pokémon)
  OK: {"name":"Iron Jugulis","primaryType":"Dark","secondaryType":"Flying","forms":[],"evolutionStage":"1","preEvolvePokemon":"","eggGroups":"No Eggs Discovered","height":"4'03\"","weight":"244.7 lbs.","genderRatio":"Gender unknown","catchRate":"30 (8.8%)","hatchTime":"50 cycles"}

[994/1025] Iron Moth -> https://bulbapedia.bulbagarden.net/wiki/Iron%20Moth_(Pokémon)
  OK: {"name":"Iron Moth","primaryType":"Fire","secondaryType":"Poison","forms":[],"evolutionStage":"1","preEvolvePokemon":"","eggGroups":"No Eggs Discovered","height":"3'11\"","weight":"79.4 lbs.","genderRatio":"Gender unknown","catchRate":"30 (8.8%)","hatchTime":"50 cycles"}

[995/1025] Iron Thorns -> https://bulbapedia.bulbagarden.net/wiki/Iron%20Thorns_(Pokémon)
  OK: {"name":"Iron Thorns","primaryType":"Rock","secondaryType":"Electric","forms":[],"evolutionStage":"1","preEvolvePokemon":"","eggGroups":"No Eggs Discovered","height":"5'03\"","weight":"668.0 lbs.","genderRatio":"Gender unknown","catchRate":"30 (8.8%)","hatchTime":"50 cycles"}

[996/1025] Frigibax -> https://bulbapedia.bulbagarden.net/wiki/Frigibax_(Pokémon)
  OK: {"name":"Frigibax","primaryType":"Dragon","secondaryType":"Ice","forms":[],"evolutionStage":"1","preEvolvePokemon":"","eggGroups":"Dragon and Mineral","height":"1'08\"","weight":"37.5 lbs.","genderRatio":"50% male, 50% female","catchRate":"45 (11.9%)","hatchTime":"40 cycles"}

[999/1025] Gimmighoul -> https://bulbapedia.bulbagarden.net/wiki/Gimmighoul_(Pokémon)
  OK: {"name":"Gimmighoul","primaryType":"Ghost","secondaryType":"","forms":["Chest Form","Roaming Form"],"evolutionStage":"1","preEvolvePokemon":"","eggGroups":"No Eggs Discovered","height":"1'00\"","weight":"11.0 lbs.","genderRatio":"Gender unknown","catchRate":"45 (11.9%)","hatchTime":"50 cycles Egg not obtainable"}

[1001/1025] Wo-Chien -> https://bulbapedia.bulbagarden.net/wiki/Wo-Chien_(Pokémon)
  OK: {"name":"Wo-Chien","primaryType":"Dark","secondaryType":"Grass","forms":[],"evolutionStage":"1","preEvolvePokemon":"","eggGroups":"No Eggs Discovered","height":"4'11\"","weight":"163.6 lbs.","genderRatio":"Gender unknown","catchRate":"6 (2.6%)","hatchTime":"50 cycles Egg not obtainable"}

[1002/1025] Chien-Pao -> https://bulbapedia.bulbagarden.net/wiki/Chien-Pao_(Pokémon)
  OK: {"name":"Chien-Pao","primaryType":"Dark","secondaryType":"Ice","forms":[],"evolutionStage":"1","preEvolvePokemon":"","eggGroups":"No Eggs Discovered","height":"6'03\"","weight":"335.5 lbs.","genderRatio":"Gender unknown","catchRate":"6 (2.6%)","hatchTime":"50 cycles Egg not obtainable"}

[1003/1025] Ting-Lu -> https://bulbapedia.bulbagarden.net/wiki/Ting-Lu_(Pokémon)
  OK: {"name":"Ting-Lu","primaryType":"Dark","secondaryType":"Ground","forms":[],"evolutionStage":"1","preEvolvePokemon":"","eggGroups":"No Eggs Discovered","height":"8'10\"","weight":"1542.6 lbs.","genderRatio":"Gender unknown","catchRate":"6 (2.6%)","hatchTime":"50 cycles Egg not obtainable"}

[1004/1025] Chi-Yu -> https://bulbapedia.bulbagarden.net/wiki/Chi-Yu_(Pokémon)
  OK: {"name":"Chi-Yu","primaryType":"Dark","secondaryType":"Fire","forms":[],"evolutionStage":"1","preEvolvePokemon":"","eggGroups":"No Eggs Discovered","height":"1'04\"","weight":"10.8 lbs.","genderRatio":"Gender unknown","catchRate":"6 (2.6%)","hatchTime":"50 cycles Egg not obtainable"}

[1005/1025] Roaring Moon -> https://bulbapedia.bulbagarden.net/wiki/Roaring%20Moon_(Pokémon)
  OK: {"name":"Roaring Moon","primaryType":"Dragon","secondaryType":"Dark","forms":[],"evolutionStage":"1","preEvolvePokemon":"","eggGroups":"No Eggs Discovered","height":"6'07\"","weight":"837.8 lbs.","genderRatio":"Gender unknown","catchRate":"10 (3.9%)","hatchTime":"50 cycles Egg not obtainable"}

[1006/1025] Iron Valiant -> https://bulbapedia.bulbagarden.net/wiki/Iron%20Valiant_(Pokémon)
  OK: {"name":"Iron Valiant","primaryType":"Fairy","secondaryType":"Fighting","forms":[],"evolutionStage":"1","preEvolvePokemon":"","eggGroups":"No Eggs Discovered","height":"4'07\"","weight":"77.2 lbs.","genderRatio":"Gender unknown","catchRate":"10 (3.9%)","hatchTime":"50 cycles Egg not obtainable"}

[1007/1025] Koraidon -> https://bulbapedia.bulbagarden.net/wiki/Koraidon_(Pokémon)
  OK: {"name":"Koraidon","primaryType":"Fighting","secondaryType":"Dragon","forms":["Apex Build","Limited Build","Sprinting Build","Swimming Build","Gliding Build"],"evolutionStage":"1","preEvolvePokemon":"","eggGroups":"No Eggs Discovered","height":"8'02\"","weight":"668.0 lbs.","genderRatio":"Gender unknown","catchRate":"3 (1.6%)","hatchTime":"50 cycles Egg not obtainable"}

[1008/1025] Miraidon -> https://bulbapedia.bulbagarden.net/wiki/Miraidon_(Pokémon)
  OK: {"name":"Miraidon","primaryType":"Electric","secondaryType":"Dragon","forms":["Ultimate Mode","Low-Power Mode","Drive Mode","Aquatic Mode","Glide Mode"],"evolutionStage":"1","preEvolvePokemon":"","eggGroups":"No Eggs Discovered","height":"11'06\"","weight":"529.1 lbs.","genderRatio":"Gender unknown","catchRate":"3 (1.6%)","hatchTime":"50 cycles Egg not obtainable"}

[1009/1025] Walking Wake -> https://bulbapedia.bulbagarden.net/wiki/Walking%20Wake_(Pokémon)
  OK: {"name":"Walking Wake","primaryType":"Water","secondaryType":"Dragon","forms":[],"evolutionStage":"1","preEvolvePokemon":"","eggGroups":"No Eggs Discovered","height":"11'06\"","weight":"617.3 lbs.","genderRatio":"Gender unknown","catchRate":"5 (2.3%)","hatchTime":"50 cycles Egg not obtainable"}

[1010/1025] Iron Leaves -> https://bulbapedia.bulbagarden.net/wiki/Iron%20Leaves_(Pokémon)
  OK: {"name":"Iron Leaves","primaryType":"Grass","secondaryType":"Psychic","forms":[],"evolutionStage":"1","preEvolvePokemon":"","eggGroups":"No Eggs Discovered","height":"4'11\"","weight":"275.6 lbs.","genderRatio":"Gender unknown","catchRate":"5 (2.3%)","hatchTime":"50 cycles Egg not obtainable"}

[1012/1025] Poltchageist -> https://bulbapedia.bulbagarden.net/wiki/Poltchageist_(Pokémon)
  OK: {"name":"Poltchageist","primaryType":"Grass","secondaryType":"Ghost","forms":["Counterfeit Form","Artisan Form"],"evolutionStage":"1","preEvolvePokemon":"","eggGroups":"Mineral and Amorphous","height":"0'04\"","weight":"2.4 lbs.","genderRatio":"Gender unknown","catchRate":"120 (24.9%)","hatchTime":"20 cycles"}

[1014/1025] Okidogi -> https://bulbapedia.bulbagarden.net/wiki/Okidogi_(Pokémon)
  OK: {"name":"Okidogi","primaryType":"Poison","secondaryType":"Fighting","forms":[],"evolutionStage":"1","preEvolvePokemon":"","eggGroups":"No Eggs Discovered","height":"5'11\"","weight":"203.3 lbs.","genderRatio":"100% male","catchRate":"3 (1.6%)","hatchTime":"120 cycles Egg not obtainable"}

[1015/1025] Munkidori -> https://bulbapedia.bulbagarden.net/wiki/Munkidori_(Pokémon)
  OK: {"name":"Munkidori","primaryType":"Poison","secondaryType":"Psychic","forms":[],"evolutionStage":"1","preEvolvePokemon":"","eggGroups":"No Eggs Discovered","height":"3'03\"","weight":"26.9 lbs.","genderRatio":"100% male","catchRate":"3 (1.6%)","hatchTime":"120 cycles Egg not obtainable"}

[1016/1025] Fezandipiti -> https://bulbapedia.bulbagarden.net/wiki/Fezandipiti_(Pokémon)
  OK: {"name":"Fezandipiti","primaryType":"Poison","secondaryType":"Fairy","forms":[],"evolutionStage":"1","preEvolvePokemon":"","eggGroups":"No Eggs Discovered","height":"4'07\"","weight":"66.4 lbs.","genderRatio":"100% male","catchRate":"3 (1.6%)","hatchTime":"120 cycles Egg not obtainable"}

[1017/1025] Ogerpon -> https://bulbapedia.bulbagarden.net/wiki/Ogerpon_(Pokémon)
  OK: {"name":"Ogerpon","primaryType":"Grass","secondaryType":"Water","forms":["Teal Mask","Wellspring Mask","Hearthflame Mask","Cornerstone Mask"],"evolutionStage":"1","preEvolvePokemon":"","eggGroups":"No Eggs Discovered","height":"3'11\"","weight":"87.7 lbs.","genderRatio":"100% female","catchRate":"5 (2.3%)","hatchTime":"10 cycles Egg not obtainable"}

[1020/1025] Gouging Fire -> https://bulbapedia.bulbagarden.net/wiki/Gouging%20Fire_(Pokémon)
  OK: {"name":"Gouging Fire","primaryType":"Fire","secondaryType":"Dragon","forms":[],"evolutionStage":"1","preEvolvePokemon":"","eggGroups":"No Eggs Discovered","height":"11'06\"","weight":"1300.7 lbs.","genderRatio":"Gender unknown","catchRate":"10 (3.9%)","hatchTime":"50 cycles Egg not obtainable"}

[1021/1025] Raging Bolt -> https://bulbapedia.bulbagarden.net/wiki/Raging%20Bolt_(Pokémon)
  OK: {"name":"Raging Bolt","primaryType":"Electric","secondaryType":"Dragon","forms":[],"evolutionStage":"1","preEvolvePokemon":"","eggGroups":"No Eggs Discovered","height":"17'01\"","weight":"1,058.2 lbs.","genderRatio":"Gender unknown","catchRate":"10 (3.9%)","hatchTime":"50 cycles Egg not obtainable"}

[1022/1025] Iron Boulder -> https://bulbapedia.bulbagarden.net/wiki/Iron%20Boulder_(Pokémon)
  OK: {"name":"Iron Boulder","primaryType":"Rock","secondaryType":"Psychic","forms":[],"evolutionStage":"1","preEvolvePokemon":"","eggGroups":"No Eggs Discovered","height":"4'11\"","weight":"358.2 lbs.","genderRatio":"Gender unknown","catchRate":"10 (3.9%)","hatchTime":"50 cycles Egg not obtainable"}

[1023/1025] Iron Crown -> https://bulbapedia.bulbagarden.net/wiki/Iron%20Crown_(Pokémon)
  OK: {"name":"Iron Crown","primaryType":"Steel","secondaryType":"Psychic","forms":[],"evolutionStage":"1","preEvolvePokemon":"","eggGroups":"No Eggs Discovered","height":"5'03\"","weight":"343.9 lbs.","genderRatio":"Gender unknown","catchRate":"10 (3.9%)","hatchTime":"50 cycles Egg not obtainable"}

[1024/1025] Terapagos -> https://bulbapedia.bulbagarden.net/wiki/Terapagos_(Pokémon)
  OK: {"name":"Terapagos","primaryType":"Normal","secondaryType":"","forms":["Normal Form","Terastal Form","Stellar Form"],"evolutionStage":"1","preEvolvePokemon":"","eggGroups":"No Eggs Discovered","height":"0'08\"","weight":"14.3 lbs.","genderRatio":"50% male, 50% female","catchRate":"255 (43.9%)","hatchTime":"5 cycles Egg not obtainable"}

[1025/1025] Pecharunt -> https://bulbapedia.bulbagarden.net/wiki/Pecharunt_(Pokémon)
  OK: {"name":"Pecharunt","primaryType":"Poison","secondaryType":"Ghost","forms":[],"evolutionStage":"1","preEvolvePokemon":"","eggGroups":"No Eggs Discovered","height":"1'00\"","weight":"0.7 lbs.","genderRatio":"Gender unknown","catchRate":"3 (1.6%)","hatchTime":"20 cycles Egg not obtainable"}

==============================
Done. Scraped 1023/1025 Pokemon.
Saved to pokemon-data.json
==============================

