Launching browser...
Browser launched.
Found 1025 Pokemon in CSV
Resuming: 250 Pokemon already scraped in pokemon-data.json.
777 Pokemon left to scrape.

[83/1025] Farfetchd -> https://bulbapedia.bulbagarden.net/wiki/Farfetchd_(Pokémon)
  OK: {"name":"Farfetch'd","primaryType":"Normal","secondaryType":"Flying","forms":["Galarian Farfetch'd"],"evolutionStage":"1","preEvolvePokemon":"","eggGroups":"Flying and Field","height":"2'07\"","weight":"33.1 lbs.","genderRatio":"50% male, 50% female","catchRate":"45 (11.9%)","hatchTime":"20 cycles"}

[144/1025] Articuno -> https://bulbapedia.bulbagarden.net/wiki/Articuno_(Pokémon)
  OK: {"name":"Articuno","primaryType":"Ice","secondaryType":"Flying","forms":["Galarian Articuno"],"evolutionStage":"2","preEvolvePokemon":"Galar","eggGroups":"No Eggs Discovered","height":"5'07\"","weight":"122.1 lbs.","genderRatio":"Gender unknown","catchRate":"3 (1.6%)","hatchTime":"80 cycles Egg not obtainable"}

[225/1025] Delibird -> https://bulbapedia.bulbagarden.net/wiki/Delibird_(Pokémon)
  OK: {"name":"Delibird","primaryType":"Ice","secondaryType":"Flying","forms":[],"evolutionStage":"2","preEvolvePokemon":"Paradox Pokémon","eggGroups":"Water 1 and Field","height":"0'0\"","weight":"35.3 lbs.","genderRatio":"50% male, 50% female","catchRate":"45 (11.9%)","hatchTime":"20 cycles"}

[238/1025] Smoochum -> https://bulbapedia.bulbagarden.net/wiki/Smoochum_(Pokémon)
  OK: {"name":"Smoochum","primaryType":"Ice","secondaryType":"Psychic","forms":[],"evolutionStage":"1","preEvolvePokemon":"","eggGroups":"No Eggs Discovered","height":"1'04\"","weight":"13.2 lbs.","genderRatio":"100% female","catchRate":"45 (11.9%)","hatchTime":"25 cycles"}

[250/1025] Ho-oh -> https://bulbapedia.bulbagarden.net/wiki/Ho-oh_(Pokémon)
  WARNING: no infobox found for Ho-oh, skipping.

[254/1025] Sceptile -> https://bulbapedia.bulbagarden.net/wiki/Sceptile_(Pokémon)
  OK: {"name":"Sceptile","primaryType":"Grass","secondaryType":"Dragon","forms":["Mega Sceptile"],"evolutionStage":"final","preEvolvePokemon":"Grovyle","eggGroups":"Monster and Dragon","height":"5'07\"","weight":"115.1 lbs.","genderRatio":"87.5% male, 12.5% female","catchRate":"45 (11.9%)","hatchTime":"20 cycles"}

[255/1025] Torchic -> https://bulbapedia.bulbagarden.net/wiki/Torchic_(Pokémon)
  OK: {"name":"Torchic","primaryType":"Fire","secondaryType":"","forms":[],"evolutionStage":"1","preEvolvePokemon":"","eggGroups":"Field","height":"1'04\"","weight":"5.5 lbs.","genderRatio":"87.5% male, 12.5% female","catchRate":"45 (11.9%)","hatchTime":"20 cycles"}

[256/1025] Combusken -> https://bulbapedia.bulbagarden.net/wiki/Combusken_(Pokémon)
  OK: {"name":"Combusken","primaryType":"Fire","secondaryType":"Fighting","forms":[],"evolutionStage":"2","preEvolvePokemon":"Torchic","eggGroups":"Field","height":"2'11\"","weight":"43.0 lbs.","genderRatio":"87.5% male, 12.5% female","catchRate":"45 (11.9%)","hatchTime":"20 cycles"}

[257/1025] Blaziken -> https://bulbapedia.bulbagarden.net/wiki/Blaziken_(Pokémon)
  OK: {"name":"Blaziken","primaryType":"Fire","secondaryType":"Fighting","forms":["Mega Blaziken"],"evolutionStage":"final","preEvolvePokemon":"Combusken","eggGroups":"Field","height":"6'03\"","weight":"114.6 lbs.","genderRatio":"87.5% male, 12.5% female","catchRate":"45 (11.9%)","hatchTime":"20 cycles"}

[258/1025] Mudkip -> https://bulbapedia.bulbagarden.net/wiki/Mudkip_(Pokémon)
  OK: {"name":"Mudkip","primaryType":"Water","secondaryType":"","forms":[],"evolutionStage":"1","preEvolvePokemon":"","eggGroups":"Monster and Water 1","height":"1'04\"","weight":"16.8 lbs.","genderRatio":"87.5% male, 12.5% female","catchRate":"45 (11.9%)","hatchTime":"20 cycles"}

[259/1025] Marshtomp -> https://bulbapedia.bulbagarden.net/wiki/Marshtomp_(Pokémon)
  OK: {"name":"Marshtomp","primaryType":"Water","secondaryType":"Ground","forms":[],"evolutionStage":"2","preEvolvePokemon":"Mudkip","eggGroups":"Monster and Water 1","height":"2'04\"","weight":"61.7 lbs.","genderRatio":"87.5% male, 12.5% female","catchRate":"45 (11.9%)","hatchTime":"20 cycles"}

[260/1025] Swampert -> https://bulbapedia.bulbagarden.net/wiki/Swampert_(Pokémon)
  OK: {"name":"Swampert","primaryType":"Water","secondaryType":"Ground","forms":["Mega Swampert"],"evolutionStage":"final","preEvolvePokemon":"Marshtomp","eggGroups":"Monster and Water 1","height":"4'11\"","weight":"180.6 lbs.","genderRatio":"87.5% male, 12.5% female","catchRate":"45 (11.9%)","hatchTime":"20 cycles"}

[261/1025] Poochyena -> https://bulbapedia.bulbagarden.net/wiki/Poochyena_(Pokémon)
  OK: {"name":"Poochyena","primaryType":"Dark","secondaryType":"","forms":[],"evolutionStage":"1","preEvolvePokemon":"","eggGroups":"Field","height":"1'08\"","weight":"30.0 lbs.","genderRatio":"50% male, 50% female","catchRate":"255 (43.9%)","hatchTime":"15 cycles"}

[262/1025] Mightyena -> https://bulbapedia.bulbagarden.net/wiki/Mightyena_(Pokémon)
  OK: {"name":"Mightyena","primaryType":"Dark","secondaryType":"","forms":[],"evolutionStage":"final","preEvolvePokemon":"Poochyena","eggGroups":"Field","height":"3'03\"","weight":"81.6 lbs.","genderRatio":"50% male, 50% female","catchRate":"127 (26%)","hatchTime":"15 cycles"}

[263/1025] Zigzagoon -> https://bulbapedia.bulbagarden.net/wiki/Zigzagoon_(Pokémon)
  OK: {"name":"Zigzagoon","primaryType":"Normal","secondaryType":"Dark","forms":["Galarian Zigzagoon"],"evolutionStage":"1","preEvolvePokemon":"","eggGroups":"Field","height":"1'04\"","weight":"38.6 lbs.","genderRatio":"50% male, 50% female","catchRate":"255 (43.9%)","hatchTime":"15 cycles"}

[264/1025] Linoone -> https://bulbapedia.bulbagarden.net/wiki/Linoone_(Pokémon)
  OK: {"name":"Linoone","primaryType":"Normal","secondaryType":"Dark","forms":["Galarian Linoone"],"evolutionStage":"final","preEvolvePokemon":"Zigzagoon","eggGroups":"Field","height":"1'08\"","weight":"71.7 lbs.","genderRatio":"50% male, 50% female","catchRate":"90 (20.1%)","hatchTime":"15 cycles"}

[265/1025] Wurmple -> https://bulbapedia.bulbagarden.net/wiki/Wurmple_(Pokémon)
  OK: {"name":"Wurmple","primaryType":"Bug","secondaryType":"","forms":[],"evolutionStage":"2","preEvolvePokemon":"Silcoon","eggGroups":"Bug","height":"1'00\"","weight":"7.9 lbs.","genderRatio":"50% male, 50% female","catchRate":"255 (43.9%)","hatchTime":"15 cycles"}

[266/1025] Silcoon -> https://bulbapedia.bulbagarden.net/wiki/Silcoon_(Pokémon)
  OK: {"name":"Silcoon","primaryType":"Bug","secondaryType":"","forms":[],"evolutionStage":"2","preEvolvePokemon":"Wurmple","eggGroups":"Bug","height":"2'00\"","weight":"22.0 lbs.","genderRatio":"50% male, 50% female","catchRate":"120 (24.9%)","hatchTime":"15 cycles"}

[267/1025] Beautifly -> https://bulbapedia.bulbagarden.net/wiki/Beautifly_(Pokémon)
  OK: {"name":"Beautifly","primaryType":"Bug","secondaryType":"Flying","forms":[],"evolutionStage":"final","preEvolvePokemon":"Silcoon","eggGroups":"Bug","height":"3'03\"","weight":"62.6 lbs.","genderRatio":"50% male, 50% female","catchRate":"45 (11.9%)","hatchTime":"15 cycles"}

[268/1025] Cascoon -> https://bulbapedia.bulbagarden.net/wiki/Cascoon_(Pokémon)
  OK: {"name":"Cascoon","primaryType":"Bug","secondaryType":"","forms":[],"evolutionStage":"2","preEvolvePokemon":"Wurmple","eggGroups":"Bug","height":"2'04\"","weight":"25.4 lbs.","genderRatio":"50% male, 50% female","catchRate":"120 (24.9%)","hatchTime":"15 cycles"}

[269/1025] Dustox -> https://bulbapedia.bulbagarden.net/wiki/Dustox_(Pokémon)
  OK: {"name":"Dustox","primaryType":"Bug","secondaryType":"Poison","forms":[],"evolutionStage":"final","preEvolvePokemon":"Cascoon","eggGroups":"Bug","height":"3'11\"","weight":"69.7 lbs.","genderRatio":"50% male, 50% female","catchRate":"45 (11.9%)","hatchTime":"15 cycles"}

[270/1025] Lotad -> https://bulbapedia.bulbagarden.net/wiki/Lotad_(Pokémon)
  OK: {"name":"Lotad","primaryType":"Water","secondaryType":"Grass","forms":[],"evolutionStage":"1","preEvolvePokemon":"","eggGroups":"Water 1 and Grass","height":"1'08\"","weight":"5.7 lbs.","genderRatio":"50% male, 50% female","catchRate":"255 (43.9%)","hatchTime":"15 cycles"}

[271/1025] Lombre -> https://bulbapedia.bulbagarden.net/wiki/Lombre_(Pokémon)
  OK: {"name":"Lombre","primaryType":"Water","secondaryType":"Grass","forms":[],"evolutionStage":"2","preEvolvePokemon":"Lotad","eggGroups":"Water 1 and Grass","height":"3'11\"","weight":"71.7 lbs.","genderRatio":"50% male, 50% female","catchRate":"120 (24.9%)","hatchTime":"15 cycles"}

[272/1025] Ludicolo -> https://bulbapedia.bulbagarden.net/wiki/Ludicolo_(Pokémon)
  OK: {"name":"Ludicolo","primaryType":"Water","secondaryType":"Grass","forms":[],"evolutionStage":"final","preEvolvePokemon":"Lombre","eggGroups":"Water 1 and Grass","height":"4'11\"","weight":"121.3 lbs.","genderRatio":"50% male, 50% female","catchRate":"45 (11.9%)","hatchTime":"15 cycles"}

[273/1025] Seedot -> https://bulbapedia.bulbagarden.net/wiki/Seedot_(Pokémon)
  OK: {"name":"Seedot","primaryType":"Grass","secondaryType":"","forms":[],"evolutionStage":"1","preEvolvePokemon":"","eggGroups":"Field and Grass","height":"1'08\"","weight":"8.8 lbs.","genderRatio":"50% male, 50% female","catchRate":"255 (43.9%)","hatchTime":"15 cycles"}

[274/1025] Nuzleaf -> https://bulbapedia.bulbagarden.net/wiki/Nuzleaf_(Pokémon)
  OK: {"name":"Nuzleaf","primaryType":"Grass","secondaryType":"Dark","forms":[],"evolutionStage":"2","preEvolvePokemon":"Seedot","eggGroups":"Field and Grass","height":"3'03\"","weight":"61.7 lbs.","genderRatio":"50% male, 50% female","catchRate":"120 (24.9%)","hatchTime":"15 cycles"}

[275/1025] Shiftry -> https://bulbapedia.bulbagarden.net/wiki/Shiftry_(Pokémon)
  OK: {"name":"Shiftry","primaryType":"Grass","secondaryType":"Dark","forms":[],"evolutionStage":"final","preEvolvePokemon":"Nuzleaf","eggGroups":"Field and Grass","height":"4'03\"","weight":"131.4 lbs.","genderRatio":"50% male, 50% female","catchRate":"45 (11.9%)","hatchTime":"15 cycles"}

[276/1025] Taillow -> https://bulbapedia.bulbagarden.net/wiki/Taillow_(Pokémon)
  OK: {"name":"Taillow","primaryType":"Normal","secondaryType":"Flying","forms":[],"evolutionStage":"1","preEvolvePokemon":"","eggGroups":"Flying","height":"1'00\"","weight":"5.1 lbs.","genderRatio":"50% male, 50% female","catchRate":"200 (36.6%)","hatchTime":"15 cycles"}

[277/1025] Swellow -> https://bulbapedia.bulbagarden.net/wiki/Swellow_(Pokémon)
  OK: {"name":"Swellow","primaryType":"Normal","secondaryType":"Flying","forms":[],"evolutionStage":"final","preEvolvePokemon":"Taillow","eggGroups":"Flying","height":"2'04\"","weight":"43.7 lbs.","genderRatio":"50% male, 50% female","catchRate":"45 (11.9%)","hatchTime":"15 cycles"}

[278/1025] Wingull -> https://bulbapedia.bulbagarden.net/wiki/Wingull_(Pokémon)
  OK: {"name":"Wingull","primaryType":"Water","secondaryType":"Flying","forms":[],"evolutionStage":"1","preEvolvePokemon":"","eggGroups":"Water 1 and Flying","height":"2'00\"","weight":"20.9 lbs.","genderRatio":"50% male, 50% female","catchRate":"190 (35.2%)","hatchTime":"20 cycles"}

[279/1025] Pelipper -> https://bulbapedia.bulbagarden.net/wiki/Pelipper_(Pokémon)
  OK: {"name":"Pelipper","primaryType":"Water","secondaryType":"Flying","forms":[],"evolutionStage":"final","preEvolvePokemon":"Wingull","eggGroups":"Water 1 and Flying","height":"3'11\"","weight":"61.7 lbs.","genderRatio":"50% male, 50% female","catchRate":"45 (11.9%)","hatchTime":"20 cycles"}

[280/1025] Ralts -> https://bulbapedia.bulbagarden.net/wiki/Ralts_(Pokémon)
  OK: {"name":"Ralts","primaryType":"Psychic","secondaryType":"Fairy","forms":[],"evolutionStage":"1","preEvolvePokemon":"","eggGroups":"Human-LikeGen VIII+ and Amorphous","height":"1'04\"","weight":"14.6 lbs.","genderRatio":"50% male, 50% female","catchRate":"235 (41.3%)","hatchTime":"20 cycles"}

[281/1025] Kirlia -> https://bulbapedia.bulbagarden.net/wiki/Kirlia_(Pokémon)
  OK: {"name":"Kirlia","primaryType":"Psychic","secondaryType":"Fairy","forms":[],"evolutionStage":"2","preEvolvePokemon":"Ralts","eggGroups":"Human-LikeGen VIII+ and Amorphous","height":"2'07\"","weight":"44.5 lbs.","genderRatio":"50% male, 50% female","catchRate":"120 (24.9%)","hatchTime":"20 cycles"}

[282/1025] Gardevoir -> https://bulbapedia.bulbagarden.net/wiki/Gardevoir_(Pokémon)
  OK: {"name":"Gardevoir","primaryType":"Psychic","secondaryType":"Fairy","forms":["Mega Gardevoir"],"evolutionStage":"final","preEvolvePokemon":"Kirlia","eggGroups":"Human-LikeGen VIII+ and Amorphous","height":"5'03\"","weight":"106.7 lbs.","genderRatio":"50% male, 50% female","catchRate":"45 (11.9%)","hatchTime":"20 cycles"}

[283/1025] Surskit -> https://bulbapedia.bulbagarden.net/wiki/Surskit_(Pokémon)
  OK: {"name":"Surskit","primaryType":"Bug","secondaryType":"Water","forms":[],"evolutionStage":"1","preEvolvePokemon":"","eggGroups":"Water 1 and Bug","height":"1'08\"","weight":"3.7 lbs.","genderRatio":"50% male, 50% female","catchRate":"200 (36.6%)","hatchTime":"15 cycles"}

[284/1025] Masquerain -> https://bulbapedia.bulbagarden.net/wiki/Masquerain_(Pokémon)
  OK: {"name":"Masquerain","primaryType":"Bug","secondaryType":"Flying","forms":[],"evolutionStage":"final","preEvolvePokemon":"Surskit","eggGroups":"Water 1 and Bug","height":"2'07\"","weight":"7.9 lbs.","genderRatio":"50% male, 50% female","catchRate":"75 (17.5%)","hatchTime":"15 cycles"}

[285/1025] Shroomish -> https://bulbapedia.bulbagarden.net/wiki/Shroomish_(Pokémon)
  OK: {"name":"Shroomish","primaryType":"Grass","secondaryType":"Fairy","forms":[],"evolutionStage":"1","preEvolvePokemon":"","eggGroups":"Fairy and Grass","height":"1'04\"","weight":"9.9 lbs.","genderRatio":"50% male, 50% female","catchRate":"255 (43.9%)","hatchTime":"15 cycles"}

[286/1025] Breloom -> https://bulbapedia.bulbagarden.net/wiki/Breloom_(Pokémon)
  OK: {"name":"Breloom","primaryType":"Grass","secondaryType":"Fighting","forms":[],"evolutionStage":"final","preEvolvePokemon":"Shroomish","eggGroups":"Fairy and Grass","height":"3'11\"","weight":"86.4 lbs.","genderRatio":"50% male, 50% female","catchRate":"90 (20.1%)","hatchTime":"15 cycles"}

[287/1025] Slakoth -> https://bulbapedia.bulbagarden.net/wiki/Slakoth_(Pokémon)
  OK: {"name":"Slakoth","primaryType":"Normal","secondaryType":"","forms":[],"evolutionStage":"1","preEvolvePokemon":"","eggGroups":"Field","height":"2'07\"","weight":"52.9 lbs.","genderRatio":"50% male, 50% female","catchRate":"255 (43.9%)","hatchTime":"15 cycles"}

[288/1025] Vigoroth -> https://bulbapedia.bulbagarden.net/wiki/Vigoroth_(Pokémon)
  OK: {"name":"Vigoroth","primaryType":"Normal","secondaryType":"","forms":[],"evolutionStage":"2","preEvolvePokemon":"Slakoth","eggGroups":"Field","height":"4'07\"","weight":"102.5 lbs.","genderRatio":"50% male, 50% female","catchRate":"120 (24.9%)","hatchTime":"15 cycles"}

[289/1025] Slaking -> https://bulbapedia.bulbagarden.net/wiki/Slaking_(Pokémon)
  OK: {"name":"Slaking","primaryType":"Normal","secondaryType":"","forms":[],"evolutionStage":"final","preEvolvePokemon":"Vigoroth","eggGroups":"Field","height":"6'07\"","weight":"287.7 lbs.","genderRatio":"50% male, 50% female","catchRate":"45 (11.9%)","hatchTime":"15 cycles"}

[290/1025] Nincada -> https://bulbapedia.bulbagarden.net/wiki/Nincada_(Pokémon)
  OK: {"name":"Nincada","primaryType":"Bug","secondaryType":"Ground","forms":[],"evolutionStage":"1","preEvolvePokemon":"","eggGroups":"Bug","height":"1'08\"","weight":"12.1 lbs.","genderRatio":"50% male, 50% female","catchRate":"255 (43.9%)","hatchTime":"15 cycles"}

[291/1025] Ninjask -> https://bulbapedia.bulbagarden.net/wiki/Ninjask_(Pokémon)
  OK: {"name":"Ninjask","primaryType":"Bug","secondaryType":"Flying","forms":[],"evolutionStage":"final","preEvolvePokemon":"Nincada","eggGroups":"Bug","height":"2'07\"","weight":"26.5 lbs.","genderRatio":"50% male, 50% female","catchRate":"120 (24.9%)","hatchTime":"15 cycles"}

[292/1025] Shedinja -> https://bulbapedia.bulbagarden.net/wiki/Shedinja_(Pokémon)
  OK: {"name":"Shedinja","primaryType":"Bug","secondaryType":"Ghost","forms":[],"evolutionStage":"1","preEvolvePokemon":"","eggGroups":"Mineral","height":"2'07\"","weight":"2.6 lbs.","genderRatio":"Gender unknown","catchRate":"45 (11.9%)","hatchTime":"15 cycles"}

[293/1025] Whismur -> https://bulbapedia.bulbagarden.net/wiki/Whismur_(Pokémon)
  OK: {"name":"Whismur","primaryType":"Normal","secondaryType":"","forms":[],"evolutionStage":"1","preEvolvePokemon":"","eggGroups":"Monster and Field","height":"2'00\"","weight":"35.9 lbs.","genderRatio":"50% male, 50% female","catchRate":"190 (35.2%)","hatchTime":"20 cycles"}

[294/1025] Loudred -> https://bulbapedia.bulbagarden.net/wiki/Loudred_(Pokémon)
  OK: {"name":"Loudred","primaryType":"Normal","secondaryType":"","forms":[],"evolutionStage":"2","preEvolvePokemon":"Whismur","eggGroups":"Monster and Field","height":"3'03\"","weight":"89.3 lbs.","genderRatio":"50% male, 50% female","catchRate":"120 (24.9%)","hatchTime":"20 cycles"}

[295/1025] Exploud -> https://bulbapedia.bulbagarden.net/wiki/Exploud_(Pokémon)
  OK: {"name":"Exploud","primaryType":"Normal","secondaryType":"","forms":[],"evolutionStage":"final","preEvolvePokemon":"Loudred","eggGroups":"Monster and Field","height":"4'11\"","weight":"185.2 lbs.","genderRatio":"50% male, 50% female","catchRate":"45 (11.9%)","hatchTime":"20 cycles"}

[296/1025] Makuhita -> https://bulbapedia.bulbagarden.net/wiki/Makuhita_(Pokémon)
  OK: {"name":"Makuhita","primaryType":"Fighting","secondaryType":"","forms":[],"evolutionStage":"1","preEvolvePokemon":"","eggGroups":"Human-Like","height":"3'03\"","weight":"190.5 lbs.","genderRatio":"75% male, 25% female","catchRate":"180 (33.8%)","hatchTime":"20 cycles"}

[297/1025] Hariyama -> https://bulbapedia.bulbagarden.net/wiki/Hariyama_(Pokémon)
  OK: {"name":"Hariyama","primaryType":"Fighting","secondaryType":"","forms":[],"evolutionStage":"final","preEvolvePokemon":"Makuhita","eggGroups":"Human-Like","height":"7'07\"","weight":"559.5 lbs.","genderRatio":"75% male, 25% female","catchRate":"200 (36.6%)","hatchTime":"20 cycles"}

[298/1025] Azurill -> https://bulbapedia.bulbagarden.net/wiki/Azurill_(Pokémon)
  OK: {"name":"Azurill","primaryType":"Normal","secondaryType":"Fairy","forms":[],"evolutionStage":"1","preEvolvePokemon":"","eggGroups":"No Eggs Discovered","height":"0'08\"","weight":"4.4 lbs.","genderRatio":"25% male, 75% female","catchRate":"150 (29.5%)","hatchTime":"10 cycles"}

[299/1025] Nosepass -> https://bulbapedia.bulbagarden.net/wiki/Nosepass_(Pokémon)
  OK: {"name":"Nosepass","primaryType":"Rock","secondaryType":"","forms":[],"evolutionStage":"1","preEvolvePokemon":"","eggGroups":"Mineral","height":"3'03\"","weight":"213.8 lbs.","genderRatio":"50% male, 50% female","catchRate":"255 (43.9%)","hatchTime":"20 cycles"}

[300/1025] Skitty -> https://bulbapedia.bulbagarden.net/wiki/Skitty_(Pokémon)
  OK: {"name":"Skitty","primaryType":"Normal","secondaryType":"Fairy","forms":[],"evolutionStage":"1","preEvolvePokemon":"","eggGroups":"Field and Fairy","height":"2'00\"","weight":"24.3 lbs.","genderRatio":"25% male, 75% female","catchRate":"255 (43.9%)","hatchTime":"15 cycles"}

[301/1025] Delcatty -> https://bulbapedia.bulbagarden.net/wiki/Delcatty_(Pokémon)
  OK: {"name":"Delcatty","primaryType":"Normal","secondaryType":"Fairy","forms":[],"evolutionStage":"final","preEvolvePokemon":"Skitty","eggGroups":"Field and Fairy","height":"3'07\"","weight":"71.9 lbs.","genderRatio":"25% male, 75% female","catchRate":"60 (14.8%)","hatchTime":"15 cycles"}

[302/1025] Sableye -> https://bulbapedia.bulbagarden.net/wiki/Sableye_(Pokémon)
  OK: {"name":"Sableye","primaryType":"Dark","secondaryType":"Ghost","forms":["Mega Sableye"],"evolutionStage":"2","preEvolvePokemon":"Mega Evolve","eggGroups":"Human-Like","height":"1'08\"","weight":"24.3 lbs.","genderRatio":"50% male, 50% female","catchRate":"45 (11.9%)","hatchTime":"25 cycles"}

[303/1025] Mawile -> https://bulbapedia.bulbagarden.net/wiki/Mawile_(Pokémon)
  OK: {"name":"Mawile","primaryType":"Steel","secondaryType":"Fairy","forms":["Mega Mawile"],"evolutionStage":"2","preEvolvePokemon":"Mega Evolve","eggGroups":"Field and Fairy","height":"2'00\"","weight":"25.4 lbs.","genderRatio":"50% male, 50% female","catchRate":"45 (11.9%)","hatchTime":"20 cycles"}

[304/1025] Aron -> https://bulbapedia.bulbagarden.net/wiki/Aron_(Pokémon)
  OK: {"name":"Aron","primaryType":"Steel","secondaryType":"Rock","forms":[],"evolutionStage":"1","preEvolvePokemon":"","eggGroups":"Monster","height":"1'04\"","weight":"132.3 lbs.","genderRatio":"50% male, 50% female","catchRate":"180 (33.8%)","hatchTime":"35 cycles"}

[305/1025] Lairon -> https://bulbapedia.bulbagarden.net/wiki/Lairon_(Pokémon)
  OK: {"name":"Lairon","primaryType":"Steel","secondaryType":"Rock","forms":[],"evolutionStage":"2","preEvolvePokemon":"Aron","eggGroups":"Monster","height":"2'11\"","weight":"264.6 lbs.","genderRatio":"50% male, 50% female","catchRate":"90 (20.1%)","hatchTime":"35 cycles"}

[306/1025] Aggron -> https://bulbapedia.bulbagarden.net/wiki/Aggron_(Pokémon)
  OK: {"name":"Aggron","primaryType":"Steel","secondaryType":"Rock","forms":["Mega Aggron"],"evolutionStage":"final","preEvolvePokemon":"Lairon","eggGroups":"Monster","height":"6'11\"","weight":"793.7 lbs.","genderRatio":"50% male, 50% female","catchRate":"45 (11.9%)","hatchTime":"35 cycles"}

[307/1025] Meditite -> https://bulbapedia.bulbagarden.net/wiki/Meditite_(Pokémon)
  OK: {"name":"Meditite","primaryType":"Fighting","secondaryType":"Psychic","forms":[],"evolutionStage":"1","preEvolvePokemon":"","eggGroups":"Human-Like","height":"2'00\"","weight":"24.7 lbs.","genderRatio":"50% male, 50% female","catchRate":"180 (33.8%)","hatchTime":"20 cycles"}

[308/1025] Medicham -> https://bulbapedia.bulbagarden.net/wiki/Medicham_(Pokémon)
  OK: {"name":"Medicham","primaryType":"Fighting","secondaryType":"Psychic","forms":["Mega Medicham"],"evolutionStage":"final","preEvolvePokemon":"Meditite","eggGroups":"Human-Like","height":"4'03\"","weight":"69.4 lbs.","genderRatio":"50% male, 50% female","catchRate":"90 (20.1%)","hatchTime":"20 cycles"}

[309/1025] Electrike -> https://bulbapedia.bulbagarden.net/wiki/Electrike_(Pokémon)
  OK: {"name":"Electrike","primaryType":"Electric","secondaryType":"","forms":[],"evolutionStage":"1","preEvolvePokemon":"","eggGroups":"Field","height":"2'00\"","weight":"33.5 lbs.","genderRatio":"50% male, 50% female","catchRate":"120 (24.9%)","hatchTime":"20 cycles"}

[310/1025] Manectric -> https://bulbapedia.bulbagarden.net/wiki/Manectric_(Pokémon)
  OK: {"name":"Manectric","primaryType":"Electric","secondaryType":"","forms":["Mega Manectric"],"evolutionStage":"final","preEvolvePokemon":"Electrike","eggGroups":"Field","height":"4'11\"","weight":"88.6 lbs.","genderRatio":"50% male, 50% female","catchRate":"45 (11.9%)","hatchTime":"20 cycles"}

[311/1025] Plusle -> https://bulbapedia.bulbagarden.net/wiki/Plusle_(Pokémon)
  OK: {"name":"Plusle","primaryType":"Electric","secondaryType":"Fairy","forms":[],"evolutionStage":"2","preEvolvePokemon":"Minun","eggGroups":"Fairy","height":"1'04\"","weight":"9.3 lbs.","genderRatio":"50% male, 50% female","catchRate":"200 (36.6%)","hatchTime":"20 cycles"}

[312/1025] Minun -> https://bulbapedia.bulbagarden.net/wiki/Minun_(Pokémon)
  OK: {"name":"Minun","primaryType":"Electric","secondaryType":"Fairy","forms":[],"evolutionStage":"2","preEvolvePokemon":"Plusle","eggGroups":"Fairy","height":"1'04\"","weight":"9.3 lbs.","genderRatio":"50% male, 50% female","catchRate":"200 (36.6%)","hatchTime":"20 cycles"}

[313/1025] Volbeat -> https://bulbapedia.bulbagarden.net/wiki/Volbeat_(Pokémon)
  OK: {"name":"Volbeat","primaryType":"Bug","secondaryType":"","forms":[],"evolutionStage":"2","preEvolvePokemon":"Illumise","eggGroups":"Bug and Human-Like","height":"2'04\"","weight":"39.0 lbs.","genderRatio":"100% male","catchRate":"150 (29.5%)","hatchTime":"15 cycles"}

[314/1025] Illumise -> https://bulbapedia.bulbagarden.net/wiki/Illumise_(Pokémon)
  OK: {"name":"Illumise","primaryType":"Bug","secondaryType":"","forms":[],"evolutionStage":"2","preEvolvePokemon":"Volbeat","eggGroups":"Bug and Human-Like","height":"2'00\"","weight":"39.0 lbs.","genderRatio":"100% female","catchRate":"150 (29.5%)","hatchTime":"15 cycles"}

[315/1025] Roselia -> https://bulbapedia.bulbagarden.net/wiki/Roselia_(Pokémon)
  OK: {"name":"Roselia","primaryType":"Grass","secondaryType":"Poison","forms":[],"evolutionStage":"2","preEvolvePokemon":"Budew","eggGroups":"Fairy and Grass","height":"1'00\"","weight":"4.4 lbs.","genderRatio":"50% male, 50% female","catchRate":"150 (29.5%)","hatchTime":"20 cycles"}

[316/1025] Gulpin -> https://bulbapedia.bulbagarden.net/wiki/Gulpin_(Pokémon)
  OK: {"name":"Gulpin","primaryType":"Poison","secondaryType":"","forms":[],"evolutionStage":"1","preEvolvePokemon":"","eggGroups":"Amorphous","height":"1'04\"","weight":"22.7 lbs.","genderRatio":"50% male, 50% female","catchRate":"225 (39.9%)","hatchTime":"20 cycles"}

[317/1025] Swalot -> https://bulbapedia.bulbagarden.net/wiki/Swalot_(Pokémon)
  OK: {"name":"Swalot","primaryType":"Poison","secondaryType":"","forms":[],"evolutionStage":"final","preEvolvePokemon":"Gulpin","eggGroups":"Amorphous","height":"5'07\"","weight":"176.4 lbs.","genderRatio":"50% male, 50% female","catchRate":"75 (17.5%)","hatchTime":"20 cycles"}

[318/1025] Carvanha -> https://bulbapedia.bulbagarden.net/wiki/Carvanha_(Pokémon)
  OK: {"name":"Carvanha","primaryType":"Water","secondaryType":"Dark","forms":[],"evolutionStage":"1","preEvolvePokemon":"","eggGroups":"Water 2","height":"2'07\"","weight":"45.9 lbs.","genderRatio":"50% male, 50% female","catchRate":"225 (39.9%)","hatchTime":"20 cycles"}

[319/1025] Sharpedo -> https://bulbapedia.bulbagarden.net/wiki/Sharpedo_(Pokémon)
  OK: {"name":"Sharpedo","primaryType":"Water","secondaryType":"Dark","forms":["Mega Sharpedo"],"evolutionStage":"final","preEvolvePokemon":"Carvanha","eggGroups":"Water 2","height":"5'11\"","weight":"195.8 lbs.","genderRatio":"50% male, 50% female","catchRate":"60 (14.8%)","hatchTime":"20 cycles"}

[320/1025] Wailmer -> https://bulbapedia.bulbagarden.net/wiki/Wailmer_(Pokémon)
  OK: {"name":"Wailmer","primaryType":"Water","secondaryType":"","forms":[],"evolutionStage":"1","preEvolvePokemon":"","eggGroups":"Field and Water 2","height":"6'07\"","weight":"286.6 lbs.","genderRatio":"50% male, 50% female","catchRate":"125 (25.7%)","hatchTime":"40 cycles"}

[321/1025] Wailord -> https://bulbapedia.bulbagarden.net/wiki/Wailord_(Pokémon)
  OK: {"name":"Wailord","primaryType":"Water","secondaryType":"","forms":[],"evolutionStage":"final","preEvolvePokemon":"Wailmer","eggGroups":"Field and Water 2","height":"47'07\"","weight":"877.4 lbs.","genderRatio":"50% male, 50% female","catchRate":"60 (14.8%)","hatchTime":"40 cycles"}

[322/1025] Numel -> https://bulbapedia.bulbagarden.net/wiki/Numel_(Pokémon)
  OK: {"name":"Numel","primaryType":"Fire","secondaryType":"Ground","forms":[],"evolutionStage":"1","preEvolvePokemon":"","eggGroups":"Field","height":"2'04\"","weight":"52.9 lbs.","genderRatio":"50% male, 50% female","catchRate":"255 (43.9%)","hatchTime":"20 cycles"}

[323/1025] Camerupt -> https://bulbapedia.bulbagarden.net/wiki/Camerupt_(Pokémon)
  OK: {"name":"Camerupt","primaryType":"Fire","secondaryType":"Ground","forms":["Mega Camerupt"],"evolutionStage":"final","preEvolvePokemon":"Numel","eggGroups":"Field","height":"6'03\"","weight":"485.0 lbs.","genderRatio":"50% male, 50% female","catchRate":"150 (29.5%)","hatchTime":"20 cycles"}

[324/1025] Torkoal -> https://bulbapedia.bulbagarden.net/wiki/Torkoal_(Pokémon)
  OK: {"name":"Torkoal","primaryType":"Fire","secondaryType":"","forms":[],"evolutionStage":"2","preEvolvePokemon":"","eggGroups":"Field","height":"1'08\"","weight":"177.3 lbs.","genderRatio":"50% male, 50% female","catchRate":"90 (20.1%)","hatchTime":"20 cycles"}

[325/1025] Spoink -> https://bulbapedia.bulbagarden.net/wiki/Spoink_(Pokémon)
  OK: {"name":"Spoink","primaryType":"Psychic","secondaryType":"","forms":[],"evolutionStage":"1","preEvolvePokemon":"","eggGroups":"Field","height":"2'04\"","weight":"67.5 lbs.","genderRatio":"50% male, 50% female","catchRate":"255 (43.9%)","hatchTime":"20 cycles"}

[326/1025] Grumpig -> https://bulbapedia.bulbagarden.net/wiki/Grumpig_(Pokémon)
  OK: {"name":"Grumpig","primaryType":"Psychic","secondaryType":"","forms":[],"evolutionStage":"final","preEvolvePokemon":"Spoink","eggGroups":"Field","height":"2'11\"","weight":"157.6 lbs.","genderRatio":"50% male, 50% female","catchRate":"60 (14.8%)","hatchTime":"20 cycles"}

[327/1025] Spinda -> https://bulbapedia.bulbagarden.net/wiki/Spinda_(Pokémon)
  OK: {"name":"Spinda","primaryType":"Normal","secondaryType":"","forms":[],"evolutionStage":"2","preEvolvePokemon":"","eggGroups":"Field and Human-Like","height":"3'07\"","weight":"11.0 lbs.","genderRatio":"50% male, 50% female","catchRate":"255 (43.9%)","hatchTime":"15 cycles"}

[328/1025] Trapinch -> https://bulbapedia.bulbagarden.net/wiki/Trapinch_(Pokémon)
  OK: {"name":"Trapinch","primaryType":"Ground","secondaryType":"Bug","forms":[],"evolutionStage":"1","preEvolvePokemon":"","eggGroups":"Bug and DragonGen VIII+","height":"2'04\"","weight":"33.1 lbs.","genderRatio":"50% male, 50% female","catchRate":"255 (43.9%)","hatchTime":"20 cycles"}

[329/1025] Vibrava -> https://bulbapedia.bulbagarden.net/wiki/Vibrava_(Pokémon)
  OK: {"name":"Vibrava","primaryType":"Ground","secondaryType":"Dragon","forms":[],"evolutionStage":"2","preEvolvePokemon":"Trapinch","eggGroups":"Bug and DragonGen VIII+","height":"3'07\"","weight":"33.7 lbs.","genderRatio":"50% male, 50% female","catchRate":"120 (24.9%)","hatchTime":"20 cycles"}

[330/1025] Flygon -> https://bulbapedia.bulbagarden.net/wiki/Flygon_(Pokémon)
  OK: {"name":"Flygon","primaryType":"Ground","secondaryType":"Dragon","forms":[],"evolutionStage":"final","preEvolvePokemon":"Vibrava","eggGroups":"Bug and DragonGen VIII+","height":"6'07\"","weight":"180.8 lbs.","genderRatio":"50% male, 50% female","catchRate":"45 (11.9%)","hatchTime":"20 cycles"}

[331/1025] Cacnea -> https://bulbapedia.bulbagarden.net/wiki/Cacnea_(Pokémon)
  OK: {"name":"Cacnea","primaryType":"Grass","secondaryType":"","forms":[],"evolutionStage":"1","preEvolvePokemon":"","eggGroups":"Grass and Human-Like","height":"1'04\"","weight":"113.1 lbs.","genderRatio":"50% male, 50% female","catchRate":"190 (35.2%)","hatchTime":"20 cycles"}

[332/1025] Cacturne -> https://bulbapedia.bulbagarden.net/wiki/Cacturne_(Pokémon)
  OK: {"name":"Cacturne","primaryType":"Grass","secondaryType":"Dark","forms":[],"evolutionStage":"final","preEvolvePokemon":"Cacnea","eggGroups":"Grass and Human-Like","height":"4'03\"","weight":"170.6 lbs.","genderRatio":"50% male, 50% female","catchRate":"60 (14.8%)","hatchTime":"20 cycles"}

[333/1025] Swablu -> https://bulbapedia.bulbagarden.net/wiki/Swablu_(Pokémon)
  OK: {"name":"Swablu","primaryType":"Normal","secondaryType":"Flying","forms":[],"evolutionStage":"1","preEvolvePokemon":"","eggGroups":"Flying and Dragon","height":"1'04\"","weight":"2.6 lbs.","genderRatio":"50% male, 50% female","catchRate":"255 (43.9%)","hatchTime":"20 cycles"}

[334/1025] Altaria -> https://bulbapedia.bulbagarden.net/wiki/Altaria_(Pokémon)
  OK: {"name":"Altaria","primaryType":"Dragon","secondaryType":"Flying","forms":["Mega Altaria"],"evolutionStage":"final","preEvolvePokemon":"Swablu","eggGroups":"Flying and Dragon","height":"3'07\"","weight":"45.4 lbs.","genderRatio":"50% male, 50% female","catchRate":"45 (11.9%)","hatchTime":"20 cycles"}

[335/1025] Zangoose -> https://bulbapedia.bulbagarden.net/wiki/Zangoose_(Pokémon)
  OK: {"name":"Zangoose","primaryType":"Normal","secondaryType":"","forms":[],"evolutionStage":"2","preEvolvePokemon":"","eggGroups":"Field","height":"4'03\"","weight":"88.8 lbs.","genderRatio":"50% male, 50% female","catchRate":"90 (20.1%)","hatchTime":"20 cycles"}

[336/1025] Seviper -> https://bulbapedia.bulbagarden.net/wiki/Seviper_(Pokémon)
  OK: {"name":"Seviper","primaryType":"Poison","secondaryType":"Dragon","forms":[],"evolutionStage":"2","preEvolvePokemon":"","eggGroups":"Field and Dragon","height":"8'10\"","weight":"115.7 lbs.","genderRatio":"50% male, 50% female","catchRate":"90 (20.1%)","hatchTime":"20 cycles"}

[337/1025] Lunatone -> https://bulbapedia.bulbagarden.net/wiki/Lunatone_(Pokémon)
  OK: {"name":"Lunatone","primaryType":"Rock","secondaryType":"Psychic","forms":[],"evolutionStage":"2","preEvolvePokemon":"Solrock","eggGroups":"Mineral","height":"3'03\"","weight":"370.4 lbs.","genderRatio":"Gender unknown","catchRate":"45 (11.9%)","hatchTime":"25 cycles"}

[338/1025] Sol -> https://bulbapedia.bulbagarden.net/wiki/Sol_(Pokémon)
  WARNING: no infobox found for Sol, skipping.

[339/1025] Barboach -> https://bulbapedia.bulbagarden.net/wiki/Barboach_(Pokémon)
  OK: {"name":"Barboach","primaryType":"Water","secondaryType":"Ground","forms":[],"evolutionStage":"1","preEvolvePokemon":"","eggGroups":"Water 2","height":"1'04\"","weight":"4.2 lbs.","genderRatio":"50% male, 50% female","catchRate":"190 (35.2%)","hatchTime":"20 cycles"}

[340/1025] Whiscash -> https://bulbapedia.bulbagarden.net/wiki/Whiscash_(Pokémon)
  OK: {"name":"Whiscash","primaryType":"Water","secondaryType":"Ground","forms":[],"evolutionStage":"final","preEvolvePokemon":"Barboach","eggGroups":"Water 2","height":"2'11\"","weight":"52.0 lbs.","genderRatio":"50% male, 50% female","catchRate":"75 (17.5%)","hatchTime":"20 cycles"}

[341/1025] Corphish -> https://bulbapedia.bulbagarden.net/wiki/Corphish_(Pokémon)
  OK: {"name":"Corphish","primaryType":"Water","secondaryType":"","forms":[],"evolutionStage":"1","preEvolvePokemon":"","eggGroups":"Water 1 and Water 3","height":"2'00\"","weight":"25.4 lbs.","genderRatio":"50% male, 50% female","catchRate":"205 (37.2%)","hatchTime":"15 cycles"}

[342/1025] Crawdaunt -> https://bulbapedia.bulbagarden.net/wiki/Crawdaunt_(Pokémon)
  OK: {"name":"Crawdaunt","primaryType":"Water","secondaryType":"Dark","forms":[],"evolutionStage":"final","preEvolvePokemon":"Corphish","eggGroups":"Water 1 and Water 3","height":"3'07\"","weight":"72.3 lbs.","genderRatio":"50% male, 50% female","catchRate":"155 (30.2%)","hatchTime":"15 cycles"}

[343/1025] Baltoy -> https://bulbapedia.bulbagarden.net/wiki/Baltoy_(Pokémon)
  OK: {"name":"Baltoy","primaryType":"Ground","secondaryType":"Psychic","forms":[],"evolutionStage":"1","preEvolvePokemon":"","eggGroups":"Mineral","height":"1'08\"","weight":"47.4 lbs.","genderRatio":"Gender unknown","catchRate":"255 (43.9%)","hatchTime":"20 cycles"}

[344/1025] Claydol -> https://bulbapedia.bulbagarden.net/wiki/Claydol_(Pokémon)
  OK: {"name":"Claydol","primaryType":"Ground","secondaryType":"Psychic","forms":[],"evolutionStage":"final","preEvolvePokemon":"Baltoy","eggGroups":"Mineral","height":"4'11\"","weight":"238.1 lbs.","genderRatio":"Gender unknown","catchRate":"90 (20.1%)","hatchTime":"20 cycles"}

[345/1025] Lileep -> https://bulbapedia.bulbagarden.net/wiki/Lileep_(Pokémon)
  OK: {"name":"Lileep","primaryType":"Rock","secondaryType":"Grass","forms":[],"evolutionStage":"2","preEvolvePokemon":"Root Fossil","eggGroups":"Water 3","height":"3'03\"","weight":"52.5 lbs.","genderRatio":"87.5% male, 12.5% female","catchRate":"45 (11.9%)","hatchTime":"30 cycles"}

[346/1025] Cradily -> https://bulbapedia.bulbagarden.net/wiki/Cradily_(Pokémon)
  OK: {"name":"Cradily","primaryType":"Rock","secondaryType":"Grass","forms":[],"evolutionStage":"final","preEvolvePokemon":"Lileep","eggGroups":"Water 3","height":"4'11\"","weight":"133.2 lbs.","genderRatio":"87.5% male, 12.5% female","catchRate":"45 (11.9%)","hatchTime":"30 cycles"}

[347/1025] Anorith -> https://bulbapedia.bulbagarden.net/wiki/Anorith_(Pokémon)
  OK: {"name":"Anorith","primaryType":"Rock","secondaryType":"Bug","forms":[],"evolutionStage":"2","preEvolvePokemon":"Claw Fossil","eggGroups":"Water 3","height":"2'04\"","weight":"27.6 lbs.","genderRatio":"87.5% male, 12.5% female","catchRate":"45 (11.9%)","hatchTime":"30 cycles"}

[348/1025] Armaldo -> https://bulbapedia.bulbagarden.net/wiki/Armaldo_(Pokémon)
  OK: {"name":"Armaldo","primaryType":"Rock","secondaryType":"Bug","forms":[],"evolutionStage":"final","preEvolvePokemon":"Anorith","eggGroups":"Water 3","height":"4'11\"","weight":"150.4 lbs.","genderRatio":"87.5% male, 12.5% female","catchRate":"45 (11.9%)","hatchTime":"30 cycles"}

[349/1025] Feebas -> https://bulbapedia.bulbagarden.net/wiki/Feebas_(Pokémon)
  OK: {"name":"Feebas","primaryType":"Water","secondaryType":"Dragon","forms":[],"evolutionStage":"1","preEvolvePokemon":"","eggGroups":"Water 1 and Dragon","height":"2'00\"","weight":"16.3 lbs.","genderRatio":"50% male, 50% female","catchRate":"255 (43.9%)","hatchTime":"20 cycles"}

[350/1025] Milotic -> https://bulbapedia.bulbagarden.net/wiki/Milotic_(Pokémon)
  OK: {"name":"Milotic","primaryType":"Water","secondaryType":"Dragon","forms":[],"evolutionStage":"final","preEvolvePokemon":"Feebas","eggGroups":"Water 1 and Dragon","height":"20'04\"","weight":"357.1 lbs.","genderRatio":"50% male, 50% female","catchRate":"60 (14.8%)","hatchTime":"20 cycles"}

[351/1025] Castform -> https://bulbapedia.bulbagarden.net/wiki/Castform_(Pokémon)
  OK: {"name":"Castform","primaryType":"Normal","secondaryType":"Fire","forms":["Sunny Form","Rainy Form","Snowy Form"],"evolutionStage":"2","preEvolvePokemon":"Forecast","eggGroups":"Fairy and Amorphous","height":"1'00\"","weight":"1.8 lbs.","genderRatio":"50% male, 50% female","catchRate":"45 (11.9%)","hatchTime":"25 cycles"}

[352/1025] Kecleon -> https://bulbapedia.bulbagarden.net/wiki/Kecleon_(Pokémon)
  OK: {"name":"Kecleon","primaryType":"Normal","secondaryType":"","forms":[],"evolutionStage":"2","preEvolvePokemon":"","eggGroups":"Field","height":"3'03\"","weight":"48.5 lbs.","genderRatio":"50% male, 50% female","catchRate":"200 (36.6%)","hatchTime":"20 cycles"}

[353/1025] Shuppet -> https://bulbapedia.bulbagarden.net/wiki/Shuppet_(Pokémon)
  OK: {"name":"Shuppet","primaryType":"Ghost","secondaryType":"","forms":[],"evolutionStage":"1","preEvolvePokemon":"","eggGroups":"Amorphous","height":"2'00\"","weight":"5.1 lbs.","genderRatio":"50% male, 50% female","catchRate":"225 (39.9%)","hatchTime":"25 cycles"}

[354/1025] Banette -> https://bulbapedia.bulbagarden.net/wiki/Banette_(Pokémon)
  OK: {"name":"Banette","primaryType":"Ghost","secondaryType":"","forms":["Mega Banette"],"evolutionStage":"final","preEvolvePokemon":"Shuppet","eggGroups":"Amorphous","height":"3'07\"","weight":"27.6 lbs.","genderRatio":"50% male, 50% female","catchRate":"45 (11.9%)","hatchTime":"25 cycles"}

[355/1025] Duskull -> https://bulbapedia.bulbagarden.net/wiki/Duskull_(Pokémon)
  OK: {"name":"Duskull","primaryType":"Ghost","secondaryType":"","forms":[],"evolutionStage":"1","preEvolvePokemon":"","eggGroups":"Amorphous","height":"2'07\"","weight":"33.1 lbs.","genderRatio":"50% male, 50% female","catchRate":"190 (35.2%)","hatchTime":"25 cycles"}

[356/1025] Dusclops -> https://bulbapedia.bulbagarden.net/wiki/Dusclops_(Pokémon)
  OK: {"name":"Dusclops","primaryType":"Ghost","secondaryType":"","forms":[],"evolutionStage":"2","preEvolvePokemon":"Duskull","eggGroups":"Amorphous","height":"5'03\"","weight":"67.5 lbs.","genderRatio":"50% male, 50% female","catchRate":"90 (20.1%)","hatchTime":"25 cycles"}

[357/1025] Tropius -> https://bulbapedia.bulbagarden.net/wiki/Tropius_(Pokémon)
  OK: {"name":"Tropius","primaryType":"Grass","secondaryType":"Flying","forms":[],"evolutionStage":"2","preEvolvePokemon":"","eggGroups":"Monster and Grass","height":"6'07\"","weight":"220.5 lbs.","genderRatio":"50% male, 50% female","catchRate":"200 (36.6%)","hatchTime":"25 cycles"}

[358/1025] Chimecho -> https://bulbapedia.bulbagarden.net/wiki/Chimecho_(Pokémon)
  OK: {"name":"Chimecho","primaryType":"Psychic","secondaryType":"Steel","forms":["Mega Chimecho"],"evolutionStage":"final","preEvolvePokemon":"Chingling","eggGroups":"Amorphous","height":"2'00\"","weight":"2.2 lbs.","genderRatio":"50% male, 50% female","catchRate":"45 (11.9%)","hatchTime":"25 cycles"}

[359/1025] Absol -> https://bulbapedia.bulbagarden.net/wiki/Absol_(Pokémon)
  OK: {"name":"Absol","primaryType":"Dark","secondaryType":"Ghost","forms":["Mega Absol","Mega Absol Z"],"evolutionStage":"2","preEvolvePokemon":"Mega Evolve","eggGroups":"Field","height":"3'11\"","weight":"103.6 lbs.","genderRatio":"50% male, 50% female","catchRate":"30 (8.8%)","hatchTime":"25 cycles"}

[360/1025] Wynaut -> https://bulbapedia.bulbagarden.net/wiki/Wynaut_(Pokémon)
  OK: {"name":"Wynaut","primaryType":"Psychic","secondaryType":"","forms":[],"evolutionStage":"1","preEvolvePokemon":"","eggGroups":"No Eggs Discovered","height":"2'00\"","weight":"30.9 lbs.","genderRatio":"50% male, 50% female","catchRate":"125 (25.7%)","hatchTime":"20 cycles"}

[361/1025] Snorunt -> https://bulbapedia.bulbagarden.net/wiki/Snorunt_(Pokémon)
  OK: {"name":"Snorunt","primaryType":"Ice","secondaryType":"Fairy","forms":[],"evolutionStage":"1","preEvolvePokemon":"","eggGroups":"Fairy and Mineral","height":"2'04\"","weight":"37.0 lbs.","genderRatio":"50% male, 50% female","catchRate":"190 (35.2%)","hatchTime":"20 cycles"}

[362/1025] Glalie -> https://bulbapedia.bulbagarden.net/wiki/Glalie_(Pokémon)
  OK: {"name":"Glalie","primaryType":"Ice","secondaryType":"Fairy","forms":["Mega Glalie"],"evolutionStage":"final","preEvolvePokemon":"Snorunt","eggGroups":"Fairy and Mineral","height":"4'11\"","weight":"565.5 lbs.","genderRatio":"50% male, 50% female","catchRate":"75 (17.5%)","hatchTime":"20 cycles"}

[363/1025] Spheal -> https://bulbapedia.bulbagarden.net/wiki/Spheal_(Pokémon)
  OK: {"name":"Spheal","primaryType":"Ice","secondaryType":"Water","forms":[],"evolutionStage":"1","preEvolvePokemon":"","eggGroups":"Water 1 and Field","height":"2'07\"","weight":"87.1 lbs.","genderRatio":"50% male, 50% female","catchRate":"255 (43.9%)","hatchTime":"20 cycles"}

[364/1025] Sealeo -> https://bulbapedia.bulbagarden.net/wiki/Sealeo_(Pokémon)
  OK: {"name":"Sealeo","primaryType":"Ice","secondaryType":"Water","forms":[],"evolutionStage":"2","preEvolvePokemon":"Spheal","eggGroups":"Water 1 and Field","height":"3'07\"","weight":"193.1 lbs.","genderRatio":"50% male, 50% female","catchRate":"120 (24.9%)","hatchTime":"20 cycles"}

[365/1025] Walrein -> https://bulbapedia.bulbagarden.net/wiki/Walrein_(Pokémon)
  OK: {"name":"Walrein","primaryType":"Ice","secondaryType":"Water","forms":[],"evolutionStage":"final","preEvolvePokemon":"Sealeo","eggGroups":"Water 1 and Field","height":"4'07\"","weight":"332.0 lbs.","genderRatio":"50% male, 50% female","catchRate":"45 (11.9%)","hatchTime":"20 cycles"}

[366/1025] Clamperl -> https://bulbapedia.bulbagarden.net/wiki/Clamperl_(Pokémon)
  OK: {"name":"Clamperl","primaryType":"Water","secondaryType":"","forms":[],"evolutionStage":"1","preEvolvePokemon":"","eggGroups":"Water 1","height":"1'04\"","weight":"115.7 lbs.","genderRatio":"50% male, 50% female","catchRate":"255 (43.9%)","hatchTime":"20 cycles"}

[367/1025] Huntail -> https://bulbapedia.bulbagarden.net/wiki/Huntail_(Pokémon)
  OK: {"name":"Huntail","primaryType":"Water","secondaryType":"","forms":[],"evolutionStage":"final","preEvolvePokemon":"Clamperl","eggGroups":"Water 1","height":"5'07\"","weight":"59.5 lbs.","genderRatio":"50% male, 50% female","catchRate":"60 (14.8%)","hatchTime":"20 cycles"}

[368/1025] Gorebyss -> https://bulbapedia.bulbagarden.net/wiki/Gorebyss_(Pokémon)
  OK: {"name":"Gorebyss","primaryType":"Water","secondaryType":"","forms":[],"evolutionStage":"final","preEvolvePokemon":"Clamperl","eggGroups":"Water 1","height":"5'11\"","weight":"49.8 lbs.","genderRatio":"50% male, 50% female","catchRate":"60 (14.8%)","hatchTime":"20 cycles"}

[369/1025] Relicanth -> https://bulbapedia.bulbagarden.net/wiki/Relicanth_(Pokémon)
  OK: {"name":"Relicanth","primaryType":"Water","secondaryType":"Rock","forms":[],"evolutionStage":"2","preEvolvePokemon":"","eggGroups":"Water 1 and Water 2","height":"3'03\"","weight":"51.6 lbs.","genderRatio":"87.5% male, 12.5% female","catchRate":"25 (7.7%)","hatchTime":"40 cycles"}

[370/1025] Luvdisc -> https://bulbapedia.bulbagarden.net/wiki/Luvdisc_(Pokémon)
  OK: {"name":"Luvdisc","primaryType":"Water","secondaryType":"","forms":[],"evolutionStage":"2","preEvolvePokemon":"","eggGroups":"Water 2","height":"2'00\"","weight":"19.2 lbs.","genderRatio":"25% male, 75% female","catchRate":"225 (39.9%)","hatchTime":"20 cycles"}

[371/1025] Bagon -> https://bulbapedia.bulbagarden.net/wiki/Bagon_(Pokémon)
  OK: {"name":"Bagon","primaryType":"Dragon","secondaryType":"","forms":[],"evolutionStage":"1","preEvolvePokemon":"","eggGroups":"Dragon","height":"2'00\"","weight":"92.8 lbs.","genderRatio":"50% male, 50% female","catchRate":"45 (11.9%)","hatchTime":"40 cycles"}

[372/1025] Shelgon -> https://bulbapedia.bulbagarden.net/wiki/Shelgon_(Pokémon)
  OK: {"name":"Shelgon","primaryType":"Dragon","secondaryType":"","forms":[],"evolutionStage":"2","preEvolvePokemon":"Bagon","eggGroups":"Dragon","height":"3'07\"","weight":"243.6 lbs.","genderRatio":"50% male, 50% female","catchRate":"45 (11.9%)","hatchTime":"40 cycles"}

[373/1025] Salamence -> https://bulbapedia.bulbagarden.net/wiki/Salamence_(Pokémon)
  OK: {"name":"Salamence","primaryType":"Dragon","secondaryType":"Flying","forms":["Mega Salamence"],"evolutionStage":"final","preEvolvePokemon":"Shelgon","eggGroups":"Dragon","height":"4'11\"","weight":"226.2 lbs.","genderRatio":"50% male, 50% female","catchRate":"45 (11.9%)","hatchTime":"40 cycles"}

[374/1025] Beldum -> https://bulbapedia.bulbagarden.net/wiki/Beldum_(Pokémon)
  OK: {"name":"Beldum","primaryType":"Steel","secondaryType":"Psychic","forms":[],"evolutionStage":"1","preEvolvePokemon":"","eggGroups":"Mineral","height":"2'00\"","weight":"209.9 lbs.","genderRatio":"Gender unknown","catchRate":"3 (1.6%)","hatchTime":"40 cycles"}

[375/1025] Metang -> https://bulbapedia.bulbagarden.net/wiki/Metang_(Pokémon)
  OK: {"name":"Metang","primaryType":"Steel","secondaryType":"Psychic","forms":[],"evolutionStage":"2","preEvolvePokemon":"Beldum","eggGroups":"Mineral","height":"3'11\"","weight":"446.4 lbs.","genderRatio":"Gender unknown","catchRate":"3 (1.6%)","hatchTime":"40 cycles"}

[376/1025] Metagross -> https://bulbapedia.bulbagarden.net/wiki/Metagross_(Pokémon)
  OK: {"name":"Metagross","primaryType":"Steel","secondaryType":"Psychic","forms":["Mega Metagross"],"evolutionStage":"final","preEvolvePokemon":"Metang","eggGroups":"Mineral","height":"5'03\"","weight":"1212.5 lbs.","genderRatio":"Gender unknown","catchRate":"3 (1.6%)","hatchTime":"40 cycles"}

[377/1025] Regirock -> https://bulbapedia.bulbagarden.net/wiki/Regirock_(Pokémon)
  OK: {"name":"Regirock","primaryType":"Rock","secondaryType":"","forms":[],"evolutionStage":"2","preEvolvePokemon":"","eggGroups":"No Eggs Discovered","height":"5'07\"","weight":"507.1 lbs.","genderRatio":"Gender unknown","catchRate":"3 (1.6%)","hatchTime":"80 cycles Egg not obtainable"}

[378/1025] Regice -> https://bulbapedia.bulbagarden.net/wiki/Regice_(Pokémon)
  OK: {"name":"Regice","primaryType":"Ice","secondaryType":"","forms":[],"evolutionStage":"2","preEvolvePokemon":"","eggGroups":"No Eggs Discovered","height":"5'11\"","weight":"385.8 lbs.","genderRatio":"Gender unknown","catchRate":"3 (1.6%)","hatchTime":"80 cycles Egg not obtainable"}

[379/1025] Registeel -> https://bulbapedia.bulbagarden.net/wiki/Registeel_(Pokémon)
  OK: {"name":"Registeel","primaryType":"Steel","secondaryType":"","forms":[],"evolutionStage":"2","preEvolvePokemon":"","eggGroups":"No Eggs Discovered","height":"6'03\"","weight":"451.9 lbs.","genderRatio":"Gender unknown","catchRate":"3 (1.6%)","hatchTime":"80 cycles Egg not obtainable"}

[380/1025] Latias -> https://bulbapedia.bulbagarden.net/wiki/Latias_(Pokémon)
  OK: {"name":"Latias","primaryType":"Dragon","secondaryType":"Psychic","forms":["Mega Latias"],"evolutionStage":"2","preEvolvePokemon":"Mega Evolve","eggGroups":"No Eggs Discovered","height":"4'07\"","weight":"88.2 lbs.","genderRatio":"100% female","catchRate":"3 (1.6%)","hatchTime":"120 cycles Egg not obtainable"}

[381/1025] Latios -> https://bulbapedia.bulbagarden.net/wiki/Latios_(Pokémon)
  OK: {"name":"Latios","primaryType":"Dragon","secondaryType":"Psychic","forms":["Mega Latios"],"evolutionStage":"2","preEvolvePokemon":"Mega Evolve","eggGroups":"No Eggs Discovered","height":"6'07\"","weight":"132.3 lbs.","genderRatio":"100% male","catchRate":"3 (1.6%)","hatchTime":"120 cycles Egg not obtainable"}

[382/1025] Kyogre -> https://bulbapedia.bulbagarden.net/wiki/Kyogre_(Pokémon)
  OK: {"name":"Kyogre","primaryType":"Water","secondaryType":"","forms":["Primal Kyogre"],"evolutionStage":"2","preEvolvePokemon":"Primal Reversion","eggGroups":"No Eggs Discovered","height":"14'09\"","weight":"776.0 lbs.","genderRatio":"Gender unknown","catchRate":"3 (1.6%)","hatchTime":"120 cycles Egg not obtainable"}

[383/1025] Groudon -> https://bulbapedia.bulbagarden.net/wiki/Groudon_(Pokémon)
  OK: {"name":"Groudon","primaryType":"Ground","secondaryType":"Fire","forms":["Primal Groudon"],"evolutionStage":"2","preEvolvePokemon":"Primal Reversion","eggGroups":"No Eggs Discovered","height":"11'06\"","weight":"2094.4 lbs.","genderRatio":"Gender unknown","catchRate":"3 (1.6%)","hatchTime":"120 cycles Egg not obtainable"}

[384/1025] Rayquaza -> https://bulbapedia.bulbagarden.net/wiki/Rayquaza_(Pokémon)
  OK: {"name":"Rayquaza","primaryType":"Dragon","secondaryType":"Flying","forms":["Mega Rayquaza"],"evolutionStage":"2","preEvolvePokemon":"Mega Evolve","eggGroups":"No Eggs Discovered","height":"23'00\"","weight":"455.3 lbs.","genderRatio":"Gender unknown","catchRate":"3 (1.6%)","hatchTime":"120 cycles Egg not obtainable"}

[385/1025] Jirachi -> https://bulbapedia.bulbagarden.net/wiki/Jirachi_(Pokémon)
  OK: {"name":"Jirachi","primaryType":"Steel","secondaryType":"Psychic","forms":[],"evolutionStage":"2","preEvolvePokemon":"","eggGroups":"No Eggs Discovered","height":"1'00\"","weight":"2.4 lbs.","genderRatio":"Gender unknown","catchRate":"3 (1.6%)","hatchTime":"120 cycles Egg not obtainable"}

[386/1025] Deoxys -> https://bulbapedia.bulbagarden.net/wiki/Deoxys_(Pokémon)
  OK: {"name":"Deoxys","primaryType":"Psychic","secondaryType":"","forms":["Normal Forme","Attack Forme","Defense Forme","Speed Forme"],"evolutionStage":"2","preEvolvePokemon":"meteorites","eggGroups":"No Eggs Discovered","height":"5'07\"","weight":"134.0 lbs.","genderRatio":"Gender unknown","catchRate":"3 (1.6%)","hatchTime":"120 cycles Egg not obtainable"}

[387/1025] Turtwig -> https://bulbapedia.bulbagarden.net/wiki/Turtwig_(Pokémon)
  OK: {"name":"Turtwig","primaryType":"Grass","secondaryType":"","forms":[],"evolutionStage":"1","preEvolvePokemon":"","eggGroups":"Monster and Grass","height":"1'04\"","weight":"22.5 lbs.","genderRatio":"87.5% male, 12.5% female","catchRate":"45 (11.9%)","hatchTime":"20 cycles"}

[388/1025] Grotle -> https://bulbapedia.bulbagarden.net/wiki/Grotle_(Pokémon)
  OK: {"name":"Grotle","primaryType":"Grass","secondaryType":"","forms":[],"evolutionStage":"2","preEvolvePokemon":"Turtwig","eggGroups":"Monster and Grass","height":"3'07\"","weight":"213.8 lbs.","genderRatio":"87.5% male, 12.5% female","catchRate":"45 (11.9%)","hatchTime":"20 cycles"}

[389/1025] Torterra -> https://bulbapedia.bulbagarden.net/wiki/Torterra_(Pokémon)
  OK: {"name":"Torterra","primaryType":"Grass","secondaryType":"Ground","forms":[],"evolutionStage":"final","preEvolvePokemon":"Grotle","eggGroups":"Monster and Grass","height":"7'03\"","weight":"683.4 lbs.","genderRatio":"87.5% male, 12.5% female","catchRate":"45 (11.9%)","hatchTime":"20 cycles"}

[390/1025] Chimchar -> https://bulbapedia.bulbagarden.net/wiki/Chimchar_(Pokémon)
  OK: {"name":"Chimchar","primaryType":"Fire","secondaryType":"","forms":[],"evolutionStage":"1","preEvolvePokemon":"","eggGroups":"Field and Human-Like","height":"0'0\"","weight":"13.7 lbs.","genderRatio":"87.5% male, 12.5% female","catchRate":"45 (11.9%)","hatchTime":"20 cycles"}

[391/1025] Monferno -> https://bulbapedia.bulbagarden.net/wiki/Monferno_(Pokémon)
  OK: {"name":"Monferno","primaryType":"Fire","secondaryType":"Fighting","forms":[],"evolutionStage":"2","preEvolvePokemon":"Chimchar","eggGroups":"Field and Human-Like","height":"0'0\"","weight":"48.5 lbs.","genderRatio":"87.5% male, 12.5% female","catchRate":"45 (11.9%)","hatchTime":"20 cycles"}

[392/1025] Infernape -> https://bulbapedia.bulbagarden.net/wiki/Infernape_(Pokémon)
  OK: {"name":"Infernape","primaryType":"Fire","secondaryType":"Fighting","forms":[],"evolutionStage":"final","preEvolvePokemon":"Monferno","eggGroups":"Field and Human-Like","height":"3'11\"","weight":"121.3 lbs.","genderRatio":"87.5% male, 12.5% female","catchRate":"45 (11.9%)","hatchTime":"20 cycles"}

[393/1025] Piplup -> https://bulbapedia.bulbagarden.net/wiki/Piplup_(Pokémon)
  OK: {"name":"Piplup","primaryType":"Water","secondaryType":"","forms":[],"evolutionStage":"1","preEvolvePokemon":"","eggGroups":"Water 1 and Field","height":"1'04\"","weight":"11.5 lbs.","genderRatio":"87.5% male, 12.5% female","catchRate":"45 (11.9%)","hatchTime":"20 cycles"}

[394/1025] Prinplup -> https://bulbapedia.bulbagarden.net/wiki/Prinplup_(Pokémon)
  OK: {"name":"Prinplup","primaryType":"Water","secondaryType":"","forms":[],"evolutionStage":"2","preEvolvePokemon":"Piplup","eggGroups":"Water 1 and Field","height":"2'07\"","weight":"50.7 lbs.","genderRatio":"87.5% male, 12.5% female","catchRate":"45 (11.9%)","hatchTime":"20 cycles"}

[395/1025] Empoleon -> https://bulbapedia.bulbagarden.net/wiki/Empoleon_(Pokémon)
  OK: {"name":"Empoleon","primaryType":"Water","secondaryType":"Steel","forms":[],"evolutionStage":"final","preEvolvePokemon":"Prinplup","eggGroups":"Water 1 and Field","height":"5'07\"","weight":"186.3 lbs.","genderRatio":"87.5% male, 12.5% female","catchRate":"45 (11.9%)","hatchTime":"20 cycles"}

[396/1025] Starly -> https://bulbapedia.bulbagarden.net/wiki/Starly_(Pokémon)
  OK: {"name":"Starly","primaryType":"Normal","secondaryType":"Flying","forms":[],"evolutionStage":"1","preEvolvePokemon":"","eggGroups":"Flying","height":"1'00\"","weight":"4.4 lbs.","genderRatio":"50% male, 50% female","catchRate":"255 (43.9%)","hatchTime":"15 cycles"}

[397/1025] Staravia -> https://bulbapedia.bulbagarden.net/wiki/Staravia_(Pokémon)
  OK: {"name":"Staravia","primaryType":"Normal","secondaryType":"Flying","forms":[],"evolutionStage":"2","preEvolvePokemon":"Starly","eggGroups":"Flying","height":"2'00\"","weight":"34.2 lbs.","genderRatio":"50% male, 50% female","catchRate":"120 (24.9%)","hatchTime":"15 cycles"}

[398/1025] Staraptor -> https://bulbapedia.bulbagarden.net/wiki/Staraptor_(Pokémon)
  OK: {"name":"Staraptor","primaryType":"Normal","secondaryType":"Flying","forms":["Mega Staraptor"],"evolutionStage":"final","preEvolvePokemon":"Staravia","eggGroups":"Flying","height":"3'11\"","weight":"54.9 lbs.","genderRatio":"50% male, 50% female","catchRate":"45 (11.9%)","hatchTime":"15 cycles"}

[399/1025] Bidoof -> https://bulbapedia.bulbagarden.net/wiki/Bidoof_(Pokémon)
  OK: {"name":"Bidoof","primaryType":"Normal","secondaryType":"","forms":[],"evolutionStage":"1","preEvolvePokemon":"","eggGroups":"Water 1 and Field","height":"1'08\"","weight":"44.1 lbs.","genderRatio":"50% male, 50% female","catchRate":"255 (43.9%)","hatchTime":"15 cycles"}

[400/1025] Bibarel -> https://bulbapedia.bulbagarden.net/wiki/Bibarel_(Pokémon)
  OK: {"name":"Bibarel","primaryType":"Normal","secondaryType":"Water","forms":[],"evolutionStage":"final","preEvolvePokemon":"Bidoof","eggGroups":"Water 1 and Field","height":"3'03\"","weight":"69.4 lbs.","genderRatio":"50% male, 50% female","catchRate":"127 (26%)","hatchTime":"15 cycles"}

[401/1025] Kricketot -> https://bulbapedia.bulbagarden.net/wiki/Kricketot_(Pokémon)
  OK: {"name":"Kricketot","primaryType":"Bug","secondaryType":"","forms":[],"evolutionStage":"1","preEvolvePokemon":"","eggGroups":"Bug","height":"1'00\"","weight":"4.9 lbs.","genderRatio":"50% male, 50% female","catchRate":"255 (43.9%)","hatchTime":"15 cycles"}

[402/1025] Kricketune -> https://bulbapedia.bulbagarden.net/wiki/Kricketune_(Pokémon)
  OK: {"name":"Kricketune","primaryType":"Bug","secondaryType":"","forms":[],"evolutionStage":"final","preEvolvePokemon":"Kricketot","eggGroups":"Bug","height":"3'03\"","weight":"56.2 lbs.","genderRatio":"50% male, 50% female","catchRate":"45 (11.9%)","hatchTime":"15 cycles"}

[403/1025] Shinx -> https://bulbapedia.bulbagarden.net/wiki/Shinx_(Pokémon)
  OK: {"name":"Shinx","primaryType":"Electric","secondaryType":"","forms":[],"evolutionStage":"1","preEvolvePokemon":"","eggGroups":"Field","height":"1'08\"","weight":"20.9 lbs.","genderRatio":"50% male, 50% female","catchRate":"235 (41.3%)","hatchTime":"20 cycles"}

[404/1025] Luxio -> https://bulbapedia.bulbagarden.net/wiki/Luxio_(Pokémon)
  OK: {"name":"Luxio","primaryType":"Electric","secondaryType":"","forms":[],"evolutionStage":"2","preEvolvePokemon":"Shinx","eggGroups":"Field","height":"2'11\"","weight":"67.2 lbs.","genderRatio":"50% male, 50% female","catchRate":"120 (24.9%)","hatchTime":"20 cycles"}

[405/1025] Luxray -> https://bulbapedia.bulbagarden.net/wiki/Luxray_(Pokémon)
  OK: {"name":"Luxray","primaryType":"Electric","secondaryType":"","forms":[],"evolutionStage":"final","preEvolvePokemon":"Luxio","eggGroups":"Field","height":"4'07\"","weight":"92.6 lbs.","genderRatio":"50% male, 50% female","catchRate":"45 (11.9%)","hatchTime":"20 cycles"}

[406/1025] Budew -> https://bulbapedia.bulbagarden.net/wiki/Budew_(Pokémon)
  OK: {"name":"Budew","primaryType":"Grass","secondaryType":"Poison","forms":[],"evolutionStage":"1","preEvolvePokemon":"","eggGroups":"No Eggs Discovered","height":"0'08\"","weight":"2.6 lbs.","genderRatio":"50% male, 50% female","catchRate":"255 (43.9%)","hatchTime":"20 cycles"}

[407/1025] Roserade -> https://bulbapedia.bulbagarden.net/wiki/Roserade_(Pokémon)
  OK: {"name":"Roserade","primaryType":"Grass","secondaryType":"Poison","forms":[],"evolutionStage":"final","preEvolvePokemon":"Roselia","eggGroups":"Fairy and Grass","height":"2'11\"","weight":"32.0 lbs.","genderRatio":"50% male, 50% female","catchRate":"75 (17.5%)","hatchTime":"20 cycles"}

[408/1025] Cranidos -> https://bulbapedia.bulbagarden.net/wiki/Cranidos_(Pokémon)
  OK: {"name":"Cranidos","primaryType":"Rock","secondaryType":"","forms":[],"evolutionStage":"2","preEvolvePokemon":"Skull Fossil","eggGroups":"Monster","height":"2'11\"","weight":"69.4 lbs.","genderRatio":"87.5% male, 12.5% female","catchRate":"45 (11.9%)","hatchTime":"30 cycles"}

[409/1025] Rampardos -> https://bulbapedia.bulbagarden.net/wiki/Rampardos_(Pokémon)
  OK: {"name":"Rampardos","primaryType":"Rock","secondaryType":"","forms":[],"evolutionStage":"final","preEvolvePokemon":"Cranidos","eggGroups":"Monster","height":"5'03\"","weight":"226.0 lbs.","genderRatio":"87.5% male, 12.5% female","catchRate":"45 (11.9%)","hatchTime":"30 cycles"}

[410/1025] Shieldon -> https://bulbapedia.bulbagarden.net/wiki/Shieldon_(Pokémon)
  OK: {"name":"Shieldon","primaryType":"Rock","secondaryType":"Steel","forms":[],"evolutionStage":"2","preEvolvePokemon":"Armor Fossil","eggGroups":"Monster","height":"1'08\"","weight":"125.7 lbs.","genderRatio":"87.5% male, 12.5% female","catchRate":"45 (11.9%)","hatchTime":"30 cycles"}

[411/1025] Bastiodon -> https://bulbapedia.bulbagarden.net/wiki/Bastiodon_(Pokémon)
  OK: {"name":"Bastiodon","primaryType":"Rock","secondaryType":"Steel","forms":[],"evolutionStage":"final","preEvolvePokemon":"Shieldon","eggGroups":"Monster","height":"4'03\"","weight":"329.6 lbs.","genderRatio":"87.5% male, 12.5% female","catchRate":"45 (11.9%)","hatchTime":"30 cycles"}

[412/1025] Burmy -> https://bulbapedia.bulbagarden.net/wiki/Burmy_(Pokémon)
  OK: {"name":"Burmy","primaryType":"Bug","secondaryType":"","forms":["Plant Cloak","Sandy Cloak","Trash Cloak"],"evolutionStage":"1","preEvolvePokemon":"","eggGroups":"Bug","height":"0'08\"","weight":"7.5 lbs.","genderRatio":"50% male, 50% female","catchRate":"120 (24.9%)","hatchTime":"15 cycles"}

[413/1025] Wormadam -> https://bulbapedia.bulbagarden.net/wiki/Wormadam_(Pokémon)
  OK: {"name":"Wormadam","primaryType":"Bug","secondaryType":"Grass","forms":["Plant Cloak","Sandy Cloak","Trash Cloak"],"evolutionStage":"final","preEvolvePokemon":"female","eggGroups":"Bug","height":"1'08\"","weight":"14.3 lbs.","genderRatio":"100% female","catchRate":"45 (11.9%)","hatchTime":"15 cycles"}

[414/1025] Mothim -> https://bulbapedia.bulbagarden.net/wiki/Mothim_(Pokémon)
  OK: {"name":"Mothim","primaryType":"Bug","secondaryType":"Flying","forms":[],"evolutionStage":"final","preEvolvePokemon":"male","eggGroups":"Bug","height":"2'11\"","weight":"51.4 lbs.","genderRatio":"100% male","catchRate":"45 (11.9%)","hatchTime":"15 cycles"}

[415/1025] Combee -> https://bulbapedia.bulbagarden.net/wiki/Combee_(Pokémon)
  OK: {"name":"Combee","primaryType":"Bug","secondaryType":"Flying","forms":[],"evolutionStage":"2","preEvolvePokemon":"Female","eggGroups":"Bug","height":"1'00\"","weight":"12.1 lbs.","genderRatio":"87.5% male, 12.5% female","catchRate":"120 (24.9%)","hatchTime":"15 cycles"}

[416/1025] Vespiquen -> https://bulbapedia.bulbagarden.net/wiki/Vespiquen_(Pokémon)
  OK: {"name":"Vespiquen","primaryType":"Bug","secondaryType":"Flying","forms":[],"evolutionStage":"2","preEvolvePokemon":"female","eggGroups":"Bug","height":"3'11\"","weight":"84.9 lbs.","genderRatio":"100% female","catchRate":"45 (11.9%)","hatchTime":"15 cycles"}

[417/1025] Pachirisu -> https://bulbapedia.bulbagarden.net/wiki/Pachirisu_(Pokémon)
  OK: {"name":"Pachirisu","primaryType":"Electric","secondaryType":"Fairy","forms":[],"evolutionStage":"2","preEvolvePokemon":"","eggGroups":"Field and Fairy","height":"1'04\"","weight":"8.6 lbs.","genderRatio":"50% male, 50% female","catchRate":"200 (36.6%)","hatchTime":"10 cycles"}

[418/1025] Buizel -> https://bulbapedia.bulbagarden.net/wiki/Buizel_(Pokémon)
  OK: {"name":"Buizel","primaryType":"Water","secondaryType":"","forms":[],"evolutionStage":"1","preEvolvePokemon":"","eggGroups":"Water 1 and Field","height":"2'04\"","weight":"65.0 lbs.","genderRatio":"50% male, 50% female","catchRate":"190 (35.2%)","hatchTime":"20 cycles"}

[419/1025] Floatzel -> https://bulbapedia.bulbagarden.net/wiki/Floatzel_(Pokémon)
  OK: {"name":"Floatzel","primaryType":"Water","secondaryType":"","forms":[],"evolutionStage":"final","preEvolvePokemon":"Buizel","eggGroups":"Water 1 and Field","height":"3'07\"","weight":"73.9 lbs.","genderRatio":"50% male, 50% female","catchRate":"75 (17.5%)","hatchTime":"20 cycles"}

[420/1025] Cherubi -> https://bulbapedia.bulbagarden.net/wiki/Cherubi_(Pokémon)
  OK: {"name":"Cherubi","primaryType":"Grass","secondaryType":"Fairy","forms":[],"evolutionStage":"1","preEvolvePokemon":"","eggGroups":"Fairy and Grass","height":"1'04\"","weight":"7.3 lbs.","genderRatio":"50% male, 50% female","catchRate":"190 (35.2%)","hatchTime":"20 cycles"}

[421/1025] Cherrim -> https://bulbapedia.bulbagarden.net/wiki/Cherrim_(Pokémon)
  OK: {"name":"Cherrim","primaryType":"Grass","secondaryType":"Fairy","forms":["Overcast Form","Sunshine Form"],"evolutionStage":"final","preEvolvePokemon":"Cherubi","eggGroups":"Fairy and Grass","height":"1'08\"","weight":"20.5 lbs.","genderRatio":"50% male, 50% female","catchRate":"75 (17.5%)","hatchTime":"20 cycles"}

[422/1025] Shellos -> https://bulbapedia.bulbagarden.net/wiki/Shellos_(Pokémon)
  OK: {"name":"Shellos","primaryType":"Water","secondaryType":"","forms":["West Sea Shellos","East Sea Shellos"],"evolutionStage":"1","preEvolvePokemon":"","eggGroups":"Water 1 and Amorphous","height":"1'00\"","weight":"13.9 lbs.","genderRatio":"50% male, 50% female","catchRate":"190 (35.2%)","hatchTime":"20 cycles"}

[423/1025] Gastrodon -> https://bulbapedia.bulbagarden.net/wiki/Gastrodon_(Pokémon)
  OK: {"name":"Gastrodon","primaryType":"Water","secondaryType":"Ground","forms":["West Sea Gastrodon","East Sea Gastrodon"],"evolutionStage":"final","preEvolvePokemon":"Shellos","eggGroups":"Water 1 and Amorphous","height":"2'11\"","weight":"65.9 lbs.","genderRatio":"50% male, 50% female","catchRate":"75 (17.5%)","hatchTime":"20 cycles"}

[424/1025] Ambipom -> https://bulbapedia.bulbagarden.net/wiki/Ambipom_(Pokémon)
  OK: {"name":"Ambipom","primaryType":"Normal","secondaryType":"","forms":[],"evolutionStage":"final","preEvolvePokemon":"Aipom","eggGroups":"Field","height":"3'11\"","weight":"44.8 lbs.","genderRatio":"50% male, 50% female","catchRate":"45 (11.9%)","hatchTime":"20 cycles"}

[425/1025] Drifloon -> https://bulbapedia.bulbagarden.net/wiki/Drifloon_(Pokémon)
  OK: {"name":"Drifloon","primaryType":"Ghost","secondaryType":"Flying","forms":[],"evolutionStage":"1","preEvolvePokemon":"","eggGroups":"Amorphous","height":"1'04\"","weight":"2.6 lbs.","genderRatio":"50% male, 50% female","catchRate":"125 (25.7%)","hatchTime":"30 cycles"}

[426/1025] Drifblim -> https://bulbapedia.bulbagarden.net/wiki/Drifblim_(Pokémon)
  OK: {"name":"Drifblim","primaryType":"Ghost","secondaryType":"Flying","forms":[],"evolutionStage":"final","preEvolvePokemon":"Drifloon","eggGroups":"Amorphous","height":"3'11\"","weight":"33.1 lbs.","genderRatio":"50% male, 50% female","catchRate":"60 (14.8%)","hatchTime":"30 cycles"}

[427/1025] Buneary -> https://bulbapedia.bulbagarden.net/wiki/Buneary_(Pokémon)
  OK: {"name":"Buneary","primaryType":"Normal","secondaryType":"","forms":[],"evolutionStage":"1","preEvolvePokemon":"","eggGroups":"Field and Human-Like","height":"1'04\"","weight":"12.1 lbs.","genderRatio":"50% male, 50% female","catchRate":"190 (35.2%)","hatchTime":"20 cycles"}

[428/1025] Lopunny -> https://bulbapedia.bulbagarden.net/wiki/Lopunny_(Pokémon)
  OK: {"name":"Lopunny","primaryType":"Normal","secondaryType":"Fighting","forms":["Mega Lopunny"],"evolutionStage":"final","preEvolvePokemon":"Buneary","eggGroups":"Field and Human-Like","height":"3'11\"","weight":"73.4 lbs.","genderRatio":"50% male, 50% female","catchRate":"60 (14.8%)","hatchTime":"20 cycles"}

[429/1025] Mismagius -> https://bulbapedia.bulbagarden.net/wiki/Mismagius_(Pokémon)
  OK: {"name":"Mismagius","primaryType":"Ghost","secondaryType":"","forms":[],"evolutionStage":"final","preEvolvePokemon":"Misdreavus","eggGroups":"Amorphous","height":"2'11\"","weight":"9.7 lbs.","genderRatio":"50% male, 50% female","catchRate":"45 (11.9%)","hatchTime":"25 cycles"}

[430/1025] Honchkrow -> https://bulbapedia.bulbagarden.net/wiki/Honchkrow_(Pokémon)
  OK: {"name":"Honchkrow","primaryType":"Dark","secondaryType":"Flying","forms":[],"evolutionStage":"final","preEvolvePokemon":"Murkrow","eggGroups":"Flying","height":"2'11\"","weight":"60.2 lbs.","genderRatio":"50% male, 50% female","catchRate":"30 (8.8%)","hatchTime":"20 cycles"}

[431/1025] Glameow -> https://bulbapedia.bulbagarden.net/wiki/Glameow_(Pokémon)
  OK: {"name":"Glameow","primaryType":"Normal","secondaryType":"","forms":[],"evolutionStage":"1","preEvolvePokemon":"","eggGroups":"Field","height":"1'08\"","weight":"8.6 lbs.","genderRatio":"25% male, 75% female","catchRate":"190 (35.2%)","hatchTime":"20 cycles"}

[432/1025] Purugly -> https://bulbapedia.bulbagarden.net/wiki/Purugly_(Pokémon)
  OK: {"name":"Purugly","primaryType":"Normal","secondaryType":"","forms":[],"evolutionStage":"final","preEvolvePokemon":"Glameow","eggGroups":"Field","height":"3'03\"","weight":"96.6 lbs.","genderRatio":"25% male, 75% female","catchRate":"75 (17.5%)","hatchTime":"20 cycles"}

[433/1025] Chingling -> https://bulbapedia.bulbagarden.net/wiki/Chingling_(Pokémon)
  OK: {"name":"Chingling","primaryType":"Psychic","secondaryType":"","forms":[],"evolutionStage":"1","preEvolvePokemon":"","eggGroups":"No Eggs Discovered","height":"0'08\"","weight":"1.3 lbs.","genderRatio":"50% male, 50% female","catchRate":"120 (24.9%)","hatchTime":"25 cycles"}

[434/1025] Stunky -> https://bulbapedia.bulbagarden.net/wiki/Stunky_(Pokémon)
  OK: {"name":"Stunky","primaryType":"Poison","secondaryType":"Dark","forms":[],"evolutionStage":"1","preEvolvePokemon":"","eggGroups":"Field","height":"1'04\"","weight":"42.3 lbs.","genderRatio":"50% male, 50% female","catchRate":"225 (39.9%)","hatchTime":"20 cycles"}

[435/1025] Skuntank -> https://bulbapedia.bulbagarden.net/wiki/Skuntank_(Pokémon)
  OK: {"name":"Skuntank","primaryType":"Poison","secondaryType":"Dark","forms":[],"evolutionStage":"final","preEvolvePokemon":"Stunky","eggGroups":"Field","height":"3'03\"","weight":"83.8 lbs.","genderRatio":"50% male, 50% female","catchRate":"60 (14.8%)","hatchTime":"20 cycles"}

[436/1025] Bronzor -> https://bulbapedia.bulbagarden.net/wiki/Bronzor_(Pokémon)
  OK: {"name":"Bronzor","primaryType":"Steel","secondaryType":"Psychic","forms":[],"evolutionStage":"1","preEvolvePokemon":"","eggGroups":"Mineral","height":"1'08\"","weight":"133.4 lbs.","genderRatio":"Gender unknown","catchRate":"255 (43.9%)","hatchTime":"20 cycles"}

[437/1025] Bronzong -> https://bulbapedia.bulbagarden.net/wiki/Bronzong_(Pokémon)
  OK: {"name":"Bronzong","primaryType":"Steel","secondaryType":"Psychic","forms":[],"evolutionStage":"final","preEvolvePokemon":"Bronzor","eggGroups":"Mineral","height":"4'03\"","weight":"412.3 lbs.","genderRatio":"Gender unknown","catchRate":"90 (20.1%)","hatchTime":"20 cycles"}

[438/1025] Bonsly -> https://bulbapedia.bulbagarden.net/wiki/Bonsly_(Pokémon)
  OK: {"name":"Bonsly","primaryType":"Rock","secondaryType":"","forms":[],"evolutionStage":"1","preEvolvePokemon":"","eggGroups":"No Eggs Discovered","height":"1'08\"","weight":"33.1 lbs.","genderRatio":"50% male, 50% female","catchRate":"255 (43.9%)","hatchTime":"20 cycles"}

[439/1025] Mime Jr. -> https://bulbapedia.bulbagarden.net/wiki/Mime%20Jr._(Pokémon)
  OK: {"name":"Mime Jr.","primaryType":"Psychic","secondaryType":"Fairy","forms":[],"evolutionStage":"1","preEvolvePokemon":"","eggGroups":"No Eggs Discovered","height":"2'00\"","weight":"28.7 lbs.","genderRatio":"50% male, 50% female","catchRate":"145 (28.7%)","hatchTime":"25 cycles"}

[440/1025] Happiny -> https://bulbapedia.bulbagarden.net/wiki/Happiny_(Pokémon)
  OK: {"name":"Happiny","primaryType":"Normal","secondaryType":"","forms":[],"evolutionStage":"1","preEvolvePokemon":"","eggGroups":"No Eggs Discovered","height":"2'00\"","weight":"53.8 lbs.","genderRatio":"100% female","catchRate":"130 (26.5%)","hatchTime":"40 cycles"}

[441/1025] Chatot -> https://bulbapedia.bulbagarden.net/wiki/Chatot_(Pokémon)
  OK: {"name":"Chatot","primaryType":"Normal","secondaryType":"Flying","forms":[],"evolutionStage":"2","preEvolvePokemon":"","eggGroups":"Flying","height":"1'08\"","weight":"4.2 lbs.","genderRatio":"50% male, 50% female","catchRate":"30 (8.8%)","hatchTime":"20 cycles"}

[442/1025] Spiritomb -> https://bulbapedia.bulbagarden.net/wiki/Spiritomb_(Pokémon)
  OK: {"name":"Spiritomb","primaryType":"Ghost","secondaryType":"Dark","forms":[],"evolutionStage":"2","preEvolvePokemon":"","eggGroups":"Amorphous","height":"3'03\"","weight":"238.1 lbs.","genderRatio":"50% male, 50% female","catchRate":"100 (21.7%)","hatchTime":"30 cycles"}

[443/1025] Gible -> https://bulbapedia.bulbagarden.net/wiki/Gible_(Pokémon)
  OK: {"name":"Gible","primaryType":"Dragon","secondaryType":"Ground","forms":[],"evolutionStage":"1","preEvolvePokemon":"","eggGroups":"Monster and Dragon","height":"2'04\"","weight":"45.2 lbs.","genderRatio":"50% male, 50% female","catchRate":"45 (11.9%)","hatchTime":"40 cycles"}

[444/1025] Gabite -> https://bulbapedia.bulbagarden.net/wiki/Gabite_(Pokémon)
  OK: {"name":"Gabite","primaryType":"Dragon","secondaryType":"Ground","forms":[],"evolutionStage":"2","preEvolvePokemon":"Gible","eggGroups":"Monster and Dragon","height":"4'07\"","weight":"123.5 lbs.","genderRatio":"50% male, 50% female","catchRate":"45 (11.9%)","hatchTime":"40 cycles"}

[445/1025] Garchomp -> https://bulbapedia.bulbagarden.net/wiki/Garchomp_(Pokémon)
  OK: {"name":"Garchomp","primaryType":"Dragon","secondaryType":"Ground","forms":["Mega Garchomp","Mega Garchomp Z"],"evolutionStage":"final","preEvolvePokemon":"Gabite","eggGroups":"Monster and Dragon","height":"6'03\"","weight":"209.4 lbs.","genderRatio":"50% male, 50% female","catchRate":"45 (11.9%)","hatchTime":"40 cycles"}

[446/1025] Munchlax -> https://bulbapedia.bulbagarden.net/wiki/Munchlax_(Pokémon)
  OK: {"name":"Munchlax","primaryType":"Normal","secondaryType":"","forms":[],"evolutionStage":"1","preEvolvePokemon":"","eggGroups":"No Eggs Discovered","height":"2'00\"","weight":"231.5 lbs.","genderRatio":"87.5% male, 12.5% female","catchRate":"50 (12.9%)","hatchTime":"40 cycles"}

[447/1025] Riolu -> https://bulbapedia.bulbagarden.net/wiki/Riolu_(Pokémon)
  OK: {"name":"Riolu","primaryType":"Fighting","secondaryType":"","forms":[],"evolutionStage":"1","preEvolvePokemon":"","eggGroups":"No Eggs Discovered","height":"2'04\"","weight":"44.5 lbs.","genderRatio":"87.5% male, 12.5% female","catchRate":"75 (17.5%)","hatchTime":"25 cycles"}

[448/1025] Lucario -> https://bulbapedia.bulbagarden.net/wiki/Lucario_(Pokémon)
  OK: {"name":"Lucario","primaryType":"Fighting","secondaryType":"Steel","forms":["Mega Lucario","Mega Lucario Z"],"evolutionStage":"final","preEvolvePokemon":"Riolu","eggGroups":"Field and Human-Like","height":"3'11\"","weight":"119.0 lbs.","genderRatio":"87.5% male, 12.5% female","catchRate":"45 (11.9%)","hatchTime":"25 cycles"}

[449/1025] Hippopotas -> https://bulbapedia.bulbagarden.net/wiki/Hippopotas_(Pokémon)
  OK: {"name":"Hippopotas","primaryType":"Ground","secondaryType":"","forms":[],"evolutionStage":"1","preEvolvePokemon":"","eggGroups":"Field","height":"2'07\"","weight":"109.1 lbs.","genderRatio":"50% male, 50% female","catchRate":"140 (28%)","hatchTime":"30 cycles"}

[450/1025] Hippowdon -> https://bulbapedia.bulbagarden.net/wiki/Hippowdon_(Pokémon)
  OK: {"name":"Hippowdon","primaryType":"Ground","secondaryType":"","forms":[],"evolutionStage":"final","preEvolvePokemon":"Hippopotas","eggGroups":"Field","height":"6'07\"","weight":"661.4 lbs.","genderRatio":"50% male, 50% female","catchRate":"60 (14.8%)","hatchTime":"30 cycles"}

[451/1025] Skorupi -> https://bulbapedia.bulbagarden.net/wiki/Skorupi_(Pokémon)
  OK: {"name":"Skorupi","primaryType":"Poison","secondaryType":"Bug","forms":[],"evolutionStage":"1","preEvolvePokemon":"","eggGroups":"Bug and Water 3","height":"2'07\"","weight":"26.5 lbs.","genderRatio":"50% male, 50% female","catchRate":"120 (24.9%)","hatchTime":"20 cycles"}

[452/1025] Drapion -> https://bulbapedia.bulbagarden.net/wiki/Drapion_(Pokémon)
  OK: {"name":"Drapion","primaryType":"Poison","secondaryType":"Dark","forms":[],"evolutionStage":"final","preEvolvePokemon":"Skorupi","eggGroups":"Bug and Water 3","height":"4'03\"","weight":"135.6 lbs.","genderRatio":"50% male, 50% female","catchRate":"45 (11.9%)","hatchTime":"20 cycles"}

[453/1025] Croagunk -> https://bulbapedia.bulbagarden.net/wiki/Croagunk_(Pokémon)
  OK: {"name":"Croagunk","primaryType":"Poison","secondaryType":"Fighting","forms":[],"evolutionStage":"1","preEvolvePokemon":"","eggGroups":"Human-Like","height":"2'04\"","weight":"50.7 lbs.","genderRatio":"50% male, 50% female","catchRate":"140 (28%)","hatchTime":"10 cycles"}

[454/1025] Toxicroak -> https://bulbapedia.bulbagarden.net/wiki/Toxicroak_(Pokémon)
  OK: {"name":"Toxicroak","primaryType":"Poison","secondaryType":"Fighting","forms":[],"evolutionStage":"final","preEvolvePokemon":"Croagunk","eggGroups":"Human-Like","height":"4'03\"","weight":"97.9 lbs.","genderRatio":"50% male, 50% female","catchRate":"75 (17.5%)","hatchTime":"20 cycles"}

[455/1025] Carnivine -> https://bulbapedia.bulbagarden.net/wiki/Carnivine_(Pokémon)
  OK: {"name":"Carnivine","primaryType":"Grass","secondaryType":"","forms":[],"evolutionStage":"2","preEvolvePokemon":"","eggGroups":"Grass","height":"4'07\"","weight":"59.5 lbs.","genderRatio":"50% male, 50% female","catchRate":"200 (36.6%)","hatchTime":"25 cycles"}

[456/1025] Finneon -> https://bulbapedia.bulbagarden.net/wiki/Finneon_(Pokémon)
  OK: {"name":"Finneon","primaryType":"Water","secondaryType":"","forms":[],"evolutionStage":"1","preEvolvePokemon":"","eggGroups":"Water 2","height":"1'04\"","weight":"15.4 lbs.","genderRatio":"50% male, 50% female","catchRate":"190 (35.2%)","hatchTime":"20 cycles"}

[457/1025] Lumineon -> https://bulbapedia.bulbagarden.net/wiki/Lumineon_(Pokémon)
  OK: {"name":"Lumineon","primaryType":"Water","secondaryType":"","forms":[],"evolutionStage":"final","preEvolvePokemon":"Finneon","eggGroups":"Water 2","height":"3'11\"","weight":"52.9 lbs.","genderRatio":"50% male, 50% female","catchRate":"75 (17.5%)","hatchTime":"20 cycles"}

[458/1025] Mantyke -> https://bulbapedia.bulbagarden.net/wiki/Mantyke_(Pokémon)
  OK: {"name":"Mantyke","primaryType":"Water","secondaryType":"Flying","forms":[],"evolutionStage":"1","preEvolvePokemon":"","eggGroups":"No Eggs Discovered","height":"3'03\"","weight":"143.3 lbs.","genderRatio":"50% male, 50% female","catchRate":"25 (7.7%)","hatchTime":"25 cycles"}

[459/1025] Snover -> https://bulbapedia.bulbagarden.net/wiki/Snover_(Pokémon)
  OK: {"name":"Snover","primaryType":"Grass","secondaryType":"Ice","forms":[],"evolutionStage":"1","preEvolvePokemon":"","eggGroups":"Monster and Grass","height":"3'03\"","weight":"111.3 lbs.","genderRatio":"50% male, 50% female","catchRate":"120 (24.9%)","hatchTime":"20 cycles"}

[460/1025] Abomasnow -> https://bulbapedia.bulbagarden.net/wiki/Abomasnow_(Pokémon)
  OK: {"name":"Abomasnow","primaryType":"Grass","secondaryType":"Ice","forms":["Mega Abomasnow"],"evolutionStage":"final","preEvolvePokemon":"Snover","eggGroups":"Monster and Grass","height":"7'03\"","weight":"298.7 lbs.","genderRatio":"50% male, 50% female","catchRate":"60 (14.8%)","hatchTime":"20 cycles"}

[461/1025] Weavile -> https://bulbapedia.bulbagarden.net/wiki/Weavile_(Pokémon)
  OK: {"name":"Weavile","primaryType":"Dark","secondaryType":"Ice","forms":[],"evolutionStage":"final","preEvolvePokemon":"Sneasel","eggGroups":"Field","height":"3'07\"","weight":"75.0 lbs.","genderRatio":"50% male, 50% female","catchRate":"45 (11.9%)","hatchTime":"20 cycles"}

[462/1025] Magnezone -> https://bulbapedia.bulbagarden.net/wiki/Magnezone_(Pokémon)
  OK: {"name":"Magnezone","primaryType":"Electric","secondaryType":"Steel","forms":[],"evolutionStage":"final","preEvolvePokemon":"Magneton","eggGroups":"Mineral","height":"3'11\"","weight":"396.8 lbs.","genderRatio":"Gender unknown","catchRate":"30 (8.8%)","hatchTime":"20 cycles"}

[463/1025] Lickilicky -> https://bulbapedia.bulbagarden.net/wiki/Lickilicky_(Pokémon)
  OK: {"name":"Lickilicky","primaryType":"Normal","secondaryType":"","forms":[],"evolutionStage":"final","preEvolvePokemon":"Lickitung","eggGroups":"Monster","height":"5'07\"","weight":"308.6 lbs.","genderRatio":"50% male, 50% female","catchRate":"30 (8.8%)","hatchTime":"20 cycles"}

[464/1025] Rhyperior -> https://bulbapedia.bulbagarden.net/wiki/Rhyperior_(Pokémon)
  OK: {"name":"Rhyperior","primaryType":"Ground","secondaryType":"Rock","forms":[],"evolutionStage":"final","preEvolvePokemon":"Rhydon","eggGroups":"Monster and Field","height":"7'10\"","weight":"623.5 lbs.","genderRatio":"50% male, 50% female","catchRate":"30 (8.8%)","hatchTime":"20 cycles"}

[465/1025] Tangrowth -> https://bulbapedia.bulbagarden.net/wiki/Tangrowth_(Pokémon)
  OK: {"name":"Tangrowth","primaryType":"Grass","secondaryType":"","forms":[],"evolutionStage":"final","preEvolvePokemon":"Tangela","eggGroups":"Grass","height":"6'07\"","weight":"283.5 lbs.","genderRatio":"50% male, 50% female","catchRate":"30 (8.8%)","hatchTime":"20 cycles"}

[466/1025] Electivire -> https://bulbapedia.bulbagarden.net/wiki/Electivire_(Pokémon)
  OK: {"name":"Electivire","primaryType":"Electric","secondaryType":"","forms":[],"evolutionStage":"final","preEvolvePokemon":"Electabuzz","eggGroups":"Human-Like","height":"5'11\"","weight":"305.6 lbs.","genderRatio":"75% male, 25% female","catchRate":"30 (8.8%)","hatchTime":"25 cycles"}

[467/1025] Magmortar -> https://bulbapedia.bulbagarden.net/wiki/Magmortar_(Pokémon)
  OK: {"name":"Magmortar","primaryType":"Fire","secondaryType":"","forms":[],"evolutionStage":"final","preEvolvePokemon":"Magmar","eggGroups":"Human-Like","height":"5'03\"","weight":"149.9 lbs.","genderRatio":"75% male, 25% female","catchRate":"30 (8.8%)","hatchTime":"25 cycles"}

[468/1025] Togekiss -> https://bulbapedia.bulbagarden.net/wiki/Togekiss_(Pokémon)
  OK: {"name":"Togekiss","primaryType":"Fairy","secondaryType":"Flying","forms":[],"evolutionStage":"final","preEvolvePokemon":"Togetic","eggGroups":"Flying and Fairy","height":"4'11\"","weight":"83.8 lbs.","genderRatio":"87.5% male, 12.5% female","catchRate":"30 (8.8%)","hatchTime":"10 cycles"}

[469/1025] Yanmega -> https://bulbapedia.bulbagarden.net/wiki/Yanmega_(Pokémon)
  OK: {"name":"Yanmega","primaryType":"Bug","secondaryType":"Flying","forms":[],"evolutionStage":"final","preEvolvePokemon":"Yanma","eggGroups":"Bug","height":"6'03\"","weight":"113.5 lbs.","genderRatio":"50% male, 50% female","catchRate":"30 (8.8%)","hatchTime":"20 cycles"}

[470/1025] Leafeon -> https://bulbapedia.bulbagarden.net/wiki/Leafeon_(Pokémon)
  OK: {"name":"Leafeon","primaryType":"Grass","secondaryType":"","forms":[],"evolutionStage":"final","preEvolvePokemon":"Eevee","eggGroups":"Field","height":"3'03\"","weight":"56.2 lbs.","genderRatio":"87.5% male, 12.5% female","catchRate":"45 (11.9%)","hatchTime":"35 cycles"}

[471/1025] Glaceon -> https://bulbapedia.bulbagarden.net/wiki/Glaceon_(Pokémon)
  OK: {"name":"Glaceon","primaryType":"Ice","secondaryType":"","forms":[],"evolutionStage":"final","preEvolvePokemon":"Eevee","eggGroups":"Field","height":"2'07\"","weight":"57.1 lbs.","genderRatio":"87.5% male, 12.5% female","catchRate":"45 (11.9%)","hatchTime":"35 cycles"}

[472/1025] Gliscor -> https://bulbapedia.bulbagarden.net/wiki/Gliscor_(Pokémon)
  OK: {"name":"Gliscor","primaryType":"Ground","secondaryType":"Flying","forms":[],"evolutionStage":"final","preEvolvePokemon":"Gligar","eggGroups":"Bug","height":"6'07\"","weight":"93.7 lbs.","genderRatio":"50% male, 50% female","catchRate":"30 (8.8%)","hatchTime":"20 cycles"}

[473/1025] Mamoswine -> https://bulbapedia.bulbagarden.net/wiki/Mamoswine_(Pokémon)
  OK: {"name":"Mamoswine","primaryType":"Ice","secondaryType":"Ground","forms":[],"evolutionStage":"final","preEvolvePokemon":"Piloswine","eggGroups":"Field","height":"8'02\"","weight":"641.5 lbs.","genderRatio":"50% male, 50% female","catchRate":"50 (12.9%)","hatchTime":"20 cycles"}

[474/1025] Porygon-Z -> https://bulbapedia.bulbagarden.net/wiki/Porygon-Z_(Pokémon)
  OK: {"name":"Porygon-Z","primaryType":"Normal","secondaryType":"","forms":[],"evolutionStage":"final","preEvolvePokemon":"Porygon2","eggGroups":"Mineral","height":"2'11\"","weight":"75.0 lbs.","genderRatio":"Gender unknown","catchRate":"30 (8.8%)","hatchTime":"20 cycles"}

[475/1025] Gallade -> https://bulbapedia.bulbagarden.net/wiki/Gallade_(Pokémon)
  OK: {"name":"Gallade","primaryType":"Psychic","secondaryType":"Fighting","forms":["Mega Gallade"],"evolutionStage":"final","preEvolvePokemon":"male","eggGroups":"Human-LikeGen VIII+ and Amorphous","height":"5'03\"","weight":"114.6 lbs.","genderRatio":"100% male","catchRate":"45 (11.9%)","hatchTime":"20 cycles"}

[476/1025] Probopass -> https://bulbapedia.bulbagarden.net/wiki/Probopass_(Pokémon)
  OK: {"name":"Probopass","primaryType":"Rock","secondaryType":"Steel","forms":[],"evolutionStage":"final","preEvolvePokemon":"Nosepass","eggGroups":"Mineral","height":"4'07\"","weight":"749.6 lbs.","genderRatio":"50% male, 50% female","catchRate":"60 (14.8%)","hatchTime":"20 cycles"}

[477/1025] Dusknoir -> https://bulbapedia.bulbagarden.net/wiki/Dusknoir_(Pokémon)
  OK: {"name":"Dusknoir","primaryType":"Ghost","secondaryType":"","forms":[],"evolutionStage":"final","preEvolvePokemon":"Dusclops","eggGroups":"Amorphous","height":"7'03\"","weight":"235.0 lbs.","genderRatio":"50% male, 50% female","catchRate":"45 (11.9%)","hatchTime":"25 cycles"}

[478/1025] Froslass -> https://bulbapedia.bulbagarden.net/wiki/Froslass_(Pokémon)
  OK: {"name":"Froslass","primaryType":"Ice","secondaryType":"Ghost","forms":["Mega Froslass"],"evolutionStage":"final","preEvolvePokemon":"female","eggGroups":"Fairy and Mineral","height":"4'03\"","weight":"58.6 lbs.","genderRatio":"100% female","catchRate":"75 (17.5%)","hatchTime":"20 cycles"}

[479/1025] Rotom -> https://bulbapedia.bulbagarden.net/wiki/Rotom_(Pokémon)
  OK: {"name":"Rotom","primaryType":"Electric","secondaryType":"Ghost","forms":["Heat Rotom","Wash Rotom","Frost Rotom","Fan Rotom","Mow Rotom","Stereo Rotom"],"evolutionStage":"2","preEvolvePokemon":"move","eggGroups":"Amorphous","height":"1'00\"","weight":"0.7 lbs.","genderRatio":"Gender unknown","catchRate":"45 (11.9%)","hatchTime":"20 cycles"}

[480/1025] Uxie -> https://bulbapedia.bulbagarden.net/wiki/Uxie_(Pokémon)
  OK: {"name":"Uxie","primaryType":"Psychic","secondaryType":"","forms":[],"evolutionStage":"2","preEvolvePokemon":"","eggGroups":"No Eggs Discovered","height":"1'00\"","weight":"0.7 lbs.","genderRatio":"Gender unknown","catchRate":"3 (1.6%)","hatchTime":"80 cycles Egg not obtainable"}

[481/1025] Mesprit -> https://bulbapedia.bulbagarden.net/wiki/Mesprit_(Pokémon)
  OK: {"name":"Mesprit","primaryType":"Psychic","secondaryType":"","forms":[],"evolutionStage":"2","preEvolvePokemon":"","eggGroups":"No Eggs Discovered","height":"1'00\"","weight":"0.7 lbs.","genderRatio":"Gender unknown","catchRate":"3 (1.6%)","hatchTime":"80 cycles Egg not obtainable"}

[482/1025] Azelf -> https://bulbapedia.bulbagarden.net/wiki/Azelf_(Pokémon)
  OK: {"name":"Azelf","primaryType":"Psychic","secondaryType":"","forms":[],"evolutionStage":"2","preEvolvePokemon":"","eggGroups":"No Eggs Discovered","height":"1'00\"","weight":"0.7 lbs.","genderRatio":"Gender unknown","catchRate":"3 (1.6%)","hatchTime":"80 cycles Egg not obtainable"}

[483/1025] Dialga -> https://bulbapedia.bulbagarden.net/wiki/Dialga_(Pokémon)
  OK: {"name":"Dialga","primaryType":"Steel","secondaryType":"Dragon","forms":[],"evolutionStage":"2","preEvolvePokemon":"Adamant Crystal","eggGroups":"No Eggs Discovered","height":"17'09\"","weight":"1505.8 lbs.","genderRatio":"Gender unknown","catchRate":"3 (1.6%)","hatchTime":"120 cycles Egg not obtainable"}

[484/1025] Palkia -> https://bulbapedia.bulbagarden.net/wiki/Palkia_(Pokémon)
  OK: {"name":"Palkia","primaryType":"Water","secondaryType":"Dragon","forms":[],"evolutionStage":"2","preEvolvePokemon":"Lustrous Globe","eggGroups":"No Eggs Discovered","height":"13'09\"","weight":"740.8 lbs.","genderRatio":"Gender unknown","catchRate":"3 (1.6%)","hatchTime":"120 cycles Egg not obtainable"}

[485/1025] Heatran -> https://bulbapedia.bulbagarden.net/wiki/Heatran_(Pokémon)
  OK: {"name":"Heatran","primaryType":"Fire","secondaryType":"Steel","forms":["Mega Heatran"],"evolutionStage":"2","preEvolvePokemon":"Mega Evolve","eggGroups":"No Eggs Discovered","height":"5'07\"","weight":"948.0 lbs.","genderRatio":"50% male, 50% female","catchRate":"3 (1.6%)","hatchTime":"10 cycles Egg not obtainable"}

[486/1025] Regigigas -> https://bulbapedia.bulbagarden.net/wiki/Regigigas_(Pokémon)
  OK: {"name":"Regigigas","primaryType":"Normal","secondaryType":"","forms":[],"evolutionStage":"2","preEvolvePokemon":"","eggGroups":"No Eggs Discovered","height":"12'02\"","weight":"925.9 lbs.","genderRatio":"Gender unknown","catchRate":"3 (1.6%)","hatchTime":"120 cycles Egg not obtainable"}

[487/1025] Giratina -> https://bulbapedia.bulbagarden.net/wiki/Giratina_(Pokémon)
  OK: {"name":"Giratina","primaryType":"Ghost","secondaryType":"Dragon","forms":["Altered Forme","Origin Forme"],"evolutionStage":"2","preEvolvePokemon":"Griseous Orb","eggGroups":"No Eggs Discovered","height":"14'09\"","weight":"1653.5 lbs.","genderRatio":"Gender unknown","catchRate":"3 (1.6%)","hatchTime":"120 cycles Egg not obtainable"}

[488/1025] Cresselia -> https://bulbapedia.bulbagarden.net/wiki/Cresselia_(Pokémon)
  OK: {"name":"Cresselia","primaryType":"Psychic","secondaryType":"","forms":[],"evolutionStage":"2","preEvolvePokemon":"","eggGroups":"No Eggs Discovered","height":"4'11\"","weight":"188.7 lbs.","genderRatio":"100% female","catchRate":"3 (1.6%)","hatchTime":"120 cycles Egg not obtainable"}

[489/1025] Phione -> https://bulbapedia.bulbagarden.net/wiki/Phione_(Pokémon)
  OK: {"name":"Phione","primaryType":"Water","secondaryType":"Fairy","forms":[],"evolutionStage":"2","preEvolvePokemon":"Manaphy","eggGroups":"Water 1 and Fairy","height":"1'04\"","weight":"6.8 lbs.","genderRatio":"Gender unknown","catchRate":"30 (8.8%)","hatchTime":"40 cycles"}

[490/1025] Manaphy -> https://bulbapedia.bulbagarden.net/wiki/Manaphy_(Pokémon)
  OK: {"name":"Manaphy","primaryType":"Water","secondaryType":"Fairy","forms":[],"evolutionStage":"2","preEvolvePokemon":"","eggGroups":"Water 1 and Fairy","height":"1'00\"","weight":"3.1 lbs.","genderRatio":"Gender unknown","catchRate":"3 (1.6%)","hatchTime":"10 cycles"}

[491/1025] Darkrai -> https://bulbapedia.bulbagarden.net/wiki/Darkrai_(Pokémon)
  OK: {"name":"Darkrai","primaryType":"Dark","secondaryType":"","forms":["Mega Darkrai"],"evolutionStage":"2","preEvolvePokemon":"Mega Evolve","eggGroups":"No Eggs Discovered","height":"4'11\"","weight":"111.3 lbs.","genderRatio":"Gender unknown","catchRate":"3 (1.6%)","hatchTime":"120 cycles Egg not obtainable"}

[492/1025] Shaymin -> https://bulbapedia.bulbagarden.net/wiki/Shaymin_(Pokémon)
  OK: {"name":"Shaymin","primaryType":"Grass","secondaryType":"Flying","forms":[],"evolutionStage":"2","preEvolvePokemon":"Gracidea flower","eggGroups":"No Eggs Discovered","height":"0'08\"","weight":"4.6 lbs.","genderRatio":"Gender unknown","catchRate":"45 (11.9%)","hatchTime":"120 cycles Egg not obtainable"}

[493/1025] Arceus -> https://bulbapedia.bulbagarden.net/wiki/Arceus_(Pokémon)
  OK: {"name":"Arceus","primaryType":"Normal","secondaryType":"","forms":[],"evolutionStage":"2","preEvolvePokemon":"types","eggGroups":"No Eggs Discovered","height":"10'06\"","weight":"705.5 lbs.","genderRatio":"Gender unknown","catchRate":"3 (1.6%)","hatchTime":"120 cycles Egg not obtainable"}

[494/1025] Victini -> https://bulbapedia.bulbagarden.net/wiki/Victini_(Pokémon)
  OK: {"name":"Victini","primaryType":"Psychic","secondaryType":"Fire","forms":[],"evolutionStage":"2","preEvolvePokemon":"","eggGroups":"No Eggs Discovered","height":"1'04\"","weight":"8.8 lbs.","genderRatio":"Gender unknown","catchRate":"3 (1.6%)","hatchTime":"120 cycles Egg not obtainable"}

[495/1025] Snivy -> https://bulbapedia.bulbagarden.net/wiki/Snivy_(Pokémon)
  OK: {"name":"Snivy","primaryType":"Grass","secondaryType":"","forms":[],"evolutionStage":"1","preEvolvePokemon":"","eggGroups":"Field and Grass","height":"2'00\"","weight":"17.9 lbs.","genderRatio":"87.5% male, 12.5% female","catchRate":"45 (11.9%)","hatchTime":"20 cycles"}

[496/1025] Servine -> https://bulbapedia.bulbagarden.net/wiki/Servine_(Pokémon)
  OK: {"name":"Servine","primaryType":"Grass","secondaryType":"","forms":[],"evolutionStage":"2","preEvolvePokemon":"Snivy","eggGroups":"Field and Grass","height":"2'07\"","weight":"35.3 lbs.","genderRatio":"87.5% male, 12.5% female","catchRate":"45 (11.9%)","hatchTime":"20 cycles"}

[497/1025] Serperior -> https://bulbapedia.bulbagarden.net/wiki/Serperior_(Pokémon)
  OK: {"name":"Serperior","primaryType":"Grass","secondaryType":"","forms":[],"evolutionStage":"final","preEvolvePokemon":"Servine","eggGroups":"Field and Grass","height":"10'10\"","weight":"138.9 lbs.","genderRatio":"87.5% male, 12.5% female","catchRate":"45 (11.9%)","hatchTime":"20 cycles"}

[498/1025] Tepig -> https://bulbapedia.bulbagarden.net/wiki/Tepig_(Pokémon)
  OK: {"name":"Tepig","primaryType":"Fire","secondaryType":"","forms":[],"evolutionStage":"1","preEvolvePokemon":"","eggGroups":"Field","height":"1'08\"","weight":"21.8 lbs.","genderRatio":"87.5% male, 12.5% female","catchRate":"45 (11.9%)","hatchTime":"20 cycles"}

[499/1025] Pignite -> https://bulbapedia.bulbagarden.net/wiki/Pignite_(Pokémon)
  OK: {"name":"Pignite","primaryType":"Fire","secondaryType":"Fighting","forms":[],"evolutionStage":"2","preEvolvePokemon":"Tepig","eggGroups":"Field","height":"3'03\"","weight":"122.4 lbs.","genderRatio":"87.5% male, 12.5% female","catchRate":"45 (11.9%)","hatchTime":"20 cycles"}

[500/1025] Emboar -> https://bulbapedia.bulbagarden.net/wiki/Emboar_(Pokémon)
  OK: {"name":"Emboar","primaryType":"Fire","secondaryType":"Fighting","forms":["Mega Emboar"],"evolutionStage":"final","preEvolvePokemon":"Pignite","eggGroups":"Field","height":"5'03\"","weight":"330.7 lbs.","genderRatio":"87.5% male, 12.5% female","catchRate":"45 (11.9%)","hatchTime":"20 cycles"}

[501/1025] Oshawott -> https://bulbapedia.bulbagarden.net/wiki/Oshawott_(Pokémon)
  OK: {"name":"Oshawott","primaryType":"Water","secondaryType":"","forms":[],"evolutionStage":"1","preEvolvePokemon":"","eggGroups":"Field","height":"1'08\"","weight":"13.0 lbs.","genderRatio":"87.5% male, 12.5% female","catchRate":"45 (11.9%)","hatchTime":"20 cycles"}

[502/1025] Dewott -> https://bulbapedia.bulbagarden.net/wiki/Dewott_(Pokémon)
  OK: {"name":"Dewott","primaryType":"Water","secondaryType":"","forms":[],"evolutionStage":"2","preEvolvePokemon":"Oshawott","eggGroups":"Field","height":"2'07\"","weight":"54.0 lbs.","genderRatio":"87.5% male, 12.5% female","catchRate":"45 (11.9%)","hatchTime":"20 cycles"}

[503/1025] Samurott -> https://bulbapedia.bulbagarden.net/wiki/Samurott_(Pokémon)
  OK: {"name":"Samurott","primaryType":"Water","secondaryType":"Dark","forms":["Hisuian Samurott"],"evolutionStage":"final","preEvolvePokemon":"Dewott","eggGroups":"Field","height":"4'11\"","weight":"208.6 lbs.","genderRatio":"87.5% male, 12.5% female","catchRate":"45 (11.9%)","hatchTime":"20 cycles"}

[504/1025] Patrat -> https://bulbapedia.bulbagarden.net/wiki/Patrat_(Pokémon)
  OK: {"name":"Patrat","primaryType":"Normal","secondaryType":"","forms":[],"evolutionStage":"1","preEvolvePokemon":"","eggGroups":"Field","height":"1'08\"","weight":"25.6 lbs.","genderRatio":"50% male, 50% female","catchRate":"255 (43.9%)","hatchTime":"15 cycles"}

[505/1025] Watchog -> https://bulbapedia.bulbagarden.net/wiki/Watchog_(Pokémon)
  OK: {"name":"Watchog","primaryType":"Normal","secondaryType":"","forms":[],"evolutionStage":"final","preEvolvePokemon":"Patrat","eggGroups":"Field","height":"3'07\"","weight":"59.5 lbs.","genderRatio":"50% male, 50% female","catchRate":"255 (43.9%)","hatchTime":"20 cycles"}

[506/1025] Lillipup -> https://bulbapedia.bulbagarden.net/wiki/Lillipup_(Pokémon)
  OK: {"name":"Lillipup","primaryType":"Normal","secondaryType":"","forms":[],"evolutionStage":"1","preEvolvePokemon":"","eggGroups":"Field","height":"1'04\"","weight":"9.0 lbs.","genderRatio":"50% male, 50% female","catchRate":"255 (43.9%)","hatchTime":"15 cycles"}

[507/1025] Herdier -> https://bulbapedia.bulbagarden.net/wiki/Herdier_(Pokémon)
  OK: {"name":"Herdier","primaryType":"Normal","secondaryType":"","forms":[],"evolutionStage":"2","preEvolvePokemon":"Lillipup","eggGroups":"Field","height":"2'11\"","weight":"32.4 lbs.","genderRatio":"50% male, 50% female","catchRate":"120 (24.9%)","hatchTime":"15 cycles"}

[508/1025] Stoutland -> https://bulbapedia.bulbagarden.net/wiki/Stoutland_(Pokémon)
  OK: {"name":"Stoutland","primaryType":"Normal","secondaryType":"","forms":[],"evolutionStage":"final","preEvolvePokemon":"Herdier","eggGroups":"Field","height":"3'11\"","weight":"134.5 lbs.","genderRatio":"50% male, 50% female","catchRate":"45 (11.9%)","hatchTime":"15 cycles"}

[509/1025] Purrloin -> https://bulbapedia.bulbagarden.net/wiki/Purrloin_(Pokémon)
  OK: {"name":"Purrloin","primaryType":"Dark","secondaryType":"","forms":[],"evolutionStage":"1","preEvolvePokemon":"","eggGroups":"Field","height":"1'04\"","weight":"22.3 lbs.","genderRatio":"50% male, 50% female","catchRate":"255 (43.9%)","hatchTime":"20 cycles"}

[510/1025] Liepard -> https://bulbapedia.bulbagarden.net/wiki/Liepard_(Pokémon)
  OK: {"name":"Liepard","primaryType":"Dark","secondaryType":"","forms":[],"evolutionStage":"final","preEvolvePokemon":"Purrloin","eggGroups":"Field","height":"3'07\"","weight":"82.7 lbs.","genderRatio":"50% male, 50% female","catchRate":"90 (20.1%)","hatchTime":"20 cycles"}

[511/1025] Pansage -> https://bulbapedia.bulbagarden.net/wiki/Pansage_(Pokémon)
  OK: {"name":"Pansage","primaryType":"Grass","secondaryType":"","forms":[],"evolutionStage":"1","preEvolvePokemon":"","eggGroups":"Field","height":"2'00\"","weight":"23.1 lbs.","genderRatio":"87.5% male, 12.5% female","catchRate":"190 (35.2%)","hatchTime":"20 cycles"}

[512/1025] Simisage -> https://bulbapedia.bulbagarden.net/wiki/Simisage_(Pokémon)
  OK: {"name":"Simisage","primaryType":"Grass","secondaryType":"","forms":[],"evolutionStage":"final","preEvolvePokemon":"Pansage","eggGroups":"Field","height":"3'07\"","weight":"67.2 lbs.","genderRatio":"87.5% male, 12.5% female","catchRate":"75 (17.5%)","hatchTime":"20 cycles"}

[513/1025] Pansear -> https://bulbapedia.bulbagarden.net/wiki/Pansear_(Pokémon)
  OK: {"name":"Pansear","primaryType":"Fire","secondaryType":"","forms":[],"evolutionStage":"1","preEvolvePokemon":"","eggGroups":"Field","height":"2'00\"","weight":"24.3 lbs.","genderRatio":"87.5% male, 12.5% female","catchRate":"190 (35.2%)","hatchTime":"20 cycles"}

[514/1025] Simisear -> https://bulbapedia.bulbagarden.net/wiki/Simisear_(Pokémon)
  OK: {"name":"Simisear","primaryType":"Fire","secondaryType":"","forms":[],"evolutionStage":"final","preEvolvePokemon":"Pansear","eggGroups":"Field","height":"3'03\"","weight":"61.7 lbs.","genderRatio":"87.5% male, 12.5% female","catchRate":"75 (17.5%)","hatchTime":"20 cycles"}

[515/1025] Panpour -> https://bulbapedia.bulbagarden.net/wiki/Panpour_(Pokémon)
  OK: {"name":"Panpour","primaryType":"Water","secondaryType":"","forms":[],"evolutionStage":"1","preEvolvePokemon":"","eggGroups":"Field","height":"2'00\"","weight":"29.8 lbs.","genderRatio":"87.5% male, 12.5% female","catchRate":"190 (35.2%)","hatchTime":"20 cycles"}

[516/1025] Simipour -> https://bulbapedia.bulbagarden.net/wiki/Simipour_(Pokémon)
  OK: {"name":"Simipour","primaryType":"Water","secondaryType":"","forms":[],"evolutionStage":"final","preEvolvePokemon":"Panpour","eggGroups":"Field","height":"3'03\"","weight":"63.9 lbs.","genderRatio":"87.5% male, 12.5% female","catchRate":"75 (17.5%)","hatchTime":"20 cycles"}

[517/1025] Munna -> https://bulbapedia.bulbagarden.net/wiki/Munna_(Pokémon)
  OK: {"name":"Munna","primaryType":"Psychic","secondaryType":"","forms":[],"evolutionStage":"1","preEvolvePokemon":"","eggGroups":"Field","height":"2'00\"","weight":"51.3 lbs.","genderRatio":"50% male, 50% female","catchRate":"190 (35.2%)","hatchTime":"10 cycles"}

[518/1025] Musharna -> https://bulbapedia.bulbagarden.net/wiki/Musharna_(Pokémon)
  OK: {"name":"Musharna","primaryType":"Psychic","secondaryType":"","forms":[],"evolutionStage":"final","preEvolvePokemon":"Munna","eggGroups":"Field","height":"3'07\"","weight":"133.4 lbs.","genderRatio":"50% male, 50% female","catchRate":"75 (17.5%)","hatchTime":"10 cycles"}

[519/1025] Pidove -> https://bulbapedia.bulbagarden.net/wiki/Pidove_(Pokémon)
  OK: {"name":"Pidove","primaryType":"Normal","secondaryType":"Flying","forms":[],"evolutionStage":"1","preEvolvePokemon":"","eggGroups":"Flying","height":"1'00\"","weight":"4.6 lbs.","genderRatio":"50% male, 50% female","catchRate":"255 (43.9%)","hatchTime":"15 cycles"}

[520/1025] Tranquill -> https://bulbapedia.bulbagarden.net/wiki/Tranquill_(Pokémon)
  OK: {"name":"Tranquill","primaryType":"Normal","secondaryType":"Flying","forms":[],"evolutionStage":"2","preEvolvePokemon":"Pidove","eggGroups":"Flying","height":"2'00\"","weight":"33.1 lbs.","genderRatio":"50% male, 50% female","catchRate":"120 (24.9%)","hatchTime":"15 cycles"}

[521/1025] Unfezant -> https://bulbapedia.bulbagarden.net/wiki/Unfezant_(Pokémon)
  OK: {"name":"Unfezant","primaryType":"Normal","secondaryType":"Flying","forms":[],"evolutionStage":"final","preEvolvePokemon":"Tranquill","eggGroups":"Flying","height":"3'11\"","weight":"63.9 lbs.","genderRatio":"50% male, 50% female","catchRate":"45 (11.9%)","hatchTime":"15 cycles"}

[522/1025] Blitzle -> https://bulbapedia.bulbagarden.net/wiki/Blitzle_(Pokémon)
  OK: {"name":"Blitzle","primaryType":"Electric","secondaryType":"","forms":[],"evolutionStage":"1","preEvolvePokemon":"","eggGroups":"Field","height":"2'07\"","weight":"65.7 lbs.","genderRatio":"50% male, 50% female","catchRate":"190 (35.2%)","hatchTime":"20 cycles"}

[523/1025] Zebstrika -> https://bulbapedia.bulbagarden.net/wiki/Zebstrika_(Pokémon)
  OK: {"name":"Zebstrika","primaryType":"Electric","secondaryType":"","forms":[],"evolutionStage":"final","preEvolvePokemon":"Blitzle","eggGroups":"Field","height":"5'03\"","weight":"175.3 lbs.","genderRatio":"50% male, 50% female","catchRate":"75 (17.5%)","hatchTime":"20 cycles"}

[524/1025] Roggenrola -> https://bulbapedia.bulbagarden.net/wiki/Roggenrola_(Pokémon)
  OK: {"name":"Roggenrola","primaryType":"Rock","secondaryType":"","forms":[],"evolutionStage":"1","preEvolvePokemon":"","eggGroups":"Mineral","height":"1'04\"","weight":"39.7 lbs.","genderRatio":"50% male, 50% female","catchRate":"255 (43.9%)","hatchTime":"15 cycles"}

[525/1025] Boldore -> https://bulbapedia.bulbagarden.net/wiki/Boldore_(Pokémon)
  OK: {"name":"Boldore","primaryType":"Rock","secondaryType":"","forms":[],"evolutionStage":"2","preEvolvePokemon":"Roggenrola","eggGroups":"Mineral","height":"2'11\"","weight":"224.9 lbs.","genderRatio":"50% male, 50% female","catchRate":"120 (24.9%)","hatchTime":"15 cycles"}

[526/1025] Gigalith -> https://bulbapedia.bulbagarden.net/wiki/Gigalith_(Pokémon)
  OK: {"name":"Gigalith","primaryType":"Rock","secondaryType":"","forms":[],"evolutionStage":"final","preEvolvePokemon":"Boldore","eggGroups":"Mineral","height":"5'07\"","weight":"573.2 lbs.","genderRatio":"50% male, 50% female","catchRate":"45 (11.9%)","hatchTime":"15 cycles"}

[527/1025] Woobat -> https://bulbapedia.bulbagarden.net/wiki/Woobat_(Pokémon)
  OK: {"name":"Woobat","primaryType":"Psychic","secondaryType":"Flying","forms":[],"evolutionStage":"1","preEvolvePokemon":"","eggGroups":"Field and Flying","height":"1'04\"","weight":"4.6 lbs.","genderRatio":"50% male, 50% female","catchRate":"190 (35.2%)","hatchTime":"15 cycles"}

[528/1025] Swoobat -> https://bulbapedia.bulbagarden.net/wiki/Swoobat_(Pokémon)
  OK: {"name":"Swoobat","primaryType":"Psychic","secondaryType":"Flying","forms":[],"evolutionStage":"final","preEvolvePokemon":"Woobat","eggGroups":"Field and Flying","height":"2'11\"","weight":"23.1 lbs.","genderRatio":"50% male, 50% female","catchRate":"45 (11.9%)","hatchTime":"15 cycles"}

[529/1025] Drilbur -> https://bulbapedia.bulbagarden.net/wiki/Drilbur_(Pokémon)
  OK: {"name":"Drilbur","primaryType":"Ground","secondaryType":"","forms":[],"evolutionStage":"1","preEvolvePokemon":"","eggGroups":"Field","height":"1'00\"","weight":"18.7 lbs.","genderRatio":"50% male, 50% female","catchRate":"120 (24.9%)","hatchTime":"20 cycles"}

[530/1025] Excadrill -> https://bulbapedia.bulbagarden.net/wiki/Excadrill_(Pokémon)
  OK: {"name":"Excadrill","primaryType":"Ground","secondaryType":"Steel","forms":["Mega Excadrill"],"evolutionStage":"final","preEvolvePokemon":"Drilbur","eggGroups":"Field","height":"2'04\"","weight":"89.1 lbs.","genderRatio":"50% male, 50% female","catchRate":"60 (14.8%)","hatchTime":"20 cycles"}

[531/1025] Audino -> https://bulbapedia.bulbagarden.net/wiki/Audino_(Pokémon)
  OK: {"name":"Audino","primaryType":"Normal","secondaryType":"Fairy","forms":["Mega Audino"],"evolutionStage":"2","preEvolvePokemon":"Mega Evolve","eggGroups":"Fairy","height":"3'07\"","weight":"68.3 lbs.","genderRatio":"50% male, 50% female","catchRate":"255 (43.9%)","hatchTime":"20 cycles"}

[532/1025] Timburr -> https://bulbapedia.bulbagarden.net/wiki/Timburr_(Pokémon)
  OK: {"name":"Timburr","primaryType":"Fighting","secondaryType":"","forms":[],"evolutionStage":"1","preEvolvePokemon":"","eggGroups":"Human-Like","height":"2'00\"","weight":"27.6 lbs.","genderRatio":"75% male, 25% female","catchRate":"180 (33.8%)","hatchTime":"20 cycles"}

[533/1025] Gurdurr -> https://bulbapedia.bulbagarden.net/wiki/Gurdurr_(Pokémon)
  OK: {"name":"Gurdurr","primaryType":"Fighting","secondaryType":"","forms":[],"evolutionStage":"2","preEvolvePokemon":"Timburr","eggGroups":"Human-Like","height":"3'11\"","weight":"88.2 lbs.","genderRatio":"75% male, 25% female","catchRate":"90 (20.1%)","hatchTime":"20 cycles"}

[534/1025] Conkeldurr -> https://bulbapedia.bulbagarden.net/wiki/Conkeldurr_(Pokémon)
  OK: {"name":"Conkeldurr","primaryType":"Fighting","secondaryType":"","forms":[],"evolutionStage":"final","preEvolvePokemon":"Gurdurr","eggGroups":"Human-Like","height":"4'07\"","weight":"191.8 lbs.","genderRatio":"75% male, 25% female","catchRate":"45 (11.9%)","hatchTime":"20 cycles"}

[535/1025] Tympole -> https://bulbapedia.bulbagarden.net/wiki/Tympole_(Pokémon)
  OK: {"name":"Tympole","primaryType":"Water","secondaryType":"","forms":[],"evolutionStage":"1","preEvolvePokemon":"","eggGroups":"Water 1","height":"1'08\"","weight":"9.9 lbs.","genderRatio":"50% male, 50% female","catchRate":"255 (43.9%)","hatchTime":"20 cycles"}

[536/1025] Palpitoad -> https://bulbapedia.bulbagarden.net/wiki/Palpitoad_(Pokémon)
  OK: {"name":"Palpitoad","primaryType":"Water","secondaryType":"Ground","forms":[],"evolutionStage":"2","preEvolvePokemon":"Tympole","eggGroups":"Water 1","height":"2'07\"","weight":"37.5 lbs.","genderRatio":"50% male, 50% female","catchRate":"120 (24.9%)","hatchTime":"20 cycles"}

[537/1025] Seismitoad -> https://bulbapedia.bulbagarden.net/wiki/Seismitoad_(Pokémon)
  OK: {"name":"Seismitoad","primaryType":"Water","secondaryType":"Ground","forms":[],"evolutionStage":"final","preEvolvePokemon":"Palpitoad","eggGroups":"Water 1","height":"4'11\"","weight":"136.7 lbs.","genderRatio":"50% male, 50% female","catchRate":"45 (11.9%)","hatchTime":"20 cycles"}

[538/1025] Throh -> https://bulbapedia.bulbagarden.net/wiki/Throh_(Pokémon)
  OK: {"name":"Throh","primaryType":"Fighting","secondaryType":"","forms":[],"evolutionStage":"2","preEvolvePokemon":"Sawk","eggGroups":"Human-Like","height":"4'03\"","weight":"122.4 lbs.","genderRatio":"100% male","catchRate":"45 (11.9%)","hatchTime":"20 cycles"}

[539/1025] Sawk -> https://bulbapedia.bulbagarden.net/wiki/Sawk_(Pokémon)
  OK: {"name":"Sawk","primaryType":"Fighting","secondaryType":"","forms":[],"evolutionStage":"2","preEvolvePokemon":"Throh","eggGroups":"Human-Like","height":"4'07\"","weight":"112.4 lbs.","genderRatio":"100% male","catchRate":"45 (11.9%)","hatchTime":"20 cycles"}

[540/1025] Sewaddle -> https://bulbapedia.bulbagarden.net/wiki/Sewaddle_(Pokémon)
  OK: {"name":"Sewaddle","primaryType":"Bug","secondaryType":"Grass","forms":[],"evolutionStage":"1","preEvolvePokemon":"","eggGroups":"Bug","height":"1'00\"","weight":"5.5 lbs.","genderRatio":"50% male, 50% female","catchRate":"255 (43.9%)","hatchTime":"15 cycles"}

[541/1025] Swadloon -> https://bulbapedia.bulbagarden.net/wiki/Swadloon_(Pokémon)
  OK: {"name":"Swadloon","primaryType":"Bug","secondaryType":"Grass","forms":[],"evolutionStage":"2","preEvolvePokemon":"Sewaddle","eggGroups":"Bug","height":"1'08\"","weight":"16.1 lbs.","genderRatio":"50% male, 50% female","catchRate":"120 (24.9%)","hatchTime":"15 cycles"}

[542/1025] Leavanny -> https://bulbapedia.bulbagarden.net/wiki/Leavanny_(Pokémon)
  OK: {"name":"Leavanny","primaryType":"Bug","secondaryType":"Grass","forms":[],"evolutionStage":"final","preEvolvePokemon":"Swadloon","eggGroups":"Bug","height":"3'11\"","weight":"45.2 lbs.","genderRatio":"50% male, 50% female","catchRate":"45 (11.9%)","hatchTime":"15 cycles"}

[543/1025] Venipede -> https://bulbapedia.bulbagarden.net/wiki/Venipede_(Pokémon)
  OK: {"name":"Venipede","primaryType":"Bug","secondaryType":"Poison","forms":[],"evolutionStage":"1","preEvolvePokemon":"","eggGroups":"Bug","height":"1'04\"","weight":"11.7 lbs.","genderRatio":"50% male, 50% female","catchRate":"255 (43.9%)","hatchTime":"15 cycles"}

[544/1025] Whirlipede -> https://bulbapedia.bulbagarden.net/wiki/Whirlipede_(Pokémon)
  OK: {"name":"Whirlipede","primaryType":"Bug","secondaryType":"Poison","forms":[],"evolutionStage":"2","preEvolvePokemon":"Venipede","eggGroups":"Bug","height":"3'11\"","weight":"129.0 lbs.","genderRatio":"50% male, 50% female","catchRate":"120 (24.9%)","hatchTime":"15 cycles"}

[545/1025] Scolipede -> https://bulbapedia.bulbagarden.net/wiki/Scolipede_(Pokémon)
  OK: {"name":"Scolipede","primaryType":"Bug","secondaryType":"Poison","forms":["Mega Scolipede"],"evolutionStage":"final","preEvolvePokemon":"Whirlipede","eggGroups":"Bug","height":"8'02\"","weight":"442.0 lbs.","genderRatio":"50% male, 50% female","catchRate":"45 (11.9%)","hatchTime":"20 cycles"}

[546/1025] Cottonee -> https://bulbapedia.bulbagarden.net/wiki/Cottonee_(Pokémon)
  OK: {"name":"Cottonee","primaryType":"Grass","secondaryType":"Fairy","forms":[],"evolutionStage":"1","preEvolvePokemon":"","eggGroups":"Grass and Fairy","height":"1'00\"","weight":"1.3 lbs.","genderRatio":"50% male, 50% female","catchRate":"190 (35.2%)","hatchTime":"20 cycles"}

[547/1025] Whimsicott -> https://bulbapedia.bulbagarden.net/wiki/Whimsicott_(Pokémon)
  OK: {"name":"Whimsicott","primaryType":"Grass","secondaryType":"Fairy","forms":[],"evolutionStage":"final","preEvolvePokemon":"Cottonee","eggGroups":"Grass and Fairy","height":"2'04\"","weight":"14.6 lbs.","genderRatio":"50% male, 50% female","catchRate":"75 (17.5%)","hatchTime":"20 cycles"}

[548/1025] Petilil -> https://bulbapedia.bulbagarden.net/wiki/Petilil_(Pokémon)
  OK: {"name":"Petilil","primaryType":"Grass","secondaryType":"","forms":[],"evolutionStage":"1","preEvolvePokemon":"","eggGroups":"Grass","height":"1'08\"","weight":"14.6 lbs.","genderRatio":"100% female","catchRate":"190 (35.2%)","hatchTime":"20 cycles"}

[549/1025] Lilligant -> https://bulbapedia.bulbagarden.net/wiki/Lilligant_(Pokémon)
  OK: {"name":"Lilligant","primaryType":"Grass","secondaryType":"Fighting","forms":["Hisuian Lilligant"],"evolutionStage":"final","preEvolvePokemon":"Petilil","eggGroups":"Grass","height":"3'07\"","weight":"35.9 lbs.","genderRatio":"100% female","catchRate":"75 (17.5%)","hatchTime":"20 cycles"}

[550/1025] Basculin -> https://bulbapedia.bulbagarden.net/wiki/Basculin_(Pokémon)
  OK: {"name":"Basculin","primaryType":"Water","secondaryType":"","forms":["Red-Striped Form","Blue-Striped Form","White-Striped Form"],"evolutionStage":"2","preEvolvePokemon":"Basculegion","eggGroups":"Water 2","height":"3'03\"","weight":"39.7 lbs.","genderRatio":"50% male, 50% female","catchRate":"190 (35.2%)","hatchTime":"40 cycles"}

[551/1025] Sandile -> https://bulbapedia.bulbagarden.net/wiki/Sandile_(Pokémon)
  OK: {"name":"Sandile","primaryType":"Ground","secondaryType":"Dark","forms":[],"evolutionStage":"1","preEvolvePokemon":"","eggGroups":"Field","height":"2'04\"","weight":"33.5 lbs.","genderRatio":"50% male, 50% female","catchRate":"180 (33.8%)","hatchTime":"20 cycles"}

[552/1025] Krokorok -> https://bulbapedia.bulbagarden.net/wiki/Krokorok_(Pokémon)
  OK: {"name":"Krokorok","primaryType":"Ground","secondaryType":"Dark","forms":[],"evolutionStage":"2","preEvolvePokemon":"Sandile","eggGroups":"Field","height":"3'03\"","weight":"73.6 lbs.","genderRatio":"50% male, 50% female","catchRate":"90 (20.1%)","hatchTime":"20 cycles"}

[553/1025] Krookodile -> https://bulbapedia.bulbagarden.net/wiki/Krookodile_(Pokémon)
  OK: {"name":"Krookodile","primaryType":"Ground","secondaryType":"Dark","forms":[],"evolutionStage":"final","preEvolvePokemon":"Krokorok","eggGroups":"Field","height":"4'11\"","weight":"212.3 lbs.","genderRatio":"50% male, 50% female","catchRate":"45 (11.9%)","hatchTime":"20 cycles"}

[554/1025] Darumaka -> https://bulbapedia.bulbagarden.net/wiki/Darumaka_(Pokémon)
  OK: {"name":"Darumaka","primaryType":"Fire","secondaryType":"Ice","forms":["Galarian Darumaka"],"evolutionStage":"1","preEvolvePokemon":"","eggGroups":"Field","height":"2'00\"","weight":"82.7 lbs.","genderRatio":"50% male, 50% female","catchRate":"120 (24.9%)","hatchTime":"20 cycles"}

[555/1025] Darmanitan -> https://bulbapedia.bulbagarden.net/wiki/Darmanitan_(Pokémon)
  OK: {"name":"Darmanitan","primaryType":"Fire","secondaryType":"Psychic","forms":["Standard Mode","Zen Mode","Galarian Darmanitan"],"evolutionStage":"final","preEvolvePokemon":"Darumaka","eggGroups":"Field","height":"4'03\"","weight":"204.8 lbs.","genderRatio":"50% male, 50% female","catchRate":"60 (14.8%)","hatchTime":"20 cycles"}

[556/1025] Maractus -> https://bulbapedia.bulbagarden.net/wiki/Maractus_(Pokémon)
  OK: {"name":"Maractus","primaryType":"Grass","secondaryType":"","forms":[],"evolutionStage":"2","preEvolvePokemon":"","eggGroups":"Grass","height":"3'03\"","weight":"61.7 lbs.","genderRatio":"50% male, 50% female","catchRate":"255 (43.9%)","hatchTime":"20 cycles"}

[557/1025] Dwebble -> https://bulbapedia.bulbagarden.net/wiki/Dwebble_(Pokémon)
  OK: {"name":"Dwebble","primaryType":"Bug","secondaryType":"Rock","forms":[],"evolutionStage":"1","preEvolvePokemon":"","eggGroups":"Bug and Mineral","height":"1'00\"","weight":"32.0 lbs.","genderRatio":"50% male, 50% female","catchRate":"190 (35.2%)","hatchTime":"20 cycles"}

[558/1025] Crustle -> https://bulbapedia.bulbagarden.net/wiki/Crustle_(Pokémon)
  OK: {"name":"Crustle","primaryType":"Bug","secondaryType":"Rock","forms":[],"evolutionStage":"final","preEvolvePokemon":"Dwebble","eggGroups":"Bug and Mineral","height":"4'07\"","weight":"440.9 lbs.","genderRatio":"50% male, 50% female","catchRate":"75 (17.5%)","hatchTime":"20 cycles"}

[559/1025] Scraggy -> https://bulbapedia.bulbagarden.net/wiki/Scraggy_(Pokémon)
  OK: {"name":"Scraggy","primaryType":"Dark","secondaryType":"Fighting","forms":[],"evolutionStage":"1","preEvolvePokemon":"","eggGroups":"Field and Dragon","height":"2'00\"","weight":"26.0 lbs.","genderRatio":"50% male, 50% female","catchRate":"180 (33.8%)","hatchTime":"15 cycles"}

[560/1025] Scrafty -> https://bulbapedia.bulbagarden.net/wiki/Scrafty_(Pokémon)
  OK: {"name":"Scrafty","primaryType":"Dark","secondaryType":"Fighting","forms":["Mega Scrafty"],"evolutionStage":"final","preEvolvePokemon":"Scraggy","eggGroups":"Field and Dragon","height":"3'07\"","weight":"66.1 lbs.","genderRatio":"50% male, 50% female","catchRate":"90 (20.1%)","hatchTime":"15 cycles"}

[561/1025] Sigilyph -> https://bulbapedia.bulbagarden.net/wiki/Sigilyph_(Pokémon)
  OK: {"name":"Sigilyph","primaryType":"Psychic","secondaryType":"Flying","forms":[],"evolutionStage":"2","preEvolvePokemon":"","eggGroups":"Flying","height":"4'07\"","weight":"30.9 lbs.","genderRatio":"50% male, 50% female","catchRate":"45 (11.9%)","hatchTime":"20 cycles"}

[562/1025] Yamask -> https://bulbapedia.bulbagarden.net/wiki/Yamask_(Pokémon)
  OK: {"name":"Yamask","primaryType":"Ghost","secondaryType":"Ground","forms":["Galarian Yamask"],"evolutionStage":"1","preEvolvePokemon":"","eggGroups":"Mineral and Amorphous","height":"1'08\"","weight":"3.3 lbs.","genderRatio":"50% male, 50% female","catchRate":"190 (35.2%)","hatchTime":"25 cycles"}

[563/1025] Cofagrigus -> https://bulbapedia.bulbagarden.net/wiki/Cofagrigus_(Pokémon)
  OK: {"name":"Cofagrigus","primaryType":"Ghost","secondaryType":"","forms":[],"evolutionStage":"final","preEvolvePokemon":"Yamask","eggGroups":"Mineral and Amorphous","height":"5'07\"","weight":"168.7 lbs.","genderRatio":"50% male, 50% female","catchRate":"90 (20.1%)","hatchTime":"25 cycles"}

[564/1025] Tirtouga -> https://bulbapedia.bulbagarden.net/wiki/Tirtouga_(Pokémon)
  OK: {"name":"Tirtouga","primaryType":"Water","secondaryType":"Rock","forms":[],"evolutionStage":"2","preEvolvePokemon":"Cover Fossil","eggGroups":"Water 1 and Water 3","height":"2'04\"","weight":"36.4 lbs.","genderRatio":"87.5% male, 12.5% female","catchRate":"45 (11.9%)","hatchTime":"30 cycles"}

[565/1025] Carracosta -> https://bulbapedia.bulbagarden.net/wiki/Carracosta_(Pokémon)
  OK: {"name":"Carracosta","primaryType":"Water","secondaryType":"Rock","forms":[],"evolutionStage":"final","preEvolvePokemon":"Tirtouga","eggGroups":"Water 1 and Water 3","height":"3'11\"","weight":"178.6 lbs.","genderRatio":"87.5% male, 12.5% female","catchRate":"45 (11.9%)","hatchTime":"30 cycles"}

[566/1025] Archen -> https://bulbapedia.bulbagarden.net/wiki/Archen_(Pokémon)
  OK: {"name":"Archen","primaryType":"Rock","secondaryType":"Flying","forms":[],"evolutionStage":"2","preEvolvePokemon":"Plume Fossil","eggGroups":"Flying and Water 3","height":"1'08\"","weight":"20.9 lbs.","genderRatio":"87.5% male, 12.5% female","catchRate":"45 (11.9%)","hatchTime":"30 cycles"}

[567/1025] Archeops -> https://bulbapedia.bulbagarden.net/wiki/Archeops_(Pokémon)
  OK: {"name":"Archeops","primaryType":"Rock","secondaryType":"Flying","forms":[],"evolutionStage":"final","preEvolvePokemon":"Archen","eggGroups":"Flying and Water 3","height":"4'07\"","weight":"70.5 lbs.","genderRatio":"87.5% male, 12.5% female","catchRate":"45 (11.9%)","hatchTime":"30 cycles"}

[568/1025] Trubbish -> https://bulbapedia.bulbagarden.net/wiki/Trubbish_(Pokémon)
  OK: {"name":"Trubbish","primaryType":"Poison","secondaryType":"","forms":[],"evolutionStage":"1","preEvolvePokemon":"","eggGroups":"Mineral","height":"2'00\"","weight":"68.3 lbs.","genderRatio":"50% male, 50% female","catchRate":"190 (35.2%)","hatchTime":"20 cycles"}

[569/1025] Garbodor -> https://bulbapedia.bulbagarden.net/wiki/Garbodor_(Pokémon)
  OK: {"name":"Garbodor","primaryType":"Poison","secondaryType":"","forms":[],"evolutionStage":"final","preEvolvePokemon":"Trubbish","eggGroups":"Mineral","height":"6'03\"","weight":"236.6 lbs.","genderRatio":"50% male, 50% female","catchRate":"60 (14.8%)","hatchTime":"20 cycles"}

[570/1025] Zorua -> https://bulbapedia.bulbagarden.net/wiki/Zorua_(Pokémon)
  OK: {"name":"Zorua","primaryType":"Dark","secondaryType":"Normal","forms":["Hisuian Zorua"],"evolutionStage":"1","preEvolvePokemon":"","eggGroups":"Field","height":"2'04\"","weight":"27.6 lbs.","genderRatio":"87.5% male, 12.5% female","catchRate":"75 (17.5%)","hatchTime":"25 cycles"}

[571/1025] Zoroark -> https://bulbapedia.bulbagarden.net/wiki/Zoroark_(Pokémon)
  OK: {"name":"Zoroark","primaryType":"Dark","secondaryType":"Normal","forms":["Hisuian Zoroark"],"evolutionStage":"final","preEvolvePokemon":"Zorua","eggGroups":"Field","height":"5'03\"","weight":"178.8 lbs.","genderRatio":"87.5% male, 12.5% female","catchRate":"45 (11.9%)","hatchTime":"20 cycles"}

[572/1025] Minccino -> https://bulbapedia.bulbagarden.net/wiki/Minccino_(Pokémon)
  OK: {"name":"Minccino","primaryType":"Normal","secondaryType":"","forms":[],"evolutionStage":"1","preEvolvePokemon":"","eggGroups":"Field","height":"1'04\"","weight":"12.8 lbs.","genderRatio":"25% male, 75% female","catchRate":"255 (43.9%)","hatchTime":"15 cycles"}

[573/1025] Cinccino -> https://bulbapedia.bulbagarden.net/wiki/Cinccino_(Pokémon)
  OK: {"name":"Cinccino","primaryType":"Normal","secondaryType":"","forms":[],"evolutionStage":"final","preEvolvePokemon":"Minccino","eggGroups":"Field","height":"1'08\"","weight":"16.5 lbs.","genderRatio":"25% male, 75% female","catchRate":"60 (14.8%)","hatchTime":"15 cycles"}

[574/1025] Gothita -> https://bulbapedia.bulbagarden.net/wiki/Gothita_(Pokémon)
  OK: {"name":"Gothita","primaryType":"Psychic","secondaryType":"","forms":[],"evolutionStage":"1","preEvolvePokemon":"","eggGroups":"Human-Like","height":"1'04\"","weight":"12.8 lbs.","genderRatio":"25% male, 75% female","catchRate":"200 (36.6%)","hatchTime":"20 cycles"}

[575/1025] Gothorita -> https://bulbapedia.bulbagarden.net/wiki/Gothorita_(Pokémon)
  OK: {"name":"Gothorita","primaryType":"Psychic","secondaryType":"","forms":[],"evolutionStage":"2","preEvolvePokemon":"Gothita","eggGroups":"Human-Like","height":"2'04\"","weight":"39.7 lbs.","genderRatio":"25% male, 75% female","catchRate":"100 (21.7%)","hatchTime":"20 cycles"}

[576/1025] Gothitelle -> https://bulbapedia.bulbagarden.net/wiki/Gothitelle_(Pokémon)
  OK: {"name":"Gothitelle","primaryType":"Psychic","secondaryType":"","forms":[],"evolutionStage":"final","preEvolvePokemon":"Gothorita","eggGroups":"Human-Like","height":"4'11\"","weight":"97.0 lbs.","genderRatio":"25% male, 75% female","catchRate":"50 (12.9%)","hatchTime":"20 cycles"}

[577/1025] Solosis -> https://bulbapedia.bulbagarden.net/wiki/Solosis_(Pokémon)
  OK: {"name":"Solosis","primaryType":"Psychic","secondaryType":"","forms":[],"evolutionStage":"1","preEvolvePokemon":"","eggGroups":"Amorphous","height":"1'00\"","weight":"2.2 lbs.","genderRatio":"50% male, 50% female","catchRate":"200 (36.6%)","hatchTime":"20 cycles"}

[578/1025] Duosion -> https://bulbapedia.bulbagarden.net/wiki/Duosion_(Pokémon)
  OK: {"name":"Duosion","primaryType":"Psychic","secondaryType":"","forms":[],"evolutionStage":"2","preEvolvePokemon":"Solosis","eggGroups":"Amorphous","height":"2'00\"","weight":"17.6 lbs.","genderRatio":"50% male, 50% female","catchRate":"100 (21.7%)","hatchTime":"20 cycles"}

[579/1025] Reuniclus -> https://bulbapedia.bulbagarden.net/wiki/Reuniclus_(Pokémon)
  OK: {"name":"Reuniclus","primaryType":"Psychic","secondaryType":"","forms":[],"evolutionStage":"final","preEvolvePokemon":"Duosion","eggGroups":"Amorphous","height":"3'03\"","weight":"44.3 lbs.","genderRatio":"50% male, 50% female","catchRate":"50 (12.9%)","hatchTime":"20 cycles"}

[580/1025] Ducklett -> https://bulbapedia.bulbagarden.net/wiki/Ducklett_(Pokémon)
  OK: {"name":"Ducklett","primaryType":"Water","secondaryType":"Flying","forms":[],"evolutionStage":"1","preEvolvePokemon":"","eggGroups":"Water 1 and Flying","height":"1'08\"","weight":"12.1 lbs.","genderRatio":"50% male, 50% female","catchRate":"190 (35.2%)","hatchTime":"20 cycles"}

[581/1025] Swanna -> https://bulbapedia.bulbagarden.net/wiki/Swanna_(Pokémon)
  OK: {"name":"Swanna","primaryType":"Water","secondaryType":"Flying","forms":[],"evolutionStage":"final","preEvolvePokemon":"Ducklett","eggGroups":"Water 1 and Flying","height":"4'03\"","weight":"53.4 lbs.","genderRatio":"50% male, 50% female","catchRate":"45 (11.9%)","hatchTime":"20 cycles"}

[582/1025] Vanillite -> https://bulbapedia.bulbagarden.net/wiki/Vanillite_(Pokémon)
  OK: {"name":"Vanillite","primaryType":"Ice","secondaryType":"","forms":[],"evolutionStage":"1","preEvolvePokemon":"","eggGroups":"Mineral","height":"1'04\"","weight":"12.6 lbs.","genderRatio":"50% male, 50% female","catchRate":"255 (43.9%)","hatchTime":"20 cycles"}

[583/1025] Vanillish -> https://bulbapedia.bulbagarden.net/wiki/Vanillish_(Pokémon)
  OK: {"name":"Vanillish","primaryType":"Ice","secondaryType":"","forms":[],"evolutionStage":"2","preEvolvePokemon":"Vanillite","eggGroups":"Mineral","height":"3'07\"","weight":"90.4 lbs.","genderRatio":"50% male, 50% female","catchRate":"120 (24.9%)","hatchTime":"20 cycles"}

[584/1025] Vanilluxe -> https://bulbapedia.bulbagarden.net/wiki/Vanilluxe_(Pokémon)
  OK: {"name":"Vanilluxe","primaryType":"Ice","secondaryType":"","forms":[],"evolutionStage":"final","preEvolvePokemon":"Vanillish","eggGroups":"Mineral","height":"4'03\"","weight":"126.8 lbs.","genderRatio":"50% male, 50% female","catchRate":"45 (11.9%)","hatchTime":"20 cycles"}

[585/1025] Deerling -> https://bulbapedia.bulbagarden.net/wiki/Deerling_(Pokémon)
  OK: {"name":"Deerling","primaryType":"Normal","secondaryType":"Grass","forms":["Spring Form","Summer Form","Autumn Form","Winter Form"],"evolutionStage":"1","preEvolvePokemon":"","eggGroups":"Field","height":"2'00\"","weight":"43.0 lbs.","genderRatio":"50% male, 50% female","catchRate":"190 (35.2%)","hatchTime":"20 cycles"}

[586/1025] Sawsbuck -> https://bulbapedia.bulbagarden.net/wiki/Sawsbuck_(Pokémon)
  OK: {"name":"Sawsbuck","primaryType":"Normal","secondaryType":"Grass","forms":["Spring Form","Summer Form","Autumn Form","Winter Form"],"evolutionStage":"final","preEvolvePokemon":"Deerling","eggGroups":"Field","height":"6'03\"","weight":"203.9 lbs.","genderRatio":"50% male, 50% female","catchRate":"75 (17.5%)","hatchTime":"20 cycles"}

[587/1025] Emolga -> https://bulbapedia.bulbagarden.net/wiki/Emolga_(Pokémon)
  OK: {"name":"Emolga","primaryType":"Electric","secondaryType":"Flying","forms":[],"evolutionStage":"2","preEvolvePokemon":"","eggGroups":"Field","height":"1'04\"","weight":"11.0 lbs.","genderRatio":"50% male, 50% female","catchRate":"200 (36.6%)","hatchTime":"20 cycles"}

[588/1025] Karrablast -> https://bulbapedia.bulbagarden.net/wiki/Karrablast_(Pokémon)
  OK: {"name":"Karrablast","primaryType":"Bug","secondaryType":"","forms":[],"evolutionStage":"1","preEvolvePokemon":"","eggGroups":"Bug","height":"1'08\"","weight":"13.0 lbs.","genderRatio":"50% male, 50% female","catchRate":"200 (36.6%)","hatchTime":"15 cycles"}

[589/1025] Escavalier -> https://bulbapedia.bulbagarden.net/wiki/Escavalier_(Pokémon)
  OK: {"name":"Escavalier","primaryType":"Bug","secondaryType":"Steel","forms":[],"evolutionStage":"2","preEvolvePokemon":"Karrablast","eggGroups":"Bug","height":"3'03\"","weight":"72.8 lbs.","genderRatio":"50% male, 50% female","catchRate":"75 (17.5%)","hatchTime":"15 cycles"}

[590/1025] Foongus -> https://bulbapedia.bulbagarden.net/wiki/Foongus_(Pokémon)
  OK: {"name":"Foongus","primaryType":"Grass","secondaryType":"Poison","forms":[],"evolutionStage":"1","preEvolvePokemon":"","eggGroups":"Grass","height":"0'08\"","weight":"2.2 lbs.","genderRatio":"50% male, 50% female","catchRate":"190 (35.2%)","hatchTime":"20 cycles"}

[591/1025] Amoonguss -> https://bulbapedia.bulbagarden.net/wiki/Amoonguss_(Pokémon)
  OK: {"name":"Amoonguss","primaryType":"Grass","secondaryType":"Poison","forms":[],"evolutionStage":"final","preEvolvePokemon":"Foongus","eggGroups":"Grass","height":"2'00\"","weight":"23.1 lbs.","genderRatio":"50% male, 50% female","catchRate":"75 (17.5%)","hatchTime":"20 cycles"}

[592/1025] Frillish -> https://bulbapedia.bulbagarden.net/wiki/Frillish_(Pokémon)
  OK: {"name":"Frillish","primaryType":"Water","secondaryType":"Ghost","forms":[],"evolutionStage":"1","preEvolvePokemon":"","eggGroups":"Amorphous","height":"3'11\"","weight":"72.8 lbs.","genderRatio":"50% male, 50% female","catchRate":"190 (35.2%)","hatchTime":"20 cycles"}

[593/1025] Jellicent -> https://bulbapedia.bulbagarden.net/wiki/Jellicent_(Pokémon)
  OK: {"name":"Jellicent","primaryType":"Water","secondaryType":"Ghost","forms":[],"evolutionStage":"final","preEvolvePokemon":"Frillish","eggGroups":"Amorphous","height":"7'03\"","weight":"297.6 lbs.","genderRatio":"50% male, 50% female","catchRate":"60 (14.8%)","hatchTime":"20 cycles"}

[594/1025] Alomomola -> https://bulbapedia.bulbagarden.net/wiki/Alomomola_(Pokémon)
  OK: {"name":"Alomomola","primaryType":"Water","secondaryType":"","forms":[],"evolutionStage":"2","preEvolvePokemon":"","eggGroups":"Water 1 and Water 2","height":"3'11\"","weight":"69.7 lbs.","genderRatio":"50% male, 50% female","catchRate":"75 (17.5%)","hatchTime":"40 cycles"}

[595/1025] Joltik -> https://bulbapedia.bulbagarden.net/wiki/Joltik_(Pokémon)
  OK: {"name":"Joltik","primaryType":"Bug","secondaryType":"Electric","forms":[],"evolutionStage":"1","preEvolvePokemon":"","eggGroups":"Bug","height":"0'04\"","weight":"1.3 lbs.","genderRatio":"50% male, 50% female","catchRate":"190 (35.2%)","hatchTime":"20 cycles"}

[596/1025] Galvantula -> https://bulbapedia.bulbagarden.net/wiki/Galvantula_(Pokémon)
  OK: {"name":"Galvantula","primaryType":"Bug","secondaryType":"Electric","forms":[],"evolutionStage":"final","preEvolvePokemon":"Joltik","eggGroups":"Bug","height":"2'07\"","weight":"31.5 lbs.","genderRatio":"50% male, 50% female","catchRate":"75 (17.5%)","hatchTime":"20 cycles"}

[597/1025] Ferroseed -> https://bulbapedia.bulbagarden.net/wiki/Ferroseed_(Pokémon)
  OK: {"name":"Ferroseed","primaryType":"Grass","secondaryType":"Steel","forms":[],"evolutionStage":"1","preEvolvePokemon":"","eggGroups":"Grass and Mineral","height":"2'00\"","weight":"41.4 lbs.","genderRatio":"50% male, 50% female","catchRate":"255 (43.9%)","hatchTime":"20 cycles"}

[598/1025] Ferrothorn -> https://bulbapedia.bulbagarden.net/wiki/Ferrothorn_(Pokémon)
  OK: {"name":"Ferrothorn","primaryType":"Grass","secondaryType":"Steel","forms":[],"evolutionStage":"final","preEvolvePokemon":"Ferroseed","eggGroups":"Grass and Mineral","height":"3'03\"","weight":"242.5 lbs.","genderRatio":"50% male, 50% female","catchRate":"90 (20.1%)","hatchTime":"20 cycles"}

[599/1025] Klink -> https://bulbapedia.bulbagarden.net/wiki/Klink_(Pokémon)
  OK: {"name":"Klink","primaryType":"Steel","secondaryType":"","forms":[],"evolutionStage":"1","preEvolvePokemon":"","eggGroups":"Mineral","height":"1'00\"","weight":"46.3 lbs.","genderRatio":"Gender unknown","catchRate":"130 (26.5%)","hatchTime":"20 cycles"}

[600/1025] Klang -> https://bulbapedia.bulbagarden.net/wiki/Klang_(Pokémon)
  OK: {"name":"Klang","primaryType":"Steel","secondaryType":"","forms":[],"evolutionStage":"2","preEvolvePokemon":"Klink","eggGroups":"Mineral","height":"2'00\"","weight":"112.4 lbs.","genderRatio":"Gender unknown","catchRate":"60 (14.8%)","hatchTime":"20 cycles"}

[601/1025] Klinklang -> https://bulbapedia.bulbagarden.net/wiki/Klinklang_(Pokémon)
  OK: {"name":"Klinklang","primaryType":"Steel","secondaryType":"","forms":[],"evolutionStage":"final","preEvolvePokemon":"Klang","eggGroups":"Mineral","height":"2'00\"","weight":"178.6 lbs.","genderRatio":"Gender unknown","catchRate":"30 (8.8%)","hatchTime":"20 cycles"}

[602/1025] Tynamo -> https://bulbapedia.bulbagarden.net/wiki/Tynamo_(Pokémon)
  OK: {"name":"Tynamo","primaryType":"Electric","secondaryType":"","forms":[],"evolutionStage":"1","preEvolvePokemon":"","eggGroups":"Amorphous","height":"0'08\"","weight":"0.7 lbs.","genderRatio":"50% male, 50% female","catchRate":"190 (35.2%)","hatchTime":"20 cycles"}

[603/1025] Eelektrik -> https://bulbapedia.bulbagarden.net/wiki/Eelektrik_(Pokémon)
  OK: {"name":"Eelektrik","primaryType":"Electric","secondaryType":"","forms":[],"evolutionStage":"2","preEvolvePokemon":"Tynamo","eggGroups":"Amorphous","height":"3'11\"","weight":"48.5 lbs.","genderRatio":"50% male, 50% female","catchRate":"60 (14.8%)","hatchTime":"20 cycles"}

[604/1025] Eelektross -> https://bulbapedia.bulbagarden.net/wiki/Eelektross_(Pokémon)
  OK: {"name":"Eelektross","primaryType":"Electric","secondaryType":"","forms":["Mega Eelektross"],"evolutionStage":"final","preEvolvePokemon":"Eelektrik","eggGroups":"Amorphous","height":"6'11\"","weight":"177.5 lbs.","genderRatio":"50% male, 50% female","catchRate":"30 (8.8%)","hatchTime":"20 cycles"}

[605/1025] Elgyem -> https://bulbapedia.bulbagarden.net/wiki/Elgyem_(Pokémon)
  OK: {"name":"Elgyem","primaryType":"Psychic","secondaryType":"","forms":[],"evolutionStage":"1","preEvolvePokemon":"","eggGroups":"Human-Like","height":"1'08\"","weight":"19.8 lbs.","genderRatio":"50% male, 50% female","catchRate":"255 (43.9%)","hatchTime":"20 cycles"}

[606/1025] Beheeyem -> https://bulbapedia.bulbagarden.net/wiki/Beheeyem_(Pokémon)
  OK: {"name":"Beheeyem","primaryType":"Psychic","secondaryType":"","forms":[],"evolutionStage":"final","preEvolvePokemon":"Elgyem","eggGroups":"Human-Like","height":"3'03\"","weight":"76.1 lbs.","genderRatio":"50% male, 50% female","catchRate":"90 (20.1%)","hatchTime":"20 cycles"}

[607/1025] Litwick -> https://bulbapedia.bulbagarden.net/wiki/Litwick_(Pokémon)
  OK: {"name":"Litwick","primaryType":"Ghost","secondaryType":"Fire","forms":[],"evolutionStage":"1","preEvolvePokemon":"","eggGroups":"Amorphous","height":"1'00\"","weight":"6.8 lbs.","genderRatio":"50% male, 50% female","catchRate":"190 (35.2%)","hatchTime":"20 cycles"}

[608/1025] Lampent -> https://bulbapedia.bulbagarden.net/wiki/Lampent_(Pokémon)
  OK: {"name":"Lampent","primaryType":"Ghost","secondaryType":"Fire","forms":[],"evolutionStage":"2","preEvolvePokemon":"Litwick","eggGroups":"Amorphous","height":"2'00\"","weight":"28.7 lbs.","genderRatio":"50% male, 50% female","catchRate":"90 (20.1%)","hatchTime":"20 cycles"}

[609/1025] Chandelure -> https://bulbapedia.bulbagarden.net/wiki/Chandelure_(Pokémon)
  OK: {"name":"Chandelure","primaryType":"Ghost","secondaryType":"Fire","forms":["Mega Chandelure"],"evolutionStage":"final","preEvolvePokemon":"Lampent","eggGroups":"Amorphous","height":"3'03\"","weight":"75.6 lbs.","genderRatio":"50% male, 50% female","catchRate":"45 (11.9%)","hatchTime":"20 cycles"}

[610/1025] Axew -> https://bulbapedia.bulbagarden.net/wiki/Axew_(Pokémon)
  OK: {"name":"Axew","primaryType":"Dragon","secondaryType":"","forms":[],"evolutionStage":"1","preEvolvePokemon":"","eggGroups":"Monster and Dragon","height":"2'00\"","weight":"39.7 lbs.","genderRatio":"50% male, 50% female","catchRate":"75 (17.5%)","hatchTime":"40 cycles"}

[611/1025] Fraxure -> https://bulbapedia.bulbagarden.net/wiki/Fraxure_(Pokémon)
  OK: {"name":"Fraxure","primaryType":"Dragon","secondaryType":"","forms":[],"evolutionStage":"2","preEvolvePokemon":"Axew","eggGroups":"Monster and Dragon","height":"3'03\"","weight":"79.4 lbs.","genderRatio":"50% male, 50% female","catchRate":"60 (14.8%)","hatchTime":"40 cycles"}

[612/1025] Haxorus -> https://bulbapedia.bulbagarden.net/wiki/Haxorus_(Pokémon)
  OK: {"name":"Haxorus","primaryType":"Dragon","secondaryType":"","forms":[],"evolutionStage":"final","preEvolvePokemon":"Fraxure","eggGroups":"Monster and Dragon","height":"5'11\"","weight":"232.6 lbs.","genderRatio":"50% male, 50% female","catchRate":"45 (11.9%)","hatchTime":"40 cycles"}

[613/1025] Cubchoo -> https://bulbapedia.bulbagarden.net/wiki/Cubchoo_(Pokémon)
  OK: {"name":"Cubchoo","primaryType":"Ice","secondaryType":"","forms":[],"evolutionStage":"1","preEvolvePokemon":"","eggGroups":"Field","height":"1'08\"","weight":"18.7 lbs.","genderRatio":"50% male, 50% female","catchRate":"120 (24.9%)","hatchTime":"20 cycles"}

[614/1025] Beartic -> https://bulbapedia.bulbagarden.net/wiki/Beartic_(Pokémon)
  OK: {"name":"Beartic","primaryType":"Ice","secondaryType":"","forms":[],"evolutionStage":"final","preEvolvePokemon":"Cubchoo","eggGroups":"Field","height":"8'06\"","weight":"573.2 lbs.","genderRatio":"50% male, 50% female","catchRate":"60 (14.8%)","hatchTime":"20 cycles"}

[615/1025] Cryogonal -> https://bulbapedia.bulbagarden.net/wiki/Cryogonal_(Pokémon)
  OK: {"name":"Cryogonal","primaryType":"Ice","secondaryType":"","forms":[],"evolutionStage":"2","preEvolvePokemon":"","eggGroups":"Mineral","height":"3'07\"","weight":"326.3 lbs.","genderRatio":"Gender unknown","catchRate":"25 (7.7%)","hatchTime":"25 cycles"}

[616/1025] Shelmet -> https://bulbapedia.bulbagarden.net/wiki/Shelmet_(Pokémon)
  OK: {"name":"Shelmet","primaryType":"Bug","secondaryType":"","forms":[],"evolutionStage":"1","preEvolvePokemon":"","eggGroups":"Bug","height":"1'04\"","weight":"17.0 lbs.","genderRatio":"50% male, 50% female","catchRate":"200 (36.6%)","hatchTime":"15 cycles"}

[617/1025] Accelgor -> https://bulbapedia.bulbagarden.net/wiki/Accelgor_(Pokémon)
  OK: {"name":"Accelgor","primaryType":"Bug","secondaryType":"","forms":[],"evolutionStage":"2","preEvolvePokemon":"Shelmet","eggGroups":"Bug","height":"2'07\"","weight":"55.8 lbs.","genderRatio":"50% male, 50% female","catchRate":"75 (17.5%)","hatchTime":"15 cycles"}

[618/1025] Stunfisk -> https://bulbapedia.bulbagarden.net/wiki/Stunfisk_(Pokémon)
  OK: {"name":"Stunfisk","primaryType":"Ground","secondaryType":"Electric","forms":["Galarian Stunfisk"],"evolutionStage":"2","preEvolvePokemon":"Galar","eggGroups":"Water 1 and Amorphous","height":"2'04\"","weight":"24.3 lbs.","genderRatio":"50% male, 50% female","catchRate":"75 (17.5%)","hatchTime":"20 cycles"}

[619/1025] Mienfoo -> https://bulbapedia.bulbagarden.net/wiki/Mienfoo_(Pokémon)
  OK: {"name":"Mienfoo","primaryType":"Fighting","secondaryType":"","forms":[],"evolutionStage":"1","preEvolvePokemon":"","eggGroups":"Field and Human-Like","height":"2'11\"","weight":"44.1 lbs.","genderRatio":"50% male, 50% female","catchRate":"180 (33.8%)","hatchTime":"25 cycles"}

[620/1025] Mienshao -> https://bulbapedia.bulbagarden.net/wiki/Mienshao_(Pokémon)
  OK: {"name":"Mienshao","primaryType":"Fighting","secondaryType":"","forms":[],"evolutionStage":"final","preEvolvePokemon":"Mienfoo","eggGroups":"Field and Human-Like","height":"4'07\"","weight":"78.3 lbs.","genderRatio":"50% male, 50% female","catchRate":"45 (11.9%)","hatchTime":"25 cycles"}

[621/1025] Druddigon -> https://bulbapedia.bulbagarden.net/wiki/Druddigon_(Pokémon)
  OK: {"name":"Druddigon","primaryType":"Dragon","secondaryType":"","forms":[],"evolutionStage":"2","preEvolvePokemon":"","eggGroups":"Dragon and Monster","height":"5'03\"","weight":"306.4 lbs.","genderRatio":"50% male, 50% female","catchRate":"45 (11.9%)","hatchTime":"30 cycles"}

[622/1025] Golett -> https://bulbapedia.bulbagarden.net/wiki/Golett_(Pokémon)
  OK: {"name":"Golett","primaryType":"Ground","secondaryType":"Ghost","forms":[],"evolutionStage":"1","preEvolvePokemon":"","eggGroups":"Mineral","height":"3'03\"","weight":"202.8 lbs.","genderRatio":"Gender unknown","catchRate":"190 (35.2%)","hatchTime":"25 cycles"}

[623/1025] Golurk -> https://bulbapedia.bulbagarden.net/wiki/Golurk_(Pokémon)
  OK: {"name":"Golurk","primaryType":"Ground","secondaryType":"Ghost","forms":["Mega Golurk"],"evolutionStage":"final","preEvolvePokemon":"Golett","eggGroups":"Mineral","height":"9'02\"","weight":"727.5 lbs.","genderRatio":"Gender unknown","catchRate":"90 (20.1%)","hatchTime":"25 cycles"}

[624/1025] Pawniard -> https://bulbapedia.bulbagarden.net/wiki/Pawniard_(Pokémon)
  OK: {"name":"Pawniard","primaryType":"Dark","secondaryType":"Steel","forms":[],"evolutionStage":"1","preEvolvePokemon":"","eggGroups":"Human-Like","height":"1'08\"","weight":"22.5 lbs.","genderRatio":"50% male, 50% female","catchRate":"120 (24.9%)","hatchTime":"20 cycles"}

[625/1025] Bisharp -> https://bulbapedia.bulbagarden.net/wiki/Bisharp_(Pokémon)
  OK: {"name":"Bisharp","primaryType":"Dark","secondaryType":"Steel","forms":[],"evolutionStage":"2","preEvolvePokemon":"Pawniard","eggGroups":"Human-Like","height":"5'03\"","weight":"154.3 lbs.","genderRatio":"50% male, 50% female","catchRate":"45 (11.9%)","hatchTime":"20 cycles"}

[626/1025] Bouffalant -> https://bulbapedia.bulbagarden.net/wiki/Bouffalant_(Pokémon)
  OK: {"name":"Bouffalant","primaryType":"Normal","secondaryType":"","forms":[],"evolutionStage":"2","preEvolvePokemon":"","eggGroups":"Field","height":"5'03\"","weight":"208.6 lbs.","genderRatio":"50% male, 50% female","catchRate":"45 (11.9%)","hatchTime":"20 cycles"}

[627/1025] Rufflet -> https://bulbapedia.bulbagarden.net/wiki/Rufflet_(Pokémon)
  OK: {"name":"Rufflet","primaryType":"Normal","secondaryType":"Flying","forms":[],"evolutionStage":"1","preEvolvePokemon":"","eggGroups":"Flying","height":"1'08\"","weight":"23.1 lbs.","genderRatio":"100% male","catchRate":"190 (35.2%)","hatchTime":"20 cycles"}

[628/1025] Braviary -> https://bulbapedia.bulbagarden.net/wiki/Braviary_(Pokémon)
  OK: {"name":"Braviary","primaryType":"Normal","secondaryType":"Flying","forms":["Hisuian Braviary"],"evolutionStage":"final","preEvolvePokemon":"Rufflet","eggGroups":"Flying","height":"4'11\"","weight":"90.4 lbs.","genderRatio":"100% male","catchRate":"60 (14.8%)","hatchTime":"20 cycles"}

[629/1025] Vullaby -> https://bulbapedia.bulbagarden.net/wiki/Vullaby_(Pokémon)
  OK: {"name":"Vullaby","primaryType":"Dark","secondaryType":"Flying","forms":[],"evolutionStage":"1","preEvolvePokemon":"","eggGroups":"Flying","height":"1'08\"","weight":"19.8 lbs.","genderRatio":"100% female","catchRate":"190 (35.2%)","hatchTime":"20 cycles"}

[630/1025] Mandibuzz -> https://bulbapedia.bulbagarden.net/wiki/Mandibuzz_(Pokémon)
  OK: {"name":"Mandibuzz","primaryType":"Dark","secondaryType":"Flying","forms":[],"evolutionStage":"final","preEvolvePokemon":"Vullaby","eggGroups":"Flying","height":"3'11\"","weight":"87.1 lbs.","genderRatio":"100% female","catchRate":"60 (14.8%)","hatchTime":"20 cycles"}

[631/1025] Heatmor -> https://bulbapedia.bulbagarden.net/wiki/Heatmor_(Pokémon)
  OK: {"name":"Heatmor","primaryType":"Fire","secondaryType":"","forms":[],"evolutionStage":"2","preEvolvePokemon":"","eggGroups":"Field","height":"4'07\"","weight":"127.9 lbs.","genderRatio":"50% male, 50% female","catchRate":"90 (20.1%)","hatchTime":"20 cycles"}

[632/1025] Durant -> https://bulbapedia.bulbagarden.net/wiki/Durant_(Pokémon)
  OK: {"name":"Durant","primaryType":"Bug","secondaryType":"Steel","forms":[],"evolutionStage":"2","preEvolvePokemon":"","eggGroups":"Bug","height":"1'00\"","weight":"72.8 lbs.","genderRatio":"50% male, 50% female","catchRate":"90 (20.1%)","hatchTime":"20 cycles"}

[633/1025] Deino -> https://bulbapedia.bulbagarden.net/wiki/Deino_(Pokémon)
  OK: {"name":"Deino","primaryType":"Dark","secondaryType":"Dragon","forms":[],"evolutionStage":"1","preEvolvePokemon":"","eggGroups":"Dragon","height":"2'07\"","weight":"38.1 lbs.","genderRatio":"50% male, 50% female","catchRate":"45 (11.9%)","hatchTime":"40 cycles"}

[634/1025] Zweilous -> https://bulbapedia.bulbagarden.net/wiki/Zweilous_(Pokémon)
  OK: {"name":"Zweilous","primaryType":"Dark","secondaryType":"Dragon","forms":[],"evolutionStage":"2","preEvolvePokemon":"Deino","eggGroups":"Dragon","height":"4'07\"","weight":"110.2 lbs.","genderRatio":"50% male, 50% female","catchRate":"45 (11.9%)","hatchTime":"40 cycles"}

[635/1025] Hydreigon -> https://bulbapedia.bulbagarden.net/wiki/Hydreigon_(Pokémon)
  OK: {"name":"Hydreigon","primaryType":"Dark","secondaryType":"Dragon","forms":[],"evolutionStage":"final","preEvolvePokemon":"Zweilous","eggGroups":"Dragon","height":"5'11\"","weight":"352.7 lbs.","genderRatio":"50% male, 50% female","catchRate":"45 (11.9%)","hatchTime":"40 cycles"}

[636/1025] Larvesta -> https://bulbapedia.bulbagarden.net/wiki/Larvesta_(Pokémon)
  OK: {"name":"Larvesta","primaryType":"Bug","secondaryType":"Fire","forms":[],"evolutionStage":"1","preEvolvePokemon":"","eggGroups":"Bug","height":"3'07\"","weight":"63.5 lbs.","genderRatio":"50% male, 50% female","catchRate":"45 (11.9%)","hatchTime":"40 cycles"}

[637/1025] Volcarona -> https://bulbapedia.bulbagarden.net/wiki/Volcarona_(Pokémon)
  OK: {"name":"Volcarona","primaryType":"Bug","secondaryType":"Fire","forms":[],"evolutionStage":"final","preEvolvePokemon":"Larvesta","eggGroups":"Bug","height":"5'03\"","weight":"101.4 lbs.","genderRatio":"50% male, 50% female","catchRate":"15 (5.2%)","hatchTime":"40 cycles"}

[638/1025] Cobalion -> https://bulbapedia.bulbagarden.net/wiki/Cobalion_(Pokémon)
  OK: {"name":"Cobalion","primaryType":"Steel","secondaryType":"Fighting","forms":[],"evolutionStage":"2","preEvolvePokemon":"Paradox Pokémon","eggGroups":"No Eggs Discovered","height":"6'11\"","weight":"551.2 lbs.","genderRatio":"Gender unknown","catchRate":"3 (1.6%)","hatchTime":"80 cycles Egg not obtainable"}

[639/1025] Terrakion -> https://bulbapedia.bulbagarden.net/wiki/Terrakion_(Pokémon)
  OK: {"name":"Terrakion","primaryType":"Rock","secondaryType":"Fighting","forms":[],"evolutionStage":"2","preEvolvePokemon":"Paradox Pokémon","eggGroups":"No Eggs Discovered","height":"6'03\"","weight":"573.2 lbs.","genderRatio":"Gender unknown","catchRate":"3 (1.6%)","hatchTime":"80 cycles Egg not obtainable"}

[640/1025] Virizion -> https://bulbapedia.bulbagarden.net/wiki/Virizion_(Pokémon)
  OK: {"name":"Virizion","primaryType":"Grass","secondaryType":"Fighting","forms":[],"evolutionStage":"2","preEvolvePokemon":"Paradox Pokémon","eggGroups":"No Eggs Discovered","height":"6'07\"","weight":"440.9 lbs.","genderRatio":"Gender unknown","catchRate":"3 (1.6%)","hatchTime":"80 cycles Egg not obtainable"}

[641/1025] Tornadus -> https://bulbapedia.bulbagarden.net/wiki/Tornadus_(Pokémon)
  OK: {"name":"Tornadus","primaryType":"Flying","secondaryType":"","forms":["Incarnate Forme","Therian Forme"],"evolutionStage":"2","preEvolvePokemon":"Reveal Glass","eggGroups":"No Eggs Discovered","height":"4'11\"","weight":"138.9 lbs.","genderRatio":"100% male","catchRate":"3 (1.6%)","hatchTime":"120 cycles Egg not obtainable"}

[642/1025] Thundurus -> https://bulbapedia.bulbagarden.net/wiki/Thundurus_(Pokémon)
  OK: {"name":"Thundurus","primaryType":"Electric","secondaryType":"Flying","forms":["Incarnate Forme","Therian Forme"],"evolutionStage":"2","preEvolvePokemon":"Reveal Glass","eggGroups":"No Eggs Discovered","height":"4'11\"","weight":"134.5 lbs.","genderRatio":"100% male","catchRate":"3 (1.6%)","hatchTime":"120 cycles Egg not obtainable"}

[643/1025] Reshiram -> https://bulbapedia.bulbagarden.net/wiki/Reshiram_(Pokémon)
  OK: {"name":"Reshiram","primaryType":"Dragon","secondaryType":"Fire","forms":[],"evolutionStage":"2","preEvolvePokemon":"","eggGroups":"No Eggs Discovered","height":"10'06\"","weight":"727.5 lbs.","genderRatio":"Gender unknown","catchRate":"3 (1.6%)","hatchTime":"120 cycles Egg not obtainable"}

[644/1025] Zekrom -> https://bulbapedia.bulbagarden.net/wiki/Zekrom_(Pokémon)
  OK: {"name":"Zekrom","primaryType":"Dragon","secondaryType":"Electric","forms":[],"evolutionStage":"2","preEvolvePokemon":"","eggGroups":"No Eggs Discovered","height":"9'06\"","weight":"760.6 lbs.","genderRatio":"Gender unknown","catchRate":"3 (1.6%)","hatchTime":"120 cycles Egg not obtainable"}

[645/1025] Landorus -> https://bulbapedia.bulbagarden.net/wiki/Landorus_(Pokémon)
  OK: {"name":"Landorus","primaryType":"Ground","secondaryType":"Flying","forms":["Incarnate Forme","Therian Forme"],"evolutionStage":"2","preEvolvePokemon":"Reveal Glass","eggGroups":"No Eggs Discovered","height":"4'11\"","weight":"149.9 lbs.","genderRatio":"100% male","catchRate":"3 (1.6%)","hatchTime":"120 cycles Egg not obtainable"}

[646/1025] Kyurem -> https://bulbapedia.bulbagarden.net/wiki/Kyurem_(Pokémon)
  OK: {"name":"Kyurem","primaryType":"Dragon","secondaryType":"Ice","forms":["White Kyurem","Black Kyurem"],"evolutionStage":"2","preEvolvePokemon":"Absofusion","eggGroups":"No Eggs Discovered","height":"9'10\"","weight":"716.5 lbs.","genderRatio":"Gender unknown","catchRate":"3 (1.6%)","hatchTime":"120 cycles Egg not obtainable"}

[647/1025] Keldeo -> https://bulbapedia.bulbagarden.net/wiki/Keldeo_(Pokémon)
  OK: {"name":"Keldeo","primaryType":"Water","secondaryType":"Fighting","forms":["Ordinary Form","Resolute Form"],"evolutionStage":"2","preEvolvePokemon":"Secret Sword","eggGroups":"No Eggs Discovered","height":"4'07\"","weight":"106.9 lbs.","genderRatio":"Gender unknown","catchRate":"3 (1.6%)","hatchTime":"80 cycles Egg not obtainable"}

[648/1025] Meloetta -> https://bulbapedia.bulbagarden.net/wiki/Meloetta_(Pokémon)
  OK: {"name":"Meloetta","primaryType":"Normal","secondaryType":"Psychic","forms":[],"evolutionStage":"2","preEvolvePokemon":"Normal","eggGroups":"No Eggs Discovered","height":"2'00\"","weight":"14.3 lbs.","genderRatio":"Gender unknown","catchRate":"3 (1.6%)","hatchTime":"120 cycles Egg not obtainable"}

[649/1025] Genesect -> https://bulbapedia.bulbagarden.net/wiki/Genesect_(Pokémon)
  OK: {"name":"Genesect","primaryType":"Bug","secondaryType":"Steel","forms":[],"evolutionStage":"2","preEvolvePokemon":"Drive","eggGroups":"No Eggs Discovered","height":"4'11\"","weight":"181.9 lbs.","genderRatio":"Gender unknown","catchRate":"3 (1.6%)","hatchTime":"120 cycles Egg not obtainable"}

[650/1025] Chespin -> https://bulbapedia.bulbagarden.net/wiki/Chespin_(Pokémon)
  OK: {"name":"Chespin","primaryType":"Grass","secondaryType":"","forms":[],"evolutionStage":"1","preEvolvePokemon":"","eggGroups":"Field","height":"1'04\"","weight":"19.8 lbs.","genderRatio":"87.5% male, 12.5% female","catchRate":"45 (11.9%)","hatchTime":"20 cycles"}

[651/1025] Quilladin -> https://bulbapedia.bulbagarden.net/wiki/Quilladin_(Pokémon)
  OK: {"name":"Quilladin","primaryType":"Grass","secondaryType":"","forms":[],"evolutionStage":"2","preEvolvePokemon":"Chespin","eggGroups":"Field","height":"2'04\"","weight":"63.9 lbs.","genderRatio":"87.5% male, 12.5% female","catchRate":"45 (11.9%)","hatchTime":"20 cycles"}

[652/1025] Chesnaught -> https://bulbapedia.bulbagarden.net/wiki/Chesnaught_(Pokémon)
  OK: {"name":"Chesnaught","primaryType":"Grass","secondaryType":"Fighting","forms":["Mega Chesnaught"],"evolutionStage":"final","preEvolvePokemon":"Quilladin","eggGroups":"Field","height":"5'03\"","weight":"198.4 lbs.","genderRatio":"87.5% male, 12.5% female","catchRate":"45 (11.9%)","hatchTime":"20 cycles"}

[653/1025] Fennekin -> https://bulbapedia.bulbagarden.net/wiki/Fennekin_(Pokémon)
  OK: {"name":"Fennekin","primaryType":"Fire","secondaryType":"","forms":[],"evolutionStage":"1","preEvolvePokemon":"","eggGroups":"Field","height":"1'04\"","weight":"20.7 lbs.","genderRatio":"87.5% male, 12.5% female","catchRate":"45 (11.9%)","hatchTime":"20 cycles"}

[654/1025] Braixen -> https://bulbapedia.bulbagarden.net/wiki/Braixen_(Pokémon)
  OK: {"name":"Braixen","primaryType":"Fire","secondaryType":"","forms":[],"evolutionStage":"2","preEvolvePokemon":"Fennekin","eggGroups":"Field","height":"3'03\"","weight":"32.0 lbs.","genderRatio":"87.5% male, 12.5% female","catchRate":"45 (11.9%)","hatchTime":"20 cycles"}

[655/1025] Delphox -> https://bulbapedia.bulbagarden.net/wiki/Delphox_(Pokémon)
  OK: {"name":"Delphox","primaryType":"Fire","secondaryType":"Psychic","forms":["Mega Delphox"],"evolutionStage":"final","preEvolvePokemon":"Braixen","eggGroups":"Field","height":"4'11\"","weight":"86.0 lbs.","genderRatio":"87.5% male, 12.5% female","catchRate":"45 (11.9%)","hatchTime":"20 cycles"}

[656/1025] Froakie -> https://bulbapedia.bulbagarden.net/wiki/Froakie_(Pokémon)
  OK: {"name":"Froakie","primaryType":"Water","secondaryType":"","forms":[],"evolutionStage":"1","preEvolvePokemon":"","eggGroups":"Water 1","height":"1'00\"","weight":"15.4 lbs.","genderRatio":"87.5% male, 12.5% female","catchRate":"45 (11.9%)","hatchTime":"20 cycles"}

[657/1025] Frogadier -> https://bulbapedia.bulbagarden.net/wiki/Frogadier_(Pokémon)
  OK: {"name":"Frogadier","primaryType":"Water","secondaryType":"","forms":[],"evolutionStage":"2","preEvolvePokemon":"Froakie","eggGroups":"Water 1","height":"2'00\"","weight":"24.0 lbs.","genderRatio":"87.5% male, 12.5% female","catchRate":"45 (11.9%)","hatchTime":"20 cycles"}

[658/1025] Greninja -> https://bulbapedia.bulbagarden.net/wiki/Greninja_(Pokémon)
  OK: {"name":"Greninja","primaryType":"Water","secondaryType":"Dark","forms":["Ash-Greninja","Mega Greninja"],"evolutionStage":"final","preEvolvePokemon":"Frogadier","eggGroups":"Water 1 or No Eggs DiscoveredAsh-Greninja","height":"4'11\"","weight":"88.2 lbs.","genderRatio":"87.5% male, 12.5% female","catchRate":"45 (11.9%)","hatchTime":"20 cycles"}

[659/1025] Bunnelby -> https://bulbapedia.bulbagarden.net/wiki/Bunnelby_(Pokémon)
  OK: {"name":"Bunnelby","primaryType":"Normal","secondaryType":"","forms":[],"evolutionStage":"1","preEvolvePokemon":"","eggGroups":"Field","height":"1'04\"","weight":"11.0 lbs.","genderRatio":"50% male, 50% female","catchRate":"255 (43.9%)","hatchTime":"15 cycles"}

[660/1025] Diggersby -> https://bulbapedia.bulbagarden.net/wiki/Diggersby_(Pokémon)
  OK: {"name":"Diggersby","primaryType":"Normal","secondaryType":"Ground","forms":[],"evolutionStage":"final","preEvolvePokemon":"Bunnelby","eggGroups":"Field","height":"3'03\"","weight":"93.5 lbs.","genderRatio":"50% male, 50% female","catchRate":"127 (26%)","hatchTime":"15 cycles"}

[661/1025] Fletchling -> https://bulbapedia.bulbagarden.net/wiki/Fletchling_(Pokémon)
  OK: {"name":"Fletchling","primaryType":"Normal","secondaryType":"Flying","forms":[],"evolutionStage":"1","preEvolvePokemon":"","eggGroups":"Flying","height":"1'00\"","weight":"3.7 lbs.","genderRatio":"50% male, 50% female","catchRate":"255 (43.9%)","hatchTime":"15 cycles"}

[662/1025] Fletchinder -> https://bulbapedia.bulbagarden.net/wiki/Fletchinder_(Pokémon)
  OK: {"name":"Fletchinder","primaryType":"Fire","secondaryType":"Flying","forms":[],"evolutionStage":"2","preEvolvePokemon":"Fletchling","eggGroups":"Flying","height":"2'04\"","weight":"35.3 lbs.","genderRatio":"50% male, 50% female","catchRate":"120 (24.9%)","hatchTime":"15 cycles"}

[663/1025] Talonflame -> https://bulbapedia.bulbagarden.net/wiki/Talonflame_(Pokémon)
  OK: {"name":"Talonflame","primaryType":"Fire","secondaryType":"Flying","forms":[],"evolutionStage":"final","preEvolvePokemon":"Fletchinder","eggGroups":"Flying","height":"3'11\"","weight":"54.0 lbs.","genderRatio":"50% male, 50% female","catchRate":"45 (11.9%)","hatchTime":"15 cycles"}

[664/1025] Scatter -> https://bulbapedia.bulbagarden.net/wiki/Scatter_(Pokémon)
  WARNING: no infobox found for Scatter, skipping.

[665/1025] Spewpa -> https://bulbapedia.bulbagarden.net/wiki/Spewpa_(Pokémon)
  OK: {"name":"Spewpa","primaryType":"Bug","secondaryType":"","forms":[],"evolutionStage":"2","preEvolvePokemon":"Scatterbug","eggGroups":"Bug","height":"1'00\"","weight":"18.5 lbs.","genderRatio":"50% male, 50% female","catchRate":"120 (24.9%)","hatchTime":"15 cycles"}

[666/1025] Vivillon -> https://bulbapedia.bulbagarden.net/wiki/Vivillon_(Pokémon)
  OK: {"name":"Vivillon","primaryType":"Bug","secondaryType":"Flying","forms":[],"evolutionStage":"final","preEvolvePokemon":"Spewpa","eggGroups":"Bug","height":"3'11\"","weight":"37.5 lbs.","genderRatio":"50% male, 50% female","catchRate":"45 (11.9%)","hatchTime":"15 cycles"}

[667/1025] Litleo -> https://bulbapedia.bulbagarden.net/wiki/Litleo_(Pokémon)
  OK: {"name":"Litleo","primaryType":"Fire","secondaryType":"Normal","forms":[],"evolutionStage":"1","preEvolvePokemon":"","eggGroups":"Field","height":"2'00\"","weight":"29.8 lbs.","genderRatio":"12.5% male, 87.5% female","catchRate":"220 (39.3%)","hatchTime":"20 cycles"}

[668/1025] Pyroar -> https://bulbapedia.bulbagarden.net/wiki/Pyroar_(Pokémon)
  OK: {"name":"Pyroar","primaryType":"Fire","secondaryType":"Normal","forms":["Mega Pyroar"],"evolutionStage":"final","preEvolvePokemon":"Litleo","eggGroups":"Field","height":"4'11\"","weight":"179.7 lbs.","genderRatio":"12.5% male, 87.5% female","catchRate":"65 (15.7%)","hatchTime":"20 cycles"}

[669/1025] Flabébé -> https://bulbapedia.bulbagarden.net/wiki/Flab%C3%A9b%C3%A9_(Pokémon)
  OK: {"name":"Flabébé","primaryType":"Fairy","secondaryType":"","forms":["Red Flower","Yellow Flower","Orange Flower","Blue Flower","White Flower"],"evolutionStage":"1","preEvolvePokemon":"","eggGroups":"Fairy","height":"0'04\"","weight":"0.2 lbs.","genderRatio":"100% female","catchRate":"225 (39.9%)","hatchTime":"20 cycles"}

[670/1025] Floette -> https://bulbapedia.bulbagarden.net/wiki/Floette_(Pokémon)
  OK: {"name":"Floette","primaryType":"Fairy","secondaryType":"","forms":["Eternal Flower","Mega Floette"],"evolutionStage":"2","preEvolvePokemon":"Flabébé","eggGroups":"Fairy or No Eggs DiscoveredEternal Flower","height":"0'08\"","weight":"2.0 lbs.","genderRatio":"100% female","catchRate":"120 (24.9%)","hatchTime":"20 cycles"}

[671/1025] Florges -> https://bulbapedia.bulbagarden.net/wiki/Florges_(Pokémon)
  OK: {"name":"Florges","primaryType":"Fairy","secondaryType":"","forms":["Red Flower","Yellow Flower","Orange Flower","Blue Flower","White Flower"],"evolutionStage":"final","preEvolvePokemon":"Floette","eggGroups":"Fairy","height":"3'07\"","weight":"22.0 lbs.","genderRatio":"100% female","catchRate":"45 (11.9%)","hatchTime":"20 cycles"}

[672/1025] Skiddo -> https://bulbapedia.bulbagarden.net/wiki/Skiddo_(Pokémon)
  OK: {"name":"Skiddo","primaryType":"Grass","secondaryType":"","forms":[],"evolutionStage":"1","preEvolvePokemon":"","eggGroups":"Field","height":"2'11\"","weight":"68.3 lbs.","genderRatio":"50% male, 50% female","catchRate":"200 (36.6%)","hatchTime":"20 cycles"}

[673/1025] Gogoat -> https://bulbapedia.bulbagarden.net/wiki/Gogoat_(Pokémon)
  OK: {"name":"Gogoat","primaryType":"Grass","secondaryType":"","forms":[],"evolutionStage":"final","preEvolvePokemon":"Skiddo","eggGroups":"Field","height":"5'07\"","weight":"200.6 lbs.","genderRatio":"50% male, 50% female","catchRate":"45 (11.9%)","hatchTime":"20 cycles"}

[674/1025] Pancham -> https://bulbapedia.bulbagarden.net/wiki/Pancham_(Pokémon)
  OK: {"name":"Pancham","primaryType":"Fighting","secondaryType":"","forms":[],"evolutionStage":"1","preEvolvePokemon":"","eggGroups":"Field and Human-Like","height":"2'00\"","weight":"17.6 lbs.","genderRatio":"50% male, 50% female","catchRate":"220 (39.3%)","hatchTime":"25 cycles"}

[675/1025] Pangoro -> https://bulbapedia.bulbagarden.net/wiki/Pangoro_(Pokémon)
  OK: {"name":"Pangoro","primaryType":"Fighting","secondaryType":"Dark","forms":[],"evolutionStage":"final","preEvolvePokemon":"Pancham","eggGroups":"Field and Human-Like","height":"6'11\"","weight":"299.8 lbs.","genderRatio":"50% male, 50% female","catchRate":"65 (15.7%)","hatchTime":"25 cycles"}

[676/1025] Furfrou -> https://bulbapedia.bulbagarden.net/wiki/Furfrou_(Pokémon)
  OK: {"name":"Furfrou","primaryType":"Normal","secondaryType":"","forms":[],"evolutionStage":"2","preEvolvePokemon":"","eggGroups":"Field","height":"3'11\"","weight":"61.7 lbs.","genderRatio":"50% male, 50% female","catchRate":"160 (30.9%)","hatchTime":"20 cycles"}

[677/1025] Espurr -> https://bulbapedia.bulbagarden.net/wiki/Espurr_(Pokémon)
  OK: {"name":"Espurr","primaryType":"Psychic","secondaryType":"","forms":[],"evolutionStage":"1","preEvolvePokemon":"","eggGroups":"Field","height":"1'00\"","weight":"7.7 lbs.","genderRatio":"50% male, 50% female","catchRate":"190 (35.2%)","hatchTime":"20 cycles"}

[678/1025] Meowstic -> https://bulbapedia.bulbagarden.net/wiki/Meowstic_(Pokémon)
  OK: {"name":"Meowstic","primaryType":"Psychic","secondaryType":"","forms":["Mega Meowstic"],"evolutionStage":"final","preEvolvePokemon":"Espurr","eggGroups":"Field","height":"2'00\"","weight":"18.7 lbs.","genderRatio":"50% male, 50% female","catchRate":"75 (17.5%)","hatchTime":"20 cycles"}

[679/1025] Honedge -> https://bulbapedia.bulbagarden.net/wiki/Honedge_(Pokémon)
  OK: {"name":"Honedge","primaryType":"Steel","secondaryType":"Ghost","forms":[],"evolutionStage":"1","preEvolvePokemon":"","eggGroups":"Mineral","height":"2'07\"","weight":"4.4 lbs.","genderRatio":"50% male, 50% female","catchRate":"180 (33.8%)","hatchTime":"20 cycles"}

[680/1025] Doublade -> https://bulbapedia.bulbagarden.net/wiki/Doublade_(Pokémon)
  OK: {"name":"Doublade","primaryType":"Steel","secondaryType":"Ghost","forms":[],"evolutionStage":"2","preEvolvePokemon":"Honedge","eggGroups":"Mineral","height":"2'07\"","weight":"9.9 lbs.","genderRatio":"50% male, 50% female","catchRate":"90 (20.1%)","hatchTime":"20 cycles"}

[681/1025] Aegislash -> https://bulbapedia.bulbagarden.net/wiki/Aegislash_(Pokémon)
  OK: {"name":"Aegislash","primaryType":"Steel","secondaryType":"Ghost","forms":["Shield Forme","Blade Forme"],"evolutionStage":"final","preEvolvePokemon":"Doublade","eggGroups":"Mineral","height":"5'07\"","weight":"116.8 lbs.","genderRatio":"50% male, 50% female","catchRate":"45 (11.9%)","hatchTime":"20 cycles"}

[682/1025] Spritzee -> https://bulbapedia.bulbagarden.net/wiki/Spritzee_(Pokémon)
  OK: {"name":"Spritzee","primaryType":"Fairy","secondaryType":"","forms":[],"evolutionStage":"1","preEvolvePokemon":"","eggGroups":"Fairy","height":"0'08\"","weight":"1.1 lbs.","genderRatio":"50% male, 50% female","catchRate":"200 (36.6%)","hatchTime":"20 cycles"}

[683/1025] Aromatisse -> https://bulbapedia.bulbagarden.net/wiki/Aromatisse_(Pokémon)
  OK: {"name":"Aromatisse","primaryType":"Fairy","secondaryType":"","forms":[],"evolutionStage":"final","preEvolvePokemon":"Spritzee","eggGroups":"Fairy","height":"2'07\"","weight":"34.2 lbs.","genderRatio":"50% male, 50% female","catchRate":"140 (28%)","hatchTime":"20 cycles"}

[684/1025] Swirlix -> https://bulbapedia.bulbagarden.net/wiki/Swirlix_(Pokémon)
  OK: {"name":"Swirlix","primaryType":"Fairy","secondaryType":"","forms":[],"evolutionStage":"1","preEvolvePokemon":"","eggGroups":"Fairy","height":"1'04\"","weight":"7.7 lbs.","genderRatio":"50% male, 50% female","catchRate":"200 (36.6%)","hatchTime":"20 cycles"}

[685/1025] Slurpuff -> https://bulbapedia.bulbagarden.net/wiki/Slurpuff_(Pokémon)
  OK: {"name":"Slurpuff","primaryType":"Fairy","secondaryType":"","forms":[],"evolutionStage":"final","preEvolvePokemon":"Swirlix","eggGroups":"Fairy","height":"2'07\"","weight":"11.0 lbs.","genderRatio":"50% male, 50% female","catchRate":"140 (28%)","hatchTime":"20 cycles"}

[686/1025] Inkay -> https://bulbapedia.bulbagarden.net/wiki/Inkay_(Pokémon)
  OK: {"name":"Inkay","primaryType":"Dark","secondaryType":"Psychic","forms":[],"evolutionStage":"1","preEvolvePokemon":"","eggGroups":"Water 1 and Water 2","height":"1'04\"","weight":"7.7 lbs.","genderRatio":"50% male, 50% female","catchRate":"190 (35.2%)","hatchTime":"20 cycles"}

[687/1025] Malamar -> https://bulbapedia.bulbagarden.net/wiki/Malamar_(Pokémon)
  OK: {"name":"Malamar","primaryType":"Dark","secondaryType":"Psychic","forms":["Mega Malamar"],"evolutionStage":"final","preEvolvePokemon":"Inkay","eggGroups":"Water 1 and Water 2","height":"4'11\"","weight":"103.6 lbs.","genderRatio":"50% male, 50% female","catchRate":"80 (18.4%)","hatchTime":"20 cycles"}

[688/1025] Binacle -> https://bulbapedia.bulbagarden.net/wiki/Binacle_(Pokémon)
  OK: {"name":"Binacle","primaryType":"Rock","secondaryType":"Water","forms":[],"evolutionStage":"1","preEvolvePokemon":"","eggGroups":"Water 3","height":"1'08\"","weight":"68.3 lbs.","genderRatio":"50% male, 50% female","catchRate":"120 (24.9%)","hatchTime":"20 cycles"}

[689/1025] Barbaracle -> https://bulbapedia.bulbagarden.net/wiki/Barbaracle_(Pokémon)
  OK: {"name":"Barbaracle","primaryType":"Rock","secondaryType":"Water","forms":["Mega Barbaracle"],"evolutionStage":"final","preEvolvePokemon":"Binacle","eggGroups":"Water 3","height":"4'03\"","weight":"211.6 lbs.","genderRatio":"50% male, 50% female","catchRate":"45 (11.9%)","hatchTime":"20 cycles"}

[690/1025] Skrelp -> https://bulbapedia.bulbagarden.net/wiki/Skrelp_(Pokémon)
  OK: {"name":"Skrelp","primaryType":"Poison","secondaryType":"Water","forms":[],"evolutionStage":"1","preEvolvePokemon":"","eggGroups":"Water 1 and Dragon","height":"1'08\"","weight":"16.1 lbs.","genderRatio":"50% male, 50% female","catchRate":"225 (39.9%)","hatchTime":"20 cycles"}

[691/1025] Dragalge -> https://bulbapedia.bulbagarden.net/wiki/Dragalge_(Pokémon)
  OK: {"name":"Dragalge","primaryType":"Poison","secondaryType":"Dragon","forms":["Mega Dragalge"],"evolutionStage":"final","preEvolvePokemon":"Skrelp","eggGroups":"Water 1 and Dragon","height":"5'11\"","weight":"179.7 lbs.","genderRatio":"50% male, 50% female","catchRate":"55 (13.9%)","hatchTime":"20 cycles"}

[692/1025] Clauncher -> https://bulbapedia.bulbagarden.net/wiki/Clauncher_(Pokémon)
  OK: {"name":"Clauncher","primaryType":"Water","secondaryType":"","forms":[],"evolutionStage":"1","preEvolvePokemon":"","eggGroups":"Water 1 and Water 3","height":"1'08\"","weight":"18.3 lbs.","genderRatio":"50% male, 50% female","catchRate":"225 (39.9%)","hatchTime":"15 cycles"}

[693/1025] Clawitzer -> https://bulbapedia.bulbagarden.net/wiki/Clawitzer_(Pokémon)
  OK: {"name":"Clawitzer","primaryType":"Water","secondaryType":"","forms":[],"evolutionStage":"final","preEvolvePokemon":"Clauncher","eggGroups":"Water 1 and Water 3","height":"4'03\"","weight":"77.8 lbs.","genderRatio":"50% male, 50% female","catchRate":"55 (13.9%)","hatchTime":"15 cycles"}

[694/1025] Helioptile -> https://bulbapedia.bulbagarden.net/wiki/Helioptile_(Pokémon)
  OK: {"name":"Helioptile","primaryType":"Electric","secondaryType":"Normal","forms":[],"evolutionStage":"1","preEvolvePokemon":"","eggGroups":"Monster and Dragon","height":"1'08\"","weight":"13.2 lbs.","genderRatio":"50% male, 50% female","catchRate":"190 (35.2%)","hatchTime":"20 cycles"}

[695/1025] Heliolisk -> https://bulbapedia.bulbagarden.net/wiki/Heliolisk_(Pokémon)
  OK: {"name":"Heliolisk","primaryType":"Electric","secondaryType":"Normal","forms":[],"evolutionStage":"final","preEvolvePokemon":"Helioptile","eggGroups":"Monster and Dragon","height":"3'03\"","weight":"46.3 lbs.","genderRatio":"50% male, 50% female","catchRate":"75 (17.5%)","hatchTime":"20 cycles"}

[696/1025] Tyrunt -> https://bulbapedia.bulbagarden.net/wiki/Tyrunt_(Pokémon)
  OK: {"name":"Tyrunt","primaryType":"Rock","secondaryType":"Dragon","forms":[],"evolutionStage":"2","preEvolvePokemon":"Jaw Fossil","eggGroups":"Monster and Dragon","height":"2'07\"","weight":"57.3 lbs.","genderRatio":"87.5% male, 12.5% female","catchRate":"45 (11.9%)","hatchTime":"30 cycles"}

[697/1025] Tyrantrum -> https://bulbapedia.bulbagarden.net/wiki/Tyrantrum_(Pokémon)
  OK: {"name":"Tyrantrum","primaryType":"Rock","secondaryType":"Dragon","forms":[],"evolutionStage":"final","preEvolvePokemon":"Tyrunt","eggGroups":"Monster and Dragon","height":"8'02\"","weight":"595.2 lbs.","genderRatio":"87.5% male, 12.5% female","catchRate":"45 (11.9%)","hatchTime":"30 cycles"}

[698/1025] Amaura -> https://bulbapedia.bulbagarden.net/wiki/Amaura_(Pokémon)
  OK: {"name":"Amaura","primaryType":"Rock","secondaryType":"Ice","forms":[],"evolutionStage":"2","preEvolvePokemon":"Sail Fossil","eggGroups":"Monster","height":"4'03\"","weight":"55.6 lbs.","genderRatio":"87.5% male, 12.5% female","catchRate":"45 (11.9%)","hatchTime":"30 cycles"}

[699/1025] Aurorus -> https://bulbapedia.bulbagarden.net/wiki/Aurorus_(Pokémon)
  OK: {"name":"Aurorus","primaryType":"Rock","secondaryType":"Ice","forms":[],"evolutionStage":"final","preEvolvePokemon":"Amaura","eggGroups":"Monster","height":"8'10\"","weight":"496.0 lbs.","genderRatio":"87.5% male, 12.5% female","catchRate":"45 (11.9%)","hatchTime":"30 cycles"}

[700/1025] Sylveon -> https://bulbapedia.bulbagarden.net/wiki/Sylveon_(Pokémon)
  OK: {"name":"Sylveon","primaryType":"Fairy","secondaryType":"","forms":[],"evolutionStage":"final","preEvolvePokemon":"Eevee","eggGroups":"Field","height":"3'03\"","weight":"51.8 lbs.","genderRatio":"87.5% male, 12.5% female","catchRate":"45 (11.9%)","hatchTime":"35 cycles"}

[701/1025] Hawlucha -> https://bulbapedia.bulbagarden.net/wiki/Hawlucha_(Pokémon)
  OK: {"name":"Hawlucha","primaryType":"Fighting","secondaryType":"Flying","forms":["Mega Hawlucha"],"evolutionStage":"2","preEvolvePokemon":"Mega Evolve","eggGroups":"FlyingGen VIII+ and Human-Like","height":"2'07\"","weight":"47.4 lbs.","genderRatio":"50% male, 50% female","catchRate":"100 (21.7%)","hatchTime":"20 cycles"}

[702/1025] Dedenne -> https://bulbapedia.bulbagarden.net/wiki/Dedenne_(Pokémon)
  OK: {"name":"Dedenne","primaryType":"Electric","secondaryType":"Fairy","forms":[],"evolutionStage":"2","preEvolvePokemon":"","eggGroups":"Field and Fairy","height":"0'08\"","weight":"4.9 lbs.","genderRatio":"50% male, 50% female","catchRate":"180 (33.8%)","hatchTime":"20 cycles"}

[703/1025] Carbink -> https://bulbapedia.bulbagarden.net/wiki/Carbink_(Pokémon)
  OK: {"name":"Carbink","primaryType":"Rock","secondaryType":"Fairy","forms":[],"evolutionStage":"2","preEvolvePokemon":"Diancie","eggGroups":"Fairy and Mineral","height":"1'00\"","weight":"12.6 lbs.","genderRatio":"Gender unknown","catchRate":"60 (14.8%)","hatchTime":"25 cycles"}

[704/1025] Goomy -> https://bulbapedia.bulbagarden.net/wiki/Goomy_(Pokémon)
  OK: {"name":"Goomy","primaryType":"Dragon","secondaryType":"","forms":[],"evolutionStage":"1","preEvolvePokemon":"","eggGroups":"Dragon","height":"1'00\"","weight":"6.2 lbs.","genderRatio":"50% male, 50% female","catchRate":"45 (11.9%)","hatchTime":"40 cycles"}

[705/1025] Sliggoo -> https://bulbapedia.bulbagarden.net/wiki/Sliggoo_(Pokémon)
  OK: {"name":"Sliggoo","primaryType":"Dragon","secondaryType":"Steel","forms":["Hisuian Sliggoo"],"evolutionStage":"2","preEvolvePokemon":"Goomy","eggGroups":"Dragon","height":"2'07\"","weight":"38.6 lbs.","genderRatio":"50% male, 50% female","catchRate":"45 (11.9%)","hatchTime":"40 cycles"}

[706/1025] Goodra -> https://bulbapedia.bulbagarden.net/wiki/Goodra_(Pokémon)
  OK: {"name":"Goodra","primaryType":"Dragon","secondaryType":"Steel","forms":["Hisuian Goodra"],"evolutionStage":"final","preEvolvePokemon":"Sliggoo","eggGroups":"Dragon","height":"6'07\"","weight":"331.8 lbs.","genderRatio":"50% male, 50% female","catchRate":"45 (11.9%)","hatchTime":"40 cycles"}

[707/1025] Klefki -> https://bulbapedia.bulbagarden.net/wiki/Klefki_(Pokémon)
  OK: {"name":"Klefki","primaryType":"Steel","secondaryType":"Fairy","forms":[],"evolutionStage":"2","preEvolvePokemon":"","eggGroups":"Mineral","height":"0'08\"","weight":"6.6 lbs.","genderRatio":"50% male, 50% female","catchRate":"75 (17.5%)","hatchTime":"20 cycles"}

[708/1025] Phantump -> https://bulbapedia.bulbagarden.net/wiki/Phantump_(Pokémon)
  OK: {"name":"Phantump","primaryType":"Ghost","secondaryType":"Grass","forms":[],"evolutionStage":"1","preEvolvePokemon":"","eggGroups":"Grass and Amorphous","height":"1'04\"","weight":"15.4 lbs.","genderRatio":"50% male, 50% female","catchRate":"120 (24.9%)","hatchTime":"20 cycles"}

[709/1025] Trevenant -> https://bulbapedia.bulbagarden.net/wiki/Trevenant_(Pokémon)
  OK: {"name":"Trevenant","primaryType":"Ghost","secondaryType":"Grass","forms":[],"evolutionStage":"final","preEvolvePokemon":"Phantump","eggGroups":"Grass and Amorphous","height":"4'11\"","weight":"156.5 lbs.","genderRatio":"50% male, 50% female","catchRate":"60 (14.8%)","hatchTime":"20 cycles"}

[710/1025] Pumpkaboo -> https://bulbapedia.bulbagarden.net/wiki/Pumpkaboo_(Pokémon)
  OK: {"name":"Pumpkaboo","primaryType":"Ghost","secondaryType":"Grass","forms":["Medium Variety","Small Variety","Large Variety","Jumbo Variety"],"evolutionStage":"1","preEvolvePokemon":"","eggGroups":"Amorphous","height":"1'04\"","weight":"11.0 lbs.","genderRatio":"50% male, 50% female","catchRate":"120 (24.9%)","hatchTime":"20 cycles"}

[711/1025] Gourgeist -> https://bulbapedia.bulbagarden.net/wiki/Gourgeist_(Pokémon)
  OK: {"name":"Gourgeist","primaryType":"Ghost","secondaryType":"Grass","forms":["Medium Variety","Small Variety","Large Variety","Jumbo Variety"],"evolutionStage":"final","preEvolvePokemon":"Pumpkaboo","eggGroups":"Amorphous","height":"2'11\"","weight":"27.6 lbs.","genderRatio":"50% male, 50% female","catchRate":"60 (14.8%)","hatchTime":"20 cycles"}

[712/1025] Bergmite -> https://bulbapedia.bulbagarden.net/wiki/Bergmite_(Pokémon)
  OK: {"name":"Bergmite","primaryType":"Ice","secondaryType":"","forms":[],"evolutionStage":"1","preEvolvePokemon":"","eggGroups":"Monster and MineralGen VIII+","height":"3'03\"","weight":"219.4 lbs.","genderRatio":"50% male, 50% female","catchRate":"190 (35.2%)","hatchTime":"20 cycles"}

[713/1025] Avalugg -> https://bulbapedia.bulbagarden.net/wiki/Avalugg_(Pokémon)
  OK: {"name":"Avalugg","primaryType":"Ice","secondaryType":"Rock","forms":["Hisuian Avalugg"],"evolutionStage":"final","preEvolvePokemon":"Bergmite","eggGroups":"Monster and MineralGen VIII+","height":"6'07\"","weight":"1113.3 lbs.","genderRatio":"50% male, 50% female","catchRate":"55 (13.9%)","hatchTime":"20 cycles"}

[714/1025] Noibat -> https://bulbapedia.bulbagarden.net/wiki/Noibat_(Pokémon)
  OK: {"name":"Noibat","primaryType":"Flying","secondaryType":"Dragon","forms":[],"evolutionStage":"1","preEvolvePokemon":"","eggGroups":"Flying and DragonGen VIII+","height":"1'08\"","weight":"17.6 lbs.","genderRatio":"50% male, 50% female","catchRate":"190 (35.2%)","hatchTime":"20 cycles"}

[715/1025] Noivern -> https://bulbapedia.bulbagarden.net/wiki/Noivern_(Pokémon)
  OK: {"name":"Noivern","primaryType":"Flying","secondaryType":"Dragon","forms":[],"evolutionStage":"final","preEvolvePokemon":"Noibat","eggGroups":"Flying and DragonGen VIII+","height":"4'11\"","weight":"187.4 lbs.","genderRatio":"50% male, 50% female","catchRate":"45 (11.9%)","hatchTime":"20 cycles"}

[716/1025] Xerneas -> https://bulbapedia.bulbagarden.net/wiki/Xerneas_(Pokémon)
  OK: {"name":"Xerneas","primaryType":"Fairy","secondaryType":"","forms":["Active Mode","Neutral Mode"],"evolutionStage":"2","preEvolvePokemon":"battle","eggGroups":"No Eggs Discovered","height":"9'10\"","weight":"474.0 lbs.","genderRatio":"Gender unknown","catchRate":"45 (11.9%)","hatchTime":"120 cycles Egg not obtainable"}

[717/1025] Yveltal -> https://bulbapedia.bulbagarden.net/wiki/Yveltal_(Pokémon)
  OK: {"name":"Yveltal","primaryType":"Dark","secondaryType":"Flying","forms":[],"evolutionStage":"2","preEvolvePokemon":"","eggGroups":"No Eggs Discovered","height":"19'00\"","weight":"447.5 lbs.","genderRatio":"Gender unknown","catchRate":"45 (11.9%)","hatchTime":"120 cycles Egg not obtainable"}

[718/1025] Zygarde -> https://bulbapedia.bulbagarden.net/wiki/Zygarde_(Pokémon)
  OK: {"name":"Zygarde","primaryType":"Dragon","secondaryType":"Ground","forms":["10% Forme","50% Forme","Complete Forme","Mega Zygarde"],"evolutionStage":"2","preEvolvePokemon":"Mega Evolve","eggGroups":"No Eggs Discovered","height":"16'05\"","weight":"672.4 lbs.","genderRatio":"Gender unknown","catchRate":"3 (1.6%)","hatchTime":"120 cycles Egg not obtainable"}

[719/1025] Diancie -> https://bulbapedia.bulbagarden.net/wiki/Diancie_(Pokémon)
  OK: {"name":"Diancie","primaryType":"Rock","secondaryType":"Fairy","forms":["Mega Diancie"],"evolutionStage":"2","preEvolvePokemon":"Carbink","eggGroups":"No Eggs Discovered","height":"2'04\"","weight":"19.4 lbs.","genderRatio":"Gender unknown","catchRate":"3 (1.6%)","hatchTime":"25 cycles Egg not obtainable"}

[720/1025] Hoopa -> https://bulbapedia.bulbagarden.net/wiki/Hoopa_(Pokémon)
  OK: {"name":"Hoopa","primaryType":"Psychic","secondaryType":"Ghost","forms":["Hoopa Confined","Hoopa Unbound"],"evolutionStage":"2","preEvolvePokemon":"Prison Bottle","eggGroups":"No Eggs Discovered","height":"1'08\"","weight":"19.8 lbs.","genderRatio":"Gender unknown","catchRate":"3 (1.6%)","hatchTime":"120 cycles Egg not obtainable"}

[721/1025] Volcanion -> https://bulbapedia.bulbagarden.net/wiki/Volcanion_(Pokémon)
  OK: {"name":"Volcanion","primaryType":"Fire","secondaryType":"Water","forms":[],"evolutionStage":"2","preEvolvePokemon":"","eggGroups":"No Eggs Discovered","height":"5'07\"","weight":"429.9 lbs.","genderRatio":"Gender unknown","catchRate":"3 (1.6%)","hatchTime":"120 cycles Egg not obtainable"}

[722/1025] Rowlet -> https://bulbapedia.bulbagarden.net/wiki/Rowlet_(Pokémon)
  OK: {"name":"Rowlet","primaryType":"Grass","secondaryType":"Flying","forms":[],"evolutionStage":"1","preEvolvePokemon":"","eggGroups":"Flying","height":"1'00\"","weight":"3.3 lbs.","genderRatio":"87.5% male, 12.5% female","catchRate":"45 (11.9%)","hatchTime":"15 cycles"}

[723/1025] Dartrix -> https://bulbapedia.bulbagarden.net/wiki/Dartrix_(Pokémon)
  OK: {"name":"Dartrix","primaryType":"Grass","secondaryType":"Flying","forms":[],"evolutionStage":"2","preEvolvePokemon":"Rowlet","eggGroups":"Flying","height":"2'04\"","weight":"35.3 lbs.","genderRatio":"87.5% male, 12.5% female","catchRate":"45 (11.9%)","hatchTime":"15 cycles"}

[724/1025] Decidueye -> https://bulbapedia.bulbagarden.net/wiki/Decidueye_(Pokémon)
  OK: {"name":"Decidueye","primaryType":"Grass","secondaryType":"Ghost","forms":["Hisuian Decidueye"],"evolutionStage":"final","preEvolvePokemon":"Dartrix","eggGroups":"Flying","height":"5'03\"","weight":"80.7 lbs.","genderRatio":"87.5% male, 12.5% female","catchRate":"45 (11.9%)","hatchTime":"15 cycles"}

[725/1025] Litten -> https://bulbapedia.bulbagarden.net/wiki/Litten_(Pokémon)
  OK: {"name":"Litten","primaryType":"Fire","secondaryType":"","forms":[],"evolutionStage":"1","preEvolvePokemon":"","eggGroups":"Field","height":"1'04\"","weight":"9.5 lbs.","genderRatio":"87.5% male, 12.5% female","catchRate":"45 (11.9%)","hatchTime":"15 cycles"}

[726/1025] Torracat -> https://bulbapedia.bulbagarden.net/wiki/Torracat_(Pokémon)
  OK: {"name":"Torracat","primaryType":"Fire","secondaryType":"","forms":[],"evolutionStage":"2","preEvolvePokemon":"Litten","eggGroups":"Field","height":"2'04\"","weight":"55.1 lbs.","genderRatio":"87.5% male, 12.5% female","catchRate":"45 (11.9%)","hatchTime":"15 cycles"}

[727/1025] Incineroar -> https://bulbapedia.bulbagarden.net/wiki/Incineroar_(Pokémon)
  OK: {"name":"Incineroar","primaryType":"Fire","secondaryType":"Dark","forms":[],"evolutionStage":"final","preEvolvePokemon":"Torracat","eggGroups":"Field","height":"5'11\"","weight":"183.0 lbs.","genderRatio":"87.5% male, 12.5% female","catchRate":"45 (11.9%)","hatchTime":"15 cycles"}

[728/1025] Popplio -> https://bulbapedia.bulbagarden.net/wiki/Popplio_(Pokémon)
  OK: {"name":"Popplio","primaryType":"Water","secondaryType":"","forms":[],"evolutionStage":"1","preEvolvePokemon":"","eggGroups":"Water 1 and Field","height":"1'04\"","weight":"16.5 lbs.","genderRatio":"87.5% male, 12.5% female","catchRate":"45 (11.9%)","hatchTime":"15 cycles"}

[729/1025] Brionne -> https://bulbapedia.bulbagarden.net/wiki/Brionne_(Pokémon)
  OK: {"name":"Brionne","primaryType":"Water","secondaryType":"","forms":[],"evolutionStage":"2","preEvolvePokemon":"Popplio","eggGroups":"Water 1 and Field","height":"2'00\"","weight":"38.6 lbs.","genderRatio":"87.5% male, 12.5% female","catchRate":"45 (11.9%)","hatchTime":"15 cycles"}

[730/1025] Primarina -> https://bulbapedia.bulbagarden.net/wiki/Primarina_(Pokémon)
  OK: {"name":"Primarina","primaryType":"Water","secondaryType":"Fairy","forms":[],"evolutionStage":"final","preEvolvePokemon":"Brionne","eggGroups":"Water 1 and Field","height":"5'11\"","weight":"97.0 lbs.","genderRatio":"87.5% male, 12.5% female","catchRate":"45 (11.9%)","hatchTime":"15 cycles"}

[731/1025] Pikipek -> https://bulbapedia.bulbagarden.net/wiki/Pikipek_(Pokémon)
  OK: {"name":"Pikipek","primaryType":"Normal","secondaryType":"Flying","forms":[],"evolutionStage":"1","preEvolvePokemon":"","eggGroups":"Flying","height":"1'00\"","weight":"2.6 lbs.","genderRatio":"50% male, 50% female","catchRate":"255 (43.9%)","hatchTime":"15 cycles"}

[732/1025] Trumbeak -> https://bulbapedia.bulbagarden.net/wiki/Trumbeak_(Pokémon)
  OK: {"name":"Trumbeak","primaryType":"Normal","secondaryType":"Flying","forms":[],"evolutionStage":"2","preEvolvePokemon":"Pikipek","eggGroups":"Flying","height":"2'00\"","weight":"32.6 lbs.","genderRatio":"50% male, 50% female","catchRate":"120 (24.9%)","hatchTime":"15 cycles"}

[733/1025] Toucannon -> https://bulbapedia.bulbagarden.net/wiki/Toucannon_(Pokémon)
  OK: {"name":"Toucannon","primaryType":"Normal","secondaryType":"Flying","forms":[],"evolutionStage":"final","preEvolvePokemon":"Trumbeak","eggGroups":"Flying","height":"3'07\"","weight":"57.3 lbs.","genderRatio":"50% male, 50% female","catchRate":"45 (11.9%)","hatchTime":"15 cycles"}

[734/1025] Yungoos -> https://bulbapedia.bulbagarden.net/wiki/Yungoos_(Pokémon)
  OK: {"name":"Yungoos","primaryType":"Normal","secondaryType":"","forms":[],"evolutionStage":"1","preEvolvePokemon":"","eggGroups":"Field","height":"1'04\"","weight":"13.2 lbs.","genderRatio":"50% male, 50% female","catchRate":"255 (43.9%)","hatchTime":"15 cycles"}

[735/1025] Gumshoos -> https://bulbapedia.bulbagarden.net/wiki/Gumshoos_(Pokémon)
  OK: {"name":"Gumshoos","primaryType":"Normal","secondaryType":"","forms":[],"evolutionStage":"final","preEvolvePokemon":"Yungoos","eggGroups":"Field","height":"2'04\"","weight":"31.3 lbs.","genderRatio":"50% male, 50% female","catchRate":"127 (26%)","hatchTime":"15 cycles"}

[736/1025] Grubbin -> https://bulbapedia.bulbagarden.net/wiki/Grubbin_(Pokémon)
  OK: {"name":"Grubbin","primaryType":"Bug","secondaryType":"","forms":[],"evolutionStage":"1","preEvolvePokemon":"","eggGroups":"Bug","height":"1'04\"","weight":"9.7 lbs.","genderRatio":"50% male, 50% female","catchRate":"255 (43.9%)","hatchTime":"15 cycles"}

[737/1025] Charjabug -> https://bulbapedia.bulbagarden.net/wiki/Charjabug_(Pokémon)
  OK: {"name":"Charjabug","primaryType":"Bug","secondaryType":"Electric","forms":[],"evolutionStage":"2","preEvolvePokemon":"Grubbin","eggGroups":"Bug","height":"1'08\"","weight":"23.1 lbs.","genderRatio":"50% male, 50% female","catchRate":"120 (24.9%)","hatchTime":"15 cycles"}

[738/1025] Vikavolt -> https://bulbapedia.bulbagarden.net/wiki/Vikavolt_(Pokémon)
  OK: {"name":"Vikavolt","primaryType":"Bug","secondaryType":"Electric","forms":[],"evolutionStage":"final","preEvolvePokemon":"Charjabug","eggGroups":"Bug","height":"4'11\"","weight":"99.2 lbs.","genderRatio":"50% male, 50% female","catchRate":"45 (11.9%)","hatchTime":"15 cycles"}

[739/1025] Crabrawler -> https://bulbapedia.bulbagarden.net/wiki/Crabrawler_(Pokémon)
  OK: {"name":"Crabrawler","primaryType":"Fighting","secondaryType":"","forms":[],"evolutionStage":"1","preEvolvePokemon":"","eggGroups":"Water 3","height":"2'00\"","weight":"15.4 lbs.","genderRatio":"50% male, 50% female","catchRate":"225 (39.9%)","hatchTime":"20 cycles"}

[740/1025] Crabominable -> https://bulbapedia.bulbagarden.net/wiki/Crabominable_(Pokémon)
  OK: {"name":"Crabominable","primaryType":"Fighting","secondaryType":"Ice","forms":["Mega Crabominable"],"evolutionStage":"final","preEvolvePokemon":"Crabrawler","eggGroups":"Water 3","height":"5'07\"","weight":"396.8 lbs.","genderRatio":"50% male, 50% female","catchRate":"60 (14.8%)","hatchTime":"20 cycles"}

[741/1025] Oricorio -> https://bulbapedia.bulbagarden.net/wiki/Oricorio_(Pokémon)
  OK: {"name":"Oricorio","primaryType":"Fire","secondaryType":"Flying","forms":["Baile Style","Pom-Pom Style","Pa'u Style","Sensu Style"],"evolutionStage":"2","preEvolvePokemon":"Nectar","eggGroups":"Flying","height":"2'00\"","weight":"7.5 lbs.","genderRatio":"25% male, 75% female","catchRate":"45 (11.9%)","hatchTime":"20 cycles"}

[742/1025] Cutiefly -> https://bulbapedia.bulbagarden.net/wiki/Cutiefly_(Pokémon)
  OK: {"name":"Cutiefly","primaryType":"Bug","secondaryType":"Fairy","forms":[],"evolutionStage":"1","preEvolvePokemon":"","eggGroups":"Bug and Fairy","height":"0'04\"","weight":"0.4 lbs.","genderRatio":"50% male, 50% female","catchRate":"190 (35.2%)","hatchTime":"20 cycles"}

[743/1025] Ribombee -> https://bulbapedia.bulbagarden.net/wiki/Ribombee_(Pokémon)
  OK: {"name":"Ribombee","primaryType":"Bug","secondaryType":"Fairy","forms":[],"evolutionStage":"final","preEvolvePokemon":"Cutiefly","eggGroups":"Bug and Fairy","height":"0'08\"","weight":"1.1 lbs.","genderRatio":"50% male, 50% female","catchRate":"75 (17.5%)","hatchTime":"20 cycles"}

[744/1025] Rockruff -> https://bulbapedia.bulbagarden.net/wiki/Rockruff_(Pokémon)
  OK: {"name":"Rockruff","primaryType":"Rock","secondaryType":"","forms":[],"evolutionStage":"1","preEvolvePokemon":"","eggGroups":"Field","height":"1'08\"","weight":"20.3 lbs.","genderRatio":"50% male, 50% female","catchRate":"190 (35.2%)","hatchTime":"15 cycles"}

[745/1025] Lycanroc -> https://bulbapedia.bulbagarden.net/wiki/Lycanroc_(Pokémon)
  OK: {"name":"Lycanroc","primaryType":"Rock","secondaryType":"","forms":["Midday Form","Midnight Form","Dusk Form"],"evolutionStage":"2","preEvolvePokemon":"Rockruff","eggGroups":"Field","height":"2'07\"","weight":"55.1 lbs.","genderRatio":"50% male, 50% female","catchRate":"90 (20.1%)","hatchTime":"15 cycles"}

[746/1025] Wishiwashi -> https://bulbapedia.bulbagarden.net/wiki/Wishiwashi_(Pokémon)
  OK: {"name":"Wishiwashi","primaryType":"Water","secondaryType":"","forms":["Solo Form","School Form"],"evolutionStage":"2","preEvolvePokemon":"Schooling","eggGroups":"Water 2","height":"0'08\"","weight":"0.7 lbs.","genderRatio":"50% male, 50% female","catchRate":"60 (14.8%)","hatchTime":"15 cycles"}

[747/1025] Mareanie -> https://bulbapedia.bulbagarden.net/wiki/Mareanie_(Pokémon)
  OK: {"name":"Mareanie","primaryType":"Poison","secondaryType":"Water","forms":[],"evolutionStage":"1","preEvolvePokemon":"","eggGroups":"Water 1","height":"1'04\"","weight":"17.6 lbs.","genderRatio":"50% male, 50% female","catchRate":"190 (35.2%)","hatchTime":"20 cycles"}

[748/1025] Toxapex -> https://bulbapedia.bulbagarden.net/wiki/Toxapex_(Pokémon)
  OK: {"name":"Toxapex","primaryType":"Poison","secondaryType":"Water","forms":[],"evolutionStage":"final","preEvolvePokemon":"Mareanie","eggGroups":"Water 1","height":"2'04\"","weight":"32.0 lbs.","genderRatio":"50% male, 50% female","catchRate":"75 (17.5%)","hatchTime":"20 cycles"}

[749/1025] Mudbray -> https://bulbapedia.bulbagarden.net/wiki/Mudbray_(Pokémon)
  OK: {"name":"Mudbray","primaryType":"Ground","secondaryType":"","forms":[],"evolutionStage":"1","preEvolvePokemon":"","eggGroups":"Field","height":"3'03\"","weight":"242.5 lbs.","genderRatio":"50% male, 50% female","catchRate":"190 (35.2%)","hatchTime":"20 cycles"}

[750/1025] Mudsdale -> https://bulbapedia.bulbagarden.net/wiki/Mudsdale_(Pokémon)
  OK: {"name":"Mudsdale","primaryType":"Ground","secondaryType":"","forms":[],"evolutionStage":"final","preEvolvePokemon":"Mudbray","eggGroups":"Field","height":"8'02\"","weight":"2028.3 lbs.","genderRatio":"50% male, 50% female","catchRate":"60 (14.8%)","hatchTime":"20 cycles"}

[751/1025] Dewpider -> https://bulbapedia.bulbagarden.net/wiki/Dewpider_(Pokémon)
  OK: {"name":"Dewpider","primaryType":"Water","secondaryType":"Bug","forms":[],"evolutionStage":"1","preEvolvePokemon":"","eggGroups":"Water 1 and Bug","height":"1'00\"","weight":"8.8 lbs.","genderRatio":"50% male, 50% female","catchRate":"200 (36.6%)","hatchTime":"15 cycles"}

[752/1025] Araquanid -> https://bulbapedia.bulbagarden.net/wiki/Araquanid_(Pokémon)
  OK: {"name":"Araquanid","primaryType":"Water","secondaryType":"Bug","forms":[],"evolutionStage":"final","preEvolvePokemon":"Dewpider","eggGroups":"Water 1 and Bug","height":"5'11\"","weight":"180.8 lbs.","genderRatio":"50% male, 50% female","catchRate":"100 (21.7%)","hatchTime":"15 cycles"}

[753/1025] Fomantis -> https://bulbapedia.bulbagarden.net/wiki/Fomantis_(Pokémon)
  OK: {"name":"Fomantis","primaryType":"Grass","secondaryType":"","forms":[],"evolutionStage":"1","preEvolvePokemon":"","eggGroups":"Grass","height":"1'00\"","weight":"3.3 lbs.","genderRatio":"50% male, 50% female","catchRate":"190 (35.2%)","hatchTime":"20 cycles"}

[754/1025] Lurantis -> https://bulbapedia.bulbagarden.net/wiki/Lurantis_(Pokémon)
  OK: {"name":"Lurantis","primaryType":"Grass","secondaryType":"","forms":[],"evolutionStage":"final","preEvolvePokemon":"Fomantis","eggGroups":"Grass","height":"2'11\"","weight":"40.8 lbs.","genderRatio":"50% male, 50% female","catchRate":"75 (17.5%)","hatchTime":"20 cycles"}

[755/1025] Morelull -> https://bulbapedia.bulbagarden.net/wiki/Morelull_(Pokémon)
  OK: {"name":"Morelull","primaryType":"Grass","secondaryType":"Fairy","forms":[],"evolutionStage":"1","preEvolvePokemon":"","eggGroups":"Grass","height":"0'08\"","weight":"3.3 lbs.","genderRatio":"50% male, 50% female","catchRate":"190 (35.2%)","hatchTime":"20 cycles"}

[756/1025] Shiinotic -> https://bulbapedia.bulbagarden.net/wiki/Shiinotic_(Pokémon)
  OK: {"name":"Shiinotic","primaryType":"Grass","secondaryType":"Fairy","forms":[],"evolutionStage":"final","preEvolvePokemon":"Morelull","eggGroups":"Grass","height":"3'03\"","weight":"25.4 lbs.","genderRatio":"50% male, 50% female","catchRate":"75 (17.5%)","hatchTime":"20 cycles"}

[757/1025] Salandit -> https://bulbapedia.bulbagarden.net/wiki/Salandit_(Pokémon)
  OK: {"name":"Salandit","primaryType":"Poison","secondaryType":"Fire","forms":[],"evolutionStage":"2","preEvolvePokemon":"Female","eggGroups":"Monster and Dragon","height":"2'00\"","weight":"10.6 lbs.","genderRatio":"87.5% male, 12.5% female","catchRate":"120 (24.9%)","hatchTime":"20 cycles"}

[758/1025] Salazzle -> https://bulbapedia.bulbagarden.net/wiki/Salazzle_(Pokémon)
  OK: {"name":"Salazzle","primaryType":"Poison","secondaryType":"Fire","forms":[],"evolutionStage":"2","preEvolvePokemon":"female","eggGroups":"Monster and Dragon","height":"3'11\"","weight":"48.9 lbs.","genderRatio":"100% female","catchRate":"45 (11.9%)","hatchTime":"20 cycles"}

[759/1025] Stufful -> https://bulbapedia.bulbagarden.net/wiki/Stufful_(Pokémon)
  OK: {"name":"Stufful","primaryType":"Normal","secondaryType":"Fighting","forms":[],"evolutionStage":"1","preEvolvePokemon":"","eggGroups":"Field","height":"1'08\"","weight":"15.0 lbs.","genderRatio":"50% male, 50% female","catchRate":"140 (28%)","hatchTime":"15 cycles"}

[760/1025] Bewear -> https://bulbapedia.bulbagarden.net/wiki/Bewear_(Pokémon)
  OK: {"name":"Bewear","primaryType":"Normal","secondaryType":"Fighting","forms":[],"evolutionStage":"final","preEvolvePokemon":"Stufful","eggGroups":"Field","height":"6'11\"","weight":"297.6 lbs.","genderRatio":"50% male, 50% female","catchRate":"70 (16.6%)","hatchTime":"15 cycles"}

[761/1025] Bounsweet -> https://bulbapedia.bulbagarden.net/wiki/Bounsweet_(Pokémon)
  OK: {"name":"Bounsweet","primaryType":"Grass","secondaryType":"","forms":[],"evolutionStage":"1","preEvolvePokemon":"","eggGroups":"Grass","height":"1'00\"","weight":"7.1 lbs.","genderRatio":"100% female","catchRate":"235 (41.3%)","hatchTime":"20 cycles"}

[762/1025] Steenee -> https://bulbapedia.bulbagarden.net/wiki/Steenee_(Pokémon)
  OK: {"name":"Steenee","primaryType":"Grass","secondaryType":"","forms":[],"evolutionStage":"2","preEvolvePokemon":"Bounsweet","eggGroups":"Grass","height":"2'04\"","weight":"18.1 lbs.","genderRatio":"100% female","catchRate":"120 (24.9%)","hatchTime":"20 cycles"}

[763/1025] Tsareena -> https://bulbapedia.bulbagarden.net/wiki/Tsareena_(Pokémon)
  OK: {"name":"Tsareena","primaryType":"Grass","secondaryType":"","forms":[],"evolutionStage":"final","preEvolvePokemon":"Steenee","eggGroups":"Grass","height":"3'11\"","weight":"47.2 lbs.","genderRatio":"100% female","catchRate":"45 (11.9%)","hatchTime":"20 cycles"}

[764/1025] Comfey -> https://bulbapedia.bulbagarden.net/wiki/Comfey_(Pokémon)
  OK: {"name":"Comfey","primaryType":"Fairy","secondaryType":"Grass","forms":[],"evolutionStage":"2","preEvolvePokemon":"","eggGroups":"Grass","height":"0'04\"","weight":"0.7 lbs.","genderRatio":"25% male, 75% female","catchRate":"60 (14.8%)","hatchTime":"20 cycles"}

[765/1025] Oranguru -> https://bulbapedia.bulbagarden.net/wiki/Oranguru_(Pokémon)
  OK: {"name":"Oranguru","primaryType":"Normal","secondaryType":"Psychic","forms":[],"evolutionStage":"2","preEvolvePokemon":"Passimian","eggGroups":"Field","height":"4'11\"","weight":"167.6 lbs.","genderRatio":"50% male, 50% female","catchRate":"45 (11.9%)","hatchTime":"20 cycles"}

[766/1025] Passimian -> https://bulbapedia.bulbagarden.net/wiki/Passimian_(Pokémon)
  OK: {"name":"Passimian","primaryType":"Fighting","secondaryType":"","forms":[],"evolutionStage":"2","preEvolvePokemon":"Oranguru","eggGroups":"Field","height":"6'07\"","weight":"182.5 lbs.","genderRatio":"50% male, 50% female","catchRate":"45 (11.9%)","hatchTime":"20 cycles"}

[767/1025] Wimpod -> https://bulbapedia.bulbagarden.net/wiki/Wimpod_(Pokémon)
  OK: {"name":"Wimpod","primaryType":"Bug","secondaryType":"Water","forms":[],"evolutionStage":"1","preEvolvePokemon":"","eggGroups":"Bug and Water 3","height":"1'08\"","weight":"26.5 lbs.","genderRatio":"50% male, 50% female","catchRate":"90 (20.1%)","hatchTime":"20 cycles"}

[768/1025] Golisopod -> https://bulbapedia.bulbagarden.net/wiki/Golisopod_(Pokémon)
  OK: {"name":"Golisopod","primaryType":"Bug","secondaryType":"Water","forms":["Mega Golisopod"],"evolutionStage":"final","preEvolvePokemon":"Wimpod","eggGroups":"Bug and Water 3","height":"6'07\"","weight":"238.1 lbs.","genderRatio":"50% male, 50% female","catchRate":"45 (11.9%)","hatchTime":"20 cycles"}

[769/1025] Sandygast -> https://bulbapedia.bulbagarden.net/wiki/Sandygast_(Pokémon)
  OK: {"name":"Sandygast","primaryType":"Ghost","secondaryType":"Ground","forms":[],"evolutionStage":"1","preEvolvePokemon":"","eggGroups":"Amorphous","height":"1'08\"","weight":"154.3 lbs.","genderRatio":"50% male, 50% female","catchRate":"140 (28%)","hatchTime":"15 cycles"}

[770/1025] Palossand -> https://bulbapedia.bulbagarden.net/wiki/Palossand_(Pokémon)
  OK: {"name":"Palossand","primaryType":"Ghost","secondaryType":"Ground","forms":[],"evolutionStage":"final","preEvolvePokemon":"Sandygast","eggGroups":"Amorphous","height":"4'03\"","weight":"551.2 lbs.","genderRatio":"50% male, 50% female","catchRate":"60 (14.8%)","hatchTime":"15 cycles"}

[771/1025] Pyukumuku -> https://bulbapedia.bulbagarden.net/wiki/Pyukumuku_(Pokémon)
  OK: {"name":"Pyukumuku","primaryType":"Water","secondaryType":"","forms":[],"evolutionStage":"2","preEvolvePokemon":"","eggGroups":"Water 1","height":"1'00\"","weight":"2.6 lbs.","genderRatio":"50% male, 50% female","catchRate":"60 (14.8%)","hatchTime":"15 cycles"}

[772/1025] Type: Null -> https://bulbapedia.bulbagarden.net/wiki/Type%3A%20Null_(Pokémon)
  OK: {"name":"Type: Null","primaryType":"Normal","secondaryType":"","forms":[],"evolutionStage":"1","preEvolvePokemon":"","eggGroups":"No Eggs Discovered","height":"6'03\"","weight":"265.7 lbs.","genderRatio":"Gender unknown","catchRate":"3 (1.6%)","hatchTime":"120 cycles Egg not obtainable"}

[773/1025] Silvally -> https://bulbapedia.bulbagarden.net/wiki/Silvally_(Pokémon)
  OK: {"name":"Silvally","primaryType":"Normal","secondaryType":"","forms":[],"evolutionStage":"final","preEvolvePokemon":"Type: Null","eggGroups":"No Eggs Discovered","height":"7'07\"","weight":"221.6 lbs.","genderRatio":"Gender unknown","catchRate":"3 (1.6%)","hatchTime":"120 cycles Egg not obtainable"}

[774/1025] Minior -> https://bulbapedia.bulbagarden.net/wiki/Minior_(Pokémon)
  OK: {"name":"Minior","primaryType":"Rock","secondaryType":"Flying","forms":["Meteor Form","Core"],"evolutionStage":"2","preEvolvePokemon":"battle","eggGroups":"Mineral","height":"1'00\"","weight":"88.2 lbs.","genderRatio":"Gender unknown","catchRate":"30 (8.8%)","hatchTime":"25 cycles"}

[775/1025] Komala -> https://bulbapedia.bulbagarden.net/wiki/Komala_(Pokémon)
  OK: {"name":"Komala","primaryType":"Normal","secondaryType":"","forms":[],"evolutionStage":"2","preEvolvePokemon":"","eggGroups":"Field","height":"1'04\"","weight":"43.9 lbs.","genderRatio":"50% male, 50% female","catchRate":"45 (11.9%)","hatchTime":"20 cycles"}

[776/1025] Turtonator -> https://bulbapedia.bulbagarden.net/wiki/Turtonator_(Pokémon)
  OK: {"name":"Turtonator","primaryType":"Fire","secondaryType":"Dragon","forms":[],"evolutionStage":"2","preEvolvePokemon":"","eggGroups":"Monster and Dragon","height":"6'07\"","weight":"467.4 lbs.","genderRatio":"50% male, 50% female","catchRate":"70 (16.6%)","hatchTime":"20 cycles"}

[777/1025] Togedemaru -> https://bulbapedia.bulbagarden.net/wiki/Togedemaru_(Pokémon)
  OK: {"name":"Togedemaru","primaryType":"Electric","secondaryType":"Steel","forms":[],"evolutionStage":"2","preEvolvePokemon":"","eggGroups":"Field and Fairy","height":"1'00\"","weight":"7.3 lbs.","genderRatio":"50% male, 50% female","catchRate":"180 (33.8%)","hatchTime":"10 cycles"}

[778/1025] Mimikyu -> https://bulbapedia.bulbagarden.net/wiki/Mimikyu_(Pokémon)
  OK: {"name":"Mimikyu","primaryType":"Ghost","secondaryType":"Fairy","forms":["Disguised Form","Busted Form"],"evolutionStage":"2","preEvolvePokemon":"attack","eggGroups":"Amorphous","height":"0'08\"","weight":"1.5 lbs.","genderRatio":"50% male, 50% female","catchRate":"45 (11.9%)","hatchTime":"20 cycles"}

[779/1025] Bruxish -> https://bulbapedia.bulbagarden.net/wiki/Bruxish_(Pokémon)
  OK: {"name":"Bruxish","primaryType":"Water","secondaryType":"Psychic","forms":[],"evolutionStage":"2","preEvolvePokemon":"","eggGroups":"Water 2","height":"2'11\"","weight":"41.9 lbs.","genderRatio":"50% male, 50% female","catchRate":"80 (18.4%)","hatchTime":"15 cycles"}

[780/1025] Drampa -> https://bulbapedia.bulbagarden.net/wiki/Drampa_(Pokémon)
  OK: {"name":"Drampa","primaryType":"Normal","secondaryType":"Dragon","forms":["Mega Drampa"],"evolutionStage":"2","preEvolvePokemon":"Mega Evolve","eggGroups":"Monster and Dragon","height":"9'10\"","weight":"407.9 lbs.","genderRatio":"50% male, 50% female","catchRate":"70 (16.6%)","hatchTime":"20 cycles"}

[781/1025] Dhelmise -> https://bulbapedia.bulbagarden.net/wiki/Dhelmise_(Pokémon)
  OK: {"name":"Dhelmise","primaryType":"Ghost","secondaryType":"Grass","forms":[],"evolutionStage":"2","preEvolvePokemon":"","eggGroups":"Mineral","height":"12'10\"","weight":"463.0 lbs.","genderRatio":"Gender unknown","catchRate":"25 (7.7%)","hatchTime":"25 cycles"}

[782/1025] Jangmo-o -> https://bulbapedia.bulbagarden.net/wiki/Jangmo-o_(Pokémon)
  OK: {"name":"Jangmo-o","primaryType":"Dragon","secondaryType":"","forms":[],"evolutionStage":"1","preEvolvePokemon":"","eggGroups":"Dragon","height":"2'00\"","weight":"65.5 lbs.","genderRatio":"50% male, 50% female","catchRate":"45 (11.9%)","hatchTime":"40 cycles"}

[783/1025] Hakamo-o -> https://bulbapedia.bulbagarden.net/wiki/Hakamo-o_(Pokémon)
  OK: {"name":"Hakamo-o","primaryType":"Dragon","secondaryType":"Fighting","forms":[],"evolutionStage":"2","preEvolvePokemon":"Jangmo-o","eggGroups":"Dragon","height":"3'11\"","weight":"103.6 lbs.","genderRatio":"50% male, 50% female","catchRate":"45 (11.9%)","hatchTime":"40 cycles"}

[784/1025] Kommo-o -> https://bulbapedia.bulbagarden.net/wiki/Kommo-o_(Pokémon)
  OK: {"name":"Kommo-o","primaryType":"Dragon","secondaryType":"Fighting","forms":[],"evolutionStage":"final","preEvolvePokemon":"Hakamo-o","eggGroups":"Dragon","height":"5'03\"","weight":"172.4 lbs.","genderRatio":"50% male, 50% female","catchRate":"45 (11.9%)","hatchTime":"40 cycles"}

[785/1025] Tapu Koko -> https://bulbapedia.bulbagarden.net/wiki/Tapu%20Koko_(Pokémon)
  OK: {"name":"Tapu Koko","primaryType":"Electric","secondaryType":"Fairy","forms":[],"evolutionStage":"2","preEvolvePokemon":"","eggGroups":"No Eggs Discovered","height":"5'11\"","weight":"45.2 lbs.","genderRatio":"Gender unknown","catchRate":"3 (1.6%)","hatchTime":"15 cycles Egg not obtainable"}

[786/1025] Tapu Lele -> https://bulbapedia.bulbagarden.net/wiki/Tapu%20Lele_(Pokémon)
  OK: {"name":"Tapu Lele","primaryType":"Psychic","secondaryType":"Fairy","forms":[],"evolutionStage":"2","preEvolvePokemon":"","eggGroups":"No Eggs Discovered","height":"3'11\"","weight":"41.0 lbs.","genderRatio":"Gender unknown","catchRate":"3 (1.6%)","hatchTime":"15 cycles Egg not obtainable"}

[787/1025] Tapu Bulu -> https://bulbapedia.bulbagarden.net/wiki/Tapu%20Bulu_(Pokémon)
  OK: {"name":"Tapu Bulu","primaryType":"Grass","secondaryType":"Fairy","forms":[],"evolutionStage":"2","preEvolvePokemon":"","eggGroups":"No Eggs Discovered","height":"6'03\"","weight":"100.3 lbs.","genderRatio":"Gender unknown","catchRate":"3 (1.6%)","hatchTime":"15 cycles Egg not obtainable"}

[788/1025] Tapu Fini -> https://bulbapedia.bulbagarden.net/wiki/Tapu%20Fini_(Pokémon)
  OK: {"name":"Tapu Fini","primaryType":"Water","secondaryType":"Fairy","forms":[],"evolutionStage":"2","preEvolvePokemon":"","eggGroups":"No Eggs Discovered","height":"4'03\"","weight":"46.7 lbs.","genderRatio":"Gender unknown","catchRate":"3 (1.6%)","hatchTime":"15 cycles Egg not obtainable"}

[789/1025] Cosmog -> https://bulbapedia.bulbagarden.net/wiki/Cosmog_(Pokémon)
  OK: {"name":"Cosmog","primaryType":"Psychic","secondaryType":"","forms":[],"evolutionStage":"1","preEvolvePokemon":"","eggGroups":"No Eggs Discovered","height":"0'08\"","weight":"0.2 lbs.","genderRatio":"Gender unknown","catchRate":"3 (1.6%)","hatchTime":"120 cycles Egg not obtainable"}

[790/1025] Cosmoem -> https://bulbapedia.bulbagarden.net/wiki/Cosmoem_(Pokémon)
  OK: {"name":"Cosmoem","primaryType":"Psychic","secondaryType":"","forms":[],"evolutionStage":"2","preEvolvePokemon":"Cosmog","eggGroups":"No Eggs Discovered","height":"0'04\"","weight":"2204.4 lbs.","genderRatio":"Gender unknown","catchRate":"3 (1.6%)","hatchTime":"120 cycles Egg not obtainable"}

[791/1025] Solgaleo -> https://bulbapedia.bulbagarden.net/wiki/Solgaleo_(Pokémon)
  OK: {"name":"Solgaleo","primaryType":"Psychic","secondaryType":"Steel","forms":[],"evolutionStage":"final","preEvolvePokemon":"Cosmoem","eggGroups":"No Eggs Discovered","height":"11'02\"","weight":"507.1 lbs.","genderRatio":"Gender unknown","catchRate":"3 (1.6%)","hatchTime":"120 cycles Egg not obtainable"}

[792/1025] Lunala -> https://bulbapedia.bulbagarden.net/wiki/Lunala_(Pokémon)
  OK: {"name":"Lunala","primaryType":"Psychic","secondaryType":"Ghost","forms":[],"evolutionStage":"final","preEvolvePokemon":"Cosmoem","eggGroups":"No Eggs Discovered","height":"13'01\"","weight":"264.6 lbs.","genderRatio":"Gender unknown","catchRate":"3 (1.6%)","hatchTime":"120 cycles Egg not obtainable"}

[793/1025] Nihilego -> https://bulbapedia.bulbagarden.net/wiki/Nihilego_(Pokémon)
  OK: {"name":"Nihilego","primaryType":"Rock","secondaryType":"Poison","forms":[],"evolutionStage":"2","preEvolvePokemon":"","eggGroups":"No Eggs Discovered","height":"3'11\"","weight":"122.4 lbs.","genderRatio":"Gender unknown","catchRate":"45 (11.9%)","hatchTime":"120 cycles Egg not obtainable"}

[794/1025] Buzzwole -> https://bulbapedia.bulbagarden.net/wiki/Buzzwole_(Pokémon)
  OK: {"name":"Buzzwole","primaryType":"Bug","secondaryType":"Fighting","forms":[],"evolutionStage":"2","preEvolvePokemon":"","eggGroups":"No Eggs Discovered","height":"7'10\"","weight":"735.5 lbs.","genderRatio":"Gender unknown","catchRate":"45 (11.9%)","hatchTime":"120 cycles Egg not obtainable"}

[795/1025] Pheromosa -> https://bulbapedia.bulbagarden.net/wiki/Pheromosa_(Pokémon)
  OK: {"name":"Pheromosa","primaryType":"Bug","secondaryType":"Fighting","forms":[],"evolutionStage":"2","preEvolvePokemon":"","eggGroups":"No Eggs Discovered","height":"5'11\"","weight":"55.1 lbs.","genderRatio":"Gender unknown","catchRate":"45 (11.9%)","hatchTime":"120 cycles Egg not obtainable"}

[796/1025] Xurkitree -> https://bulbapedia.bulbagarden.net/wiki/Xurkitree_(Pokémon)
  OK: {"name":"Xurkitree","primaryType":"Electric","secondaryType":"","forms":[],"evolutionStage":"2","preEvolvePokemon":"","eggGroups":"No Eggs Discovered","height":"12'06\"","weight":"220.5 lbs.","genderRatio":"Gender unknown","catchRate":"45 (11.9%)","hatchTime":"120 cycles Egg not obtainable"}

[797/1025] Cele Steela -> https://bulbapedia.bulbagarden.net/wiki/Cele%20Steela_(Pokémon)
  WARNING: no infobox found for Cele Steela, skipping.

[798/1025] Kartana -> https://bulbapedia.bulbagarden.net/wiki/Kartana_(Pokémon)
  OK: {"name":"Kartana","primaryType":"Grass","secondaryType":"Steel","forms":[],"evolutionStage":"2","preEvolvePokemon":"","eggGroups":"No Eggs Discovered","height":"1'00\"","weight":"0.2 lbs.","genderRatio":"Gender unknown","catchRate":"45 (11.9%)","hatchTime":"120 cycles Egg not obtainable"}

[799/1025] Guzzlord -> https://bulbapedia.bulbagarden.net/wiki/Guzzlord_(Pokémon)
  OK: {"name":"Guzzlord","primaryType":"Dark","secondaryType":"Dragon","forms":[],"evolutionStage":"2","preEvolvePokemon":"","eggGroups":"No Eggs Discovered","height":"18'01\"","weight":"1957.7 lbs.","genderRatio":"Gender unknown","catchRate":"45 (11.9%)","hatchTime":"120 cycles Egg not obtainable"}

[800/1025] Necrozma -> https://bulbapedia.bulbagarden.net/wiki/Necrozma_(Pokémon)
  OK: {"name":"Necrozma","primaryType":"Psychic","secondaryType":"Steel","forms":["Dusk Mane Necrozma","Dawn Wings Necrozma","Ultra Necrozma"],"evolutionStage":"2","preEvolvePokemon":"","eggGroups":"No Eggs Discovered","height":"7'10\"","weight":"507.1 lbs.","genderRatio":"Gender unknown","catchRate":"3 (1.6%)","hatchTime":"120 cycles Egg not obtainable"}

[801/1025] Magearna -> https://bulbapedia.bulbagarden.net/wiki/Magearna_(Pokémon)
  OK: {"name":"Magearna","primaryType":"Steel","secondaryType":"Fairy","forms":["Original Color","Mega Magearna"],"evolutionStage":"2","preEvolvePokemon":"Pokémon Sun, Moon","eggGroups":"No Eggs Discovered","height":"3'03\"","weight":"177.5 lbs.","genderRatio":"Gender unknown","catchRate":"3 (1.6%)","hatchTime":"120 cycles Egg not obtainable"}

[802/1025] Marshadow -> https://bulbapedia.bulbagarden.net/wiki/Marshadow_(Pokémon)
  OK: {"name":"Marshadow","primaryType":"Fighting","secondaryType":"Ghost","forms":[],"evolutionStage":"2","preEvolvePokemon":"","eggGroups":"No Eggs Discovered","height":"2'04\"","weight":"48.9 lbs.","genderRatio":"Gender unknown","catchRate":"3 (1.6%)","hatchTime":"120 cycles Egg not obtainable"}

[803/1025] Poipole -> https://bulbapedia.bulbagarden.net/wiki/Poipole_(Pokémon)
  OK: {"name":"Poipole","primaryType":"Poison","secondaryType":"","forms":[],"evolutionStage":"1","preEvolvePokemon":"","eggGroups":"No Eggs Discovered","height":"2'00\"","weight":"4.0 lbs.","genderRatio":"Gender unknown","catchRate":"45 (11.9%)","hatchTime":"120 cycles Egg not obtainable"}

[804/1025] Naganadel -> https://bulbapedia.bulbagarden.net/wiki/Naganadel_(Pokémon)
  OK: {"name":"Naganadel","primaryType":"Poison","secondaryType":"Dragon","forms":[],"evolutionStage":"final","preEvolvePokemon":"Poipole","eggGroups":"No Eggs Discovered","height":"11'10\"","weight":"330.7 lbs.","genderRatio":"Gender unknown","catchRate":"45 (11.9%)","hatchTime":"120 cycles Egg not obtainable"}

[805/1025] Stakataka -> https://bulbapedia.bulbagarden.net/wiki/Stakataka_(Pokémon)
  OK: {"name":"Stakataka","primaryType":"Rock","secondaryType":"Steel","forms":[],"evolutionStage":"2","preEvolvePokemon":"","eggGroups":"No Eggs Discovered","height":"18'01\"","weight":"1807.8 lbs.","genderRatio":"Gender unknown","catchRate":"30 (8.8%)","hatchTime":"120 cycles Egg not obtainable"}

[806/1025] Blacephalon -> https://bulbapedia.bulbagarden.net/wiki/Blacephalon_(Pokémon)
  OK: {"name":"Blacephalon","primaryType":"Fire","secondaryType":"Ghost","forms":[],"evolutionStage":"2","preEvolvePokemon":"","eggGroups":"No Eggs Discovered","height":"5'11\"","weight":"28.7 lbs.","genderRatio":"Gender unknown","catchRate":"30 (8.8%)","hatchTime":"120 cycles Egg not obtainable"}

[807/1025] Zeraora -> https://bulbapedia.bulbagarden.net/wiki/Zeraora_(Pokémon)
  OK: {"name":"Zeraora","primaryType":"Electric","secondaryType":"","forms":["Mega Zeraora"],"evolutionStage":"2","preEvolvePokemon":"Mega Evolve","eggGroups":"No Eggs Discovered","height":"4'11\"","weight":"98.1 lbs.","genderRatio":"Gender unknown","catchRate":"3 (1.6%)","hatchTime":"120 cycles Egg not obtainable"}

[808/1025] Meltan -> https://bulbapedia.bulbagarden.net/wiki/Meltan_(Pokémon)
  OK: {"name":"Meltan","primaryType":"Steel","secondaryType":"","forms":[],"evolutionStage":"1","preEvolvePokemon":"","eggGroups":"No Eggs Discovered","height":"0'08\"","weight":"17.6 lbs.","genderRatio":"Gender unknown","catchRate":"3 (1.6%)","hatchTime":"120 cycles Egg not obtainable"}

[809/1025] Melmetal -> https://bulbapedia.bulbagarden.net/wiki/Melmetal_(Pokémon)
  OK: {"name":"Melmetal","primaryType":"Steel","secondaryType":"","forms":[],"evolutionStage":"final","preEvolvePokemon":"Pokémon GO","eggGroups":"No Eggs Discovered","height":"8'02\"","weight":"1763.7 lbs.","genderRatio":"Gender unknown","catchRate":"3 (1.6%)","hatchTime":"120 cycles Egg not obtainable"}

[810/1025] Grookey -> https://bulbapedia.bulbagarden.net/wiki/Grookey_(Pokémon)
  OK: {"name":"Grookey","primaryType":"Grass","secondaryType":"","forms":[],"evolutionStage":"1","preEvolvePokemon":"","eggGroups":"Field and Grass","height":"1'00\"","weight":"11.0 lbs.","genderRatio":"87.5% male, 12.5% female","catchRate":"45 (11.9%)","hatchTime":"20 cycles"}

[811/1025] Thwackey -> https://bulbapedia.bulbagarden.net/wiki/Thwackey_(Pokémon)
  OK: {"name":"Thwackey","primaryType":"Grass","secondaryType":"","forms":[],"evolutionStage":"2","preEvolvePokemon":"Grookey","eggGroups":"Field and Grass","height":"2'04\"","weight":"30.9 lbs.","genderRatio":"87.5% male, 12.5% female","catchRate":"45 (11.9%)","hatchTime":"20 cycles"}

[812/1025] Rillaboom -> https://bulbapedia.bulbagarden.net/wiki/Rillaboom_(Pokémon)
  OK: {"name":"Rillaboom","primaryType":"Grass","secondaryType":"","forms":[],"evolutionStage":"final","preEvolvePokemon":"Thwackey","eggGroups":"Field and Grass","height":"6'11\"","weight":"198.4 lbs.","genderRatio":"87.5% male, 12.5% female","catchRate":"45 (11.9%)","hatchTime":"20 cycles"}

[813/1025] Scorbunny -> https://bulbapedia.bulbagarden.net/wiki/Scorbunny_(Pokémon)
  OK: {"name":"Scorbunny","primaryType":"Fire","secondaryType":"","forms":[],"evolutionStage":"1","preEvolvePokemon":"","eggGroups":"Field and Human-Like","height":"1'00\"","weight":"9.9 lbs.","genderRatio":"87.5% male, 12.5% female","catchRate":"45 (11.9%)","hatchTime":"20 cycles"}

[814/1025] Raboot -> https://bulbapedia.bulbagarden.net/wiki/Raboot_(Pokémon)
  OK: {"name":"Raboot","primaryType":"Fire","secondaryType":"","forms":[],"evolutionStage":"2","preEvolvePokemon":"Scorbunny","eggGroups":"Field and Human-Like","height":"2'00\"","weight":"19.8 lbs.","genderRatio":"87.5% male, 12.5% female","catchRate":"45 (11.9%)","hatchTime":"20 cycles"}

[815/1025] Cinderace -> https://bulbapedia.bulbagarden.net/wiki/Cinderace_(Pokémon)
  OK: {"name":"Cinderace","primaryType":"Fire","secondaryType":"","forms":[],"evolutionStage":"final","preEvolvePokemon":"Raboot","eggGroups":"Field and Human-Like","height":"4'07\"","weight":"72.8 lbs.","genderRatio":"87.5% male, 12.5% female","catchRate":"45 (11.9%)","hatchTime":"20 cycles"}

[816/1025] Sobble -> https://bulbapedia.bulbagarden.net/wiki/Sobble_(Pokémon)
  OK: {"name":"Sobble","primaryType":"Water","secondaryType":"","forms":[],"evolutionStage":"1","preEvolvePokemon":"","eggGroups":"Water 1 and Field","height":"1'00\"","weight":"8.8 lbs.","genderRatio":"87.5% male, 12.5% female","catchRate":"45 (11.9%)","hatchTime":"20 cycles"}

[817/1025] Drizzile -> https://bulbapedia.bulbagarden.net/wiki/Drizzile_(Pokémon)
  OK: {"name":"Drizzile","primaryType":"Water","secondaryType":"","forms":[],"evolutionStage":"2","preEvolvePokemon":"Sobble","eggGroups":"Water 1 and Field","height":"2'04\"","weight":"25.4 lbs.","genderRatio":"87.5% male, 12.5% female","catchRate":"45 (11.9%)","hatchTime":"20 cycles"}

[818/1025] Inteleon -> https://bulbapedia.bulbagarden.net/wiki/Inteleon_(Pokémon)
  OK: {"name":"Inteleon","primaryType":"Water","secondaryType":"","forms":["Gigantamax Inteleon"],"evolutionStage":"final","preEvolvePokemon":"Drizzile","eggGroups":"Water 1 and Field","height":"6'03\"","weight":"99.6 lbs.","genderRatio":"87.5% male, 12.5% female","catchRate":"45 (11.9%)","hatchTime":"20 cycles"}

[819/1025] Skwovet -> https://bulbapedia.bulbagarden.net/wiki/Skwovet_(Pokémon)
  OK: {"name":"Skwovet","primaryType":"Normal","secondaryType":"","forms":[],"evolutionStage":"1","preEvolvePokemon":"","eggGroups":"Field","height":"1'00\"","weight":"5.5 lbs.","genderRatio":"50% male, 50% female","catchRate":"255 (43.9%)","hatchTime":"20 cycles"}

[820/1025] Greedent -> https://bulbapedia.bulbagarden.net/wiki/Greedent_(Pokémon)
  OK: {"name":"Greedent","primaryType":"Normal","secondaryType":"","forms":[],"evolutionStage":"final","preEvolvePokemon":"Skwovet","eggGroups":"Field","height":"2'00\"","weight":"13.2 lbs.","genderRatio":"50% male, 50% female","catchRate":"90 (20.1%)","hatchTime":"20 cycles"}

[821/1025] Rookidee -> https://bulbapedia.bulbagarden.net/wiki/Rookidee_(Pokémon)
  OK: {"name":"Rookidee","primaryType":"Flying","secondaryType":"","forms":[],"evolutionStage":"1","preEvolvePokemon":"","eggGroups":"Flying","height":"0'08\"","weight":"4.0 lbs.","genderRatio":"50% male, 50% female","catchRate":"255 (43.9%)","hatchTime":"15 cycles"}

[822/1025] Corvisquire -> https://bulbapedia.bulbagarden.net/wiki/Corvisquire_(Pokémon)
  OK: {"name":"Corvisquire","primaryType":"Flying","secondaryType":"","forms":[],"evolutionStage":"2","preEvolvePokemon":"Rookidee","eggGroups":"Flying","height":"2'07\"","weight":"35.3 lbs.","genderRatio":"50% male, 50% female","catchRate":"120 (24.9%)","hatchTime":"15 cycles"}

[823/1025] Corviknight -> https://bulbapedia.bulbagarden.net/wiki/Corviknight_(Pokémon)
  OK: {"name":"Corviknight","primaryType":"Flying","secondaryType":"Steel","forms":[],"evolutionStage":"final","preEvolvePokemon":"Corvisquire","eggGroups":"Flying","height":"7'03\"","weight":"165.3 lbs.","genderRatio":"50% male, 50% female","catchRate":"45 (11.9%)","hatchTime":"15 cycles"}

[824/1025] Blip -> https://bulbapedia.bulbagarden.net/wiki/Blip_(Pokémon)
  WARNING: no infobox found for Blip, skipping.

[825/1025] Dottler -> https://bulbapedia.bulbagarden.net/wiki/Dottler_(Pokémon)
  OK: {"name":"Dottler","primaryType":"Bug","secondaryType":"Psychic","forms":[],"evolutionStage":"2","preEvolvePokemon":"Blipbug","eggGroups":"Bug","height":"1'04\"","weight":"43.0 lbs.","genderRatio":"50% male, 50% female","catchRate":"120 (24.9%)","hatchTime":"15 cycles"}

[826/1025] Orbeetle -> https://bulbapedia.bulbagarden.net/wiki/Orbeetle_(Pokémon)
  OK: {"name":"Orbeetle","primaryType":"Bug","secondaryType":"Psychic","forms":[],"evolutionStage":"final","preEvolvePokemon":"Dottler","eggGroups":"Bug","height":"1'04\"","weight":"89.9 lbs.","genderRatio":"50% male, 50% female","catchRate":"45 (11.9%)","hatchTime":"15 cycles"}

[827/1025] Nickit -> https://bulbapedia.bulbagarden.net/wiki/Nickit_(Pokémon)
  OK: {"name":"Nickit","primaryType":"Dark","secondaryType":"","forms":[],"evolutionStage":"1","preEvolvePokemon":"","eggGroups":"Field","height":"2'00\"","weight":"19.6 lbs.","genderRatio":"50% male, 50% female","catchRate":"255 (43.9%)","hatchTime":"15 cycles"}

[828/1025] Thievul -> https://bulbapedia.bulbagarden.net/wiki/Thievul_(Pokémon)
  OK: {"name":"Thievul","primaryType":"Dark","secondaryType":"","forms":[],"evolutionStage":"final","preEvolvePokemon":"Nickit","eggGroups":"Field","height":"3'11\"","weight":"43.9 lbs.","genderRatio":"50% male, 50% female","catchRate":"127 (26%)","hatchTime":"15 cycles"}

[829/1025] Gossifleur -> https://bulbapedia.bulbagarden.net/wiki/Gossifleur_(Pokémon)
  OK: {"name":"Gossifleur","primaryType":"Grass","secondaryType":"","forms":[],"evolutionStage":"1","preEvolvePokemon":"","eggGroups":"Grass","height":"1'04\"","weight":"4.9 lbs.","genderRatio":"50% male, 50% female","catchRate":"190 (35.2%)","hatchTime":"20 cycles"}

[830/1025] Eldegoss -> https://bulbapedia.bulbagarden.net/wiki/Eldegoss_(Pokémon)
  OK: {"name":"Eldegoss","primaryType":"Grass","secondaryType":"","forms":[],"evolutionStage":"final","preEvolvePokemon":"Gossifleur","eggGroups":"Grass","height":"1'08\"","weight":"5.5 lbs.","genderRatio":"50% male, 50% female","catchRate":"75 (17.5%)","hatchTime":"20 cycles"}

[831/1025] Wooloo -> https://bulbapedia.bulbagarden.net/wiki/Wooloo_(Pokémon)
  OK: {"name":"Wooloo","primaryType":"Normal","secondaryType":"","forms":[],"evolutionStage":"1","preEvolvePokemon":"","eggGroups":"Field","height":"2'00\"","weight":"13.2 lbs.","genderRatio":"50% male, 50% female","catchRate":"255 (43.9%)","hatchTime":"15 cycles"}

[832/1025] Dubwool -> https://bulbapedia.bulbagarden.net/wiki/Dubwool_(Pokémon)
  OK: {"name":"Dubwool","primaryType":"Normal","secondaryType":"","forms":[],"evolutionStage":"final","preEvolvePokemon":"Wooloo","eggGroups":"Field","height":"4'03\"","weight":"94.8 lbs.","genderRatio":"50% male, 50% female","catchRate":"127 (26%)","hatchTime":"15 cycles"}

[833/1025] Chewtle -> https://bulbapedia.bulbagarden.net/wiki/Chewtle_(Pokémon)
  OK: {"name":"Chewtle","primaryType":"Water","secondaryType":"","forms":[],"evolutionStage":"1","preEvolvePokemon":"","eggGroups":"Monster and Water 1","height":"1'00\"","weight":"18.7 lbs.","genderRatio":"50% male, 50% female","catchRate":"255 (43.9%)","hatchTime":"20 cycles"}

[834/1025] Drednaw -> https://bulbapedia.bulbagarden.net/wiki/Drednaw_(Pokémon)
  OK: {"name":"Drednaw","primaryType":"Water","secondaryType":"Rock","forms":[],"evolutionStage":"final","preEvolvePokemon":"Chewtle","eggGroups":"Monster and Water 1","height":"3'03\"","weight":"254.6 lbs.","genderRatio":"50% male, 50% female","catchRate":"75 (17.5%)","hatchTime":"20 cycles"}

[835/1025] Yamper -> https://bulbapedia.bulbagarden.net/wiki/Yamper_(Pokémon)
  OK: {"name":"Yamper","primaryType":"Electric","secondaryType":"","forms":[],"evolutionStage":"1","preEvolvePokemon":"","eggGroups":"Field","height":"1'00\"","weight":"29.8 lbs.","genderRatio":"50% male, 50% female","catchRate":"255 (43.9%)","hatchTime":"20 cycles"}

[836/1025] Boltund -> https://bulbapedia.bulbagarden.net/wiki/Boltund_(Pokémon)
  OK: {"name":"Boltund","primaryType":"Electric","secondaryType":"","forms":[],"evolutionStage":"final","preEvolvePokemon":"Yamper","eggGroups":"Field","height":"3'03\"","weight":"75.0 lbs.","genderRatio":"50% male, 50% female","catchRate":"45 (11.9%)","hatchTime":"20 cycles"}

[837/1025] Rolycoly -> https://bulbapedia.bulbagarden.net/wiki/Rolycoly_(Pokémon)
  OK: {"name":"Rolycoly","primaryType":"Rock","secondaryType":"","forms":[],"evolutionStage":"1","preEvolvePokemon":"","eggGroups":"Mineral","height":"1'00\"","weight":"26.5 lbs.","genderRatio":"50% male, 50% female","catchRate":"255 (43.9%)","hatchTime":"15 cycles"}

[838/1025] Carkol -> https://bulbapedia.bulbagarden.net/wiki/Carkol_(Pokémon)
  OK: {"name":"Carkol","primaryType":"Rock","secondaryType":"Fire","forms":[],"evolutionStage":"2","preEvolvePokemon":"Rolycoly","eggGroups":"Mineral","height":"3'07\"","weight":"172.0 lbs.","genderRatio":"50% male, 50% female","catchRate":"120 (24.9%)","hatchTime":"15 cycles"}

[839/1025] Coalossal -> https://bulbapedia.bulbagarden.net/wiki/Coalossal_(Pokémon)
  OK: {"name":"Coalossal","primaryType":"Rock","secondaryType":"Fire","forms":[],"evolutionStage":"final","preEvolvePokemon":"Carkol","eggGroups":"Mineral","height":"9'02\"","weight":"684.5 lbs.","genderRatio":"50% male, 50% female","catchRate":"45 (11.9%)","hatchTime":"15 cycles"}

[840/1025] Applin -> https://bulbapedia.bulbagarden.net/wiki/Applin_(Pokémon)
  OK: {"name":"Applin","primaryType":"Grass","secondaryType":"Dragon","forms":[],"evolutionStage":"1","preEvolvePokemon":"","eggGroups":"Grass and Dragon","height":"0'08\"","weight":"1.1 lbs.","genderRatio":"50% male, 50% female","catchRate":"255 (43.9%)","hatchTime":"20 cycles"}

[841/1025] Flapple -> https://bulbapedia.bulbagarden.net/wiki/Flapple_(Pokémon)
  OK: {"name":"Flapple","primaryType":"Grass","secondaryType":"Dragon","forms":[],"evolutionStage":"2","preEvolvePokemon":"Applin","eggGroups":"Grass and Dragon","height":"1'00\"","weight":"2.2 lbs.","genderRatio":"50% male, 50% female","catchRate":"45 (11.9%)","hatchTime":"20 cycles"}

[842/1025] Appletun -> https://bulbapedia.bulbagarden.net/wiki/Appletun_(Pokémon)
  OK: {"name":"Appletun","primaryType":"Grass","secondaryType":"Dragon","forms":[],"evolutionStage":"2","preEvolvePokemon":"Applin","eggGroups":"Grass and Dragon","height":"1'04\"","weight":"28.7 lbs.","genderRatio":"50% male, 50% female","catchRate":"45 (11.9%)","hatchTime":"20 cycles"}

[843/1025] Silicobra -> https://bulbapedia.bulbagarden.net/wiki/Silicobra_(Pokémon)
  OK: {"name":"Silicobra","primaryType":"Ground","secondaryType":"Dragon","forms":[],"evolutionStage":"1","preEvolvePokemon":"","eggGroups":"Field and Dragon","height":"7'03\"","weight":"16.8 lbs.","genderRatio":"50% male, 50% female","catchRate":"255 (43.9%)","hatchTime":"20 cycles"}

[844/1025] Sandaconda -> https://bulbapedia.bulbagarden.net/wiki/Sandaconda_(Pokémon)
  OK: {"name":"Sandaconda","primaryType":"Ground","secondaryType":"Dragon","forms":[],"evolutionStage":"final","preEvolvePokemon":"Silicobra","eggGroups":"Field and Dragon","height":"12'06\"","weight":"144.4 lbs.","genderRatio":"50% male, 50% female","catchRate":"120 (24.9%)","hatchTime":"20 cycles"}

[845/1025] Cramorant -> https://bulbapedia.bulbagarden.net/wiki/Cramorant_(Pokémon)
  OK: {"name":"Cramorant","primaryType":"Flying","secondaryType":"Water","forms":["Gulping Form","Gorging Form"],"evolutionStage":"2","preEvolvePokemon":"Gulp Missile","eggGroups":"Water 1 and Flying","height":"2'07\"","weight":"39.7 lbs.","genderRatio":"50% male, 50% female","catchRate":"45 (11.9%)","hatchTime":"20 cycles"}

[846/1025] Arrokuda -> https://bulbapedia.bulbagarden.net/wiki/Arrokuda_(Pokémon)
  OK: {"name":"Arrokuda","primaryType":"Water","secondaryType":"","forms":[],"evolutionStage":"1","preEvolvePokemon":"","eggGroups":"Water 2","height":"1'08\"","weight":"2.2 lbs.","genderRatio":"50% male, 50% female","catchRate":"255 (43.9%)","hatchTime":"20 cycles"}

[847/1025] Barraskewda -> https://bulbapedia.bulbagarden.net/wiki/Barraskewda_(Pokémon)
  OK: {"name":"Barraskewda","primaryType":"Water","secondaryType":"","forms":[],"evolutionStage":"final","preEvolvePokemon":"Arrokuda","eggGroups":"Water 2","height":"4'03\"","weight":"66.1 lbs.","genderRatio":"50% male, 50% female","catchRate":"60 (14.8%)","hatchTime":"20 cycles"}

[848/1025] Toxel -> https://bulbapedia.bulbagarden.net/wiki/Toxel_(Pokémon)
  OK: {"name":"Toxel","primaryType":"Electric","secondaryType":"Poison","forms":[],"evolutionStage":"1","preEvolvePokemon":"","eggGroups":"No Eggs Discovered","height":"1'04\"","weight":"24.3 lbs.","genderRatio":"50% male, 50% female","catchRate":"75 (17.5%)","hatchTime":"25 cycles"}

[849/1025] Toxtricity -> https://bulbapedia.bulbagarden.net/wiki/Toxtricity_(Pokémon)
  OK: {"name":"Toxtricity","primaryType":"Electric","secondaryType":"Poison","forms":["Amped Form","Low Key Form","Gigantamax Toxtricity"],"evolutionStage":"2","preEvolvePokemon":"Toxel","eggGroups":"Human-Like","height":"5'03\"","weight":"88.2 lbs.","genderRatio":"50% male, 50% female","catchRate":"45 (11.9%)","hatchTime":"25 cycles"}

[850/1025] Sizzlipede -> https://bulbapedia.bulbagarden.net/wiki/Sizzlipede_(Pokémon)
  OK: {"name":"Sizzlipede","primaryType":"Fire","secondaryType":"Bug","forms":[],"evolutionStage":"1","preEvolvePokemon":"","eggGroups":"Bug","height":"2'04\"","weight":"2.2 lbs.","genderRatio":"50% male, 50% female","catchRate":"190 (35.2%)","hatchTime":"20 cycles"}

[851/1025] Centiskorch -> https://bulbapedia.bulbagarden.net/wiki/Centiskorch_(Pokémon)
  OK: {"name":"Centiskorch","primaryType":"Fire","secondaryType":"Bug","forms":[],"evolutionStage":"final","preEvolvePokemon":"Sizzlipede","eggGroups":"Bug","height":"9'10\"","weight":"264.6 lbs.","genderRatio":"50% male, 50% female","catchRate":"75 (17.5%)","hatchTime":"20 cycles"}

[852/1025] Clobbopus -> https://bulbapedia.bulbagarden.net/wiki/Clobbopus_(Pokémon)
  OK: {"name":"Clobbopus","primaryType":"Fighting","secondaryType":"","forms":[],"evolutionStage":"1","preEvolvePokemon":"","eggGroups":"Water 1 and Human-Like","height":"2'00\"","weight":"8.8 lbs.","genderRatio":"50% male, 50% female","catchRate":"180 (33.8%)","hatchTime":"25 cycles"}

[853/1025] Grapploct -> https://bulbapedia.bulbagarden.net/wiki/Grapploct_(Pokémon)
  OK: {"name":"Grapploct","primaryType":"Fighting","secondaryType":"","forms":[],"evolutionStage":"final","preEvolvePokemon":"Clobbopus","eggGroups":"Water 1 and Human-Like","height":"5'03\"","weight":"86.0 lbs.","genderRatio":"50% male, 50% female","catchRate":"45 (11.9%)","hatchTime":"25 cycles"}

[854/1025] Sinistea -> https://bulbapedia.bulbagarden.net/wiki/Sinistea_(Pokémon)
  OK: {"name":"Sinistea","primaryType":"Ghost","secondaryType":"","forms":["Phony Form","Antique Form"],"evolutionStage":"1","preEvolvePokemon":"","eggGroups":"Mineral and Amorphous","height":"0'04\"","weight":"0.4 lbs.","genderRatio":"Gender unknown","catchRate":"120 (24.9%)","hatchTime":"20 cycles"}

[855/1025] Polteageist -> https://bulbapedia.bulbagarden.net/wiki/Polteageist_(Pokémon)
  OK: {"name":"Polteageist","primaryType":"Ghost","secondaryType":"","forms":["Phony Form","Antique Form"],"evolutionStage":"final","preEvolvePokemon":"Sinistea","eggGroups":"Mineral and Amorphous","height":"0'08\"","weight":"0.9 lbs.","genderRatio":"Gender unknown","catchRate":"60 (14.8%)","hatchTime":"20 cycles"}

[856/1025] Hatenna -> https://bulbapedia.bulbagarden.net/wiki/Hatenna_(Pokémon)
  OK: {"name":"Hatenna","primaryType":"Psychic","secondaryType":"Fairy","forms":[],"evolutionStage":"1","preEvolvePokemon":"","eggGroups":"Fairy","height":"1'04\"","weight":"7.5 lbs.","genderRatio":"100% female","catchRate":"235 (41.3%)","hatchTime":"20 cycles"}

[857/1025] Hattrem -> https://bulbapedia.bulbagarden.net/wiki/Hattrem_(Pokémon)
  OK: {"name":"Hattrem","primaryType":"Psychic","secondaryType":"Fairy","forms":[],"evolutionStage":"2","preEvolvePokemon":"Hatenna","eggGroups":"Fairy","height":"2'00\"","weight":"10.6 lbs.","genderRatio":"100% female","catchRate":"120 (24.9%)","hatchTime":"20 cycles"}

[858/1025] Hatterene -> https://bulbapedia.bulbagarden.net/wiki/Hatterene_(Pokémon)
  OK: {"name":"Hatterene","primaryType":"Psychic","secondaryType":"Fairy","forms":[],"evolutionStage":"final","preEvolvePokemon":"Hattrem","eggGroups":"Fairy","height":"6'11\"","weight":"11.2 lbs.","genderRatio":"100% female","catchRate":"45 (11.9%)","hatchTime":"20 cycles"}

[859/1025] Impidimp -> https://bulbapedia.bulbagarden.net/wiki/Impidimp_(Pokémon)
  OK: {"name":"Impidimp","primaryType":"Dark","secondaryType":"Fairy","forms":[],"evolutionStage":"1","preEvolvePokemon":"","eggGroups":"Fairy and Human-Like","height":"1'04\"","weight":"12.1 lbs.","genderRatio":"100% male","catchRate":"255 (43.9%)","hatchTime":"20 cycles"}

[860/1025] Morgrem -> https://bulbapedia.bulbagarden.net/wiki/Morgrem_(Pokémon)
  OK: {"name":"Morgrem","primaryType":"Dark","secondaryType":"Fairy","forms":[],"evolutionStage":"2","preEvolvePokemon":"Impidimp","eggGroups":"Fairy and Human-Like","height":"2'07\"","weight":"27.6 lbs.","genderRatio":"100% male","catchRate":"120 (24.9%)","hatchTime":"20 cycles"}

[861/1025] Grimmsnarl -> https://bulbapedia.bulbagarden.net/wiki/Grimmsnarl_(Pokémon)
  OK: {"name":"Grimmsnarl","primaryType":"Dark","secondaryType":"Fairy","forms":[],"evolutionStage":"final","preEvolvePokemon":"Morgrem","eggGroups":"Fairy and Human-Like","height":"4'11\"","weight":"134.5 lbs.","genderRatio":"100% male","catchRate":"45 (11.9%)","hatchTime":"20 cycles"}

[862/1025] Obstagoon -> https://bulbapedia.bulbagarden.net/wiki/Obstagoon_(Pokémon)
  OK: {"name":"Obstagoon","primaryType":"Dark","secondaryType":"Normal","forms":[],"evolutionStage":"final","preEvolvePokemon":"Galarian","eggGroups":"Field","height":"5'03\"","weight":"101.4 lbs.","genderRatio":"50% male, 50% female","catchRate":"45 (11.9%)","hatchTime":"15 cycles"}

[863/1025] Perrserker -> https://bulbapedia.bulbagarden.net/wiki/Perrserker_(Pokémon)
  OK: {"name":"Perrserker","primaryType":"Steel","secondaryType":"","forms":[],"evolutionStage":"final","preEvolvePokemon":"Galarian","eggGroups":"Field","height":"2'07\"","weight":"61.7 lbs.","genderRatio":"50% male, 50% female","catchRate":"90 (20.1%)","hatchTime":"20 cycles"}

[864/1025] Cursola -> https://bulbapedia.bulbagarden.net/wiki/Cursola_(Pokémon)
  OK: {"name":"Cursola","primaryType":"Ghost","secondaryType":"","forms":[],"evolutionStage":"final","preEvolvePokemon":"Galarian","eggGroups":"Water 1 and Water 3","height":"3'03\"","weight":"0.9 lbs.","genderRatio":"25% male, 75% female","catchRate":"30 (8.8%)","hatchTime":"20 cycles"}

[865/1025] Sirfetch'd -> https://bulbapedia.bulbagarden.net/wiki/Sirfetch'd_(Pokémon)
  OK: {"name":"Sirfetch'd","primaryType":"Fighting","secondaryType":"Flying","forms":[],"evolutionStage":"final","preEvolvePokemon":"Galarian","eggGroups":"Flying and Field","height":"2'07\"","weight":"257.9 lbs.","genderRatio":"50% male, 50% female","catchRate":"45 (11.9%)","hatchTime":"20 cycles"}

[866/1025] Mr.Rime -> https://bulbapedia.bulbagarden.net/wiki/Mr.Rime_(Pokémon)
  WARNING: no infobox found for Mr.Rime, skipping.

[867/1025] Runerigus -> https://bulbapedia.bulbagarden.net/wiki/Runerigus_(Pokémon)
  OK: {"name":"Runerigus","primaryType":"Ground","secondaryType":"Ghost","forms":[],"evolutionStage":"final","preEvolvePokemon":"Galarian","eggGroups":"Mineral and Amorphous","height":"5'03\"","weight":"146.8 lbs.","genderRatio":"50% male, 50% female","catchRate":"90 (20.1%)","hatchTime":"25 cycles"}

[868/1025] Milcery -> https://bulbapedia.bulbagarden.net/wiki/Milcery_(Pokémon)
  OK: {"name":"Milcery","primaryType":"Fairy","secondaryType":"","forms":[],"evolutionStage":"1","preEvolvePokemon":"","eggGroups":"Fairy and Amorphous","height":"0'08\"","weight":"0.7 lbs.","genderRatio":"100% female","catchRate":"200 (36.6%)","hatchTime":"20 cycles"}

[869/1025] Alcremie -> https://bulbapedia.bulbagarden.net/wiki/Alcremie_(Pokémon)
  OK: {"name":"Alcremie","primaryType":"Fairy","secondaryType":"","forms":[],"evolutionStage":"final","preEvolvePokemon":"Milcery","eggGroups":"Fairy and Amorphous","height":"1'00\"","weight":"1.1 lbs.","genderRatio":"100% female","catchRate":"100 (21.7%)","hatchTime":"20 cycles"}

[870/1025] Falinks -> https://bulbapedia.bulbagarden.net/wiki/Falinks_(Pokémon)
  OK: {"name":"Falinks","primaryType":"Fighting","secondaryType":"Fairy","forms":["Mega Falinks"],"evolutionStage":"2","preEvolvePokemon":"Mega Evolve","eggGroups":"Fairy and Mineral","height":"9'10\"","weight":"136.7 lbs.","genderRatio":"Gender unknown","catchRate":"45 (11.9%)","hatchTime":"25 cycles"}

[871/1025] Pincurchin -> https://bulbapedia.bulbagarden.net/wiki/Pincurchin_(Pokémon)
  OK: {"name":"Pincurchin","primaryType":"Electric","secondaryType":"","forms":[],"evolutionStage":"2","preEvolvePokemon":"","eggGroups":"Water 1 and Amorphous","height":"1'00\"","weight":"2.2 lbs.","genderRatio":"50% male, 50% female","catchRate":"75 (17.5%)","hatchTime":"20 cycles"}

[872/1025] Snom -> https://bulbapedia.bulbagarden.net/wiki/Snom_(Pokémon)
  OK: {"name":"Snom","primaryType":"Ice","secondaryType":"Bug","forms":[],"evolutionStage":"1","preEvolvePokemon":"","eggGroups":"Bug","height":"1'00\"","weight":"8.4 lbs.","genderRatio":"50% male, 50% female","catchRate":"190 (35.2%)","hatchTime":"20 cycles"}

[873/1025] Frosmoth -> https://bulbapedia.bulbagarden.net/wiki/Frosmoth_(Pokémon)
  OK: {"name":"Frosmoth","primaryType":"Ice","secondaryType":"Bug","forms":[],"evolutionStage":"final","preEvolvePokemon":"Snom","eggGroups":"Bug","height":"4'03\"","weight":"92.6 lbs.","genderRatio":"50% male, 50% female","catchRate":"75 (17.5%)","hatchTime":"20 cycles"}

[874/1025] Stonjourner -> https://bulbapedia.bulbagarden.net/wiki/Stonjourner_(Pokémon)
  OK: {"name":"Stonjourner","primaryType":"Rock","secondaryType":"","forms":[],"evolutionStage":"2","preEvolvePokemon":"","eggGroups":"Mineral","height":"8'02\"","weight":"1146.4 lbs.","genderRatio":"50% male, 50% female","catchRate":"60 (14.8%)","hatchTime":"25 cycles"}

[875/1025] Eiscue -> https://bulbapedia.bulbagarden.net/wiki/Eiscue_(Pokémon)
  OK: {"name":"Eiscue","primaryType":"Ice","secondaryType":"","forms":["Ice Face","Noice Face"],"evolutionStage":"2","preEvolvePokemon":"Ice Face","eggGroups":"Water 1 and Field","height":"4'07\"","weight":"196.2 lbs.","genderRatio":"50% male, 50% female","catchRate":"60 (14.8%)","hatchTime":"25 cycles"}

[876/1025] Indeedee -> https://bulbapedia.bulbagarden.net/wiki/Indeedee_(Pokémon)
  OK: {"name":"Indeedee","primaryType":"Psychic","secondaryType":"Normal","forms":[],"evolutionStage":"2","preEvolvePokemon":"","eggGroups":"Fairy","height":"2'11\"","weight":"61.7 lbs.","genderRatio":"50% male, 50% female","catchRate":"30 (8.8%)","hatchTime":"40 cycles"}

[877/1025] Morpeko -> https://bulbapedia.bulbagarden.net/wiki/Morpeko_(Pokémon)
  OK: {"name":"Morpeko","primaryType":"Electric","secondaryType":"Dark","forms":["Full Belly Mode","Hangry Mode"],"evolutionStage":"2","preEvolvePokemon":"Hunger Switch","eggGroups":"Field and Fairy","height":"1'00\"","weight":"6.6 lbs.","genderRatio":"50% male, 50% female","catchRate":"180 (33.8%)","hatchTime":"10 cycles"}

[878/1025] Cufant -> https://bulbapedia.bulbagarden.net/wiki/Cufant_(Pokémon)
  OK: {"name":"Cufant","primaryType":"Steel","secondaryType":"","forms":[],"evolutionStage":"1","preEvolvePokemon":"","eggGroups":"Field and Mineral","height":"3'11\"","weight":"220.5 lbs.","genderRatio":"50% male, 50% female","catchRate":"190 (35.2%)","hatchTime":"25 cycles"}

[879/1025] Copperajah -> https://bulbapedia.bulbagarden.net/wiki/Copperajah_(Pokémon)
  OK: {"name":"Copperajah","primaryType":"Steel","secondaryType":"","forms":[],"evolutionStage":"final","preEvolvePokemon":"Cufant","eggGroups":"Field and Mineral","height":"9'10\"","weight":"1433.0 lbs.","genderRatio":"50% male, 50% female","catchRate":"90 (20.1%)","hatchTime":"25 cycles"}

[880/1025] Dracozolt -> https://bulbapedia.bulbagarden.net/wiki/Dracozolt_(Pokémon)
  OK: {"name":"Dracozolt","primaryType":"Electric","secondaryType":"Dragon","forms":[],"evolutionStage":"2","preEvolvePokemon":"Fossilized Bird","eggGroups":"No Eggs Discovered","height":"5'11\"","weight":"418.9 lbs.","genderRatio":"Gender unknown","catchRate":"45 (11.9%)","hatchTime":"35 cycles Egg not obtainable"}

[881/1025] Arctozolt -> https://bulbapedia.bulbagarden.net/wiki/Arctozolt_(Pokémon)
  OK: {"name":"Arctozolt","primaryType":"Electric","secondaryType":"Ice","forms":[],"evolutionStage":"2","preEvolvePokemon":"Fossilized Bird","eggGroups":"No Eggs Discovered","height":"7'07\"","weight":"330.7 lbs.","genderRatio":"Gender unknown","catchRate":"45 (11.9%)","hatchTime":"35 cycles Egg not obtainable"}

[882/1025] Dracovish -> https://bulbapedia.bulbagarden.net/wiki/Dracovish_(Pokémon)
  OK: {"name":"Dracovish","primaryType":"Water","secondaryType":"Dragon","forms":[],"evolutionStage":"2","preEvolvePokemon":"Fossilized Fish","eggGroups":"No Eggs Discovered","height":"7'07\"","weight":"474.0 lbs.","genderRatio":"Gender unknown","catchRate":"45 (11.9%)","hatchTime":"35 cycles Egg not obtainable"}

[883/1025] Arctovish -> https://bulbapedia.bulbagarden.net/wiki/Arctovish_(Pokémon)
  OK: {"name":"Arctovish","primaryType":"Water","secondaryType":"Ice","forms":[],"evolutionStage":"2","preEvolvePokemon":"Fossilized Fish","eggGroups":"No Eggs Discovered","height":"6'07\"","weight":"385.8 lbs.","genderRatio":"Gender unknown","catchRate":"45 (11.9%)","hatchTime":"35 cycles Egg not obtainable"}

[884/1025] Duraludon -> https://bulbapedia.bulbagarden.net/wiki/Duraludon_(Pokémon)
  OK: {"name":"Duraludon","primaryType":"Steel","secondaryType":"Dragon","forms":[],"evolutionStage":"1","preEvolvePokemon":"","eggGroups":"Mineral and Dragon","height":"5'11\"","weight":"88.2 lbs.","genderRatio":"50% male, 50% female","catchRate":"45 (11.9%)","hatchTime":"30 cycles"}

[885/1025] Dreepy -> https://bulbapedia.bulbagarden.net/wiki/Dreepy_(Pokémon)
  OK: {"name":"Dreepy","primaryType":"Dragon","secondaryType":"Ghost","forms":[],"evolutionStage":"1","preEvolvePokemon":"","eggGroups":"Amorphous and Dragon","height":"1'08\"","weight":"4.4 lbs.","genderRatio":"50% male, 50% female","catchRate":"45 (11.9%)","hatchTime":"40 cycles"}

[886/1025] Drakloak -> https://bulbapedia.bulbagarden.net/wiki/Drakloak_(Pokémon)
  OK: {"name":"Drakloak","primaryType":"Dragon","secondaryType":"Ghost","forms":[],"evolutionStage":"2","preEvolvePokemon":"Dreepy","eggGroups":"Amorphous and Dragon","height":"4'07\"","weight":"24.3 lbs.","genderRatio":"50% male, 50% female","catchRate":"45 (11.9%)","hatchTime":"40 cycles"}

[887/1025] Dragapult -> https://bulbapedia.bulbagarden.net/wiki/Dragapult_(Pokémon)
  OK: {"name":"Dragapult","primaryType":"Dragon","secondaryType":"Ghost","forms":[],"evolutionStage":"final","preEvolvePokemon":"Drakloak","eggGroups":"Amorphous and Dragon","height":"9'10\"","weight":"110.2 lbs.","genderRatio":"50% male, 50% female","catchRate":"45 (11.9%)","hatchTime":"40 cycles"}

[888/1025] Zacian -> https://bulbapedia.bulbagarden.net/wiki/Zacian_(Pokémon)
  OK: {"name":"Zacian","primaryType":"Fairy","secondaryType":"Steel","forms":["Hero of Many Battles","Crowned Sword"],"evolutionStage":"2","preEvolvePokemon":"form","eggGroups":"No Eggs Discovered","height":"9'02\"","weight":"242.5 lbs.","genderRatio":"Gender unknown","catchRate":"10 (3.9%)","hatchTime":"120 cycles Egg not obtainable"}

[889/1025] Zamazenta -> https://bulbapedia.bulbagarden.net/wiki/Zamazenta_(Pokémon)
  OK: {"name":"Zamazenta","primaryType":"Fighting","secondaryType":"Steel","forms":["Hero of Many Battles","Crowned Shield"],"evolutionStage":"2","preEvolvePokemon":"form","eggGroups":"No Eggs Discovered","height":"9'06\"","weight":"463.0 lbs.","genderRatio":"Gender unknown","catchRate":"10 (3.9%)","hatchTime":"120 cycles Egg not obtainable"}

[890/1025] Eternatus -> https://bulbapedia.bulbagarden.net/wiki/Eternatus_(Pokémon)
  OK: {"name":"Eternatus","primaryType":"Poison","secondaryType":"Dragon","forms":[],"evolutionStage":"1","preEvolvePokemon":"","eggGroups":"No Eggs Discovered","height":"65'07\"","weight":"2094.4 lbs.","genderRatio":"Gender unknown","catchRate":"255 (43.9%)","hatchTime":"120 cycles Egg not obtainable"}

[891/1025] Kubfu -> https://bulbapedia.bulbagarden.net/wiki/Kubfu_(Pokémon)
  OK: {"name":"Kubfu","primaryType":"Fighting","secondaryType":"","forms":[],"evolutionStage":"1","preEvolvePokemon":"","eggGroups":"No Eggs Discovered","height":"2'00\"","weight":"26.5 lbs.","genderRatio":"87.5% male, 12.5% female","catchRate":"3 (1.6%)","hatchTime":"120 cycles Egg not obtainable"}

[892/1025] Urshifu -> https://bulbapedia.bulbagarden.net/wiki/Urshifu_(Pokémon)
  OK: {"name":"Urshifu","primaryType":"Fighting","secondaryType":"Dark","forms":["Single Strike Style","Rapid Strike Style","Gigantamax Urshifu (Single Strike Style)","Gigantamax Urshifu (Rapid Strike Style)"],"evolutionStage":"2","preEvolvePokemon":"Kubfu","eggGroups":"No Eggs Discovered","height":"6'03\"","weight":"231.5 lbs.","genderRatio":"87.5% male, 12.5% female","catchRate":"3 (1.6%)","hatchTime":"120 cycles Egg not obtainable"}

[893/1025] Zarude -> https://bulbapedia.bulbagarden.net/wiki/Zarude_(Pokémon)
  OK: {"name":"Zarude","primaryType":"Dark","secondaryType":"Grass","forms":[],"evolutionStage":"2","preEvolvePokemon":"Dada","eggGroups":"No Eggs Discovered","height":"5'11\"","weight":"154.3 lbs.","genderRatio":"Gender unknown","catchRate":"3 (1.6%)","hatchTime":"120 cycles Egg not obtainable"}

[894/1025] Regieleki -> https://bulbapedia.bulbagarden.net/wiki/Regieleki_(Pokémon)
  OK: {"name":"Regieleki","primaryType":"Electric","secondaryType":"","forms":[],"evolutionStage":"2","preEvolvePokemon":"","eggGroups":"No Eggs Discovered","height":"3'11\"","weight":"319.7 lbs.","genderRatio":"Gender unknown","catchRate":"3 (1.6%)","hatchTime":"120 cycles Egg not obtainable"}

[895/1025] Regidrago -> https://bulbapedia.bulbagarden.net/wiki/Regidrago_(Pokémon)
  OK: {"name":"Regidrago","primaryType":"Dragon","secondaryType":"","forms":[],"evolutionStage":"2","preEvolvePokemon":"","eggGroups":"No Eggs Discovered","height":"6'11\"","weight":"440.9 lbs.","genderRatio":"Gender unknown","catchRate":"3 (1.6%)","hatchTime":"120 cycles Egg not obtainable"}

[896/1025] Glastrier -> https://bulbapedia.bulbagarden.net/wiki/Glastrier_(Pokémon)
  OK: {"name":"Glastrier","primaryType":"Ice","secondaryType":"","forms":[],"evolutionStage":"2","preEvolvePokemon":"","eggGroups":"No Eggs Discovered","height":"7'03\"","weight":"1763.7 lbs.","genderRatio":"Gender unknown","catchRate":"3 (1.6%)","hatchTime":"120 cycles Egg not obtainable"}

[897/1025] Spectrier -> https://bulbapedia.bulbagarden.net/wiki/Spectrier_(Pokémon)
  OK: {"name":"Spectrier","primaryType":"Ghost","secondaryType":"","forms":[],"evolutionStage":"2","preEvolvePokemon":"","eggGroups":"No Eggs Discovered","height":"6'07\"","weight":"98.1 lbs.","genderRatio":"Gender unknown","catchRate":"3 (1.6%)","hatchTime":"120 cycles Egg not obtainable"}

[898/1025] Calyrex -> https://bulbapedia.bulbagarden.net/wiki/Calyrex_(Pokémon)
  OK: {"name":"Calyrex","primaryType":"Psychic","secondaryType":"Grass","forms":["Ice Rider Calyrex","Shadow Rider Calyrex"],"evolutionStage":"2","preEvolvePokemon":"mounts","eggGroups":"No Eggs Discovered","height":"3'07\"","weight":"17.0 lbs.","genderRatio":"Gender unknown","catchRate":"3 (1.6%)","hatchTime":"120 cycles Egg not obtainable"}

[899/1025] Wyrdeer -> https://bulbapedia.bulbagarden.net/wiki/Wyrdeer_(Pokémon)
  OK: {"name":"Wyrdeer","primaryType":"Normal","secondaryType":"Psychic","forms":[],"evolutionStage":"final","preEvolvePokemon":"Pokémon Legends: Arceus","eggGroups":"Field","height":"5'11\"","weight":"209.7 lbs.","genderRatio":"50% male, 50% female","catchRate":"45 (11.9%)","hatchTime":"20 cycles"}

[900/1025] Kleavor -> https://bulbapedia.bulbagarden.net/wiki/Kleavor_(Pokémon)
  OK: {"name":"Kleavor","primaryType":"Bug","secondaryType":"Rock","forms":[],"evolutionStage":"final","preEvolvePokemon":"Scyther","eggGroups":"Bug","height":"5'11\"","weight":"196.2 lbs.","genderRatio":"50% male, 50% female","catchRate":"15 (5.2%)","hatchTime":"20 cycles"}

[901/1025] Ursaluna -> https://bulbapedia.bulbagarden.net/wiki/Ursaluna_(Pokémon)
  OK: {"name":"Ursaluna","primaryType":"Ground","secondaryType":"Normal","forms":[],"evolutionStage":"final","preEvolvePokemon":"Ursaring","eggGroups":"Field","height":"7'10\"","weight":"639.3 lbs.","genderRatio":"50% male, 50% female","catchRate":"20 (6.5%)","hatchTime":"20 cycles"}

[902/1025] Sneasler -> https://bulbapedia.bulbagarden.net/wiki/Sneasler_(Pokémon)
  OK: {"name":"Sneasler","primaryType":"Fighting","secondaryType":"Poison","forms":[],"evolutionStage":"final","preEvolvePokemon":"Hisuian","eggGroups":"Field","height":"4'03\"","weight":"94.8 lbs.","genderRatio":"50% male, 50% female","catchRate":"20 (6.5%)","hatchTime":"20 cycles"}

[903/1025] Overqwil -> https://bulbapedia.bulbagarden.net/wiki/Overqwil_(Pokémon)
  OK: {"name":"Overqwil","primaryType":"Dark","secondaryType":"Poison","forms":[],"evolutionStage":"final","preEvolvePokemon":"Hisuian","eggGroups":"Water 2","height":"8'02\"","weight":"133.4 lbs.","genderRatio":"50% male, 50% female","catchRate":"45 (11.9%)","hatchTime":"20 cycles"}

[904/1025] Enamorus -> https://bulbapedia.bulbagarden.net/wiki/Enamorus_(Pokémon)
  OK: {"name":"Enamorus","primaryType":"Fairy","secondaryType":"Flying","forms":["Incarnate Forme","Therian Forme"],"evolutionStage":"2","preEvolvePokemon":"Reveal Glass","eggGroups":"No Eggs Discovered","height":"5'03\"","weight":"105.8 lbs.","genderRatio":"100% female","catchRate":"3 (1.6%)","hatchTime":"20 cycles Egg not obtainable"}

[905/1025] Enamorus -> https://bulbapedia.bulbagarden.net/wiki/Enamorus_(Pokémon)
  OK: {"name":"Enamorus","primaryType":"Fairy","secondaryType":"Flying","forms":["Incarnate Forme","Therian Forme"],"evolutionStage":"2","preEvolvePokemon":"Reveal Glass","eggGroups":"No Eggs Discovered","height":"5'03\"","weight":"105.8 lbs.","genderRatio":"100% female","catchRate":"3 (1.6%)","hatchTime":"20 cycles Egg not obtainable"}

[906/1025] Sprigatito -> https://bulbapedia.bulbagarden.net/wiki/Sprigatito_(Pokémon)
  OK: {"name":"Sprigatito","primaryType":"Grass","secondaryType":"","forms":[],"evolutionStage":"1","preEvolvePokemon":"","eggGroups":"Field and Grass","height":"1'04\"","weight":"9.0 lbs.","genderRatio":"87.5% male, 12.5% female","catchRate":"45 (11.9%)","hatchTime":"20 cycles"}

[907/1025] Floragato -> https://bulbapedia.bulbagarden.net/wiki/Floragato_(Pokémon)
  OK: {"name":"Floragato","primaryType":"Grass","secondaryType":"","forms":[],"evolutionStage":"2","preEvolvePokemon":"Sprigatito","eggGroups":"Field and Grass","height":"2'11\"","weight":"26.9 lbs.","genderRatio":"87.5% male, 12.5% female","catchRate":"45 (11.9%)","hatchTime":"20 cycles"}

[908/1025] Meowscarada -> https://bulbapedia.bulbagarden.net/wiki/Meowscarada_(Pokémon)
  OK: {"name":"Meowscarada","primaryType":"Grass","secondaryType":"Dark","forms":[],"evolutionStage":"final","preEvolvePokemon":"Floragato","eggGroups":"Field and Grass","height":"4'11\"","weight":"68.8 lbs.","genderRatio":"87.5% male, 12.5% female","catchRate":"45 (11.9%)","hatchTime":"20 cycles"}

[909/1025] Fuecoco -> https://bulbapedia.bulbagarden.net/wiki/Fuecoco_(Pokémon)
  OK: {"name":"Fuecoco","primaryType":"Fire","secondaryType":"","forms":[],"evolutionStage":"1","preEvolvePokemon":"","eggGroups":"Field","height":"1'04\"","weight":"21.6 lbs.","genderRatio":"87.5% male, 12.5% female","catchRate":"45 (11.9%)","hatchTime":"20 cycles"}

[910/1025] Crocalor -> https://bulbapedia.bulbagarden.net/wiki/Crocalor_(Pokémon)
  OK: {"name":"Crocalor","primaryType":"Fire","secondaryType":"","forms":[],"evolutionStage":"2","preEvolvePokemon":"Fuecoco","eggGroups":"Field","height":"3'03\"","weight":"67.7 lbs.","genderRatio":"87.5% male, 12.5% female","catchRate":"45 (11.9%)","hatchTime":"20 cycles"}

[911/1025] Skeledirge -> https://bulbapedia.bulbagarden.net/wiki/Skeledirge_(Pokémon)
  OK: {"name":"Skeledirge","primaryType":"Fire","secondaryType":"Ghost","forms":[],"evolutionStage":"final","preEvolvePokemon":"Crocalor","eggGroups":"Field","height":"5'03\"","weight":"719.8 lbs.","genderRatio":"87.5% male, 12.5% female","catchRate":"45 (11.9%)","hatchTime":"20 cycles"}

[912/1025] Quaxly -> https://bulbapedia.bulbagarden.net/wiki/Quaxly_(Pokémon)
  OK: {"name":"Quaxly","primaryType":"Water","secondaryType":"Flying","forms":[],"evolutionStage":"1","preEvolvePokemon":"","eggGroups":"Flying and Water 1","height":"1'08\"","weight":"13.4 lbs.","genderRatio":"87.5% male, 12.5% female","catchRate":"45 (11.9%)","hatchTime":"20 cycles"}

[913/1025] Quaxwell -> https://bulbapedia.bulbagarden.net/wiki/Quaxwell_(Pokémon)
  OK: {"name":"Quaxwell","primaryType":"Water","secondaryType":"Flying","forms":[],"evolutionStage":"2","preEvolvePokemon":"Quaxly","eggGroups":"Flying and Water 1","height":"3'11\"","weight":"47.4 lbs.","genderRatio":"87.5% male, 12.5% female","catchRate":"45 (11.9%)","hatchTime":"20 cycles"}

[914/1025] Quaquaval -> https://bulbapedia.bulbagarden.net/wiki/Quaquaval_(Pokémon)
  OK: {"name":"Quaquaval","primaryType":"Water","secondaryType":"Fighting","forms":[],"evolutionStage":"final","preEvolvePokemon":"Quaxwell","eggGroups":"Flying and Water 1","height":"5'11\"","weight":"136.5 lbs.","genderRatio":"87.5% male, 12.5% female","catchRate":"45 (11.9%)","hatchTime":"20 cycles"}

[915/1025] Lechonk -> https://bulbapedia.bulbagarden.net/wiki/Lechonk_(Pokémon)
  OK: {"name":"Lechonk","primaryType":"Normal","secondaryType":"","forms":[],"evolutionStage":"1","preEvolvePokemon":"","eggGroups":"Field","height":"1'08\"","weight":"22.5 lbs.","genderRatio":"50% male, 50% female","catchRate":"255 (43.9%)","hatchTime":"15 cycles"}

[916/1025] Oinkologne -> https://bulbapedia.bulbagarden.net/wiki/Oinkologne_(Pokémon)
  OK: {"name":"Oinkologne","primaryType":"Normal","secondaryType":"","forms":[],"evolutionStage":"final","preEvolvePokemon":"Lechonk","eggGroups":"Field","height":"3'03\"","weight":"264.6 lbs.","genderRatio":"50% male, 50% female","catchRate":"100 (21.7%)","hatchTime":"15 cycles"}

[917/1025] Tarountula -> https://bulbapedia.bulbagarden.net/wiki/Tarountula_(Pokémon)
  OK: {"name":"Tarountula","primaryType":"Bug","secondaryType":"","forms":[],"evolutionStage":"1","preEvolvePokemon":"","eggGroups":"Bug","height":"1'00\"","weight":"8.8 lbs.","genderRatio":"50% male, 50% female","catchRate":"255 (43.9%)","hatchTime":"15 cycles"}

[918/1025] Spidops -> https://bulbapedia.bulbagarden.net/wiki/Spidops_(Pokémon)
  OK: {"name":"Spidops","primaryType":"Bug","secondaryType":"","forms":[],"evolutionStage":"final","preEvolvePokemon":"Tarountula","eggGroups":"Bug","height":"3'03\"","weight":"36.4 lbs.","genderRatio":"50% male, 50% female","catchRate":"120 (24.9%)","hatchTime":"15 cycles"}

[919/1025] Nymble -> https://bulbapedia.bulbagarden.net/wiki/Nymble_(Pokémon)
  OK: {"name":"Nymble","primaryType":"Bug","secondaryType":"","forms":[],"evolutionStage":"1","preEvolvePokemon":"","eggGroups":"Bug","height":"0'08\"","weight":"2.2 lbs.","genderRatio":"50% male, 50% female","catchRate":"190 (35.2%)","hatchTime":"20 cycles"}

[920/1025] Lokix -> https://bulbapedia.bulbagarden.net/wiki/Lokix_(Pokémon)
  OK: {"name":"Lokix","primaryType":"Bug","secondaryType":"Dark","forms":[],"evolutionStage":"final","preEvolvePokemon":"Nymble","eggGroups":"Bug","height":"3'03\"","weight":"38.6 lbs.","genderRatio":"50% male, 50% female","catchRate":"30 (8.8%)","hatchTime":"20 cycles"}

[921/1025] Pawmi -> https://bulbapedia.bulbagarden.net/wiki/Pawmi_(Pokémon)
  OK: {"name":"Pawmi","primaryType":"Electric","secondaryType":"","forms":[],"evolutionStage":"1","preEvolvePokemon":"","eggGroups":"Field","height":"1'00\"","weight":"5.5 lbs.","genderRatio":"50% male, 50% female","catchRate":"190 (35.2%)","hatchTime":"15 cycles"}

[922/1025] Pawmo -> https://bulbapedia.bulbagarden.net/wiki/Pawmo_(Pokémon)
  OK: {"name":"Pawmo","primaryType":"Electric","secondaryType":"Fighting","forms":[],"evolutionStage":"2","preEvolvePokemon":"Pawmi","eggGroups":"Field","height":"1'04\"","weight":"14.3 lbs.","genderRatio":"50% male, 50% female","catchRate":"80 (18.4%)","hatchTime":"15 cycles"}

[923/1025] Pawmot -> https://bulbapedia.bulbagarden.net/wiki/Pawmot_(Pokémon)
  OK: {"name":"Pawmot","primaryType":"Electric","secondaryType":"Fighting","forms":[],"evolutionStage":"final","preEvolvePokemon":"Pawmo","eggGroups":"Field","height":"2'11\"","weight":"90.4 lbs.","genderRatio":"50% male, 50% female","catchRate":"45 (11.9%)","hatchTime":"15 cycles"}

[924/1025] Tandemaus -> https://bulbapedia.bulbagarden.net/wiki/Tandemaus_(Pokémon)
  OK: {"name":"Tandemaus","primaryType":"Normal","secondaryType":"Fairy","forms":[],"evolutionStage":"1","preEvolvePokemon":"","eggGroups":"Field and Fairy","height":"1'00\"","weight":"4.0 lbs.","genderRatio":"Gender unknown","catchRate":"150 (29.5%)","hatchTime":"10 cycles"}

[925/1025] Maushold -> https://bulbapedia.bulbagarden.net/wiki/Maushold_(Pokémon)
  OK: {"name":"Maushold","primaryType":"Normal","secondaryType":"Fairy","forms":["Family of Four","Family of Three"],"evolutionStage":"final","preEvolvePokemon":"Tandemaus","eggGroups":"Field and Fairy","height":"1'00\"","weight":"6.2 lbs.","genderRatio":"Gender unknown","catchRate":"75 (17.5%)","hatchTime":"10 cycles"}

[926/1025] Fidough -> https://bulbapedia.bulbagarden.net/wiki/Fidough_(Pokémon)
  OK: {"name":"Fidough","primaryType":"Fairy","secondaryType":"","forms":[],"evolutionStage":"1","preEvolvePokemon":"","eggGroups":"Field and Mineral","height":"1'00\"","weight":"24.0 lbs.","genderRatio":"50% male, 50% female","catchRate":"190 (35.2%)","hatchTime":"20 cycles"}

[927/1025] Dachsbun -> https://bulbapedia.bulbagarden.net/wiki/Dachsbun_(Pokémon)
  OK: {"name":"Dachsbun","primaryType":"Fairy","secondaryType":"","forms":[],"evolutionStage":"final","preEvolvePokemon":"Fidough","eggGroups":"Field and Mineral","height":"1'08\"","weight":"32.8 lbs.","genderRatio":"50% male, 50% female","catchRate":"90 (20.1%)","hatchTime":"20 cycles"}

[928/1025] Smoliv -> https://bulbapedia.bulbagarden.net/wiki/Smoliv_(Pokémon)
  OK: {"name":"Smoliv","primaryType":"Grass","secondaryType":"Normal","forms":[],"evolutionStage":"1","preEvolvePokemon":"","eggGroups":"Grass","height":"1'00\"","weight":"14.3 lbs.","genderRatio":"50% male, 50% female","catchRate":"255 (43.9%)","hatchTime":"20 cycles"}

[929/1025] Dolliv -> https://bulbapedia.bulbagarden.net/wiki/Dolliv_(Pokémon)
  OK: {"name":"Dolliv","primaryType":"Grass","secondaryType":"Normal","forms":[],"evolutionStage":"2","preEvolvePokemon":"Smoliv","eggGroups":"Grass","height":"2'00\"","weight":"26.2 lbs.","genderRatio":"50% male, 50% female","catchRate":"120 (24.9%)","hatchTime":"20 cycles"}

[930/1025] Arboliva -> https://bulbapedia.bulbagarden.net/wiki/Arboliva_(Pokémon)
  OK: {"name":"Arboliva","primaryType":"Grass","secondaryType":"Normal","forms":[],"evolutionStage":"final","preEvolvePokemon":"Dolliv","eggGroups":"Grass","height":"4'07\"","weight":"106.3 lbs.","genderRatio":"50% male, 50% female","catchRate":"45 (11.9%)","hatchTime":"20 cycles"}

[931/1025] Squawkabilly -> https://bulbapedia.bulbagarden.net/wiki/Squawkabilly_(Pokémon)
  OK: {"name":"Squawkabilly","primaryType":"Normal","secondaryType":"Flying","forms":["Green Plumage","Blue Plumage","Yellow Plumage","White Plumage"],"evolutionStage":"2","preEvolvePokemon":"","eggGroups":"Flying","height":"2'00\"","weight":"5.3 lbs.","genderRatio":"50% male, 50% female","catchRate":"190 (35.2%)","hatchTime":"15 cycles"}

[932/1025] Nacli -> https://bulbapedia.bulbagarden.net/wiki/Nacli_(Pokémon)
  OK: {"name":"Nacli","primaryType":"Rock","secondaryType":"","forms":[],"evolutionStage":"1","preEvolvePokemon":"","eggGroups":"Mineral","height":"1'04\"","weight":"35.3 lbs.","genderRatio":"50% male, 50% female","catchRate":"255 (43.9%)","hatchTime":"20 cycles"}

[933/1025] Naclstack -> https://bulbapedia.bulbagarden.net/wiki/Naclstack_(Pokémon)
  OK: {"name":"Naclstack","primaryType":"Rock","secondaryType":"","forms":[],"evolutionStage":"2","preEvolvePokemon":"Nacli","eggGroups":"Mineral","height":"2'00\"","weight":"231.5 lbs.","genderRatio":"50% male, 50% female","catchRate":"120 (24.9%)","hatchTime":"20 cycles"}

[934/1025] Garganacl -> https://bulbapedia.bulbagarden.net/wiki/Garganacl_(Pokémon)
  OK: {"name":"Garganacl","primaryType":"Rock","secondaryType":"","forms":[],"evolutionStage":"final","preEvolvePokemon":"Naclstack","eggGroups":"Mineral","height":"7'07\"","weight":"529.1 lbs.","genderRatio":"50% male, 50% female","catchRate":"45 (11.9%)","hatchTime":"20 cycles"}

[935/1025] Charcadet -> https://bulbapedia.bulbagarden.net/wiki/Charcadet_(Pokémon)
  OK: {"name":"Charcadet","primaryType":"Fire","secondaryType":"","forms":[],"evolutionStage":"1","preEvolvePokemon":"","eggGroups":"Human-Like","height":"2'00\"","weight":"23.1 lbs.","genderRatio":"50% male, 50% female","catchRate":"90 (20.1%)","hatchTime":"35 cycles"}

[936/1025] Armarouge -> https://bulbapedia.bulbagarden.net/wiki/Armarouge_(Pokémon)
  OK: {"name":"Armarouge","primaryType":"Fire","secondaryType":"Psychic","forms":[],"evolutionStage":"final","preEvolvePokemon":"Charcadet","eggGroups":"Human-Like","height":"4'11\"","weight":"187.4 lbs.","genderRatio":"50% male, 50% female","catchRate":"25 (7.7%)","hatchTime":"35 cycles"}

[937/1025] Ceruledge -> https://bulbapedia.bulbagarden.net/wiki/Ceruledge_(Pokémon)
  OK: {"name":"Ceruledge","primaryType":"Fire","secondaryType":"Ghost","forms":[],"evolutionStage":"final","preEvolvePokemon":"Charcadet","eggGroups":"Human-Like","height":"5'03\"","weight":"136.7 lbs.","genderRatio":"50% male, 50% female","catchRate":"25 (7.7%)","hatchTime":"35 cycles"}

[938/1025] Tadbulb -> https://bulbapedia.bulbagarden.net/wiki/Tadbulb_(Pokémon)
  OK: {"name":"Tadbulb","primaryType":"Electric","secondaryType":"","forms":[],"evolutionStage":"1","preEvolvePokemon":"","eggGroups":"Water 1","height":"1'00\"","weight":"0.9 lbs.","genderRatio":"50% male, 50% female","catchRate":"190 (35.2%)","hatchTime":"20 cycles"}

[939/1025] Bellibolt -> https://bulbapedia.bulbagarden.net/wiki/Bellibolt_(Pokémon)
  OK: {"name":"Bellibolt","primaryType":"Electric","secondaryType":"","forms":[],"evolutionStage":"final","preEvolvePokemon":"Tadbulb","eggGroups":"Water 1","height":"3'11\"","weight":"249.1 lbs.","genderRatio":"50% male, 50% female","catchRate":"50 (12.9%)","hatchTime":"20 cycles"}

[940/1025] Wattrel -> https://bulbapedia.bulbagarden.net/wiki/Wattrel_(Pokémon)
  OK: {"name":"Wattrel","primaryType":"Electric","secondaryType":"Flying","forms":[],"evolutionStage":"1","preEvolvePokemon":"","eggGroups":"Water 1 and Flying","height":"1'04\"","weight":"7.9 lbs.","genderRatio":"50% male, 50% female","catchRate":"180 (33.8%)","hatchTime":"20 cycles"}

[941/1025] Kilowattrel -> https://bulbapedia.bulbagarden.net/wiki/Kilowattrel_(Pokémon)
  OK: {"name":"Kilowattrel","primaryType":"Electric","secondaryType":"Flying","forms":[],"evolutionStage":"final","preEvolvePokemon":"Wattrel","eggGroups":"Water 1 and Flying","height":"4'07\"","weight":"85.1 lbs.","genderRatio":"50% male, 50% female","catchRate":"90 (20.1%)","hatchTime":"20 cycles"}

[942/1025] Maschiff -> https://bulbapedia.bulbagarden.net/wiki/Maschiff_(Pokémon)
  OK: {"name":"Maschiff","primaryType":"Dark","secondaryType":"","forms":[],"evolutionStage":"1","preEvolvePokemon":"","eggGroups":"Field","height":"1'08\"","weight":"35.3 lbs.","genderRatio":"50% male, 50% female","catchRate":"150 (29.5%)","hatchTime":"20 cycles"}

[943/1025] Mabosstiff -> https://bulbapedia.bulbagarden.net/wiki/Mabosstiff_(Pokémon)
  OK: {"name":"Mabosstiff","primaryType":"Dark","secondaryType":"","forms":[],"evolutionStage":"final","preEvolvePokemon":"Maschiff","eggGroups":"Field","height":"3'07\"","weight":"134.5 lbs.","genderRatio":"50% male, 50% female","catchRate":"75 (17.5%)","hatchTime":"20 cycles"}

[944/1025] Shroodle -> https://bulbapedia.bulbagarden.net/wiki/Shroodle_(Pokémon)
  OK: {"name":"Shroodle","primaryType":"Poison","secondaryType":"Normal","forms":[],"evolutionStage":"1","preEvolvePokemon":"","eggGroups":"Field","height":"0'08\"","weight":"1.5 lbs.","genderRatio":"50% male, 50% female","catchRate":"190 (35.2%)","hatchTime":"20 cycles"}

[945/1025] Grafaiai -> https://bulbapedia.bulbagarden.net/wiki/Grafaiai_(Pokémon)
  OK: {"name":"Grafaiai","primaryType":"Poison","secondaryType":"Normal","forms":[],"evolutionStage":"final","preEvolvePokemon":"Shroodle","eggGroups":"Field","height":"2'04\"","weight":"60.0 lbs.","genderRatio":"50% male, 50% female","catchRate":"90 (20.1%)","hatchTime":"20 cycles"}

[946/1025] Bramblin -> https://bulbapedia.bulbagarden.net/wiki/Bramblin_(Pokémon)
  OK: {"name":"Bramblin","primaryType":"Grass","secondaryType":"Ghost","forms":[],"evolutionStage":"1","preEvolvePokemon":"","eggGroups":"Grass","height":"2'00\"","weight":"1.3 lbs.","genderRatio":"50% male, 50% female","catchRate":"190 (35.2%)","hatchTime":"20 cycles"}

[947/1025] Brambleghast -> https://bulbapedia.bulbagarden.net/wiki/Brambleghast_(Pokémon)
  OK: {"name":"Brambleghast","primaryType":"Grass","secondaryType":"Ghost","forms":[],"evolutionStage":"final","preEvolvePokemon":"Bramblin","eggGroups":"Grass","height":"3'11\"","weight":"13.2 lbs.","genderRatio":"50% male, 50% female","catchRate":"45 (11.9%)","hatchTime":"20 cycles"}

[948/1025] Toedscool -> https://bulbapedia.bulbagarden.net/wiki/Toedscool_(Pokémon)
  OK: {"name":"Toedscool","primaryType":"Ground","secondaryType":"Grass","forms":[],"evolutionStage":"1","preEvolvePokemon":"","eggGroups":"Grass","height":"2'11\"","weight":"72.8 lbs.","genderRatio":"50% male, 50% female","catchRate":"190 (35.2%)","hatchTime":"20 cycles"}

[949/1025] Toedscruel -> https://bulbapedia.bulbagarden.net/wiki/Toedscruel_(Pokémon)
  OK: {"name":"Toedscruel","primaryType":"Ground","secondaryType":"Grass","forms":[],"evolutionStage":"final","preEvolvePokemon":"Toedscool","eggGroups":"Grass","height":"6'03\"","weight":"127.9 lbs.","genderRatio":"50% male, 50% female","catchRate":"90 (20.1%)","hatchTime":"20 cycles"}

[950/1025] Klawf -> https://bulbapedia.bulbagarden.net/wiki/Klawf_(Pokémon)
  OK: {"name":"Klawf","primaryType":"Rock","secondaryType":"","forms":[],"evolutionStage":"2","preEvolvePokemon":"","eggGroups":"Water 3","height":"4'03\"","weight":"174.2 lbs.","genderRatio":"50% male, 50% female","catchRate":"120 (24.9%)","hatchTime":"35 cycles"}

[951/1025] Capsakid -> https://bulbapedia.bulbagarden.net/wiki/Capsakid_(Pokémon)
  OK: {"name":"Capsakid","primaryType":"Grass","secondaryType":"","forms":[],"evolutionStage":"1","preEvolvePokemon":"","eggGroups":"Grass","height":"1'00\"","weight":"6.6 lbs.","genderRatio":"50% male, 50% female","catchRate":"190 (35.2%)","hatchTime":"20 cycles"}

[952/1025] Scovillain -> https://bulbapedia.bulbagarden.net/wiki/Scovillain_(Pokémon)
  OK: {"name":"Scovillain","primaryType":"Grass","secondaryType":"Fire","forms":["Mega Scovillain"],"evolutionStage":"final","preEvolvePokemon":"Capsakid","eggGroups":"Grass","height":"2'11\"","weight":"33.1 lbs.","genderRatio":"50% male, 50% female","catchRate":"75 (17.5%)","hatchTime":"20 cycles"}

[953/1025] Rellor -> https://bulbapedia.bulbagarden.net/wiki/Rellor_(Pokémon)
  OK: {"name":"Rellor","primaryType":"Bug","secondaryType":"","forms":[],"evolutionStage":"1","preEvolvePokemon":"","eggGroups":"Bug","height":"0'08\"","weight":"2.2 lbs.","genderRatio":"50% male, 50% female","catchRate":"190 (35.2%)","hatchTime":"20 cycles"}

[954/1025] Rabsca -> https://bulbapedia.bulbagarden.net/wiki/Rabsca_(Pokémon)
  OK: {"name":"Rabsca","primaryType":"Bug","secondaryType":"Psychic","forms":[],"evolutionStage":"final","preEvolvePokemon":"Rellor","eggGroups":"Bug","height":"1'00\"","weight":"7.7 lbs.","genderRatio":"50% male, 50% female","catchRate":"45 (11.9%)","hatchTime":"20 cycles"}

[955/1025] Flittle -> https://bulbapedia.bulbagarden.net/wiki/Flittle_(Pokémon)
  OK: {"name":"Flittle","primaryType":"Psychic","secondaryType":"Flying","forms":[],"evolutionStage":"1","preEvolvePokemon":"","eggGroups":"Flying","height":"0'08\"","weight":"3.3 lbs.","genderRatio":"50% male, 50% female","catchRate":"120 (24.9%)","hatchTime":"20 cycles"}

[956/1025] Espathra -> https://bulbapedia.bulbagarden.net/wiki/Espathra_(Pokémon)
  OK: {"name":"Espathra","primaryType":"Psychic","secondaryType":"Flying","forms":[],"evolutionStage":"final","preEvolvePokemon":"Flittle","eggGroups":"Flying","height":"6'03\"","weight":"198.4 lbs.","genderRatio":"50% male, 50% female","catchRate":"60 (14.8%)","hatchTime":"20 cycles"}

[957/1025] Tinkatink -> https://bulbapedia.bulbagarden.net/wiki/Tinkatink_(Pokémon)
  OK: {"name":"Tinkatink","primaryType":"Fairy","secondaryType":"Steel","forms":[],"evolutionStage":"1","preEvolvePokemon":"","eggGroups":"Fairy","height":"1'04\"","weight":"19.6 lbs.","genderRatio":"100% female","catchRate":"190 (35.2%)","hatchTime":"20 cycles"}

[958/1025] Tinkatuff -> https://bulbapedia.bulbagarden.net/wiki/Tinkatuff_(Pokémon)
  OK: {"name":"Tinkatuff","primaryType":"Fairy","secondaryType":"Steel","forms":[],"evolutionStage":"2","preEvolvePokemon":"Tinkatink","eggGroups":"Fairy","height":"2'04\"","weight":"130.3 lbs.","genderRatio":"100% female","catchRate":"90 (20.1%)","hatchTime":"20 cycles"}

[959/1025] Tinkaton -> https://bulbapedia.bulbagarden.net/wiki/Tinkaton_(Pokémon)
  OK: {"name":"Tinkaton","primaryType":"Fairy","secondaryType":"Steel","forms":[],"evolutionStage":"final","preEvolvePokemon":"Tinkatuff","eggGroups":"Fairy","height":"2'04\"","weight":"248.7 lbs.","genderRatio":"100% female","catchRate":"45 (11.9%)","hatchTime":"20 cycles"}

[960/1025] Wiglett -> https://bulbapedia.bulbagarden.net/wiki/Wiglett_(Pokémon)
  OK: {"name":"Wiglett","primaryType":"Water","secondaryType":"","forms":[],"evolutionStage":"1","preEvolvePokemon":"","eggGroups":"Water 3","height":"3'11\"","weight":"4.0 lbs.","genderRatio":"50% male, 50% female","catchRate":"255 (43.9%)","hatchTime":"20 cycles"}

[961/1025] Wugtrio -> https://bulbapedia.bulbagarden.net/wiki/Wugtrio_(Pokémon)
  OK: {"name":"Wugtrio","primaryType":"Water","secondaryType":"","forms":[],"evolutionStage":"final","preEvolvePokemon":"Wiglett","eggGroups":"Water 3","height":"3'11\"","weight":"11.9 lbs.","genderRatio":"50% male, 50% female","catchRate":"50 (12.9%)","hatchTime":"20 cycles"}

[962/1025] Bombirdier -> https://bulbapedia.bulbagarden.net/wiki/Bombirdier_(Pokémon)
  OK: {"name":"Bombirdier","primaryType":"Flying","secondaryType":"Dark","forms":[],"evolutionStage":"2","preEvolvePokemon":"","eggGroups":"Flying","height":"4'11\"","weight":"94.6 lbs.","genderRatio":"50% male, 50% female","catchRate":"25 (7.7%)","hatchTime":"35 cycles"}

[963/1025] Finizen -> https://bulbapedia.bulbagarden.net/wiki/Finizen_(Pokémon)
  OK: {"name":"Finizen","primaryType":"Water","secondaryType":"","forms":[],"evolutionStage":"1","preEvolvePokemon":"","eggGroups":"Field and Water 2","height":"4'03\"","weight":"132.7 lbs.","genderRatio":"50% male, 50% female","catchRate":"200 (36.6%)","hatchTime":"40 cycles"}

[964/1025] Palafin -> https://bulbapedia.bulbagarden.net/wiki/Palafin_(Pokémon)
  OK: {"name":"Palafin","primaryType":"Water","secondaryType":"","forms":["Zero Form","Hero Form"],"evolutionStage":"final","preEvolvePokemon":"Finizen","eggGroups":"Field and Water 2","height":"4'03\"","weight":"132.7 lbs.","genderRatio":"50% male, 50% female","catchRate":"45 (11.9%)","hatchTime":"40 cycles"}

[965/1025] Varoom -> https://bulbapedia.bulbagarden.net/wiki/Varoom_(Pokémon)
  OK: {"name":"Varoom","primaryType":"Steel","secondaryType":"Poison","forms":[],"evolutionStage":"1","preEvolvePokemon":"","eggGroups":"Mineral","height":"3'03\"","weight":"77.2 lbs.","genderRatio":"50% male, 50% female","catchRate":"190 (35.2%)","hatchTime":"20 cycles"}

[966/1025] Revavroom -> https://bulbapedia.bulbagarden.net/wiki/Revavroom_(Pokémon)
  OK: {"name":"Revavroom","primaryType":"Steel","secondaryType":"Poison","forms":[],"evolutionStage":"final","preEvolvePokemon":"Varoom","eggGroups":"Mineral","height":"5'11\"","weight":"264.6 lbs.","genderRatio":"50% male, 50% female","catchRate":"75 (17.5%)","hatchTime":"20 cycles"}

[967/1025] Cyclizar -> https://bulbapedia.bulbagarden.net/wiki/Cyclizar_(Pokémon)
  OK: {"name":"Cyclizar","primaryType":"Dragon","secondaryType":"Normal","forms":[],"evolutionStage":"2","preEvolvePokemon":"Paradox Pokémon","eggGroups":"Field","height":"5'03\"","weight":"138.9 lbs.","genderRatio":"50% male, 50% female","catchRate":"190 (35.2%)","hatchTime":"30 cycles"}

[968/1025] Orthworm -> https://bulbapedia.bulbagarden.net/wiki/Orthworm_(Pokémon)
  OK: {"name":"Orthworm","primaryType":"Steel","secondaryType":"","forms":[],"evolutionStage":"2","preEvolvePokemon":"","eggGroups":"Field","height":"8'02\"","weight":"683.4 lbs.","genderRatio":"50% male, 50% female","catchRate":"25 (7.7%)","hatchTime":"35 cycles"}

[969/1025] Glimmet -> https://bulbapedia.bulbagarden.net/wiki/Glimmet_(Pokémon)
  OK: {"name":"Glimmet","primaryType":"Rock","secondaryType":"Poison","forms":[],"evolutionStage":"1","preEvolvePokemon":"","eggGroups":"Mineral","height":"2'04\"","weight":"17.6 lbs.","genderRatio":"50% male, 50% female","catchRate":"70 (16.6%)","hatchTime":"30 cycles"}

[970/1025] Glimmora -> https://bulbapedia.bulbagarden.net/wiki/Glimmora_(Pokémon)
  OK: {"name":"Glimmora","primaryType":"Rock","secondaryType":"Poison","forms":["Mega Glimmora"],"evolutionStage":"final","preEvolvePokemon":"Glimmet","eggGroups":"Mineral","height":"4'11\"","weight":"99.2 lbs.","genderRatio":"50% male, 50% female","catchRate":"25 (7.7%)","hatchTime":"30 cycles"}

[971/1025] Greavard -> https://bulbapedia.bulbagarden.net/wiki/Greavard_(Pokémon)
  OK: {"name":"Greavard","primaryType":"Ghost","secondaryType":"","forms":[],"evolutionStage":"1","preEvolvePokemon":"","eggGroups":"Field","height":"2'00\"","weight":"77.2 lbs.","genderRatio":"50% male, 50% female","catchRate":"120 (24.9%)","hatchTime":"20 cycles"}

[972/1025] Houndstone -> https://bulbapedia.bulbagarden.net/wiki/Houndstone_(Pokémon)
  OK: {"name":"Houndstone","primaryType":"Ghost","secondaryType":"","forms":[],"evolutionStage":"final","preEvolvePokemon":"Greavard","eggGroups":"Field","height":"6'07\"","weight":"33.1 lbs.","genderRatio":"50% male, 50% female","catchRate":"60 (14.8%)","hatchTime":"20 cycles"}

[973/1025] Flamigo -> https://bulbapedia.bulbagarden.net/wiki/Flamigo_(Pokémon)
  OK: {"name":"Flamigo","primaryType":"Flying","secondaryType":"Fighting","forms":[],"evolutionStage":"2","preEvolvePokemon":"","eggGroups":"Flying","height":"5'03\"","weight":"81.6 lbs.","genderRatio":"50% male, 50% female","catchRate":"100 (21.7%)","hatchTime":"20 cycles"}

[974/1025] Cetoddle -> https://bulbapedia.bulbagarden.net/wiki/Cetoddle_(Pokémon)
  OK: {"name":"Cetoddle","primaryType":"Ice","secondaryType":"","forms":[],"evolutionStage":"1","preEvolvePokemon":"","eggGroups":"Field","height":"3'11\"","weight":"99.2 lbs.","genderRatio":"50% male, 50% female","catchRate":"150 (29.5%)","hatchTime":"25 cycles"}

[975/1025] Cetitan -> https://bulbapedia.bulbagarden.net/wiki/Cetitan_(Pokémon)
  OK: {"name":"Cetitan","primaryType":"Ice","secondaryType":"","forms":[],"evolutionStage":"final","preEvolvePokemon":"Cetoddle","eggGroups":"Field","height":"14'09\"","weight":"1,543.2 lbs.","genderRatio":"50% male, 50% female","catchRate":"50 (12.9%)","hatchTime":"25 cycles"}

[976/1025] Veluza -> https://bulbapedia.bulbagarden.net/wiki/Veluza_(Pokémon)
  OK: {"name":"Veluza","primaryType":"Water","secondaryType":"Psychic","forms":[],"evolutionStage":"2","preEvolvePokemon":"","eggGroups":"Water 2","height":"8'02\"","weight":"198.4 lbs.","genderRatio":"50% male, 50% female","catchRate":"100 (21.7%)","hatchTime":"20 cycles"}

[977/1025] Dondozo -> https://bulbapedia.bulbagarden.net/wiki/Dondozo_(Pokémon)
  OK: {"name":"Dondozo","primaryType":"Water","secondaryType":"","forms":[],"evolutionStage":"2","preEvolvePokemon":"","eggGroups":"Water 2","height":"39'04\"","weight":"485.0 lbs.","genderRatio":"50% male, 50% female","catchRate":"25 (7.7%)","hatchTime":"40 cycles"}

[978/1025] Tatsugiri -> https://bulbapedia.bulbagarden.net/wiki/Tatsugiri_(Pokémon)
  OK: {"name":"Tatsugiri","primaryType":"Dragon","secondaryType":"Water","forms":["Curly Form","Droopy Form","Stretchy Form","Mega Tatsugiri"],"evolutionStage":"2","preEvolvePokemon":"Mega Evolve","eggGroups":"Water 2","height":"1'00\"","weight":"17.6 lbs.","genderRatio":"50% male, 50% female","catchRate":"100 (21.7%)","hatchTime":"35 cycles"}

[979/1025] Annihilape -> https://bulbapedia.bulbagarden.net/wiki/Annihilape_(Pokémon)
  OK: {"name":"Annihilape","primaryType":"Fighting","secondaryType":"Ghost","forms":[],"evolutionStage":"final","preEvolvePokemon":"Primeape","eggGroups":"Field","height":"3'11\"","weight":"123.5 lbs.","genderRatio":"50% male, 50% female","catchRate":"45 (11.9%)","hatchTime":"20 cycles"}

[980/1025] Clodsire -> https://bulbapedia.bulbagarden.net/wiki/Clodsire_(Pokémon)
  OK: {"name":"Clodsire","primaryType":"Poison","secondaryType":"Ground","forms":[],"evolutionStage":"final","preEvolvePokemon":"Paldean","eggGroups":"Water 1 and Field","height":"5'11\"","weight":"491.6 lbs.","genderRatio":"50% male, 50% female","catchRate":"90 (20.1%)","hatchTime":"20 cycles"}

[981/1025] Farigiraf -> https://bulbapedia.bulbagarden.net/wiki/Farigiraf_(Pokémon)
  OK: {"name":"Farigiraf","primaryType":"Normal","secondaryType":"Psychic","forms":[],"evolutionStage":"final","preEvolvePokemon":"Girafarig","eggGroups":"Field","height":"10'06\"","weight":"352.7 lbs.","genderRatio":"50% male, 50% female","catchRate":"45 (11.9%)","hatchTime":"20 cycles"}

[982/1025] Dudunsparce -> https://bulbapedia.bulbagarden.net/wiki/Dudunsparce_(Pokémon)
  OK: {"name":"Dudunsparce","primaryType":"Normal","secondaryType":"","forms":["Two-Segment Form","Three-Segment Form"],"evolutionStage":"final","preEvolvePokemon":"Dunsparce","eggGroups":"Field","height":"11'10\"","weight":"86.4 lbs.","genderRatio":"50% male, 50% female","catchRate":"45 (11.9%)","hatchTime":"20 cycles"}

[983/1025] Kingambit -> https://bulbapedia.bulbagarden.net/wiki/Kingambit_(Pokémon)
  OK: {"name":"Kingambit","primaryType":"Dark","secondaryType":"Steel","forms":[],"evolutionStage":"final","preEvolvePokemon":"Bisharp","eggGroups":"Human-Like","height":"6'07\"","weight":"264.6 lbs.","genderRatio":"50% male, 50% female","catchRate":"25 (7.7%)","hatchTime":"20 cycles"}

[984/1025] Great Tusk -> https://bulbapedia.bulbagarden.net/wiki/Great%20Tusk_(Pokémon)
  OK: {"name":"Great Tusk","primaryType":"Ground","secondaryType":"Fighting","forms":[],"evolutionStage":"2","preEvolvePokemon":"Donphan","eggGroups":"No Eggs Discovered","height":"7'03\"","weight":"705.5 lbs.","genderRatio":"Gender unknown","catchRate":"30 (8.8%)","hatchTime":"50 cycles Egg not obtainable"}

[985/1025] Scream Tail -> https://bulbapedia.bulbagarden.net/wiki/Scream%20Tail_(Pokémon)
  OK: {"name":"Scream Tail","primaryType":"Fairy","secondaryType":"Psychic","forms":[],"evolutionStage":"2","preEvolvePokemon":"Jigglypuff","eggGroups":"No Eggs Discovered","height":"3'11\"","weight":"17.6 lbs.","genderRatio":"Gender unknown","catchRate":"50 (12.9%)","hatchTime":"50 cycles"}

[986/1025] Brute Bonnet -> https://bulbapedia.bulbagarden.net/wiki/Brute%20Bonnet_(Pokémon)
  OK: {"name":"Brute Bonnet","primaryType":"Grass","secondaryType":"Dark","forms":[],"evolutionStage":"2","preEvolvePokemon":"Amoonguss","eggGroups":"No Eggs Discovered","height":"3'11\"","weight":"46.3 lbs.","genderRatio":"Gender unknown","catchRate":"50 (12.9%)","hatchTime":"50 cycles"}

[987/1025] Flutter Mane -> https://bulbapedia.bulbagarden.net/wiki/Flutter%20Mane_(Pokémon)
  OK: {"name":"Flutter Mane","primaryType":"Ghost","secondaryType":"Fairy","forms":[],"evolutionStage":"2","preEvolvePokemon":"Misdreavus","eggGroups":"No Eggs Discovered","height":"4'07\"","weight":"8.8 lbs.","genderRatio":"Gender unknown","catchRate":"30 (8.8%)","hatchTime":"50 cycles"}

[988/1025] Slither Wing -> https://bulbapedia.bulbagarden.net/wiki/Slither%20Wing_(Pokémon)
  OK: {"name":"Slither Wing","primaryType":"Bug","secondaryType":"Fighting","forms":[],"evolutionStage":"2","preEvolvePokemon":"Volcarona","eggGroups":"No Eggs Discovered","height":"10'06\"","weight":"202.8 lbs.","genderRatio":"Gender unknown","catchRate":"30 (8.8%)","hatchTime":"50 cycles"}

[989/1025] Sandy Shocks -> https://bulbapedia.bulbagarden.net/wiki/Sandy%20Shocks_(Pokémon)
  OK: {"name":"Sandy Shocks","primaryType":"Electric","secondaryType":"Ground","forms":[],"evolutionStage":"2","preEvolvePokemon":"Magneton","eggGroups":"No Eggs Discovered","height":"7'07\"","weight":"132.3 lbs.","genderRatio":"Gender unknown","catchRate":"30 (8.8%)","hatchTime":"50 cycles"}

[990/1025] Iron Treads -> https://bulbapedia.bulbagarden.net/wiki/Iron%20Treads_(Pokémon)
  OK: {"name":"Iron Treads","primaryType":"Ground","secondaryType":"Steel","forms":[],"evolutionStage":"2","preEvolvePokemon":"Donphan","eggGroups":"No Eggs Discovered","height":"2'11\"","weight":"529.2 lbs.","genderRatio":"Gender unknown","catchRate":"30 (8.8%)","hatchTime":"50 cycles"}

[991/1025] Iron Bundle -> https://bulbapedia.bulbagarden.net/wiki/Iron%20Bundle_(Pokémon)
  OK: {"name":"Iron Bundle","primaryType":"Ice","secondaryType":"Water","forms":[],"evolutionStage":"2","preEvolvePokemon":"Delibird","eggGroups":"No Eggs Discovered","height":"2'00\"","weight":"24.3 lbs.","genderRatio":"Gender unknown","catchRate":"50 (12.9%)","hatchTime":"50 cycles"}

[992/1025] Iron Hands -> https://bulbapedia.bulbagarden.net/wiki/Iron%20Hands_(Pokémon)
  OK: {"name":"Iron Hands","primaryType":"Fighting","secondaryType":"Electric","forms":[],"evolutionStage":"2","preEvolvePokemon":"Hariyama","eggGroups":"No Eggs Discovered","height":"5'11\"","weight":"839.3 lbs.","genderRatio":"Gender unknown","catchRate":"50 (12.9%)","hatchTime":"50 cycles Egg not obtainable"}

[993/1025] Iron Jugulis -> https://bulbapedia.bulbagarden.net/wiki/Iron%20Jugulis_(Pokémon)
  OK: {"name":"Iron Jugulis","primaryType":"Dark","secondaryType":"Flying","forms":[],"evolutionStage":"2","preEvolvePokemon":"Hydreigon","eggGroups":"No Eggs Discovered","height":"4'03\"","weight":"244.7 lbs.","genderRatio":"Gender unknown","catchRate":"30 (8.8%)","hatchTime":"50 cycles"}

[994/1025] Iron Moth -> https://bulbapedia.bulbagarden.net/wiki/Iron%20Moth_(Pokémon)
  OK: {"name":"Iron Moth","primaryType":"Fire","secondaryType":"Poison","forms":[],"evolutionStage":"2","preEvolvePokemon":"Volcarona","eggGroups":"No Eggs Discovered","height":"3'11\"","weight":"79.4 lbs.","genderRatio":"Gender unknown","catchRate":"30 (8.8%)","hatchTime":"50 cycles"}

[995/1025] Iron Thorns -> https://bulbapedia.bulbagarden.net/wiki/Iron%20Thorns_(Pokémon)
  OK: {"name":"Iron Thorns","primaryType":"Rock","secondaryType":"Electric","forms":[],"evolutionStage":"2","preEvolvePokemon":"Tyranitar","eggGroups":"No Eggs Discovered","height":"5'03\"","weight":"668.0 lbs.","genderRatio":"Gender unknown","catchRate":"30 (8.8%)","hatchTime":"50 cycles"}

[996/1025] Frigibax -> https://bulbapedia.bulbagarden.net/wiki/Frigibax_(Pokémon)
  OK: {"name":"Frigibax","primaryType":"Dragon","secondaryType":"Ice","forms":[],"evolutionStage":"1","preEvolvePokemon":"","eggGroups":"Dragon and Mineral","height":"1'08\"","weight":"37.5 lbs.","genderRatio":"50% male, 50% female","catchRate":"45 (11.9%)","hatchTime":"40 cycles"}

[997/1025] Arctibax -> https://bulbapedia.bulbagarden.net/wiki/Arctibax_(Pokémon)
  OK: {"name":"Arctibax","primaryType":"Dragon","secondaryType":"Ice","forms":[],"evolutionStage":"2","preEvolvePokemon":"Frigibax","eggGroups":"Dragon and Mineral","height":"2'07\"","weight":"66.1 lbs.","genderRatio":"50% male, 50% female","catchRate":"25 (7.7%)","hatchTime":"40 cycles"}

[998/1025] Baxcalibur -> https://bulbapedia.bulbagarden.net/wiki/Baxcalibur_(Pokémon)
  OK: {"name":"Baxcalibur","primaryType":"Dragon","secondaryType":"Ice","forms":["Mega Baxcalibur"],"evolutionStage":"final","preEvolvePokemon":"Arctibax","eggGroups":"Dragon and Mineral","height":"6'11\"","weight":"463.0 lbs.","genderRatio":"50% male, 50% female","catchRate":"10 (3.9%)","hatchTime":"40 cycles"}

[999/1025] Gimmighoul -> https://bulbapedia.bulbagarden.net/wiki/Gimmighoul_(Pokémon)
  OK: {"name":"Gimmighoul","primaryType":"Ghost","secondaryType":"","forms":["Chest Form","Roaming Form"],"evolutionStage":"1","preEvolvePokemon":"","eggGroups":"No Eggs Discovered","height":"1'00\"","weight":"11.0 lbs.","genderRatio":"Gender unknown","catchRate":"45 (11.9%)","hatchTime":"50 cycles Egg not obtainable"}

[1000/1025] Gholdengo -> https://bulbapedia.bulbagarden.net/wiki/Gholdengo_(Pokémon)
  OK: {"name":"Gholdengo","primaryType":"Steel","secondaryType":"Ghost","forms":[],"evolutionStage":"final","preEvolvePokemon":"Gimmighoul","eggGroups":"No Eggs Discovered","height":"3'11\"","weight":"66.1 lbs.","genderRatio":"Gender unknown","catchRate":"45 (11.9%)","hatchTime":"50 cycles Egg not obtainable"}

[1001/1025] Wo-Chien -> https://bulbapedia.bulbagarden.net/wiki/Wo-Chien_(Pokémon)
  OK: {"name":"Wo-Chien","primaryType":"Dark","secondaryType":"Grass","forms":[],"evolutionStage":"2","preEvolvePokemon":"","eggGroups":"No Eggs Discovered","height":"4'11\"","weight":"163.6 lbs.","genderRatio":"Gender unknown","catchRate":"6 (2.6%)","hatchTime":"50 cycles Egg not obtainable"}

[1002/1025] Chien-Pao -> https://bulbapedia.bulbagarden.net/wiki/Chien-Pao_(Pokémon)
  OK: {"name":"Chien-Pao","primaryType":"Dark","secondaryType":"Ice","forms":[],"evolutionStage":"2","preEvolvePokemon":"","eggGroups":"No Eggs Discovered","height":"6'03\"","weight":"335.5 lbs.","genderRatio":"Gender unknown","catchRate":"6 (2.6%)","hatchTime":"50 cycles Egg not obtainable"}

[1003/1025] Ting-Lu -> https://bulbapedia.bulbagarden.net/wiki/Ting-Lu_(Pokémon)
  OK: {"name":"Ting-Lu","primaryType":"Dark","secondaryType":"Ground","forms":[],"evolutionStage":"2","preEvolvePokemon":"","eggGroups":"No Eggs Discovered","height":"8'10\"","weight":"1542.6 lbs.","genderRatio":"Gender unknown","catchRate":"6 (2.6%)","hatchTime":"50 cycles Egg not obtainable"}

[1004/1025] Chi-Yu -> https://bulbapedia.bulbagarden.net/wiki/Chi-Yu_(Pokémon)
  OK: {"name":"Chi-Yu","primaryType":"Dark","secondaryType":"Fire","forms":[],"evolutionStage":"2","preEvolvePokemon":"","eggGroups":"No Eggs Discovered","height":"1'04\"","weight":"10.8 lbs.","genderRatio":"Gender unknown","catchRate":"6 (2.6%)","hatchTime":"50 cycles Egg not obtainable"}

[1005/1025] Roaring Moon -> https://bulbapedia.bulbagarden.net/wiki/Roaring%20Moon_(Pokémon)
  OK: {"name":"Roaring Moon","primaryType":"Dragon","secondaryType":"Dark","forms":[],"evolutionStage":"2","preEvolvePokemon":"Mega","eggGroups":"No Eggs Discovered","height":"6'07\"","weight":"837.8 lbs.","genderRatio":"Gender unknown","catchRate":"10 (3.9%)","hatchTime":"50 cycles Egg not obtainable"}

[1006/1025] Iron Valiant -> https://bulbapedia.bulbagarden.net/wiki/Iron%20Valiant_(Pokémon)
  OK: {"name":"Iron Valiant","primaryType":"Fairy","secondaryType":"Fighting","forms":[],"evolutionStage":"2","preEvolvePokemon":"Gardevoir","eggGroups":"No Eggs Discovered","height":"4'07\"","weight":"77.2 lbs.","genderRatio":"Gender unknown","catchRate":"10 (3.9%)","hatchTime":"50 cycles Egg not obtainable"}

[1007/1025] Koraidon -> https://bulbapedia.bulbagarden.net/wiki/Koraidon_(Pokémon)
  OK: {"name":"Koraidon","primaryType":"Fighting","secondaryType":"Dragon","forms":["Apex Build","Limited Build","Sprinting Build","Swimming Build","Gliding Build"],"evolutionStage":"2","preEvolvePokemon":"Cyclizar","eggGroups":"No Eggs Discovered","height":"8'02\"","weight":"668.0 lbs.","genderRatio":"Gender unknown","catchRate":"3 (1.6%)","hatchTime":"50 cycles Egg not obtainable"}

[1008/1025] Miraidon -> https://bulbapedia.bulbagarden.net/wiki/Miraidon_(Pokémon)
  OK: {"name":"Miraidon","primaryType":"Electric","secondaryType":"Dragon","forms":["Ultimate Mode","Low-Power Mode","Drive Mode","Aquatic Mode","Glide Mode"],"evolutionStage":"2","preEvolvePokemon":"Cyclizar","eggGroups":"No Eggs Discovered","height":"11'06\"","weight":"529.1 lbs.","genderRatio":"Gender unknown","catchRate":"3 (1.6%)","hatchTime":"50 cycles Egg not obtainable"}

[1009/1025] Walking Wake -> https://bulbapedia.bulbagarden.net/wiki/Walking%20Wake_(Pokémon)
  OK: {"name":"Walking Wake","primaryType":"Water","secondaryType":"Dragon","forms":[],"evolutionStage":"2","preEvolvePokemon":"Suicune","eggGroups":"No Eggs Discovered","height":"11'06\"","weight":"617.3 lbs.","genderRatio":"Gender unknown","catchRate":"5 (2.3%)","hatchTime":"50 cycles Egg not obtainable"}

[1010/1025] Iron Leaves -> https://bulbapedia.bulbagarden.net/wiki/Iron%20Leaves_(Pokémon)
  OK: {"name":"Iron Leaves","primaryType":"Grass","secondaryType":"Psychic","forms":[],"evolutionStage":"2","preEvolvePokemon":"Virizion","eggGroups":"No Eggs Discovered","height":"4'11\"","weight":"275.6 lbs.","genderRatio":"Gender unknown","catchRate":"5 (2.3%)","hatchTime":"50 cycles Egg not obtainable"}

[1011/1025] Dipplin -> https://bulbapedia.bulbagarden.net/wiki/Dipplin_(Pokémon)
  OK: {"name":"Dipplin","primaryType":"Grass","secondaryType":"Dragon","forms":[],"evolutionStage":"2","preEvolvePokemon":"Applin","eggGroups":"Grass and Dragon","height":"1'04\"","weight":"9.7 lbs.","genderRatio":"50% male, 50% female","catchRate":"45 (11.9%)","hatchTime":"20 cycles"}

[1012/1025] Poltchageist -> https://bulbapedia.bulbagarden.net/wiki/Poltchageist_(Pokémon)
  OK: {"name":"Poltchageist","primaryType":"Grass","secondaryType":"Ghost","forms":["Counterfeit Form","Artisan Form"],"evolutionStage":"1","preEvolvePokemon":"","eggGroups":"Mineral and Amorphous","height":"0'04\"","weight":"2.4 lbs.","genderRatio":"Gender unknown","catchRate":"120 (24.9%)","hatchTime":"20 cycles"}

[1013/1025] Sinistcha -> https://bulbapedia.bulbagarden.net/wiki/Sinistcha_(Pokémon)
  OK: {"name":"Sinistcha","primaryType":"Grass","secondaryType":"Ghost","forms":["Unremarkable Form","Masterpiece Form"],"evolutionStage":"final","preEvolvePokemon":"Poltchageist","eggGroups":"Mineral and Amorphous","height":"0'08\"","weight":"4.9 lbs.","genderRatio":"Gender unknown","catchRate":"60 (14.8%)","hatchTime":"20 cycles"}

[1014/1025] Okidogi -> https://bulbapedia.bulbagarden.net/wiki/Okidogi_(Pokémon)
  OK: {"name":"Okidogi","primaryType":"Poison","secondaryType":"Fighting","forms":[],"evolutionStage":"2","preEvolvePokemon":"","eggGroups":"No Eggs Discovered","height":"5'11\"","weight":"203.3 lbs.","genderRatio":"100% male","catchRate":"3 (1.6%)","hatchTime":"120 cycles Egg not obtainable"}

[1015/1025] Munkidori -> https://bulbapedia.bulbagarden.net/wiki/Munkidori_(Pokémon)
  OK: {"name":"Munkidori","primaryType":"Poison","secondaryType":"Psychic","forms":[],"evolutionStage":"2","preEvolvePokemon":"","eggGroups":"No Eggs Discovered","height":"3'03\"","weight":"26.9 lbs.","genderRatio":"100% male","catchRate":"3 (1.6%)","hatchTime":"120 cycles Egg not obtainable"}

[1016/1025] Fezandipiti -> https://bulbapedia.bulbagarden.net/wiki/Fezandipiti_(Pokémon)
  OK: {"name":"Fezandipiti","primaryType":"Poison","secondaryType":"Fairy","forms":[],"evolutionStage":"2","preEvolvePokemon":"","eggGroups":"No Eggs Discovered","height":"4'07\"","weight":"66.4 lbs.","genderRatio":"100% male","catchRate":"3 (1.6%)","hatchTime":"120 cycles Egg not obtainable"}

[1017/1025] Ogerpon -> https://bulbapedia.bulbagarden.net/wiki/Ogerpon_(Pokémon)
  OK: {"name":"Ogerpon","primaryType":"Grass","secondaryType":"Water","forms":["Teal Mask","Wellspring Mask","Hearthflame Mask","Cornerstone Mask"],"evolutionStage":"2","preEvolvePokemon":"type","eggGroups":"No Eggs Discovered","height":"3'11\"","weight":"87.7 lbs.","genderRatio":"100% female","catchRate":"5 (2.3%)","hatchTime":"10 cycles Egg not obtainable"}

[1018/1025] Archaludon -> https://bulbapedia.bulbagarden.net/wiki/Archaludon_(Pokémon)
  OK: {"name":"Archaludon","primaryType":"Steel","secondaryType":"Dragon","forms":[],"evolutionStage":"final","preEvolvePokemon":"Duraludon","eggGroups":"Mineral and Dragon","height":"6'07\"","weight":"132.3 lbs.","genderRatio":"50% male, 50% female","catchRate":"10 (3.9%)","hatchTime":"30 cycles"}

[1019/1025] Hydrapple -> https://bulbapedia.bulbagarden.net/wiki/Hydrapple_(Pokémon)
  OK: {"name":"Hydrapple","primaryType":"Grass","secondaryType":"Dragon","forms":[],"evolutionStage":"final","preEvolvePokemon":"Dipplin","eggGroups":"Grass and Dragon","height":"5'11\"","weight":"205.0 lbs.","genderRatio":"50% male, 50% female","catchRate":"10 (3.9%)","hatchTime":"20 cycles"}

[1020/1025] Gouging Fire -> https://bulbapedia.bulbagarden.net/wiki/Gouging%20Fire_(Pokémon)
  OK: {"name":"Gouging Fire","primaryType":"Fire","secondaryType":"Dragon","forms":[],"evolutionStage":"2","preEvolvePokemon":"Entei","eggGroups":"No Eggs Discovered","height":"11'06\"","weight":"1300.7 lbs.","genderRatio":"Gender unknown","catchRate":"10 (3.9%)","hatchTime":"50 cycles Egg not obtainable"}

[1021/1025] Raging Bolt -> https://bulbapedia.bulbagarden.net/wiki/Raging%20Bolt_(Pokémon)
  OK: {"name":"Raging Bolt","primaryType":"Electric","secondaryType":"Dragon","forms":[],"evolutionStage":"2","preEvolvePokemon":"Raikou","eggGroups":"No Eggs Discovered","height":"17'01\"","weight":"1,058.2 lbs.","genderRatio":"Gender unknown","catchRate":"10 (3.9%)","hatchTime":"50 cycles Egg not obtainable"}

[1022/1025] Iron Boulder -> https://bulbapedia.bulbagarden.net/wiki/Iron%20Boulder_(Pokémon)
  OK: {"name":"Iron Boulder","primaryType":"Rock","secondaryType":"Psychic","forms":[],"evolutionStage":"2","preEvolvePokemon":"Terrakion","eggGroups":"No Eggs Discovered","height":"4'11\"","weight":"358.2 lbs.","genderRatio":"Gender unknown","catchRate":"10 (3.9%)","hatchTime":"50 cycles Egg not obtainable"}

[1023/1025] Iron Crown -> https://bulbapedia.bulbagarden.net/wiki/Iron%20Crown_(Pokémon)
  OK: {"name":"Iron Crown","primaryType":"Steel","secondaryType":"Psychic","forms":[],"evolutionStage":"2","preEvolvePokemon":"Cobalion","eggGroups":"No Eggs Discovered","height":"5'03\"","weight":"343.9 lbs.","genderRatio":"Gender unknown","catchRate":"10 (3.9%)","hatchTime":"50 cycles Egg not obtainable"}

[1024/1025] Terapagos -> https://bulbapedia.bulbagarden.net/wiki/Terapagos_(Pokémon)
  OK: {"name":"Terapagos","primaryType":"Normal","secondaryType":"","forms":["Normal Form","Terastal Form","Stellar Form"],"evolutionStage":"2","preEvolvePokemon":"Stellar-type","eggGroups":"No Eggs Discovered","height":"0'08\"","weight":"14.3 lbs.","genderRatio":"50% male, 50% female","catchRate":"255 (43.9%)","hatchTime":"5 cycles Egg not obtainable"}

[1025/1025] Pecharunt -> https://bulbapedia.bulbagarden.net/wiki/Pecharunt_(Pokémon)
  OK: {"name":"Pecharunt","primaryType":"Poison","secondaryType":"Ghost","forms":[],"evolutionStage":"2","preEvolvePokemon":"","eggGroups":"No Eggs Discovered","height":"1'00\"","weight":"0.7 lbs.","genderRatio":"Gender unknown","catchRate":"3 (1.6%)","hatchTime":"20 cycles Egg not obtainable"}

==============================
Done. Scraped 1021/1025 Pokemon.
Saved to pokemon-data.json

6 failure(s):
  - Ho-oh: No infobox found
  - Sol: No infobox found
  - Scatter: No infobox found
  - Cele Steela: No infobox found
  - Blip: No infobox found
  - Mr.Rime: No infobox found
==============================

