Launching browser...
Browser launched.
Found 1025 Pokemon in CSV
Resuming: 448 Pokemon already scraped in pokemon-data.json.
580 Pokemon left to scrape.

[45/1025] Vileplume -> https://bulbapedia.bulbagarden.net/wiki/Vileplume_(Pokémon)
  OK: {"name":"Vileplume","primaryType":"Grass","secondaryType":"Poison","forms":[],"evolutionStage":"final","preEvolvePokemon":"Gloom","eggGroups":"Grass","height":"3'11\"","weight":"41.0 lbs.","genderRatio":"50% male, 50% female","catchRate":"45 (11.9%)","hatchTime":"20 cycles"}

[47/1025] Parasect -> https://bulbapedia.bulbagarden.net/wiki/Parasect_(Pokémon)
  OK: {"name":"Parasect","primaryType":"Bug","secondaryType":"Grass","forms":[],"evolutionStage":"final","preEvolvePokemon":"Paras","eggGroups":"Bug and Grass","height":"3'03\"","weight":"65.0 lbs.","genderRatio":"50% male, 50% female","catchRate":"75 (17.5%)","hatchTime":"20 cycles"}

[49/1025] Venomoth -> https://bulbapedia.bulbagarden.net/wiki/Venomoth_(Pokémon)
  OK: {"name":"Venomoth","primaryType":"Bug","secondaryType":"Poison","forms":[],"evolutionStage":"final","preEvolvePokemon":"Venonat","eggGroups":"Bug","height":"4'11\"","weight":"27.6 lbs.","genderRatio":"50% male, 50% female","catchRate":"75 (17.5%)","hatchTime":"20 cycles"}

[51/1025] Dugtrio -> https://bulbapedia.bulbagarden.net/wiki/Dugtrio_(Pokémon)
  OK: {"name":"Dugtrio","primaryType":"Ground","secondaryType":"Steel","forms":["Alolan Dugtrio"],"evolutionStage":"final","preEvolvePokemon":"Diglett","eggGroups":"Field","height":"2'04\"","weight":"73.4 lbs.","genderRatio":"50% male, 50% female","catchRate":"50 (12.9%)","hatchTime":"20 cycles"}

[53/1025] Persian -> https://bulbapedia.bulbagarden.net/wiki/Persian_(Pokémon)
  OK: {"name":"Persian","primaryType":"Normal","secondaryType":"Dark","forms":["Alolan Persian"],"evolutionStage":"final","preEvolvePokemon":"Meowth","eggGroups":"Field","height":"3'03\"","weight":"70.5 lbs.","genderRatio":"50% male, 50% female","catchRate":"90 (20.1%)","hatchTime":"20 cycles"}

[55/1025] Golduck -> https://bulbapedia.bulbagarden.net/wiki/Golduck_(Pokémon)
  OK: {"name":"Golduck","primaryType":"Water","secondaryType":"","forms":[],"evolutionStage":"final","preEvolvePokemon":"Psyduck","eggGroups":"Water 1 and Field","height":"5'07\"","weight":"168.9 lbs.","genderRatio":"50% male, 50% female","catchRate":"75 (17.5%)","hatchTime":"20 cycles"}

[57/1025] Primeape -> https://bulbapedia.bulbagarden.net/wiki/Primeape_(Pokémon)
  OK: {"name":"Primeape","primaryType":"Fighting","secondaryType":"","forms":[],"evolutionStage":"2","preEvolvePokemon":"Mankey","eggGroups":"Field","height":"3'03\"","weight":"70.5 lbs.","genderRatio":"50% male, 50% female","catchRate":"75 (17.5%)","hatchTime":"20 cycles"}

[59/1025] Arcanine -> https://bulbapedia.bulbagarden.net/wiki/Arcanine_(Pokémon)
  OK: {"name":"Arcanine","primaryType":"Fire","secondaryType":"Rock","forms":["Hisuian Arcanine"],"evolutionStage":"final","preEvolvePokemon":"Growlithe","eggGroups":"Field","height":"6'03\"","weight":"341.7 lbs.","genderRatio":"75% male, 25% female","catchRate":"75 (17.5%)","hatchTime":"20 cycles"}

[61/1025] Poliwhirl -> https://bulbapedia.bulbagarden.net/wiki/Poliwhirl_(Pokémon)
  OK: {"name":"Poliwhirl","primaryType":"Water","secondaryType":"","forms":[],"evolutionStage":"2","preEvolvePokemon":"Poliwag","eggGroups":"Water 1","height":"3'03\"","weight":"44.1 lbs.","genderRatio":"50% male, 50% female","catchRate":"120 (24.9%)","hatchTime":"20 cycles"}

[62/1025] Poliwrath -> https://bulbapedia.bulbagarden.net/wiki/Poliwrath_(Pokémon)
  OK: {"name":"Poliwrath","primaryType":"Water","secondaryType":"Fighting","forms":[],"evolutionStage":"final","preEvolvePokemon":"Poliwhirl","eggGroups":"Water 1","height":"4'03\"","weight":"119.0 lbs.","genderRatio":"50% male, 50% female","catchRate":"45 (11.9%)","hatchTime":"20 cycles"}

[64/1025] Kadabra -> https://bulbapedia.bulbagarden.net/wiki/Kadabra_(Pokémon)
  OK: {"name":"Kadabra","primaryType":"Psychic","secondaryType":"","forms":[],"evolutionStage":"2","preEvolvePokemon":"Abra","eggGroups":"Human-Like","height":"4'03\"","weight":"124.6 lbs.","genderRatio":"75% male, 25% female","catchRate":"100 (21.7%)","hatchTime":"20 cycles"}

[65/1025] Alakazam -> https://bulbapedia.bulbagarden.net/wiki/Alakazam_(Pokémon)
  OK: {"name":"Alakazam","primaryType":"Psychic","secondaryType":"","forms":["Mega Alakazam"],"evolutionStage":"final","preEvolvePokemon":"Kadabra","eggGroups":"Human-Like","height":"4'11\"","weight":"105.8 lbs.","genderRatio":"75% male, 25% female","catchRate":"50 (12.9%)","hatchTime":"20 cycles"}

[67/1025] Machoke -> https://bulbapedia.bulbagarden.net/wiki/Machoke_(Pokémon)
  OK: {"name":"Machoke","primaryType":"Fighting","secondaryType":"","forms":[],"evolutionStage":"2","preEvolvePokemon":"Machop","eggGroups":"Human-Like","height":"4'11\"","weight":"155.4 lbs.","genderRatio":"75% male, 25% female","catchRate":"90 (20.1%)","hatchTime":"20 cycles"}

[68/1025] Machamp -> https://bulbapedia.bulbagarden.net/wiki/Machamp_(Pokémon)
  OK: {"name":"Machamp","primaryType":"Fighting","secondaryType":"","forms":[],"evolutionStage":"final","preEvolvePokemon":"Machoke","eggGroups":"Human-Like","height":"5'03\"","weight":"286.6 lbs.","genderRatio":"75% male, 25% female","catchRate":"45 (11.9%)","hatchTime":"20 cycles"}

[70/1025] Weepinbell -> https://bulbapedia.bulbagarden.net/wiki/Weepinbell_(Pokémon)
  OK: {"name":"Weepinbell","primaryType":"Grass","secondaryType":"Poison","forms":[],"evolutionStage":"2","preEvolvePokemon":"Bellsprout","eggGroups":"Grass","height":"3'03\"","weight":"14.1 lbs.","genderRatio":"50% male, 50% female","catchRate":"120 (24.9%)","hatchTime":"20 cycles"}

[71/1025] Victreebel -> https://bulbapedia.bulbagarden.net/wiki/Victreebel_(Pokémon)
  OK: {"name":"Victreebel","primaryType":"Grass","secondaryType":"Poison","forms":["Mega Victreebel"],"evolutionStage":"final","preEvolvePokemon":"Weepinbell","eggGroups":"Grass","height":"5'07\"","weight":"34.2 lbs.","genderRatio":"50% male, 50% female","catchRate":"45 (11.9%)","hatchTime":"20 cycles"}

[73/1025] Tentacruel -> https://bulbapedia.bulbagarden.net/wiki/Tentacruel_(Pokémon)
  OK: {"name":"Tentacruel","primaryType":"Water","secondaryType":"Poison","forms":[],"evolutionStage":"final","preEvolvePokemon":"Tentacool","eggGroups":"Water 3","height":"5'03\"","weight":"121.3 lbs.","genderRatio":"50% male, 50% female","catchRate":"60 (14.8%)","hatchTime":"20 cycles"}

[75/1025] Graveler -> https://bulbapedia.bulbagarden.net/wiki/Graveler_(Pokémon)
  OK: {"name":"Graveler","primaryType":"Rock","secondaryType":"Ground","forms":["Alolan Graveler"],"evolutionStage":"2","preEvolvePokemon":"","eggGroups":"Mineral","height":"3'03\"","weight":"231.5 lbs.","genderRatio":"50% male, 50% female","catchRate":"120 (24.9%)","hatchTime":"15 cycles"}

[76/1025] Golem -> https://bulbapedia.bulbagarden.net/wiki/Golem_(Pokémon)
  OK: {"name":"Golem","primaryType":"Rock","secondaryType":"Ground","forms":["Alolan Golem"],"evolutionStage":"final","preEvolvePokemon":"Graveler","eggGroups":"Mineral","height":"4'07\"","weight":"661.4 lbs.","genderRatio":"50% male, 50% female","catchRate":"45 (11.9%)","hatchTime":"15 cycles"}

[78/1025] Rapidash -> https://bulbapedia.bulbagarden.net/wiki/Rapidash_(Pokémon)
  OK: {"name":"Rapidash","primaryType":"Fire","secondaryType":"Psychic","forms":["Galarian Rapidash"],"evolutionStage":"final","preEvolvePokemon":"Ponyta","eggGroups":"Field","height":"5'07\"","weight":"209.4 lbs.","genderRatio":"50% male, 50% female","catchRate":"60 (14.8%)","hatchTime":"20 cycles"}

[80/1025] Slowbro -> https://bulbapedia.bulbagarden.net/wiki/Slowbro_(Pokémon)
  OK: {"name":"Slowbro","primaryType":"Water","secondaryType":"Psychic","forms":["Mega Slowbro","Galarian Slowbro"],"evolutionStage":"final","preEvolvePokemon":"Slowpoke","eggGroups":"Monster and Water 1","height":"5'03\"","weight":"173.1 lbs.","genderRatio":"50% male, 50% female","catchRate":"75 (17.5%)","hatchTime":"20 cycles"}

[82/1025] Magneton -> https://bulbapedia.bulbagarden.net/wiki/Magneton_(Pokémon)
  OK: {"name":"Magneton","primaryType":"Electric","secondaryType":"Steel","forms":[],"evolutionStage":"2","preEvolvePokemon":"Magnemite","eggGroups":"Mineral","height":"3'03\"","weight":"132.3 lbs.","genderRatio":"Gender unknown","catchRate":"60 (14.8%)","hatchTime":"20 cycles"}

[83/1025] Farfetchd -> https://bulbapedia.bulbagarden.net/wiki/Farfetchd_(Pokémon)
  OK: {"name":"Farfetch'd","primaryType":"Normal","secondaryType":"Flying","forms":["Galarian Farfetch'd"],"evolutionStage":"1","preEvolvePokemon":"","eggGroups":"Flying and Field","height":"2'07\"","weight":"33.1 lbs.","genderRatio":"50% male, 50% female","catchRate":"45 (11.9%)","hatchTime":"20 cycles"}

[85/1025] Dodrio -> https://bulbapedia.bulbagarden.net/wiki/Dodrio_(Pokémon)
  OK: {"name":"Dodrio","primaryType":"Normal","secondaryType":"Flying","forms":[],"evolutionStage":"final","preEvolvePokemon":"Doduo","eggGroups":"Flying","height":"5'11\"","weight":"187.8 lbs.","genderRatio":"50% male, 50% female","catchRate":"45 (11.9%)","hatchTime":"20 cycles"}

[87/1025] Dewgong -> https://bulbapedia.bulbagarden.net/wiki/Dewgong_(Pokémon)
  OK: {"name":"Dewgong","primaryType":"Water","secondaryType":"Ice","forms":[],"evolutionStage":"final","preEvolvePokemon":"Seel","eggGroups":"Water 1 and Field","height":"5'07\"","weight":"264.6 lbs.","genderRatio":"50% male, 50% female","catchRate":"75 (17.5%)","hatchTime":"20 cycles"}

[89/1025] Muk -> https://bulbapedia.bulbagarden.net/wiki/Muk_(Pokémon)
  OK: {"name":"Muk","primaryType":"Poison","secondaryType":"Dark","forms":["Alolan Muk"],"evolutionStage":"final","preEvolvePokemon":"Grimer","eggGroups":"Amorphous","height":"3'11\"","weight":"66.1 lbs.","genderRatio":"50% male, 50% female","catchRate":"75 (17.5%)","hatchTime":"20 cycles"}

[91/1025] Cloyster -> https://bulbapedia.bulbagarden.net/wiki/Cloyster_(Pokémon)
  OK: {"name":"Cloyster","primaryType":"Water","secondaryType":"Ice","forms":[],"evolutionStage":"final","preEvolvePokemon":"Shellder","eggGroups":"Water 3","height":"4'11\"","weight":"292.1 lbs.","genderRatio":"50% male, 50% female","catchRate":"60 (14.8%)","hatchTime":"20 cycles"}

[93/1025] Haunter -> https://bulbapedia.bulbagarden.net/wiki/Haunter_(Pokémon)
  OK: {"name":"Haunter","primaryType":"Ghost","secondaryType":"Poison","forms":[],"evolutionStage":"2","preEvolvePokemon":"Gastly","eggGroups":"Amorphous","height":"5'03\"","weight":"0.2 lbs.","genderRatio":"50% male, 50% female","catchRate":"90 (20.1%)","hatchTime":"20 cycles"}

[94/1025] Gengar -> https://bulbapedia.bulbagarden.net/wiki/Gengar_(Pokémon)
  OK: {"name":"Gengar","primaryType":"Ghost","secondaryType":"Poison","forms":["Mega Gengar"],"evolutionStage":"1","preEvolvePokemon":"","eggGroups":"Amorphous","height":"4'11\"","weight":"89.3 lbs.","genderRatio":"50% male, 50% female","catchRate":"45 (11.9%)","hatchTime":"20 cycles"}

[97/1025] Hypno -> https://bulbapedia.bulbagarden.net/wiki/Hypno_(Pokémon)
  OK: {"name":"Hypno","primaryType":"Psychic","secondaryType":"","forms":[],"evolutionStage":"final","preEvolvePokemon":"Drowzee","eggGroups":"Human-Like","height":"5'03\"","weight":"166.7 lbs.","genderRatio":"50% male, 50% female","catchRate":"75 (17.5%)","hatchTime":"20 cycles"}

[99/1025] Kingler -> https://bulbapedia.bulbagarden.net/wiki/Kingler_(Pokémon)
  OK: {"name":"Kingler","primaryType":"Water","secondaryType":"","forms":[],"evolutionStage":"final","preEvolvePokemon":"Krabby","eggGroups":"Water 3","height":"4'03\"","weight":"132.3 lbs.","genderRatio":"50% male, 50% female","catchRate":"60 (14.8%)","hatchTime":"20 cycles"}

[101/1025] Electrode -> https://bulbapedia.bulbagarden.net/wiki/Electrode_(Pokémon)
  OK: {"name":"Electrode","primaryType":"Electric","secondaryType":"Grass","forms":["Hisuian Electrode"],"evolutionStage":"final","preEvolvePokemon":"Voltorb","eggGroups":"Mineral","height":"3'11\"","weight":"146.8 lbs.","genderRatio":"Gender unknown","catchRate":"60 (14.8%)","hatchTime":"20 cycles"}

[103/1025] Exeggutor -> https://bulbapedia.bulbagarden.net/wiki/Exeggutor_(Pokémon)
  OK: {"name":"Exeggutor","primaryType":"Grass","secondaryType":"Psychic","forms":["Alolan Exeggutor"],"evolutionStage":"final","preEvolvePokemon":"Exeggcute","eggGroups":"Grass","height":"6'07\"","weight":"264.6 lbs.","genderRatio":"50% male, 50% female","catchRate":"45 (11.9%)","hatchTime":"20 cycles"}

[105/1025] Marowak -> https://bulbapedia.bulbagarden.net/wiki/Marowak_(Pokémon)
  OK: {"name":"Marowak","primaryType":"Ground","secondaryType":"Fire","forms":["Alolan Marowak"],"evolutionStage":"final","preEvolvePokemon":"Cubone","eggGroups":"Monster","height":"3'03\"","weight":"99.2 lbs.","genderRatio":"50% male, 50% female","catchRate":"75 (17.5%)","hatchTime":"20 cycles"}

[106/1025] Hitmonlee -> https://bulbapedia.bulbagarden.net/wiki/Hitmonlee_(Pokémon)
  OK: {"name":"Hitmonlee","primaryType":"Fighting","secondaryType":"","forms":[],"evolutionStage":"final","preEvolvePokemon":"Tyrogue","eggGroups":"Human-Like","height":"4'11\"","weight":"109.8 lbs.","genderRatio":"100% male","catchRate":"45 (11.9%)","hatchTime":"25 cycles"}

[107/1025] Hitmonchan -> https://bulbapedia.bulbagarden.net/wiki/Hitmonchan_(Pokémon)
  OK: {"name":"Hitmonchan","primaryType":"Fighting","secondaryType":"","forms":[],"evolutionStage":"final","preEvolvePokemon":"Tyrogue","eggGroups":"Human-Like","height":"4'07\"","weight":"110.7 lbs.","genderRatio":"100% male","catchRate":"45 (11.9%)","hatchTime":"25 cycles"}

[110/1025] Weezing -> https://bulbapedia.bulbagarden.net/wiki/Weezing_(Pokémon)
  OK: {"name":"Weezing","primaryType":"Poison","secondaryType":"Fairy","forms":["Galarian Weezing"],"evolutionStage":"final","preEvolvePokemon":"Koffing","eggGroups":"Amorphous","height":"3'11\"","weight":"20.9 lbs.","genderRatio":"50% male, 50% female","catchRate":"60 (14.8%)","hatchTime":"20 cycles"}

[112/1025] Rhydon -> https://bulbapedia.bulbagarden.net/wiki/Rhydon_(Pokémon)
  OK: {"name":"Rhydon","primaryType":"Ground","secondaryType":"Rock","forms":[],"evolutionStage":"2","preEvolvePokemon":"Rhyperior","eggGroups":"Monster and Field","height":"6'03\"","weight":"264.6 lbs.","genderRatio":"50% male, 50% female","catchRate":"60 (14.8%)","hatchTime":"20 cycles"}

[113/1025] Chansey -> https://bulbapedia.bulbagarden.net/wiki/Chansey_(Pokémon)
  OK: {"name":"Chansey","primaryType":"Normal","secondaryType":"Fairy","forms":[],"evolutionStage":"2","preEvolvePokemon":"Happiny","eggGroups":"Fairy","height":"3'07\"","weight":"76.3 lbs.","genderRatio":"100% female","catchRate":"30 (8.8%)","hatchTime":"40 cycles"}

[115/1025] Kangaskhan -> https://bulbapedia.bulbagarden.net/wiki/Kangaskhan_(Pokémon)
  OK: {"name":"Kangaskhan","primaryType":"Normal","secondaryType":"","forms":["Mega Kangaskhan"],"evolutionStage":"1","preEvolvePokemon":"","eggGroups":"Monster","height":"7'03\"","weight":"176.4 lbs.","genderRatio":"100% female","catchRate":"45 (11.9%)","hatchTime":"20 cycles"}

[117/1025] Seadra -> https://bulbapedia.bulbagarden.net/wiki/Seadra_(Pokémon)
  OK: {"name":"Seadra","primaryType":"Water","secondaryType":"Dragon","forms":[],"evolutionStage":"2","preEvolvePokemon":"Horsea","eggGroups":"Water 1 and Dragon","height":"3'11\"","weight":"55.1 lbs.","genderRatio":"50% male, 50% female","catchRate":"75 (17.5%)","hatchTime":"20 cycles"}

[119/1025] Seaking -> https://bulbapedia.bulbagarden.net/wiki/Seaking_(Pokémon)
  OK: {"name":"Seaking","primaryType":"Water","secondaryType":"","forms":[],"evolutionStage":"1","preEvolvePokemon":"","eggGroups":"Water 2","height":"4'03\"","weight":"86.0 lbs.","genderRatio":"50% male, 50% female","catchRate":"60 (14.8%)","hatchTime":"20 cycles"}

[121/1025] Starmie -> https://bulbapedia.bulbagarden.net/wiki/Starmie_(Pokémon)
  OK: {"name":"Starmie","primaryType":"Water","secondaryType":"Psychic","forms":["Mega Starmie"],"evolutionStage":"1","preEvolvePokemon":"","eggGroups":"Water 3","height":"3'07\"","weight":"176.4 lbs.","genderRatio":"Gender unknown","catchRate":"60 (14.8%)","hatchTime":"20 cycles"}

[122/1025] Mr. Mime -> https://bulbapedia.bulbagarden.net/wiki/Mr.%20Mime_(Pokémon)
  OK: {"name":"Mr. Mime","primaryType":"Psychic","secondaryType":"Fairy","forms":["Galarian Mr"],"evolutionStage":"2","preEvolvePokemon":"","eggGroups":"Human-Like","height":"4'03\"","weight":"120.2 lbs.","genderRatio":"50% male, 50% female","catchRate":"45 (11.9%)","hatchTime":"25 cycles"}

[124/1025] Jynx -> https://bulbapedia.bulbagarden.net/wiki/Jynx_(Pokémon)
  OK: {"name":"Jynx","primaryType":"Ice","secondaryType":"Psychic","forms":[],"evolutionStage":"final","preEvolvePokemon":"Smoochum","eggGroups":"Human-Like","height":"4'07\"","weight":"89.5 lbs.","genderRatio":"100% female","catchRate":"45 (11.9%)","hatchTime":"25 cycles"}

[125/1025] Electabuzz -> https://bulbapedia.bulbagarden.net/wiki/Electabuzz_(Pokémon)
  OK: {"name":"Electabuzz","primaryType":"Electric","secondaryType":"","forms":[],"evolutionStage":"2","preEvolvePokemon":"Elekid","eggGroups":"Human-Like","height":"3'07\"","weight":"66.1 lbs.","genderRatio":"75% male, 25% female","catchRate":"45 (11.9%)","hatchTime":"25 cycles"}

[126/1025] Magmar -> https://bulbapedia.bulbagarden.net/wiki/Magmar_(Pokémon)
  OK: {"name":"Magmar","primaryType":"Fire","secondaryType":"","forms":[],"evolutionStage":"2","preEvolvePokemon":"Magby","eggGroups":"Human-Like","height":"4'03\"","weight":"98.1 lbs.","genderRatio":"75% male, 25% female","catchRate":"45 (11.9%)","hatchTime":"25 cycles"}

[127/1025] Pinsir -> https://bulbapedia.bulbagarden.net/wiki/Pinsir_(Pokémon)
  OK: {"name":"Pinsir","primaryType":"Bug","secondaryType":"Flying","forms":["Mega Pinsir"],"evolutionStage":"1","preEvolvePokemon":"","eggGroups":"Bug","height":"4'11\"","weight":"121.3 lbs.","genderRatio":"50% male, 50% female","catchRate":"45 (11.9%)","hatchTime":"25 cycles"}

[128/1025] Tauros -> https://bulbapedia.bulbagarden.net/wiki/Tauros_(Pokémon)
  OK: {"name":"Tauros","primaryType":"Normal","secondaryType":"Fighting","forms":["Combat Breed","Blaze Breed","Aqua Breed"],"evolutionStage":"1","preEvolvePokemon":"","eggGroups":"Field","height":"4'07\"","weight":"194.9 lbs.","genderRatio":"100% male","catchRate":"45 (11.9%)","hatchTime":"20 cycles"}

[130/1025] Gyarados -> https://bulbapedia.bulbagarden.net/wiki/Gyarados_(Pokémon)
  OK: {"name":"Gyarados","primaryType":"Water","secondaryType":"Flying","forms":["Mega Gyarados"],"evolutionStage":"final","preEvolvePokemon":"Magikarp","eggGroups":"Water 2 and Dragon","height":"21'04\"","weight":"518.1 lbs.","genderRatio":"50% male, 50% female","catchRate":"45 (11.9%)","hatchTime":"5 cycles"}

[131/1025] Lapras -> https://bulbapedia.bulbagarden.net/wiki/Lapras_(Pokémon)
  OK: {"name":"Lapras","primaryType":"Water","secondaryType":"Ice","forms":[],"evolutionStage":"1","preEvolvePokemon":"","eggGroups":"Monster and Water 1","height":"8'02\"","weight":"485.0 lbs.","genderRatio":"50% male, 50% female","catchRate":"45 (11.9%)","hatchTime":"40 cycles"}

[134/1025] Vaporeon -> https://bulbapedia.bulbagarden.net/wiki/Vaporeon_(Pokémon)
  OK: {"name":"Vaporeon","primaryType":"Water","secondaryType":"","forms":[],"evolutionStage":"1","preEvolvePokemon":"","eggGroups":"Field","height":"3'03\"","weight":"63.9 lbs.","genderRatio":"87.5% male, 12.5% female","catchRate":"45 (11.9%)","hatchTime":"35 cycles"}

[135/1025] Jolteon -> https://bulbapedia.bulbagarden.net/wiki/Jolteon_(Pokémon)
  OK: {"name":"Jolteon","primaryType":"Electric","secondaryType":"","forms":[],"evolutionStage":"1","preEvolvePokemon":"","eggGroups":"Field","height":"2'07\"","weight":"54.0 lbs.","genderRatio":"87.5% male, 12.5% female","catchRate":"45 (11.9%)","hatchTime":"35 cycles"}

[136/1025] Flareon -> https://bulbapedia.bulbagarden.net/wiki/Flareon_(Pokémon)
  OK: {"name":"Flareon","primaryType":"Fire","secondaryType":"","forms":[],"evolutionStage":"1","preEvolvePokemon":"","eggGroups":"Field","height":"2'11\"","weight":"55.1 lbs.","genderRatio":"87.5% male, 12.5% female","catchRate":"45 (11.9%)","hatchTime":"35 cycles"}

[138/1025] Omanyte -> https://bulbapedia.bulbagarden.net/wiki/Omanyte_(Pokémon)
  OK: {"name":"Omanyte","primaryType":"Rock","secondaryType":"Water","forms":[],"evolutionStage":"1","preEvolvePokemon":"","eggGroups":"Water 1 and Water 3","height":"1'04\"","weight":"16.5 lbs.","genderRatio":"87.5% male, 12.5% female","catchRate":"45 (11.9%)","hatchTime":"30 cycles"}

[139/1025] Omastar -> https://bulbapedia.bulbagarden.net/wiki/Omastar_(Pokémon)
  OK: {"name":"Omastar","primaryType":"Rock","secondaryType":"Water","forms":[],"evolutionStage":"final","preEvolvePokemon":"Omanyte","eggGroups":"Water 1 and Water 3","height":"3'03\"","weight":"77.2 lbs.","genderRatio":"87.5% male, 12.5% female","catchRate":"45 (11.9%)","hatchTime":"30 cycles"}

[140/1025] Kabuto -> https://bulbapedia.bulbagarden.net/wiki/Kabuto_(Pokémon)
  OK: {"name":"Kabuto","primaryType":"Rock","secondaryType":"Water","forms":[],"evolutionStage":"1","preEvolvePokemon":"","eggGroups":"Water 1 and Water 3","height":"1'08\"","weight":"25.4 lbs.","genderRatio":"87.5% male, 12.5% female","catchRate":"45 (11.9%)","hatchTime":"30 cycles"}

[141/1025] Kabutops -> https://bulbapedia.bulbagarden.net/wiki/Kabutops_(Pokémon)
  OK: {"name":"Kabutops","primaryType":"Rock","secondaryType":"Water","forms":[],"evolutionStage":"final","preEvolvePokemon":"Kabuto","eggGroups":"Water 1 and Water 3","height":"4'03\"","weight":"89.3 lbs.","genderRatio":"87.5% male, 12.5% female","catchRate":"45 (11.9%)","hatchTime":"30 cycles"}

[142/1025] Aerodactyl -> https://bulbapedia.bulbagarden.net/wiki/Aerodactyl_(Pokémon)
  OK: {"name":"Aerodactyl","primaryType":"Rock","secondaryType":"Flying","forms":["Mega Aerodactyl"],"evolutionStage":"1","preEvolvePokemon":"","eggGroups":"Flying","height":"5'11\"","weight":"130.1 lbs.","genderRatio":"87.5% male, 12.5% female","catchRate":"45 (11.9%)","hatchTime":"35 cycles"}

[143/1025] Snorlax -> https://bulbapedia.bulbagarden.net/wiki/Snorlax_(Pokémon)
  OK: {"name":"Snorlax","primaryType":"Normal","secondaryType":"","forms":["Mossy Snorlax"],"evolutionStage":"final","preEvolvePokemon":"Munchlax","eggGroups":"Monster","height":"6'11\"","weight":"1014.1 lbs.","genderRatio":"87.5% male, 12.5% female","catchRate":"25 (7.7%)","hatchTime":"40 cycles"}

[144/1025] Articuno -> https://bulbapedia.bulbagarden.net/wiki/Articuno_(Pokémon)
  OK: {"name":"Articuno","primaryType":"Ice","secondaryType":"Flying","forms":["Galarian Articuno"],"evolutionStage":"1","preEvolvePokemon":"","eggGroups":"No Eggs Discovered","height":"5'07\"","weight":"122.1 lbs.","genderRatio":"Gender unknown","catchRate":"3 (1.6%)","hatchTime":"80 cycles Egg not obtainable"}

[145/1025] Zapdos -> https://bulbapedia.bulbagarden.net/wiki/Zapdos_(Pokémon)
  OK: {"name":"Zapdos","primaryType":"Electric","secondaryType":"Flying","forms":["Galarian Zapdos"],"evolutionStage":"1","preEvolvePokemon":"","eggGroups":"No Eggs Discovered","height":"5'03\"","weight":"116.0 lbs.","genderRatio":"Gender unknown","catchRate":"3 (1.6%)","hatchTime":"80 cycles Egg not obtainable"}

[146/1025] Moltres -> https://bulbapedia.bulbagarden.net/wiki/Moltres_(Pokémon)
  OK: {"name":"Moltres","primaryType":"Fire","secondaryType":"Flying","forms":["Galarian Moltres"],"evolutionStage":"1","preEvolvePokemon":"","eggGroups":"No Eggs Discovered","height":"6'07\"","weight":"132.3 lbs.","genderRatio":"Gender unknown","catchRate":"3 (1.6%)","hatchTime":"80 cycles Egg not obtainable"}

[148/1025] Dragonair -> https://bulbapedia.bulbagarden.net/wiki/Dragonair_(Pokémon)
  OK: {"name":"Dragonair","primaryType":"Dragon","secondaryType":"","forms":[],"evolutionStage":"2","preEvolvePokemon":"Dratini","eggGroups":"Water 1 and Dragon","height":"13'01\"","weight":"36.4 lbs.","genderRatio":"50% male, 50% female","catchRate":"45 (11.9%)","hatchTime":"40 cycles"}

[149/1025] Dragonite -> https://bulbapedia.bulbagarden.net/wiki/Dragonite_(Pokémon)
  OK: {"name":"Dragonite","primaryType":"Dragon","secondaryType":"Flying","forms":["Mega Dragonite"],"evolutionStage":"final","preEvolvePokemon":"Dragonair","eggGroups":"Water 1 and Dragon","height":"7'03\"","weight":"463.0 lbs.","genderRatio":"50% male, 50% female","catchRate":"45 (11.9%)","hatchTime":"40 cycles"}

[150/1025] Mewtwo -> https://bulbapedia.bulbagarden.net/wiki/Mewtwo_(Pokémon)
  OK: {"name":"Mewtwo","primaryType":"Psychic","secondaryType":"Fighting","forms":["Mega Mewtwo X","Mega Mewtwo Y"],"evolutionStage":"1","preEvolvePokemon":"","eggGroups":"No Eggs Discovered","height":"6'07\"","weight":"269.0 lbs.","genderRatio":"Gender unknown","catchRate":"3 (1.6%)","hatchTime":"120 cycles Egg not obtainable"}

[153/1025] Bayleef -> https://bulbapedia.bulbagarden.net/wiki/Bayleef_(Pokémon)
  OK: {"name":"Bayleef","primaryType":"Grass","secondaryType":"","forms":[],"evolutionStage":"2","preEvolvePokemon":"Chikorita","eggGroups":"Monster and Grass","height":"3'11\"","weight":"34.8 lbs.","genderRatio":"87.5% male, 12.5% female","catchRate":"45 (11.9%)","hatchTime":"20 cycles"}

[154/1025] Meganium -> https://bulbapedia.bulbagarden.net/wiki/Meganium_(Pokémon)
  OK: {"name":"Meganium","primaryType":"Grass","secondaryType":"Fairy","forms":["Mega Meganium"],"evolutionStage":"final","preEvolvePokemon":"Bayleef","eggGroups":"Monster and Grass","height":"5'11\"","weight":"221.6 lbs.","genderRatio":"87.5% male, 12.5% female","catchRate":"45 (11.9%)","hatchTime":"20 cycles"}

[156/1025] Quilava -> https://bulbapedia.bulbagarden.net/wiki/Quilava_(Pokémon)
  OK: {"name":"Quilava","primaryType":"Fire","secondaryType":"","forms":[],"evolutionStage":"2","preEvolvePokemon":"Cyndaquil","eggGroups":"Field","height":"2'11\"","weight":"41.9 lbs.","genderRatio":"87.5% male, 12.5% female","catchRate":"45 (11.9%)","hatchTime":"20 cycles"}

[157/1025] Typhlosion -> https://bulbapedia.bulbagarden.net/wiki/Typhlosion_(Pokémon)
  OK: {"name":"Typhlosion","primaryType":"Fire","secondaryType":"Ghost","forms":["Hisuian Typhlosion"],"evolutionStage":"final","preEvolvePokemon":"Quilava","eggGroups":"Field","height":"5'07\"","weight":"175.3 lbs.","genderRatio":"87.5% male, 12.5% female","catchRate":"45 (11.9%)","hatchTime":"20 cycles"}

[159/1025] Croconaw -> https://bulbapedia.bulbagarden.net/wiki/Croconaw_(Pokémon)
  OK: {"name":"Croconaw","primaryType":"Water","secondaryType":"","forms":[],"evolutionStage":"2","preEvolvePokemon":"Totodile","eggGroups":"Monster and Water 1","height":"3'07\"","weight":"55.1 lbs.","genderRatio":"87.5% male, 12.5% female","catchRate":"45 (11.9%)","hatchTime":"20 cycles"}

[160/1025] Feraligatr -> https://bulbapedia.bulbagarden.net/wiki/Feraligatr_(Pokémon)
  OK: {"name":"Feraligatr","primaryType":"Water","secondaryType":"Dragon","forms":["Mega Feraligatr"],"evolutionStage":"final","preEvolvePokemon":"Croconaw","eggGroups":"Monster and Water 1","height":"7'07\"","weight":"195.8 lbs.","genderRatio":"87.5% male, 12.5% female","catchRate":"45 (11.9%)","hatchTime":"20 cycles"}

[162/1025] Furret -> https://bulbapedia.bulbagarden.net/wiki/Furret_(Pokémon)
  OK: {"name":"Furret","primaryType":"Normal","secondaryType":"","forms":[],"evolutionStage":"final","preEvolvePokemon":"Sentret","eggGroups":"Field","height":"5'11\"","weight":"71.7 lbs.","genderRatio":"50% male, 50% female","catchRate":"90 (20.1%)","hatchTime":"15 cycles"}

[164/1025] Noctowl -> https://bulbapedia.bulbagarden.net/wiki/Noctowl_(Pokémon)
  OK: {"name":"Noctowl","primaryType":"Normal","secondaryType":"Flying","forms":[],"evolutionStage":"final","preEvolvePokemon":"Hoothoot","eggGroups":"Flying","height":"5'03\"","weight":"89.9 lbs.","genderRatio":"50% male, 50% female","catchRate":"90 (20.1%)","hatchTime":"15 cycles"}

[166/1025] Ledian -> https://bulbapedia.bulbagarden.net/wiki/Ledian_(Pokémon)
  OK: {"name":"Ledian","primaryType":"Bug","secondaryType":"Flying","forms":[],"evolutionStage":"final","preEvolvePokemon":"Ledyba","eggGroups":"Bug","height":"4'07\"","weight":"78.5 lbs.","genderRatio":"50% male, 50% female","catchRate":"90 (20.1%)","hatchTime":"15 cycles"}

[168/1025] Ariados -> https://bulbapedia.bulbagarden.net/wiki/Ariados_(Pokémon)
  OK: {"name":"Ariados","primaryType":"Bug","secondaryType":"Poison","forms":[],"evolutionStage":"final","preEvolvePokemon":"Spinarak","eggGroups":"Bug","height":"0'0\"","weight":"73.9 lbs.","genderRatio":"50% male, 50% female","catchRate":"90 (20.1%)","hatchTime":"15 cycles"}

[169/1025] Crobat -> https://bulbapedia.bulbagarden.net/wiki/Crobat_(Pokémon)
  OK: {"name":"Crobat","primaryType":"Poison","secondaryType":"Flying","forms":[],"evolutionStage":"final","preEvolvePokemon":"Golbat","eggGroups":"Flying","height":"5'11\"","weight":"165.3 lbs.","genderRatio":"50% male, 50% female","catchRate":"90 (20.1%)","hatchTime":"15 cycles"}

[171/1025] Lanturn -> https://bulbapedia.bulbagarden.net/wiki/Lanturn_(Pokémon)
  OK: {"name":"Lanturn","primaryType":"Water","secondaryType":"Electric","forms":[],"evolutionStage":"final","preEvolvePokemon":"Chinchou","eggGroups":"Water 2","height":"3'11\"","weight":"49.6 lbs.","genderRatio":"50% male, 50% female","catchRate":"75 (17.5%)","hatchTime":"20 cycles"}

[176/1025] Togetic -> https://bulbapedia.bulbagarden.net/wiki/Togetic_(Pokémon)
  OK: {"name":"Togetic","primaryType":"Fairy","secondaryType":"Flying","forms":[],"evolutionStage":"2","preEvolvePokemon":"Togepi","eggGroups":"Flying and Fairy","height":"2'00\"","weight":"7.1 lbs.","genderRatio":"87.5% male, 12.5% female","catchRate":"75 (17.5%)","hatchTime":"10 cycles"}

[178/1025] Xatu -> https://bulbapedia.bulbagarden.net/wiki/Xatu_(Pokémon)
  OK: {"name":"Xatu","primaryType":"Psychic","secondaryType":"Flying","forms":[],"evolutionStage":"final","preEvolvePokemon":"Natu","eggGroups":"Flying","height":"4'11\"","weight":"33.1 lbs.","genderRatio":"50% male, 50% female","catchRate":"75 (17.5%)","hatchTime":"20 cycles"}

[180/1025] Flaaffy -> https://bulbapedia.bulbagarden.net/wiki/Flaaffy_(Pokémon)
  OK: {"name":"Flaaffy","primaryType":"Electric","secondaryType":"","forms":[],"evolutionStage":"2","preEvolvePokemon":"Mareep","eggGroups":"Monster and Field","height":"2'07\"","weight":"29.3 lbs.","genderRatio":"50% male, 50% female","catchRate":"120 (24.9%)","hatchTime":"20 cycles"}

[181/1025] Ampharos -> https://bulbapedia.bulbagarden.net/wiki/Ampharos_(Pokémon)
  OK: {"name":"Ampharos","primaryType":"Electric","secondaryType":"Dragon","forms":["Mega Ampharos"],"evolutionStage":"final","preEvolvePokemon":"Flaaffy","eggGroups":"Monster and Field","height":"4'07\"","weight":"135.6 lbs.","genderRatio":"50% male, 50% female","catchRate":"45 (11.9%)","hatchTime":"20 cycles"}

[182/1025] Bellossom -> https://bulbapedia.bulbagarden.net/wiki/Bellossom_(Pokémon)
  OK: {"name":"Bellossom","primaryType":"Grass","secondaryType":"","forms":[],"evolutionStage":"final","preEvolvePokemon":"Gloom","eggGroups":"Grass","height":"1'04\"","weight":"12.8 lbs.","genderRatio":"50% male, 50% female","catchRate":"45 (11.9%)","hatchTime":"20 cycles"}

[183/1025] Marill -> https://bulbapedia.bulbagarden.net/wiki/Marill_(Pokémon)
  OK: {"name":"Marill","primaryType":"Water","secondaryType":"Fairy","forms":[],"evolutionStage":"2","preEvolvePokemon":"Azurill","eggGroups":"Water 1 and Fairy","height":"1'04\"","weight":"18.7 lbs.","genderRatio":"50% male, 50% female","catchRate":"190 (35.2%)","hatchTime":"10 cycles"}

[184/1025] Azumarill -> https://bulbapedia.bulbagarden.net/wiki/Azumarill_(Pokémon)
  OK: {"name":"Azumarill","primaryType":"Water","secondaryType":"Fairy","forms":[],"evolutionStage":"final","preEvolvePokemon":"Marill","eggGroups":"Water 1 and Fairy","height":"2'07\"","weight":"62.8 lbs.","genderRatio":"50% male, 50% female","catchRate":"75 (17.5%)","hatchTime":"10 cycles"}

[185/1025] Sudowoodo -> https://bulbapedia.bulbagarden.net/wiki/Sudowoodo_(Pokémon)
  OK: {"name":"Sudowoodo","primaryType":"Rock","secondaryType":"","forms":[],"evolutionStage":"final","preEvolvePokemon":"Bonsly","eggGroups":"Mineral","height":"3'11\"","weight":"83.8 lbs.","genderRatio":"50% male, 50% female","catchRate":"65 (15.7%)","hatchTime":"20 cycles"}

[186/1025] Politoed -> https://bulbapedia.bulbagarden.net/wiki/Politoed_(Pokémon)
  OK: {"name":"Politoed","primaryType":"Water","secondaryType":"","forms":[],"evolutionStage":"final","preEvolvePokemon":"Poliwhirl","eggGroups":"Water 1","height":"3'07\"","weight":"74.7 lbs.","genderRatio":"50% male, 50% female","catchRate":"45 (11.9%)","hatchTime":"20 cycles"}

[188/1025] Skiploom -> https://bulbapedia.bulbagarden.net/wiki/Skiploom_(Pokémon)
  OK: {"name":"Skiploom","primaryType":"Grass","secondaryType":"Flying","forms":[],"evolutionStage":"2","preEvolvePokemon":"Hoppip","eggGroups":"Fairy and Grass","height":"2'00\"","weight":"2.2 lbs.","genderRatio":"50% male, 50% female","catchRate":"120 (24.9%)","hatchTime":"20 cycles"}

[189/1025] Jumpluff -> https://bulbapedia.bulbagarden.net/wiki/Jumpluff_(Pokémon)
  OK: {"name":"Jumpluff","primaryType":"Grass","secondaryType":"Flying","forms":[],"evolutionStage":"final","preEvolvePokemon":"Skiploom","eggGroups":"Fairy and Grass","height":"2'07\"","weight":"6.6 lbs.","genderRatio":"50% male, 50% female","catchRate":"45 (11.9%)","hatchTime":"20 cycles"}

[192/1025] Sunflora -> https://bulbapedia.bulbagarden.net/wiki/Sunflora_(Pokémon)
  OK: {"name":"Sunflora","primaryType":"Grass","secondaryType":"","forms":[],"evolutionStage":"final","preEvolvePokemon":"Sunkern","eggGroups":"Grass","height":"2'07\"","weight":"18.7 lbs.","genderRatio":"50% male, 50% female","catchRate":"120 (24.9%)","hatchTime":"20 cycles"}

[195/1025] Quagsire -> https://bulbapedia.bulbagarden.net/wiki/Quagsire_(Pokémon)
  OK: {"name":"Quagsire","primaryType":"Water","secondaryType":"Ground","forms":[],"evolutionStage":"final","preEvolvePokemon":"Wooper","eggGroups":"Water 1 and Field","height":"4'07\"","weight":"165.3 lbs.","genderRatio":"50% male, 50% female","catchRate":"90 (20.1%)","hatchTime":"20 cycles"}

[196/1025] Espeon -> https://bulbapedia.bulbagarden.net/wiki/Espeon_(Pokémon)
  OK: {"name":"Espeon","primaryType":"Psychic","secondaryType":"","forms":[],"evolutionStage":"1","preEvolvePokemon":"","eggGroups":"Field","height":"0'0\"","weight":"58.4 lbs.","genderRatio":"87.5% male, 12.5% female","catchRate":"45 (11.9%)","hatchTime":"35 cycles"}

[197/1025] Umbreon -> https://bulbapedia.bulbagarden.net/wiki/Umbreon_(Pokémon)
  OK: {"name":"Umbreon","primaryType":"Dark","secondaryType":"","forms":[],"evolutionStage":"1","preEvolvePokemon":"","eggGroups":"Field","height":"3'03\"","weight":"59.5 lbs.","genderRatio":"87.5% male, 12.5% female","catchRate":"45 (11.9%)","hatchTime":"35 cycles"}

[199/1025] Slowking -> https://bulbapedia.bulbagarden.net/wiki/Slowking_(Pokémon)
  OK: {"name":"Slowking","primaryType":"Water","secondaryType":"Psychic","forms":["Galarian Slowking"],"evolutionStage":"final","preEvolvePokemon":"Slowpoke","eggGroups":"Monster and Water 1","height":"6'07\"","weight":"175.3 lbs.","genderRatio":"50% male, 50% female","catchRate":"70 (16.6%)","hatchTime":"20 cycles"}

[201/1025] Unown -> https://bulbapedia.bulbagarden.net/wiki/Unown_(Pokémon)
  OK: {"name":"Unown","primaryType":"Psychic","secondaryType":"","forms":[],"evolutionStage":"1","preEvolvePokemon":"","eggGroups":"No Eggs Discovered","height":"1'08\"","weight":"11.0 lbs.","genderRatio":"Gender unknown","catchRate":"225 (39.9%)","hatchTime":"40 cycles Egg not obtainable"}

[202/1025] Wobbuffet -> https://bulbapedia.bulbagarden.net/wiki/Wobbuffet_(Pokémon)
  OK: {"name":"Wobbuffet","primaryType":"Psychic","secondaryType":"","forms":[],"evolutionStage":"final","preEvolvePokemon":"Wynaut","eggGroups":"Amorphous","height":"4'03\"","weight":"62.8 lbs.","genderRatio":"50% male, 50% female","catchRate":"45 (11.9%)","hatchTime":"20 cycles"}

[205/1025] Forretress -> https://bulbapedia.bulbagarden.net/wiki/Forretress_(Pokémon)
  OK: {"name":"Forretress","primaryType":"Bug","secondaryType":"Steel","forms":[],"evolutionStage":"final","preEvolvePokemon":"Pineco","eggGroups":"Bug","height":"0'0\"","weight":"277.3 lbs.","genderRatio":"50% male, 50% female","catchRate":"75 (17.5%)","hatchTime":"20 cycles"}

[208/1025] Steelix -> https://bulbapedia.bulbagarden.net/wiki/Steelix_(Pokémon)
  OK: {"name":"Steelix","primaryType":"Steel","secondaryType":"Ground","forms":["Mega Steelix"],"evolutionStage":"final","preEvolvePokemon":"Onix","eggGroups":"Mineral","height":"30'02\"","weight":"881.8 lbs.","genderRatio":"50% male, 50% female","catchRate":"25 (7.7%)","hatchTime":"25 cycles"}

[210/1025] Granbull -> https://bulbapedia.bulbagarden.net/wiki/Granbull_(Pokémon)
  OK: {"name":"Granbull","primaryType":"Fairy","secondaryType":"","forms":[],"evolutionStage":"final","preEvolvePokemon":"Snubbull","eggGroups":"Field and Fairy","height":"4'07\"","weight":"107.4 lbs.","genderRatio":"25% male, 75% female","catchRate":"75 (17.5%)","hatchTime":"20 cycles"}

[212/1025] Scizor -> https://bulbapedia.bulbagarden.net/wiki/Scizor_(Pokémon)
  OK: {"name":"Scizor","primaryType":"Bug","secondaryType":"Steel","forms":["Mega Scizor"],"evolutionStage":"final","preEvolvePokemon":"Scyther","eggGroups":"Bug","height":"5'11\"","weight":"260.1 lbs.","genderRatio":"50% male, 50% female","catchRate":"25 (7.7%)","hatchTime":"25 cycles"}

[214/1025] Heracross -> https://bulbapedia.bulbagarden.net/wiki/Heracross_(Pokémon)
  OK: {"name":"Heracross","primaryType":"Bug","secondaryType":"Fighting","forms":["Mega Heracross"],"evolutionStage":"1","preEvolvePokemon":"","eggGroups":"Bug","height":"4'11\"","weight":"119.0 lbs.","genderRatio":"50% male, 50% female","catchRate":"45 (11.9%)","hatchTime":"25 cycles"}

[217/1025] Ursaring -> https://bulbapedia.bulbagarden.net/wiki/Ursaring_(Pokémon)
  OK: {"name":"Ursaring","primaryType":"Normal","secondaryType":"","forms":[],"evolutionStage":"2","preEvolvePokemon":"Teddiursa","eggGroups":"Field","height":"5'11\"","weight":"277.3 lbs.","genderRatio":"50% male, 50% female","catchRate":"60 (14.8%)","hatchTime":"20 cycles"}

[219/1025] Magcargo -> https://bulbapedia.bulbagarden.net/wiki/Magcargo_(Pokémon)
  OK: {"name":"Magcargo","primaryType":"Fire","secondaryType":"Rock","forms":[],"evolutionStage":"final","preEvolvePokemon":"Slugma","eggGroups":"Amorphous","height":"2'07\"","weight":"121.3 lbs.","genderRatio":"50% male, 50% female","catchRate":"75 (17.5%)","hatchTime":"20 cycles"}

[221/1025] Piloswine -> https://bulbapedia.bulbagarden.net/wiki/Piloswine_(Pokémon)
  OK: {"name":"Piloswine","primaryType":"Ice","secondaryType":"Ground","forms":[],"evolutionStage":"2","preEvolvePokemon":"Swinub","eggGroups":"Field","height":"3'07\"","weight":"123.0 lbs.","genderRatio":"50% male, 50% female","catchRate":"75 (17.5%)","hatchTime":"20 cycles"}

[224/1025] Octillery -> https://bulbapedia.bulbagarden.net/wiki/Octillery_(Pokémon)
  OK: {"name":"Octillery","primaryType":"Water","secondaryType":"","forms":[],"evolutionStage":"final","preEvolvePokemon":"Remoraid","eggGroups":"Water 1 and Water 2","height":"2'11\"","weight":"62.8 lbs.","genderRatio":"50% male, 50% female","catchRate":"75 (17.5%)","hatchTime":"20 cycles"}

[225/1025] Delibird -> https://bulbapedia.bulbagarden.net/wiki/Delibird_(Pokémon)
  OK: {"name":"Delibird","primaryType":"Ice","secondaryType":"Flying","forms":[],"evolutionStage":"1","preEvolvePokemon":"","eggGroups":"Water 1 and Field","height":"0'0\"","weight":"35.3 lbs.","genderRatio":"50% male, 50% female","catchRate":"45 (11.9%)","hatchTime":"20 cycles"}

[226/1025] Mantine -> https://bulbapedia.bulbagarden.net/wiki/Mantine_(Pokémon)
  OK: {"name":"Mantine","primaryType":"Water","secondaryType":"Flying","forms":[],"evolutionStage":"final","preEvolvePokemon":"Mantyke","eggGroups":"Water 1","height":"6'11\"","weight":"485.0 lbs.","genderRatio":"50% male, 50% female","catchRate":"25 (7.7%)","hatchTime":"25 cycles"}

[227/1025] Skarmory -> https://bulbapedia.bulbagarden.net/wiki/Skarmory_(Pokémon)
  OK: {"name":"Skarmory","primaryType":"Steel","secondaryType":"Flying","forms":["Mega Skarmory"],"evolutionStage":"1","preEvolvePokemon":"","eggGroups":"Flying","height":"5'07\"","weight":"111.3 lbs.","genderRatio":"50% male, 50% female","catchRate":"25 (7.7%)","hatchTime":"25 cycles"}

[229/1025] Houndoom -> https://bulbapedia.bulbagarden.net/wiki/Houndoom_(Pokémon)
  OK: {"name":"Houndoom","primaryType":"Dark","secondaryType":"Fire","forms":["Mega Houndoom"],"evolutionStage":"final","preEvolvePokemon":"Houndour","eggGroups":"Field","height":"4'07\"","weight":"77.2 lbs.","genderRatio":"50% male, 50% female","catchRate":"45 (11.9%)","hatchTime":"20 cycles"}

[230/1025] Kingdra -> https://bulbapedia.bulbagarden.net/wiki/Kingdra_(Pokémon)
  OK: {"name":"Kingdra","primaryType":"Water","secondaryType":"Dragon","forms":[],"evolutionStage":"final","preEvolvePokemon":"Seadra","eggGroups":"Water 1 and Dragon","height":"0'0\"","weight":"335.1 lbs.","genderRatio":"50% male, 50% female","catchRate":"45 (11.9%)","hatchTime":"20 cycles"}

[232/1025] Donphan -> https://bulbapedia.bulbagarden.net/wiki/Donphan_(Pokémon)
  OK: {"name":"Donphan","primaryType":"Ground","secondaryType":"","forms":[],"evolutionStage":"final","preEvolvePokemon":"Phanpy","eggGroups":"Field","height":"0'0\"","weight":"264.6 lbs.","genderRatio":"50% male, 50% female","catchRate":"60 (14.8%)","hatchTime":"20 cycles"}

[233/1025] Porygon2 -> https://bulbapedia.bulbagarden.net/wiki/Porygon2_(Pokémon)
  OK: {"name":"Porygon2","primaryType":"Normal","secondaryType":"","forms":[],"evolutionStage":"2","preEvolvePokemon":"Porygon","eggGroups":"Mineral","height":"0'0\"","weight":"71.7 lbs.","genderRatio":"Gender unknown","catchRate":"45 (11.9%)","hatchTime":"20 cycles"}

[237/1025] Hitmontop -> https://bulbapedia.bulbagarden.net/wiki/Hitmontop_(Pokémon)
  OK: {"name":"Hitmontop","primaryType":"Fighting","secondaryType":"","forms":[],"evolutionStage":"final","preEvolvePokemon":"Tyrogue","eggGroups":"Human-Like","height":"4'07\"","weight":"105.8 lbs.","genderRatio":"100% male","catchRate":"45 (11.9%)","hatchTime":"25 cycles"}

[241/1025] Miltank -> https://bulbapedia.bulbagarden.net/wiki/Miltank_(Pokémon)
  OK: {"name":"Miltank","primaryType":"Normal","secondaryType":"","forms":[],"evolutionStage":"1","preEvolvePokemon":"","eggGroups":"Field","height":"3'11\"","weight":"166.4 lbs.","genderRatio":"100% female","catchRate":"45 (11.9%)","hatchTime":"20 cycles"}

[242/1025] Blissey -> https://bulbapedia.bulbagarden.net/wiki/Blissey_(Pokémon)
  OK: {"name":"Blissey","primaryType":"Normal","secondaryType":"Fairy","forms":[],"evolutionStage":"final","preEvolvePokemon":"Chansey","eggGroups":"Fairy","height":"4'11\"","weight":"103.2 lbs.","genderRatio":"100% female","catchRate":"30 (8.8%)","hatchTime":"40 cycles"}

[243/1025] Raikou -> https://bulbapedia.bulbagarden.net/wiki/Raikou_(Pokémon)
  OK: {"name":"Raikou","primaryType":"Electric","secondaryType":"","forms":[],"evolutionStage":"1","preEvolvePokemon":"","eggGroups":"No Eggs Discovered","height":"6'03\"","weight":"392.4 lbs.","genderRatio":"Gender unknown","catchRate":"3 (1.6%)","hatchTime":"80 cycles Egg not obtainable"}

[244/1025] Entei -> https://bulbapedia.bulbagarden.net/wiki/Entei_(Pokémon)
  OK: {"name":"Entei","primaryType":"Fire","secondaryType":"","forms":[],"evolutionStage":"1","preEvolvePokemon":"","eggGroups":"No Eggs Discovered","height":"6'11\"","weight":"436.5 lbs.","genderRatio":"Gender unknown","catchRate":"3 (1.6%)","hatchTime":"80 cycles Egg not obtainable"}

[245/1025] Suicune -> https://bulbapedia.bulbagarden.net/wiki/Suicune_(Pokémon)
  OK: {"name":"Suicune","primaryType":"Water","secondaryType":"","forms":[],"evolutionStage":"1","preEvolvePokemon":"","eggGroups":"No Eggs Discovered","height":"6'07\"","weight":"412.3 lbs.","genderRatio":"Gender unknown","catchRate":"3 (1.6%)","hatchTime":"80 cycles Egg not obtainable"}

[247/1025] Pupitar -> https://bulbapedia.bulbagarden.net/wiki/Pupitar_(Pokémon)
  OK: {"name":"Pupitar","primaryType":"Rock","secondaryType":"Ground","forms":[],"evolutionStage":"2","preEvolvePokemon":"Larvitar","eggGroups":"Monster","height":"3'11\"","weight":"335.1 lbs.","genderRatio":"50% male, 50% female","catchRate":"45 (11.9%)","hatchTime":"40 cycles"}

[248/1025] Tyranitar -> https://bulbapedia.bulbagarden.net/wiki/Tyranitar_(Pokémon)
  OK: {"name":"Tyranitar","primaryType":"Rock","secondaryType":"Dark","forms":["Mega Tyranitar"],"evolutionStage":"final","preEvolvePokemon":"Pupitar","eggGroups":"Monster","height":"6'07\"","weight":"445.3 lbs.","genderRatio":"50% male, 50% female","catchRate":"45 (11.9%)","hatchTime":"40 cycles"}

[250/1025] Ho-oh -> https://bulbapedia.bulbagarden.net/wiki/Ho-oh_(Pokémon)
  WARNING: no infobox found for Ho-oh, skipping.

[253/1025] Grovyle -> https://bulbapedia.bulbagarden.net/wiki/Grovyle_(Pokémon)
  OK: {"name":"Grovyle","primaryType":"Grass","secondaryType":"Dragon","forms":[],"evolutionStage":"2","preEvolvePokemon":"Treecko","eggGroups":"Monster and Dragon","height":"2'11\"","weight":"47.6 lbs.","genderRatio":"87.5% male, 12.5% female","catchRate":"45 (11.9%)","hatchTime":"20 cycles"}

[254/1025] Sceptile -> https://bulbapedia.bulbagarden.net/wiki/Sceptile_(Pokémon)
  OK: {"name":"Sceptile","primaryType":"Grass","secondaryType":"Dragon","forms":["Mega Sceptile"],"evolutionStage":"final","preEvolvePokemon":"Grovyle","eggGroups":"Monster and Dragon","height":"5'07\"","weight":"115.1 lbs.","genderRatio":"87.5% male, 12.5% female","catchRate":"45 (11.9%)","hatchTime":"20 cycles"}

[256/1025] Combusken -> https://bulbapedia.bulbagarden.net/wiki/Combusken_(Pokémon)
  OK: {"name":"Combusken","primaryType":"Fire","secondaryType":"Fighting","forms":[],"evolutionStage":"2","preEvolvePokemon":"Torchic","eggGroups":"Field","height":"2'11\"","weight":"43.0 lbs.","genderRatio":"87.5% male, 12.5% female","catchRate":"45 (11.9%)","hatchTime":"20 cycles"}

[257/1025] Blaziken -> https://bulbapedia.bulbagarden.net/wiki/Blaziken_(Pokémon)
  OK: {"name":"Blaziken","primaryType":"Fire","secondaryType":"Fighting","forms":["Mega Blaziken"],"evolutionStage":"final","preEvolvePokemon":"Combusken","eggGroups":"Field","height":"6'03\"","weight":"114.6 lbs.","genderRatio":"87.5% male, 12.5% female","catchRate":"45 (11.9%)","hatchTime":"20 cycles"}

[259/1025] Marshtomp -> https://bulbapedia.bulbagarden.net/wiki/Marshtomp_(Pokémon)
  OK: {"name":"Marshtomp","primaryType":"Water","secondaryType":"Ground","forms":[],"evolutionStage":"2","preEvolvePokemon":"Mudkip","eggGroups":"Monster and Water 1","height":"2'04\"","weight":"61.7 lbs.","genderRatio":"87.5% male, 12.5% female","catchRate":"45 (11.9%)","hatchTime":"20 cycles"}

[260/1025] Swampert -> https://bulbapedia.bulbagarden.net/wiki/Swampert_(Pokémon)
  OK: {"name":"Swampert","primaryType":"Water","secondaryType":"Ground","forms":["Mega Swampert"],"evolutionStage":"final","preEvolvePokemon":"Marshtomp","eggGroups":"Monster and Water 1","height":"4'11\"","weight":"180.6 lbs.","genderRatio":"87.5% male, 12.5% female","catchRate":"45 (11.9%)","hatchTime":"20 cycles"}

[262/1025] Mightyena -> https://bulbapedia.bulbagarden.net/wiki/Mightyena_(Pokémon)
  OK: {"name":"Mightyena","primaryType":"Dark","secondaryType":"","forms":[],"evolutionStage":"final","preEvolvePokemon":"Poochyena","eggGroups":"Field","height":"3'03\"","weight":"81.6 lbs.","genderRatio":"50% male, 50% female","catchRate":"127 (26%)","hatchTime":"15 cycles"}

[264/1025] Linoone -> https://bulbapedia.bulbagarden.net/wiki/Linoone_(Pokémon)
  OK: {"name":"Linoone","primaryType":"Normal","secondaryType":"Dark","forms":["Galarian Linoone"],"evolutionStage":"2","preEvolvePokemon":"Zigzagoon","eggGroups":"Field","height":"1'08\"","weight":"71.7 lbs.","genderRatio":"50% male, 50% female","catchRate":"90 (20.1%)","hatchTime":"15 cycles"}

[265/1025] Wurmple -> https://bulbapedia.bulbagarden.net/wiki/Wurmple_(Pokémon)
  OK: {"name":"Wurmple","primaryType":"Bug","secondaryType":"","forms":[],"evolutionStage":"1","preEvolvePokemon":"","eggGroups":"Bug","height":"1'00\"","weight":"7.9 lbs.","genderRatio":"50% male, 50% female","catchRate":"255 (43.9%)","hatchTime":"15 cycles"}

[266/1025] Silcoon -> https://bulbapedia.bulbagarden.net/wiki/Silcoon_(Pokémon)
  OK: {"name":"Silcoon","primaryType":"Bug","secondaryType":"","forms":[],"evolutionStage":"2","preEvolvePokemon":"Wurmple","eggGroups":"Bug","height":"2'00\"","weight":"22.0 lbs.","genderRatio":"50% male, 50% female","catchRate":"120 (24.9%)","hatchTime":"15 cycles"}

[267/1025] Beautifly -> https://bulbapedia.bulbagarden.net/wiki/Beautifly_(Pokémon)
  OK: {"name":"Beautifly","primaryType":"Bug","secondaryType":"Flying","forms":[],"evolutionStage":"final","preEvolvePokemon":"Silcoon","eggGroups":"Bug","height":"3'03\"","weight":"62.6 lbs.","genderRatio":"50% male, 50% female","catchRate":"45 (11.9%)","hatchTime":"15 cycles"}

[268/1025] Cascoon -> https://bulbapedia.bulbagarden.net/wiki/Cascoon_(Pokémon)
  OK: {"name":"Cascoon","primaryType":"Bug","secondaryType":"","forms":[],"evolutionStage":"2","preEvolvePokemon":"Wurmple","eggGroups":"Bug","height":"2'04\"","weight":"25.4 lbs.","genderRatio":"50% male, 50% female","catchRate":"120 (24.9%)","hatchTime":"15 cycles"}

[269/1025] Dustox -> https://bulbapedia.bulbagarden.net/wiki/Dustox_(Pokémon)
  OK: {"name":"Dustox","primaryType":"Bug","secondaryType":"Poison","forms":[],"evolutionStage":"final","preEvolvePokemon":"Cascoon","eggGroups":"Bug","height":"3'11\"","weight":"69.7 lbs.","genderRatio":"50% male, 50% female","catchRate":"45 (11.9%)","hatchTime":"15 cycles"}

[271/1025] Lombre -> https://bulbapedia.bulbagarden.net/wiki/Lombre_(Pokémon)
  OK: {"name":"Lombre","primaryType":"Water","secondaryType":"Grass","forms":[],"evolutionStage":"2","preEvolvePokemon":"Lotad","eggGroups":"Water 1 and Grass","height":"3'11\"","weight":"71.7 lbs.","genderRatio":"50% male, 50% female","catchRate":"120 (24.9%)","hatchTime":"15 cycles"}

[272/1025] Ludicolo -> https://bulbapedia.bulbagarden.net/wiki/Ludicolo_(Pokémon)
  OK: {"name":"Ludicolo","primaryType":"Water","secondaryType":"Grass","forms":[],"evolutionStage":"final","preEvolvePokemon":"Lombre","eggGroups":"Water 1 and Grass","height":"4'11\"","weight":"121.3 lbs.","genderRatio":"50% male, 50% female","catchRate":"45 (11.9%)","hatchTime":"15 cycles"}

[274/1025] Nuzleaf -> https://bulbapedia.bulbagarden.net/wiki/Nuzleaf_(Pokémon)
  OK: {"name":"Nuzleaf","primaryType":"Grass","secondaryType":"Dark","forms":[],"evolutionStage":"final","preEvolvePokemon":"Seedot","eggGroups":"Field and Grass","height":"3'03\"","weight":"61.7 lbs.","genderRatio":"50% male, 50% female","catchRate":"120 (24.9%)","hatchTime":"15 cycles"}

[275/1025] Shiftry -> https://bulbapedia.bulbagarden.net/wiki/Shiftry_(Pokémon)
  OK: {"name":"Shiftry","primaryType":"Grass","secondaryType":"Dark","forms":[],"evolutionStage":"final","preEvolvePokemon":"Nuzleaf","eggGroups":"Field and Grass","height":"4'03\"","weight":"131.4 lbs.","genderRatio":"50% male, 50% female","catchRate":"45 (11.9%)","hatchTime":"15 cycles"}

[277/1025] Swellow -> https://bulbapedia.bulbagarden.net/wiki/Swellow_(Pokémon)
  OK: {"name":"Swellow","primaryType":"Normal","secondaryType":"Flying","forms":[],"evolutionStage":"final","preEvolvePokemon":"Taillow","eggGroups":"Flying","height":"2'04\"","weight":"43.7 lbs.","genderRatio":"50% male, 50% female","catchRate":"45 (11.9%)","hatchTime":"15 cycles"}

[279/1025] Pelipper -> https://bulbapedia.bulbagarden.net/wiki/Pelipper_(Pokémon)
  OK: {"name":"Pelipper","primaryType":"Water","secondaryType":"Flying","forms":[],"evolutionStage":"final","preEvolvePokemon":"Wingull","eggGroups":"Water 1 and Flying","height":"3'11\"","weight":"61.7 lbs.","genderRatio":"50% male, 50% female","catchRate":"45 (11.9%)","hatchTime":"20 cycles"}

[281/1025] Kirlia -> https://bulbapedia.bulbagarden.net/wiki/Kirlia_(Pokémon)
  OK: {"name":"Kirlia","primaryType":"Psychic","secondaryType":"Fairy","forms":[],"evolutionStage":"2","preEvolvePokemon":"Ralts","eggGroups":"Human-LikeGen VIII+ and Amorphous","height":"2'07\"","weight":"44.5 lbs.","genderRatio":"50% male, 50% female","catchRate":"120 (24.9%)","hatchTime":"20 cycles"}

[282/1025] Gardevoir -> https://bulbapedia.bulbagarden.net/wiki/Gardevoir_(Pokémon)
  OK: {"name":"Gardevoir","primaryType":"Psychic","secondaryType":"Fairy","forms":["Mega Gardevoir"],"evolutionStage":"final","preEvolvePokemon":"Kirlia","eggGroups":"Human-LikeGen VIII+ and Amorphous","height":"5'03\"","weight":"106.7 lbs.","genderRatio":"50% male, 50% female","catchRate":"45 (11.9%)","hatchTime":"20 cycles"}

[284/1025] Masquerain -> https://bulbapedia.bulbagarden.net/wiki/Masquerain_(Pokémon)
  OK: {"name":"Masquerain","primaryType":"Bug","secondaryType":"Flying","forms":[],"evolutionStage":"final","preEvolvePokemon":"Surskit","eggGroups":"Water 1 and Bug","height":"2'07\"","weight":"7.9 lbs.","genderRatio":"50% male, 50% female","catchRate":"75 (17.5%)","hatchTime":"15 cycles"}

[286/1025] Breloom -> https://bulbapedia.bulbagarden.net/wiki/Breloom_(Pokémon)
  OK: {"name":"Breloom","primaryType":"Grass","secondaryType":"Fighting","forms":[],"evolutionStage":"final","preEvolvePokemon":"Shroomish","eggGroups":"Fairy and Grass","height":"3'11\"","weight":"86.4 lbs.","genderRatio":"50% male, 50% female","catchRate":"90 (20.1%)","hatchTime":"15 cycles"}

[288/1025] Vigoroth -> https://bulbapedia.bulbagarden.net/wiki/Vigoroth_(Pokémon)
  OK: {"name":"Vigoroth","primaryType":"Normal","secondaryType":"","forms":[],"evolutionStage":"2","preEvolvePokemon":"Slakoth","eggGroups":"Field","height":"4'07\"","weight":"102.5 lbs.","genderRatio":"50% male, 50% female","catchRate":"120 (24.9%)","hatchTime":"15 cycles"}

[289/1025] Slaking -> https://bulbapedia.bulbagarden.net/wiki/Slaking_(Pokémon)
  OK: {"name":"Slaking","primaryType":"Normal","secondaryType":"","forms":[],"evolutionStage":"final","preEvolvePokemon":"Vigoroth","eggGroups":"Field","height":"6'07\"","weight":"287.7 lbs.","genderRatio":"50% male, 50% female","catchRate":"45 (11.9%)","hatchTime":"15 cycles"}

[291/1025] Ninjask -> https://bulbapedia.bulbagarden.net/wiki/Ninjask_(Pokémon)
  OK: {"name":"Ninjask","primaryType":"Bug","secondaryType":"Flying","forms":[],"evolutionStage":"2","preEvolvePokemon":"Nincada","eggGroups":"Bug","height":"2'07\"","weight":"26.5 lbs.","genderRatio":"50% male, 50% female","catchRate":"120 (24.9%)","hatchTime":"15 cycles"}

[294/1025] Loudred -> https://bulbapedia.bulbagarden.net/wiki/Loudred_(Pokémon)
  OK: {"name":"Loudred","primaryType":"Normal","secondaryType":"","forms":[],"evolutionStage":"2","preEvolvePokemon":"Whismur","eggGroups":"Monster and Field","height":"3'03\"","weight":"89.3 lbs.","genderRatio":"50% male, 50% female","catchRate":"120 (24.9%)","hatchTime":"20 cycles"}

[295/1025] Exploud -> https://bulbapedia.bulbagarden.net/wiki/Exploud_(Pokémon)
  OK: {"name":"Exploud","primaryType":"Normal","secondaryType":"","forms":[],"evolutionStage":"final","preEvolvePokemon":"Loudred","eggGroups":"Monster and Field","height":"4'11\"","weight":"185.2 lbs.","genderRatio":"50% male, 50% female","catchRate":"45 (11.9%)","hatchTime":"20 cycles"}

[297/1025] Hariyama -> https://bulbapedia.bulbagarden.net/wiki/Hariyama_(Pokémon)
  OK: {"name":"Hariyama","primaryType":"Fighting","secondaryType":"","forms":[],"evolutionStage":"final","preEvolvePokemon":"Makuhita","eggGroups":"Human-Like","height":"7'07\"","weight":"559.5 lbs.","genderRatio":"75% male, 25% female","catchRate":"200 (36.6%)","hatchTime":"20 cycles"}

[301/1025] Delcatty -> https://bulbapedia.bulbagarden.net/wiki/Delcatty_(Pokémon)
  OK: {"name":"Delcatty","primaryType":"Normal","secondaryType":"Fairy","forms":[],"evolutionStage":"final","preEvolvePokemon":"Skitty","eggGroups":"Field and Fairy","height":"3'07\"","weight":"71.9 lbs.","genderRatio":"25% male, 75% female","catchRate":"60 (14.8%)","hatchTime":"15 cycles"}

[302/1025] Sableye -> https://bulbapedia.bulbagarden.net/wiki/Sableye_(Pokémon)
  OK: {"name":"Sableye","primaryType":"Dark","secondaryType":"Ghost","forms":["Mega Sableye"],"evolutionStage":"1","preEvolvePokemon":"","eggGroups":"Human-Like","height":"1'08\"","weight":"24.3 lbs.","genderRatio":"50% male, 50% female","catchRate":"45 (11.9%)","hatchTime":"25 cycles"}

[303/1025] Mawile -> https://bulbapedia.bulbagarden.net/wiki/Mawile_(Pokémon)
  OK: {"name":"Mawile","primaryType":"Steel","secondaryType":"Fairy","forms":["Mega Mawile"],"evolutionStage":"1","preEvolvePokemon":"","eggGroups":"Field and Fairy","height":"2'00\"","weight":"25.4 lbs.","genderRatio":"50% male, 50% female","catchRate":"45 (11.9%)","hatchTime":"20 cycles"}

[305/1025] Lairon -> https://bulbapedia.bulbagarden.net/wiki/Lairon_(Pokémon)
  OK: {"name":"Lairon","primaryType":"Steel","secondaryType":"Rock","forms":[],"evolutionStage":"2","preEvolvePokemon":"Aron","eggGroups":"Monster","height":"2'11\"","weight":"264.6 lbs.","genderRatio":"50% male, 50% female","catchRate":"90 (20.1%)","hatchTime":"35 cycles"}

[306/1025] Aggron -> https://bulbapedia.bulbagarden.net/wiki/Aggron_(Pokémon)
  OK: {"name":"Aggron","primaryType":"Steel","secondaryType":"Rock","forms":["Mega Aggron"],"evolutionStage":"final","preEvolvePokemon":"Lairon","eggGroups":"Monster","height":"6'11\"","weight":"793.7 lbs.","genderRatio":"50% male, 50% female","catchRate":"45 (11.9%)","hatchTime":"35 cycles"}

[308/1025] Medicham -> https://bulbapedia.bulbagarden.net/wiki/Medicham_(Pokémon)
  OK: {"name":"Medicham","primaryType":"Fighting","secondaryType":"Psychic","forms":["Mega Medicham"],"evolutionStage":"final","preEvolvePokemon":"Meditite","eggGroups":"Human-Like","height":"4'03\"","weight":"69.4 lbs.","genderRatio":"50% male, 50% female","catchRate":"90 (20.1%)","hatchTime":"20 cycles"}

[310/1025] Manectric -> https://bulbapedia.bulbagarden.net/wiki/Manectric_(Pokémon)
  OK: {"name":"Manectric","primaryType":"Electric","secondaryType":"","forms":["Mega Manectric"],"evolutionStage":"final","preEvolvePokemon":"Electrike","eggGroups":"Field","height":"4'11\"","weight":"88.6 lbs.","genderRatio":"50% male, 50% female","catchRate":"45 (11.9%)","hatchTime":"20 cycles"}

[311/1025] Plusle -> https://bulbapedia.bulbagarden.net/wiki/Plusle_(Pokémon)
  OK: {"name":"Plusle","primaryType":"Electric","secondaryType":"Fairy","forms":[],"evolutionStage":"1","preEvolvePokemon":"","eggGroups":"Fairy","height":"1'04\"","weight":"9.3 lbs.","genderRatio":"50% male, 50% female","catchRate":"200 (36.6%)","hatchTime":"20 cycles"}

[312/1025] Minun -> https://bulbapedia.bulbagarden.net/wiki/Minun_(Pokémon)
  OK: {"name":"Minun","primaryType":"Electric","secondaryType":"Fairy","forms":[],"evolutionStage":"1","preEvolvePokemon":"","eggGroups":"Fairy","height":"1'04\"","weight":"9.3 lbs.","genderRatio":"50% male, 50% female","catchRate":"200 (36.6%)","hatchTime":"20 cycles"}

[313/1025] Volbeat -> https://bulbapedia.bulbagarden.net/wiki/Volbeat_(Pokémon)
  OK: {"name":"Volbeat","primaryType":"Bug","secondaryType":"","forms":[],"evolutionStage":"1","preEvolvePokemon":"","eggGroups":"Bug and Human-Like","height":"2'04\"","weight":"39.0 lbs.","genderRatio":"100% male","catchRate":"150 (29.5%)","hatchTime":"15 cycles"}

[314/1025] Illumise -> https://bulbapedia.bulbagarden.net/wiki/Illumise_(Pokémon)
  OK: {"name":"Illumise","primaryType":"Bug","secondaryType":"","forms":[],"evolutionStage":"1","preEvolvePokemon":"","eggGroups":"Bug and Human-Like","height":"2'00\"","weight":"39.0 lbs.","genderRatio":"100% female","catchRate":"150 (29.5%)","hatchTime":"15 cycles"}

[315/1025] Roselia -> https://bulbapedia.bulbagarden.net/wiki/Roselia_(Pokémon)
  OK: {"name":"Roselia","primaryType":"Grass","secondaryType":"Poison","forms":[],"evolutionStage":"2","preEvolvePokemon":"Budew","eggGroups":"Fairy and Grass","height":"1'00\"","weight":"4.4 lbs.","genderRatio":"50% male, 50% female","catchRate":"150 (29.5%)","hatchTime":"20 cycles"}

[317/1025] Swalot -> https://bulbapedia.bulbagarden.net/wiki/Swalot_(Pokémon)
  OK: {"name":"Swalot","primaryType":"Poison","secondaryType":"","forms":[],"evolutionStage":"final","preEvolvePokemon":"Gulpin","eggGroups":"Amorphous","height":"5'07\"","weight":"176.4 lbs.","genderRatio":"50% male, 50% female","catchRate":"75 (17.5%)","hatchTime":"20 cycles"}

[319/1025] Sharpedo -> https://bulbapedia.bulbagarden.net/wiki/Sharpedo_(Pokémon)
  OK: {"name":"Sharpedo","primaryType":"Water","secondaryType":"Dark","forms":["Mega Sharpedo"],"evolutionStage":"final","preEvolvePokemon":"Carvanha","eggGroups":"Water 2","height":"5'11\"","weight":"195.8 lbs.","genderRatio":"50% male, 50% female","catchRate":"60 (14.8%)","hatchTime":"20 cycles"}

[321/1025] Wailord -> https://bulbapedia.bulbagarden.net/wiki/Wailord_(Pokémon)
  OK: {"name":"Wailord","primaryType":"Water","secondaryType":"","forms":[],"evolutionStage":"final","preEvolvePokemon":"Wailmer","eggGroups":"Field and Water 2","height":"47'07\"","weight":"877.4 lbs.","genderRatio":"50% male, 50% female","catchRate":"60 (14.8%)","hatchTime":"40 cycles"}

[323/1025] Camerupt -> https://bulbapedia.bulbagarden.net/wiki/Camerupt_(Pokémon)
  OK: {"name":"Camerupt","primaryType":"Fire","secondaryType":"Ground","forms":["Mega Camerupt"],"evolutionStage":"final","preEvolvePokemon":"Numel","eggGroups":"Field","height":"6'03\"","weight":"485.0 lbs.","genderRatio":"50% male, 50% female","catchRate":"150 (29.5%)","hatchTime":"20 cycles"}

[326/1025] Grumpig -> https://bulbapedia.bulbagarden.net/wiki/Grumpig_(Pokémon)
  OK: {"name":"Grumpig","primaryType":"Psychic","secondaryType":"","forms":[],"evolutionStage":"final","preEvolvePokemon":"Spoink","eggGroups":"Field","height":"2'11\"","weight":"157.6 lbs.","genderRatio":"50% male, 50% female","catchRate":"60 (14.8%)","hatchTime":"20 cycles"}

[329/1025] Vibrava -> https://bulbapedia.bulbagarden.net/wiki/Vibrava_(Pokémon)
  OK: {"name":"Vibrava","primaryType":"Ground","secondaryType":"Dragon","forms":[],"evolutionStage":"2","preEvolvePokemon":"Trapinch","eggGroups":"Bug and DragonGen VIII+","height":"3'07\"","weight":"33.7 lbs.","genderRatio":"50% male, 50% female","catchRate":"120 (24.9%)","hatchTime":"20 cycles"}

[330/1025] Flygon -> https://bulbapedia.bulbagarden.net/wiki/Flygon_(Pokémon)
  OK: {"name":"Flygon","primaryType":"Ground","secondaryType":"Dragon","forms":[],"evolutionStage":"final","preEvolvePokemon":"Vibrava","eggGroups":"Bug and DragonGen VIII+","height":"6'07\"","weight":"180.8 lbs.","genderRatio":"50% male, 50% female","catchRate":"45 (11.9%)","hatchTime":"20 cycles"}

[332/1025] Cacturne -> https://bulbapedia.bulbagarden.net/wiki/Cacturne_(Pokémon)
  OK: {"name":"Cacturne","primaryType":"Grass","secondaryType":"Dark","forms":[],"evolutionStage":"final","preEvolvePokemon":"Cacnea","eggGroups":"Grass and Human-Like","height":"4'03\"","weight":"170.6 lbs.","genderRatio":"50% male, 50% female","catchRate":"60 (14.8%)","hatchTime":"20 cycles"}

[334/1025] Altaria -> https://bulbapedia.bulbagarden.net/wiki/Altaria_(Pokémon)
  OK: {"name":"Altaria","primaryType":"Dragon","secondaryType":"Flying","forms":["Mega Altaria"],"evolutionStage":"final","preEvolvePokemon":"Swablu","eggGroups":"Flying and Dragon","height":"3'07\"","weight":"45.4 lbs.","genderRatio":"50% male, 50% female","catchRate":"45 (11.9%)","hatchTime":"20 cycles"}

[337/1025] Lunatone -> https://bulbapedia.bulbagarden.net/wiki/Lunatone_(Pokémon)
  OK: {"name":"Lunatone","primaryType":"Rock","secondaryType":"Psychic","forms":[],"evolutionStage":"1","preEvolvePokemon":"","eggGroups":"Mineral","height":"3'03\"","weight":"370.4 lbs.","genderRatio":"Gender unknown","catchRate":"45 (11.9%)","hatchTime":"25 cycles"}

[338/1025] Sol -> https://bulbapedia.bulbagarden.net/wiki/Sol_(Pokémon)
  WARNING: no infobox found for Sol, skipping.

[340/1025] Whiscash -> https://bulbapedia.bulbagarden.net/wiki/Whiscash_(Pokémon)
  OK: {"name":"Whiscash","primaryType":"Water","secondaryType":"Ground","forms":[],"evolutionStage":"final","preEvolvePokemon":"Barboach","eggGroups":"Water 2","height":"2'11\"","weight":"52.0 lbs.","genderRatio":"50% male, 50% female","catchRate":"75 (17.5%)","hatchTime":"20 cycles"}

[342/1025] Crawdaunt -> https://bulbapedia.bulbagarden.net/wiki/Crawdaunt_(Pokémon)
  OK: {"name":"Crawdaunt","primaryType":"Water","secondaryType":"Dark","forms":[],"evolutionStage":"final","preEvolvePokemon":"Corphish","eggGroups":"Water 1 and Water 3","height":"3'07\"","weight":"72.3 lbs.","genderRatio":"50% male, 50% female","catchRate":"155 (30.2%)","hatchTime":"15 cycles"}

[344/1025] Claydol -> https://bulbapedia.bulbagarden.net/wiki/Claydol_(Pokémon)
  OK: {"name":"Claydol","primaryType":"Ground","secondaryType":"Psychic","forms":[],"evolutionStage":"final","preEvolvePokemon":"Baltoy","eggGroups":"Mineral","height":"4'11\"","weight":"238.1 lbs.","genderRatio":"Gender unknown","catchRate":"90 (20.1%)","hatchTime":"20 cycles"}

[345/1025] Lileep -> https://bulbapedia.bulbagarden.net/wiki/Lileep_(Pokémon)
  OK: {"name":"Lileep","primaryType":"Rock","secondaryType":"Grass","forms":[],"evolutionStage":"1","preEvolvePokemon":"","eggGroups":"Water 3","height":"3'03\"","weight":"52.5 lbs.","genderRatio":"87.5% male, 12.5% female","catchRate":"45 (11.9%)","hatchTime":"30 cycles"}

[346/1025] Cradily -> https://bulbapedia.bulbagarden.net/wiki/Cradily_(Pokémon)
  OK: {"name":"Cradily","primaryType":"Rock","secondaryType":"Grass","forms":[],"evolutionStage":"final","preEvolvePokemon":"Lileep","eggGroups":"Water 3","height":"4'11\"","weight":"133.2 lbs.","genderRatio":"87.5% male, 12.5% female","catchRate":"45 (11.9%)","hatchTime":"30 cycles"}

[347/1025] Anorith -> https://bulbapedia.bulbagarden.net/wiki/Anorith_(Pokémon)
  OK: {"name":"Anorith","primaryType":"Rock","secondaryType":"Bug","forms":[],"evolutionStage":"1","preEvolvePokemon":"","eggGroups":"Water 3","height":"2'04\"","weight":"27.6 lbs.","genderRatio":"87.5% male, 12.5% female","catchRate":"45 (11.9%)","hatchTime":"30 cycles"}

[348/1025] Armaldo -> https://bulbapedia.bulbagarden.net/wiki/Armaldo_(Pokémon)
  OK: {"name":"Armaldo","primaryType":"Rock","secondaryType":"Bug","forms":[],"evolutionStage":"final","preEvolvePokemon":"Anorith","eggGroups":"Water 3","height":"4'11\"","weight":"150.4 lbs.","genderRatio":"87.5% male, 12.5% female","catchRate":"45 (11.9%)","hatchTime":"30 cycles"}

[350/1025] Milotic -> https://bulbapedia.bulbagarden.net/wiki/Milotic_(Pokémon)
  OK: {"name":"Milotic","primaryType":"Water","secondaryType":"Dragon","forms":[],"evolutionStage":"final","preEvolvePokemon":"Feebas","eggGroups":"Water 1 and Dragon","height":"20'04\"","weight":"357.1 lbs.","genderRatio":"50% male, 50% female","catchRate":"60 (14.8%)","hatchTime":"20 cycles"}

[351/1025] Castform -> https://bulbapedia.bulbagarden.net/wiki/Castform_(Pokémon)
  OK: {"name":"Castform","primaryType":"Normal","secondaryType":"Fire","forms":["Sunny Form","Rainy Form","Snowy Form"],"evolutionStage":"1","preEvolvePokemon":"","eggGroups":"Fairy and Amorphous","height":"1'00\"","weight":"1.8 lbs.","genderRatio":"50% male, 50% female","catchRate":"45 (11.9%)","hatchTime":"25 cycles"}

[354/1025] Banette -> https://bulbapedia.bulbagarden.net/wiki/Banette_(Pokémon)
  OK: {"name":"Banette","primaryType":"Ghost","secondaryType":"","forms":["Mega Banette"],"evolutionStage":"final","preEvolvePokemon":"Shuppet","eggGroups":"Amorphous","height":"3'07\"","weight":"27.6 lbs.","genderRatio":"50% male, 50% female","catchRate":"45 (11.9%)","hatchTime":"25 cycles"}

[356/1025] Dusclops -> https://bulbapedia.bulbagarden.net/wiki/Dusclops_(Pokémon)
  OK: {"name":"Dusclops","primaryType":"Ghost","secondaryType":"","forms":[],"evolutionStage":"2","preEvolvePokemon":"Duskull","eggGroups":"Amorphous","height":"5'03\"","weight":"67.5 lbs.","genderRatio":"50% male, 50% female","catchRate":"90 (20.1%)","hatchTime":"25 cycles"}

[358/1025] Chimecho -> https://bulbapedia.bulbagarden.net/wiki/Chimecho_(Pokémon)
  OK: {"name":"Chimecho","primaryType":"Psychic","secondaryType":"Steel","forms":["Mega Chimecho"],"evolutionStage":"final","preEvolvePokemon":"Chingling","eggGroups":"Amorphous","height":"2'00\"","weight":"2.2 lbs.","genderRatio":"50% male, 50% female","catchRate":"45 (11.9%)","hatchTime":"25 cycles"}

[359/1025] Absol -> https://bulbapedia.bulbagarden.net/wiki/Absol_(Pokémon)
  OK: {"name":"Absol","primaryType":"Dark","secondaryType":"Ghost","forms":["Mega Absol","Mega Absol Z"],"evolutionStage":"1","preEvolvePokemon":"","eggGroups":"Field","height":"3'11\"","weight":"103.6 lbs.","genderRatio":"50% male, 50% female","catchRate":"30 (8.8%)","hatchTime":"25 cycles"}

[362/1025] Glalie -> https://bulbapedia.bulbagarden.net/wiki/Glalie_(Pokémon)
  OK: {"name":"Glalie","primaryType":"Ice","secondaryType":"Fairy","forms":["Mega Glalie"],"evolutionStage":"final","preEvolvePokemon":"Snorunt","eggGroups":"Fairy and Mineral","height":"4'11\"","weight":"565.5 lbs.","genderRatio":"50% male, 50% female","catchRate":"75 (17.5%)","hatchTime":"20 cycles"}

[364/1025] Sealeo -> https://bulbapedia.bulbagarden.net/wiki/Sealeo_(Pokémon)
  OK: {"name":"Sealeo","primaryType":"Ice","secondaryType":"Water","forms":[],"evolutionStage":"2","preEvolvePokemon":"Spheal","eggGroups":"Water 1 and Field","height":"3'07\"","weight":"193.1 lbs.","genderRatio":"50% male, 50% female","catchRate":"120 (24.9%)","hatchTime":"20 cycles"}

[365/1025] Walrein -> https://bulbapedia.bulbagarden.net/wiki/Walrein_(Pokémon)
  OK: {"name":"Walrein","primaryType":"Ice","secondaryType":"Water","forms":[],"evolutionStage":"final","preEvolvePokemon":"Sealeo","eggGroups":"Water 1 and Field","height":"4'07\"","weight":"332.0 lbs.","genderRatio":"50% male, 50% female","catchRate":"45 (11.9%)","hatchTime":"20 cycles"}

[367/1025] Huntail -> https://bulbapedia.bulbagarden.net/wiki/Huntail_(Pokémon)
  OK: {"name":"Huntail","primaryType":"Water","secondaryType":"","forms":[],"evolutionStage":"final","preEvolvePokemon":"Clamperl","eggGroups":"Water 1","height":"5'07\"","weight":"59.5 lbs.","genderRatio":"50% male, 50% female","catchRate":"60 (14.8%)","hatchTime":"20 cycles"}

[368/1025] Gorebyss -> https://bulbapedia.bulbagarden.net/wiki/Gorebyss_(Pokémon)
  OK: {"name":"Gorebyss","primaryType":"Water","secondaryType":"","forms":[],"evolutionStage":"final","preEvolvePokemon":"Clamperl","eggGroups":"Water 1","height":"5'11\"","weight":"49.8 lbs.","genderRatio":"50% male, 50% female","catchRate":"60 (14.8%)","hatchTime":"20 cycles"}

[372/1025] Shelgon -> https://bulbapedia.bulbagarden.net/wiki/Shelgon_(Pokémon)
  OK: {"name":"Shelgon","primaryType":"Dragon","secondaryType":"","forms":[],"evolutionStage":"2","preEvolvePokemon":"Bagon","eggGroups":"Dragon","height":"3'07\"","weight":"243.6 lbs.","genderRatio":"50% male, 50% female","catchRate":"45 (11.9%)","hatchTime":"40 cycles"}

[373/1025] Salamence -> https://bulbapedia.bulbagarden.net/wiki/Salamence_(Pokémon)
  OK: {"name":"Salamence","primaryType":"Dragon","secondaryType":"Flying","forms":["Mega Salamence"],"evolutionStage":"final","preEvolvePokemon":"Shelgon","eggGroups":"Dragon","height":"4'11\"","weight":"226.2 lbs.","genderRatio":"50% male, 50% female","catchRate":"45 (11.9%)","hatchTime":"40 cycles"}

[375/1025] Metang -> https://bulbapedia.bulbagarden.net/wiki/Metang_(Pokémon)
  OK: {"name":"Metang","primaryType":"Steel","secondaryType":"Psychic","forms":[],"evolutionStage":"2","preEvolvePokemon":"Beldum","eggGroups":"Mineral","height":"3'11\"","weight":"446.4 lbs.","genderRatio":"Gender unknown","catchRate":"3 (1.6%)","hatchTime":"40 cycles"}

[376/1025] Metagross -> https://bulbapedia.bulbagarden.net/wiki/Metagross_(Pokémon)
  OK: {"name":"Metagross","primaryType":"Steel","secondaryType":"Psychic","forms":["Mega Metagross"],"evolutionStage":"final","preEvolvePokemon":"Metang","eggGroups":"Mineral","height":"5'03\"","weight":"1212.5 lbs.","genderRatio":"Gender unknown","catchRate":"3 (1.6%)","hatchTime":"40 cycles"}

[380/1025] Latias -> https://bulbapedia.bulbagarden.net/wiki/Latias_(Pokémon)
  OK: {"name":"Latias","primaryType":"Dragon","secondaryType":"Psychic","forms":["Mega Latias"],"evolutionStage":"1","preEvolvePokemon":"","eggGroups":"No Eggs Discovered","height":"4'07\"","weight":"88.2 lbs.","genderRatio":"100% female","catchRate":"3 (1.6%)","hatchTime":"120 cycles Egg not obtainable"}

[381/1025] Latios -> https://bulbapedia.bulbagarden.net/wiki/Latios_(Pokémon)
  OK: {"name":"Latios","primaryType":"Dragon","secondaryType":"Psychic","forms":["Mega Latios"],"evolutionStage":"1","preEvolvePokemon":"","eggGroups":"No Eggs Discovered","height":"6'07\"","weight":"132.3 lbs.","genderRatio":"100% male","catchRate":"3 (1.6%)","hatchTime":"120 cycles Egg not obtainable"}

[382/1025] Kyogre -> https://bulbapedia.bulbagarden.net/wiki/Kyogre_(Pokémon)
  OK: {"name":"Kyogre","primaryType":"Water","secondaryType":"","forms":["Primal Kyogre"],"evolutionStage":"1","preEvolvePokemon":"","eggGroups":"No Eggs Discovered","height":"14'09\"","weight":"776.0 lbs.","genderRatio":"Gender unknown","catchRate":"3 (1.6%)","hatchTime":"120 cycles Egg not obtainable"}

[383/1025] Groudon -> https://bulbapedia.bulbagarden.net/wiki/Groudon_(Pokémon)
  OK: {"name":"Groudon","primaryType":"Ground","secondaryType":"Fire","forms":["Primal Groudon"],"evolutionStage":"1","preEvolvePokemon":"","eggGroups":"No Eggs Discovered","height":"11'06\"","weight":"2094.4 lbs.","genderRatio":"Gender unknown","catchRate":"3 (1.6%)","hatchTime":"120 cycles Egg not obtainable"}

[384/1025] Rayquaza -> https://bulbapedia.bulbagarden.net/wiki/Rayquaza_(Pokémon)
  OK: {"name":"Rayquaza","primaryType":"Dragon","secondaryType":"Flying","forms":["Mega Rayquaza"],"evolutionStage":"1","preEvolvePokemon":"","eggGroups":"No Eggs Discovered","height":"23'00\"","weight":"455.3 lbs.","genderRatio":"Gender unknown","catchRate":"3 (1.6%)","hatchTime":"120 cycles Egg not obtainable"}

[386/1025] Deoxys -> https://bulbapedia.bulbagarden.net/wiki/Deoxys_(Pokémon)
  OK: {"name":"Deoxys","primaryType":"Psychic","secondaryType":"","forms":["Normal Forme","Attack Forme","Defense Forme","Speed Forme"],"evolutionStage":"1","preEvolvePokemon":"","eggGroups":"No Eggs Discovered","height":"5'07\"","weight":"134.0 lbs.","genderRatio":"Gender unknown","catchRate":"3 (1.6%)","hatchTime":"120 cycles Egg not obtainable"}

[388/1025] Grotle -> https://bulbapedia.bulbagarden.net/wiki/Grotle_(Pokémon)
  OK: {"name":"Grotle","primaryType":"Grass","secondaryType":"","forms":[],"evolutionStage":"2","preEvolvePokemon":"Turtwig","eggGroups":"Monster and Grass","height":"3'07\"","weight":"213.8 lbs.","genderRatio":"87.5% male, 12.5% female","catchRate":"45 (11.9%)","hatchTime":"20 cycles"}

[389/1025] Torterra -> https://bulbapedia.bulbagarden.net/wiki/Torterra_(Pokémon)
  OK: {"name":"Torterra","primaryType":"Grass","secondaryType":"Ground","forms":[],"evolutionStage":"1","preEvolvePokemon":"","eggGroups":"Monster and Grass","height":"7'03\"","weight":"683.4 lbs.","genderRatio":"87.5% male, 12.5% female","catchRate":"45 (11.9%)","hatchTime":"20 cycles"}

[391/1025] Monferno -> https://bulbapedia.bulbagarden.net/wiki/Monferno_(Pokémon)
  OK: {"name":"Monferno","primaryType":"Fire","secondaryType":"Fighting","forms":[],"evolutionStage":"2","preEvolvePokemon":"Chimchar","eggGroups":"Field and Human-Like","height":"0'0\"","weight":"48.5 lbs.","genderRatio":"87.5% male, 12.5% female","catchRate":"45 (11.9%)","hatchTime":"20 cycles"}

[392/1025] Infernape -> https://bulbapedia.bulbagarden.net/wiki/Infernape_(Pokémon)
  OK: {"name":"Infernape","primaryType":"Fire","secondaryType":"Fighting","forms":[],"evolutionStage":"final","preEvolvePokemon":"Monferno","eggGroups":"Field and Human-Like","height":"3'11\"","weight":"121.3 lbs.","genderRatio":"87.5% male, 12.5% female","catchRate":"45 (11.9%)","hatchTime":"20 cycles"}

[394/1025] Prinplup -> https://bulbapedia.bulbagarden.net/wiki/Prinplup_(Pokémon)
  OK: {"name":"Prinplup","primaryType":"Water","secondaryType":"","forms":[],"evolutionStage":"2","preEvolvePokemon":"Piplup","eggGroups":"Water 1 and Field","height":"2'07\"","weight":"50.7 lbs.","genderRatio":"87.5% male, 12.5% female","catchRate":"45 (11.9%)","hatchTime":"20 cycles"}

[395/1025] Empoleon -> https://bulbapedia.bulbagarden.net/wiki/Empoleon_(Pokémon)
  OK: {"name":"Empoleon","primaryType":"Water","secondaryType":"Steel","forms":[],"evolutionStage":"final","preEvolvePokemon":"Prinplup","eggGroups":"Water 1 and Field","height":"5'07\"","weight":"186.3 lbs.","genderRatio":"87.5% male, 12.5% female","catchRate":"45 (11.9%)","hatchTime":"20 cycles"}

[397/1025] Staravia -> https://bulbapedia.bulbagarden.net/wiki/Staravia_(Pokémon)
  OK: {"name":"Staravia","primaryType":"Normal","secondaryType":"Flying","forms":[],"evolutionStage":"2","preEvolvePokemon":"Starly","eggGroups":"Flying","height":"2'00\"","weight":"34.2 lbs.","genderRatio":"50% male, 50% female","catchRate":"120 (24.9%)","hatchTime":"15 cycles"}

[398/1025] Staraptor -> https://bulbapedia.bulbagarden.net/wiki/Staraptor_(Pokémon)
  OK: {"name":"Staraptor","primaryType":"Normal","secondaryType":"Flying","forms":["Mega Staraptor"],"evolutionStage":"final","preEvolvePokemon":"Staravia","eggGroups":"Flying","height":"3'11\"","weight":"54.9 lbs.","genderRatio":"50% male, 50% female","catchRate":"45 (11.9%)","hatchTime":"15 cycles"}

[400/1025] Bibarel -> https://bulbapedia.bulbagarden.net/wiki/Bibarel_(Pokémon)
  OK: {"name":"Bibarel","primaryType":"Normal","secondaryType":"Water","forms":[],"evolutionStage":"final","preEvolvePokemon":"Bidoof","eggGroups":"Water 1 and Field","height":"3'03\"","weight":"69.4 lbs.","genderRatio":"50% male, 50% female","catchRate":"127 (26%)","hatchTime":"15 cycles"}

[402/1025] Kricketune -> https://bulbapedia.bulbagarden.net/wiki/Kricketune_(Pokémon)
  OK: {"name":"Kricketune","primaryType":"Bug","secondaryType":"","forms":[],"evolutionStage":"final","preEvolvePokemon":"Kricketot","eggGroups":"Bug","height":"3'03\"","weight":"56.2 lbs.","genderRatio":"50% male, 50% female","catchRate":"45 (11.9%)","hatchTime":"15 cycles"}

[404/1025] Luxio -> https://bulbapedia.bulbagarden.net/wiki/Luxio_(Pokémon)
  OK: {"name":"Luxio","primaryType":"Electric","secondaryType":"","forms":[],"evolutionStage":"2","preEvolvePokemon":"Shinx","eggGroups":"Field","height":"2'11\"","weight":"67.2 lbs.","genderRatio":"50% male, 50% female","catchRate":"120 (24.9%)","hatchTime":"20 cycles"}

[405/1025] Luxray -> https://bulbapedia.bulbagarden.net/wiki/Luxray_(Pokémon)
  OK: {"name":"Luxray","primaryType":"Electric","secondaryType":"","forms":[],"evolutionStage":"final","preEvolvePokemon":"Luxio","eggGroups":"Field","height":"4'07\"","weight":"92.6 lbs.","genderRatio":"50% male, 50% female","catchRate":"45 (11.9%)","hatchTime":"20 cycles"}

[407/1025] Roserade -> https://bulbapedia.bulbagarden.net/wiki/Roserade_(Pokémon)
  OK: {"name":"Roserade","primaryType":"Grass","secondaryType":"Poison","forms":[],"evolutionStage":"final","preEvolvePokemon":"Roselia","eggGroups":"Fairy and Grass","height":"2'11\"","weight":"32.0 lbs.","genderRatio":"50% male, 50% female","catchRate":"75 (17.5%)","hatchTime":"20 cycles"}

[408/1025] Cranidos -> https://bulbapedia.bulbagarden.net/wiki/Cranidos_(Pokémon)
  OK: {"name":"Cranidos","primaryType":"Rock","secondaryType":"","forms":[],"evolutionStage":"1","preEvolvePokemon":"","eggGroups":"Monster","height":"2'11\"","weight":"69.4 lbs.","genderRatio":"87.5% male, 12.5% female","catchRate":"45 (11.9%)","hatchTime":"30 cycles"}

[409/1025] Rampardos -> https://bulbapedia.bulbagarden.net/wiki/Rampardos_(Pokémon)
  OK: {"name":"Rampardos","primaryType":"Rock","secondaryType":"","forms":[],"evolutionStage":"final","preEvolvePokemon":"Cranidos","eggGroups":"Monster","height":"5'03\"","weight":"226.0 lbs.","genderRatio":"87.5% male, 12.5% female","catchRate":"45 (11.9%)","hatchTime":"30 cycles"}

[410/1025] Shieldon -> https://bulbapedia.bulbagarden.net/wiki/Shieldon_(Pokémon)
  OK: {"name":"Shieldon","primaryType":"Rock","secondaryType":"Steel","forms":[],"evolutionStage":"1","preEvolvePokemon":"","eggGroups":"Monster","height":"1'08\"","weight":"125.7 lbs.","genderRatio":"87.5% male, 12.5% female","catchRate":"45 (11.9%)","hatchTime":"30 cycles"}

[411/1025] Bastiodon -> https://bulbapedia.bulbagarden.net/wiki/Bastiodon_(Pokémon)
  OK: {"name":"Bastiodon","primaryType":"Rock","secondaryType":"Steel","forms":[],"evolutionStage":"final","preEvolvePokemon":"Shieldon","eggGroups":"Monster","height":"4'03\"","weight":"329.6 lbs.","genderRatio":"87.5% male, 12.5% female","catchRate":"45 (11.9%)","hatchTime":"30 cycles"}

[413/1025] Wormadam -> https://bulbapedia.bulbagarden.net/wiki/Wormadam_(Pokémon)
  OK: {"name":"Wormadam","primaryType":"Bug","secondaryType":"Grass","forms":["Plant Cloak","Sandy Cloak","Trash Cloak"],"evolutionStage":"final","preEvolvePokemon":"Burmy","eggGroups":"Bug","height":"1'08\"","weight":"14.3 lbs.","genderRatio":"100% female","catchRate":"45 (11.9%)","hatchTime":"15 cycles"}

[414/1025] Mothim -> https://bulbapedia.bulbagarden.net/wiki/Mothim_(Pokémon)
  OK: {"name":"Mothim","primaryType":"Bug","secondaryType":"Flying","forms":[],"evolutionStage":"final","preEvolvePokemon":"Burmy","eggGroups":"Bug","height":"2'11\"","weight":"51.4 lbs.","genderRatio":"100% male","catchRate":"45 (11.9%)","hatchTime":"15 cycles"}

[415/1025] Combee -> https://bulbapedia.bulbagarden.net/wiki/Combee_(Pokémon)
  OK: {"name":"Combee","primaryType":"Bug","secondaryType":"Flying","forms":[],"evolutionStage":"1","preEvolvePokemon":"","eggGroups":"Bug","height":"1'00\"","weight":"12.1 lbs.","genderRatio":"87.5% male, 12.5% female","catchRate":"120 (24.9%)","hatchTime":"15 cycles"}

[416/1025] Vespiquen -> https://bulbapedia.bulbagarden.net/wiki/Vespiquen_(Pokémon)
  OK: {"name":"Vespiquen","primaryType":"Bug","secondaryType":"Flying","forms":[],"evolutionStage":"1","preEvolvePokemon":"","eggGroups":"Bug","height":"3'11\"","weight":"84.9 lbs.","genderRatio":"100% female","catchRate":"45 (11.9%)","hatchTime":"15 cycles"}

[419/1025] Floatzel -> https://bulbapedia.bulbagarden.net/wiki/Floatzel_(Pokémon)
  OK: {"name":"Floatzel","primaryType":"Water","secondaryType":"","forms":[],"evolutionStage":"final","preEvolvePokemon":"Buizel","eggGroups":"Water 1 and Field","height":"3'07\"","weight":"73.9 lbs.","genderRatio":"50% male, 50% female","catchRate":"75 (17.5%)","hatchTime":"20 cycles"}

[421/1025] Cherrim -> https://bulbapedia.bulbagarden.net/wiki/Cherrim_(Pokémon)
  OK: {"name":"Cherrim","primaryType":"Grass","secondaryType":"Fairy","forms":["Overcast Form","Sunshine Form"],"evolutionStage":"final","preEvolvePokemon":"Cherubi","eggGroups":"Fairy and Grass","height":"1'08\"","weight":"20.5 lbs.","genderRatio":"50% male, 50% female","catchRate":"75 (17.5%)","hatchTime":"20 cycles"}

[423/1025] Gastrodon -> https://bulbapedia.bulbagarden.net/wiki/Gastrodon_(Pokémon)
  OK: {"name":"Gastrodon","primaryType":"Water","secondaryType":"Ground","forms":["West Sea Gastrodon","East Sea Gastrodon"],"evolutionStage":"final","preEvolvePokemon":"Shellos","eggGroups":"Water 1 and Amorphous","height":"2'11\"","weight":"65.9 lbs.","genderRatio":"50% male, 50% female","catchRate":"75 (17.5%)","hatchTime":"20 cycles"}

[424/1025] Ambipom -> https://bulbapedia.bulbagarden.net/wiki/Ambipom_(Pokémon)
  OK: {"name":"Ambipom","primaryType":"Normal","secondaryType":"","forms":[],"evolutionStage":"final","preEvolvePokemon":"Aipom","eggGroups":"Field","height":"3'11\"","weight":"44.8 lbs.","genderRatio":"50% male, 50% female","catchRate":"45 (11.9%)","hatchTime":"20 cycles"}

[426/1025] Drifblim -> https://bulbapedia.bulbagarden.net/wiki/Drifblim_(Pokémon)
  OK: {"name":"Drifblim","primaryType":"Ghost","secondaryType":"Flying","forms":[],"evolutionStage":"final","preEvolvePokemon":"Drifloon","eggGroups":"Amorphous","height":"3'11\"","weight":"33.1 lbs.","genderRatio":"50% male, 50% female","catchRate":"60 (14.8%)","hatchTime":"30 cycles"}

[428/1025] Lopunny -> https://bulbapedia.bulbagarden.net/wiki/Lopunny_(Pokémon)
  OK: {"name":"Lopunny","primaryType":"Normal","secondaryType":"Fighting","forms":["Mega Lopunny"],"evolutionStage":"1","preEvolvePokemon":"","eggGroups":"Field and Human-Like","height":"3'11\"","weight":"73.4 lbs.","genderRatio":"50% male, 50% female","catchRate":"60 (14.8%)","hatchTime":"20 cycles"}

[429/1025] Mismagius -> https://bulbapedia.bulbagarden.net/wiki/Mismagius_(Pokémon)
  OK: {"name":"Mismagius","primaryType":"Ghost","secondaryType":"","forms":[],"evolutionStage":"final","preEvolvePokemon":"Misdreavus","eggGroups":"Amorphous","height":"2'11\"","weight":"9.7 lbs.","genderRatio":"50% male, 50% female","catchRate":"45 (11.9%)","hatchTime":"25 cycles"}

[430/1025] Honchkrow -> https://bulbapedia.bulbagarden.net/wiki/Honchkrow_(Pokémon)
  OK: {"name":"Honchkrow","primaryType":"Dark","secondaryType":"Flying","forms":[],"evolutionStage":"final","preEvolvePokemon":"Murkrow","eggGroups":"Flying","height":"2'11\"","weight":"60.2 lbs.","genderRatio":"50% male, 50% female","catchRate":"30 (8.8%)","hatchTime":"20 cycles"}

[432/1025] Purugly -> https://bulbapedia.bulbagarden.net/wiki/Purugly_(Pokémon)
  OK: {"name":"Purugly","primaryType":"Normal","secondaryType":"","forms":[],"evolutionStage":"final","preEvolvePokemon":"Glameow","eggGroups":"Field","height":"3'03\"","weight":"96.6 lbs.","genderRatio":"25% male, 75% female","catchRate":"75 (17.5%)","hatchTime":"20 cycles"}

[435/1025] Skuntank -> https://bulbapedia.bulbagarden.net/wiki/Skuntank_(Pokémon)
  OK: {"name":"Skuntank","primaryType":"Poison","secondaryType":"Dark","forms":[],"evolutionStage":"final","preEvolvePokemon":"Stunky","eggGroups":"Field","height":"3'03\"","weight":"83.8 lbs.","genderRatio":"50% male, 50% female","catchRate":"60 (14.8%)","hatchTime":"20 cycles"}

[437/1025] Bronzong -> https://bulbapedia.bulbagarden.net/wiki/Bronzong_(Pokémon)
  OK: {"name":"Bronzong","primaryType":"Steel","secondaryType":"Psychic","forms":[],"evolutionStage":"final","preEvolvePokemon":"Bronzor","eggGroups":"Mineral","height":"4'03\"","weight":"412.3 lbs.","genderRatio":"Gender unknown","catchRate":"90 (20.1%)","hatchTime":"20 cycles"}

[444/1025] Gabite -> https://bulbapedia.bulbagarden.net/wiki/Gabite_(Pokémon)
  OK: {"name":"Gabite","primaryType":"Dragon","secondaryType":"Ground","forms":[],"evolutionStage":"2","preEvolvePokemon":"Gible","eggGroups":"Monster and Dragon","height":"4'07\"","weight":"123.5 lbs.","genderRatio":"50% male, 50% female","catchRate":"45 (11.9%)","hatchTime":"40 cycles"}

[445/1025] Garchomp -> https://bulbapedia.bulbagarden.net/wiki/Garchomp_(Pokémon)
  OK: {"name":"Garchomp","primaryType":"Dragon","secondaryType":"Ground","forms":["Mega Garchomp","Mega Garchomp Z"],"evolutionStage":"1","preEvolvePokemon":"","eggGroups":"Monster and Dragon","height":"6'03\"","weight":"209.4 lbs.","genderRatio":"50% male, 50% female","catchRate":"45 (11.9%)","hatchTime":"40 cycles"}

[448/1025] Lucario -> https://bulbapedia.bulbagarden.net/wiki/Lucario_(Pokémon)
  OK: {"name":"Lucario","primaryType":"Fighting","secondaryType":"Steel","forms":["Mega Lucario","Mega Lucario Z"],"evolutionStage":"final","preEvolvePokemon":"Riolu","eggGroups":"Field and Human-Like","height":"3'11\"","weight":"119.0 lbs.","genderRatio":"87.5% male, 12.5% female","catchRate":"45 (11.9%)","hatchTime":"25 cycles"}

[450/1025] Hippowdon -> https://bulbapedia.bulbagarden.net/wiki/Hippowdon_(Pokémon)
  OK: {"name":"Hippowdon","primaryType":"Ground","secondaryType":"","forms":[],"evolutionStage":"final","preEvolvePokemon":"Hippopotas","eggGroups":"Field","height":"6'07\"","weight":"661.4 lbs.","genderRatio":"50% male, 50% female","catchRate":"60 (14.8%)","hatchTime":"30 cycles"}

[452/1025] Drapion -> https://bulbapedia.bulbagarden.net/wiki/Drapion_(Pokémon)
  OK: {"name":"Drapion","primaryType":"Poison","secondaryType":"Dark","forms":[],"evolutionStage":"final","preEvolvePokemon":"Skorupi","eggGroups":"Bug and Water 3","height":"4'03\"","weight":"135.6 lbs.","genderRatio":"50% male, 50% female","catchRate":"45 (11.9%)","hatchTime":"20 cycles"}

[454/1025] Toxicroak -> https://bulbapedia.bulbagarden.net/wiki/Toxicroak_(Pokémon)
  OK: {"name":"Toxicroak","primaryType":"Poison","secondaryType":"Fighting","forms":[],"evolutionStage":"final","preEvolvePokemon":"Croagunk","eggGroups":"Human-Like","height":"4'03\"","weight":"97.9 lbs.","genderRatio":"50% male, 50% female","catchRate":"75 (17.5%)","hatchTime":"20 cycles"}

[457/1025] Lumineon -> https://bulbapedia.bulbagarden.net/wiki/Lumineon_(Pokémon)
  OK: {"name":"Lumineon","primaryType":"Water","secondaryType":"","forms":[],"evolutionStage":"final","preEvolvePokemon":"Finneon","eggGroups":"Water 2","height":"3'11\"","weight":"52.9 lbs.","genderRatio":"50% male, 50% female","catchRate":"75 (17.5%)","hatchTime":"20 cycles"}

[460/1025] Abomasnow -> https://bulbapedia.bulbagarden.net/wiki/Abomasnow_(Pokémon)
  OK: {"name":"Abomasnow","primaryType":"Grass","secondaryType":"Ice","forms":["Mega Abomasnow"],"evolutionStage":"final","preEvolvePokemon":"Snover","eggGroups":"Monster and Grass","height":"7'03\"","weight":"298.7 lbs.","genderRatio":"50% male, 50% female","catchRate":"60 (14.8%)","hatchTime":"20 cycles"}

[461/1025] Weavile -> https://bulbapedia.bulbagarden.net/wiki/Weavile_(Pokémon)
  OK: {"name":"Weavile","primaryType":"Dark","secondaryType":"Ice","forms":[],"evolutionStage":"final","preEvolvePokemon":"Sneasel","eggGroups":"Field","height":"3'07\"","weight":"75.0 lbs.","genderRatio":"50% male, 50% female","catchRate":"45 (11.9%)","hatchTime":"20 cycles"}

[462/1025] Magnezone -> https://bulbapedia.bulbagarden.net/wiki/Magnezone_(Pokémon)
  OK: {"name":"Magnezone","primaryType":"Electric","secondaryType":"Steel","forms":[],"evolutionStage":"final","preEvolvePokemon":"Magneton","eggGroups":"Mineral","height":"3'11\"","weight":"396.8 lbs.","genderRatio":"Gender unknown","catchRate":"30 (8.8%)","hatchTime":"20 cycles"}

[463/1025] Lickilicky -> https://bulbapedia.bulbagarden.net/wiki/Lickilicky_(Pokémon)
  OK: {"name":"Lickilicky","primaryType":"Normal","secondaryType":"","forms":[],"evolutionStage":"final","preEvolvePokemon":"Lickitung","eggGroups":"Monster","height":"5'07\"","weight":"308.6 lbs.","genderRatio":"50% male, 50% female","catchRate":"30 (8.8%)","hatchTime":"20 cycles"}

[464/1025] Rhyperior -> https://bulbapedia.bulbagarden.net/wiki/Rhyperior_(Pokémon)
  OK: {"name":"Rhyperior","primaryType":"Ground","secondaryType":"Rock","forms":[],"evolutionStage":"final","preEvolvePokemon":"Rhydon","eggGroups":"Monster and Field","height":"7'10\"","weight":"623.5 lbs.","genderRatio":"50% male, 50% female","catchRate":"30 (8.8%)","hatchTime":"20 cycles"}

[465/1025] Tangrowth -> https://bulbapedia.bulbagarden.net/wiki/Tangrowth_(Pokémon)
  OK: {"name":"Tangrowth","primaryType":"Grass","secondaryType":"","forms":[],"evolutionStage":"final","preEvolvePokemon":"Tangela","eggGroups":"Grass","height":"6'07\"","weight":"283.5 lbs.","genderRatio":"50% male, 50% female","catchRate":"30 (8.8%)","hatchTime":"20 cycles"}

[466/1025] Electivire -> https://bulbapedia.bulbagarden.net/wiki/Electivire_(Pokémon)
  OK: {"name":"Electivire","primaryType":"Electric","secondaryType":"","forms":[],"evolutionStage":"final","preEvolvePokemon":"Electabuzz","eggGroups":"Human-Like","height":"5'11\"","weight":"305.6 lbs.","genderRatio":"75% male, 25% female","catchRate":"30 (8.8%)","hatchTime":"25 cycles"}

[467/1025] Magmortar -> https://bulbapedia.bulbagarden.net/wiki/Magmortar_(Pokémon)
  OK: {"name":"Magmortar","primaryType":"Fire","secondaryType":"","forms":[],"evolutionStage":"final","preEvolvePokemon":"Magmar","eggGroups":"Human-Like","height":"5'03\"","weight":"149.9 lbs.","genderRatio":"75% male, 25% female","catchRate":"30 (8.8%)","hatchTime":"25 cycles"}

[468/1025] Togekiss -> https://bulbapedia.bulbagarden.net/wiki/Togekiss_(Pokémon)
  OK: {"name":"Togekiss","primaryType":"Fairy","secondaryType":"Flying","forms":[],"evolutionStage":"final","preEvolvePokemon":"Togetic","eggGroups":"Flying and Fairy","height":"4'11\"","weight":"83.8 lbs.","genderRatio":"87.5% male, 12.5% female","catchRate":"30 (8.8%)","hatchTime":"10 cycles"}

[469/1025] Yanmega -> https://bulbapedia.bulbagarden.net/wiki/Yanmega_(Pokémon)
  OK: {"name":"Yanmega","primaryType":"Bug","secondaryType":"Flying","forms":[],"evolutionStage":"final","preEvolvePokemon":"Yanma","eggGroups":"Bug","height":"6'03\"","weight":"113.5 lbs.","genderRatio":"50% male, 50% female","catchRate":"30 (8.8%)","hatchTime":"20 cycles"}

[470/1025] Leafeon -> https://bulbapedia.bulbagarden.net/wiki/Leafeon_(Pokémon)
  OK: {"name":"Leafeon","primaryType":"Grass","secondaryType":"","forms":[],"evolutionStage":"1","preEvolvePokemon":"","eggGroups":"Field","height":"3'03\"","weight":"56.2 lbs.","genderRatio":"87.5% male, 12.5% female","catchRate":"45 (11.9%)","hatchTime":"35 cycles"}

[471/1025] Glaceon -> https://bulbapedia.bulbagarden.net/wiki/Glaceon_(Pokémon)
  OK: {"name":"Glaceon","primaryType":"Ice","secondaryType":"","forms":[],"evolutionStage":"1","preEvolvePokemon":"","eggGroups":"Field","height":"2'07\"","weight":"57.1 lbs.","genderRatio":"87.5% male, 12.5% female","catchRate":"45 (11.9%)","hatchTime":"35 cycles"}

[472/1025] Gliscor -> https://bulbapedia.bulbagarden.net/wiki/Gliscor_(Pokémon)
  OK: {"name":"Gliscor","primaryType":"Ground","secondaryType":"Flying","forms":[],"evolutionStage":"final","preEvolvePokemon":"Gligar","eggGroups":"Bug","height":"6'07\"","weight":"93.7 lbs.","genderRatio":"50% male, 50% female","catchRate":"30 (8.8%)","hatchTime":"20 cycles"}

[473/1025] Mamoswine -> https://bulbapedia.bulbagarden.net/wiki/Mamoswine_(Pokémon)
  OK: {"name":"Mamoswine","primaryType":"Ice","secondaryType":"Ground","forms":[],"evolutionStage":"final","preEvolvePokemon":"Piloswine","eggGroups":"Field","height":"8'02\"","weight":"641.5 lbs.","genderRatio":"50% male, 50% female","catchRate":"50 (12.9%)","hatchTime":"20 cycles"}

[474/1025] Porygon-Z -> https://bulbapedia.bulbagarden.net/wiki/Porygon-Z_(Pokémon)
  OK: {"name":"Porygon-Z","primaryType":"Normal","secondaryType":"","forms":[],"evolutionStage":"final","preEvolvePokemon":"Porygon2","eggGroups":"Mineral","height":"2'11\"","weight":"75.0 lbs.","genderRatio":"Gender unknown","catchRate":"30 (8.8%)","hatchTime":"20 cycles"}

[475/1025] Gallade -> https://bulbapedia.bulbagarden.net/wiki/Gallade_(Pokémon)
  OK: {"name":"Gallade","primaryType":"Psychic","secondaryType":"Fighting","forms":["Mega Gallade"],"evolutionStage":"final","preEvolvePokemon":"Kirlia","eggGroups":"Human-LikeGen VIII+ and Amorphous","height":"5'03\"","weight":"114.6 lbs.","genderRatio":"100% male","catchRate":"45 (11.9%)","hatchTime":"20 cycles"}

[476/1025] Probopass -> https://bulbapedia.bulbagarden.net/wiki/Probopass_(Pokémon)
  OK: {"name":"Probopass","primaryType":"Rock","secondaryType":"Steel","forms":[],"evolutionStage":"final","preEvolvePokemon":"Nosepass","eggGroups":"Mineral","height":"4'07\"","weight":"749.6 lbs.","genderRatio":"50% male, 50% female","catchRate":"60 (14.8%)","hatchTime":"20 cycles"}

[477/1025] Dusknoir -> https://bulbapedia.bulbagarden.net/wiki/Dusknoir_(Pokémon)
  OK: {"name":"Dusknoir","primaryType":"Ghost","secondaryType":"","forms":[],"evolutionStage":"final","preEvolvePokemon":"Dusclops","eggGroups":"Amorphous","height":"7'03\"","weight":"235.0 lbs.","genderRatio":"50% male, 50% female","catchRate":"45 (11.9%)","hatchTime":"25 cycles"}

[478/1025] Froslass -> https://bulbapedia.bulbagarden.net/wiki/Froslass_(Pokémon)
  OK: {"name":"Froslass","primaryType":"Ice","secondaryType":"Ghost","forms":["Mega Froslass"],"evolutionStage":"final","preEvolvePokemon":"Snorunt","eggGroups":"Fairy and Mineral","height":"4'03\"","weight":"58.6 lbs.","genderRatio":"100% female","catchRate":"75 (17.5%)","hatchTime":"20 cycles"}

[479/1025] Rotom -> https://bulbapedia.bulbagarden.net/wiki/Rotom_(Pokémon)
  OK: {"name":"Rotom","primaryType":"Electric","secondaryType":"Ghost","forms":["Heat Rotom","Wash Rotom","Frost Rotom","Fan Rotom","Mow Rotom","Stereo Rotom"],"evolutionStage":"1","preEvolvePokemon":"","eggGroups":"Amorphous","height":"1'00\"","weight":"0.7 lbs.","genderRatio":"Gender unknown","catchRate":"45 (11.9%)","hatchTime":"20 cycles"}

[483/1025] Dialga -> https://bulbapedia.bulbagarden.net/wiki/Dialga_(Pokémon)
  OK: {"name":"Dialga","primaryType":"Steel","secondaryType":"Dragon","forms":[],"evolutionStage":"1","preEvolvePokemon":"","eggGroups":"No Eggs Discovered","height":"17'09\"","weight":"1505.8 lbs.","genderRatio":"Gender unknown","catchRate":"3 (1.6%)","hatchTime":"120 cycles Egg not obtainable"}

[484/1025] Palkia -> https://bulbapedia.bulbagarden.net/wiki/Palkia_(Pokémon)
  OK: {"name":"Palkia","primaryType":"Water","secondaryType":"Dragon","forms":[],"evolutionStage":"1","preEvolvePokemon":"","eggGroups":"No Eggs Discovered","height":"13'09\"","weight":"740.8 lbs.","genderRatio":"Gender unknown","catchRate":"3 (1.6%)","hatchTime":"120 cycles Egg not obtainable"}

[485/1025] Heatran -> https://bulbapedia.bulbagarden.net/wiki/Heatran_(Pokémon)
  OK: {"name":"Heatran","primaryType":"Fire","secondaryType":"Steel","forms":["Mega Heatran"],"evolutionStage":"1","preEvolvePokemon":"","eggGroups":"No Eggs Discovered","height":"5'07\"","weight":"948.0 lbs.","genderRatio":"50% male, 50% female","catchRate":"3 (1.6%)","hatchTime":"10 cycles Egg not obtainable"}

[487/1025] Giratina -> https://bulbapedia.bulbagarden.net/wiki/Giratina_(Pokémon)
  OK: {"name":"Giratina","primaryType":"Ghost","secondaryType":"Dragon","forms":["Altered Forme","Origin Forme"],"evolutionStage":"1","preEvolvePokemon":"","eggGroups":"No Eggs Discovered","height":"14'09\"","weight":"1653.5 lbs.","genderRatio":"Gender unknown","catchRate":"3 (1.6%)","hatchTime":"120 cycles Egg not obtainable"}

[489/1025] Phione -> https://bulbapedia.bulbagarden.net/wiki/Phione_(Pokémon)
  OK: {"name":"Phione","primaryType":"Water","secondaryType":"Fairy","forms":[],"evolutionStage":"1","preEvolvePokemon":"","eggGroups":"Water 1 and Fairy","height":"1'04\"","weight":"6.8 lbs.","genderRatio":"Gender unknown","catchRate":"30 (8.8%)","hatchTime":"40 cycles"}

[491/1025] Darkrai -> https://bulbapedia.bulbagarden.net/wiki/Darkrai_(Pokémon)
  OK: {"name":"Darkrai","primaryType":"Dark","secondaryType":"","forms":["Mega Darkrai"],"evolutionStage":"1","preEvolvePokemon":"","eggGroups":"No Eggs Discovered","height":"4'11\"","weight":"111.3 lbs.","genderRatio":"Gender unknown","catchRate":"3 (1.6%)","hatchTime":"120 cycles Egg not obtainable"}

[492/1025] Shaymin -> https://bulbapedia.bulbagarden.net/wiki/Shaymin_(Pokémon)
  OK: {"name":"Shaymin","primaryType":"Grass","secondaryType":"Flying","forms":[],"evolutionStage":"1","preEvolvePokemon":"","eggGroups":"No Eggs Discovered","height":"0'08\"","weight":"4.6 lbs.","genderRatio":"Gender unknown","catchRate":"45 (11.9%)","hatchTime":"120 cycles Egg not obtainable"}

[493/1025] Arceus -> https://bulbapedia.bulbagarden.net/wiki/Arceus_(Pokémon)
  OK: {"name":"Arceus","primaryType":"Normal","secondaryType":"","forms":[],"evolutionStage":"1","preEvolvePokemon":"","eggGroups":"No Eggs Discovered","height":"10'06\"","weight":"705.5 lbs.","genderRatio":"Gender unknown","catchRate":"3 (1.6%)","hatchTime":"120 cycles Egg not obtainable"}

[500/1025] Emboar -> https://bulbapedia.bulbagarden.net/wiki/Emboar_(Pokémon)
  OK: {"name":"Emboar","primaryType":"Fire","secondaryType":"Fighting","forms":["Mega Emboar"],"evolutionStage":"final","preEvolvePokemon":"Pignite","eggGroups":"Field","height":"5'03\"","weight":"330.7 lbs.","genderRatio":"87.5% male, 12.5% female","catchRate":"45 (11.9%)","hatchTime":"20 cycles"}

[502/1025] Dewott -> https://bulbapedia.bulbagarden.net/wiki/Dewott_(Pokémon)
  OK: {"name":"Dewott","primaryType":"Water","secondaryType":"","forms":[],"evolutionStage":"2","preEvolvePokemon":"Oshawott","eggGroups":"Field","height":"2'07\"","weight":"54.0 lbs.","genderRatio":"87.5% male, 12.5% female","catchRate":"45 (11.9%)","hatchTime":"20 cycles"}

[503/1025] Samurott -> https://bulbapedia.bulbagarden.net/wiki/Samurott_(Pokémon)
  OK: {"name":"Samurott","primaryType":"Water","secondaryType":"Dark","forms":["Hisuian Samurott"],"evolutionStage":"final","preEvolvePokemon":"Dewott","eggGroups":"Field","height":"4'11\"","weight":"208.6 lbs.","genderRatio":"87.5% male, 12.5% female","catchRate":"45 (11.9%)","hatchTime":"20 cycles"}

[505/1025] Watchog -> https://bulbapedia.bulbagarden.net/wiki/Watchog_(Pokémon)
  OK: {"name":"Watchog","primaryType":"Normal","secondaryType":"","forms":[],"evolutionStage":"final","preEvolvePokemon":"Patrat","eggGroups":"Field","height":"3'07\"","weight":"59.5 lbs.","genderRatio":"50% male, 50% female","catchRate":"255 (43.9%)","hatchTime":"20 cycles"}

[507/1025] Herdier -> https://bulbapedia.bulbagarden.net/wiki/Herdier_(Pokémon)
  OK: {"name":"Herdier","primaryType":"Normal","secondaryType":"","forms":[],"evolutionStage":"2","preEvolvePokemon":"Lillipup","eggGroups":"Field","height":"2'11\"","weight":"32.4 lbs.","genderRatio":"50% male, 50% female","catchRate":"120 (24.9%)","hatchTime":"15 cycles"}

[508/1025] Stoutland -> https://bulbapedia.bulbagarden.net/wiki/Stoutland_(Pokémon)
  OK: {"name":"Stoutland","primaryType":"Normal","secondaryType":"","forms":[],"evolutionStage":"final","preEvolvePokemon":"Herdier","eggGroups":"Field","height":"3'11\"","weight":"134.5 lbs.","genderRatio":"50% male, 50% female","catchRate":"45 (11.9%)","hatchTime":"15 cycles"}

[510/1025] Liepard -> https://bulbapedia.bulbagarden.net/wiki/Liepard_(Pokémon)
  OK: {"name":"Liepard","primaryType":"Dark","secondaryType":"","forms":[],"evolutionStage":"final","preEvolvePokemon":"Purrloin","eggGroups":"Field","height":"3'07\"","weight":"82.7 lbs.","genderRatio":"50% male, 50% female","catchRate":"90 (20.1%)","hatchTime":"20 cycles"}

[512/1025] Simisage -> https://bulbapedia.bulbagarden.net/wiki/Simisage_(Pokémon)
  OK: {"name":"Simisage","primaryType":"Grass","secondaryType":"","forms":[],"evolutionStage":"final","preEvolvePokemon":"Pansage","eggGroups":"Field","height":"3'07\"","weight":"67.2 lbs.","genderRatio":"87.5% male, 12.5% female","catchRate":"75 (17.5%)","hatchTime":"20 cycles"}

[514/1025] Simisear -> https://bulbapedia.bulbagarden.net/wiki/Simisear_(Pokémon)
  OK: {"name":"Simisear","primaryType":"Fire","secondaryType":"","forms":[],"evolutionStage":"final","preEvolvePokemon":"Pansear","eggGroups":"Field","height":"3'03\"","weight":"61.7 lbs.","genderRatio":"87.5% male, 12.5% female","catchRate":"75 (17.5%)","hatchTime":"20 cycles"}

[516/1025] Simipour -> https://bulbapedia.bulbagarden.net/wiki/Simipour_(Pokémon)
  OK: {"name":"Simipour","primaryType":"Water","secondaryType":"","forms":[],"evolutionStage":"final","preEvolvePokemon":"Panpour","eggGroups":"Field","height":"3'03\"","weight":"63.9 lbs.","genderRatio":"87.5% male, 12.5% female","catchRate":"75 (17.5%)","hatchTime":"20 cycles"}

[518/1025] Musharna -> https://bulbapedia.bulbagarden.net/wiki/Musharna_(Pokémon)
  OK: {"name":"Musharna","primaryType":"Psychic","secondaryType":"","forms":[],"evolutionStage":"final","preEvolvePokemon":"Munna","eggGroups":"Field","height":"3'07\"","weight":"133.4 lbs.","genderRatio":"50% male, 50% female","catchRate":"75 (17.5%)","hatchTime":"10 cycles"}

[520/1025] Tranquill -> https://bulbapedia.bulbagarden.net/wiki/Tranquill_(Pokémon)
  OK: {"name":"Tranquill","primaryType":"Normal","secondaryType":"Flying","forms":[],"evolutionStage":"2","preEvolvePokemon":"Pidove","eggGroups":"Flying","height":"2'00\"","weight":"33.1 lbs.","genderRatio":"50% male, 50% female","catchRate":"120 (24.9%)","hatchTime":"15 cycles"}

[521/1025] Unfezant -> https://bulbapedia.bulbagarden.net/wiki/Unfezant_(Pokémon)
  OK: {"name":"Unfezant","primaryType":"Normal","secondaryType":"Flying","forms":[],"evolutionStage":"final","preEvolvePokemon":"Tranquill","eggGroups":"Flying","height":"3'11\"","weight":"63.9 lbs.","genderRatio":"50% male, 50% female","catchRate":"45 (11.9%)","hatchTime":"15 cycles"}

[523/1025] Zebstrika -> https://bulbapedia.bulbagarden.net/wiki/Zebstrika_(Pokémon)
  OK: {"name":"Zebstrika","primaryType":"Electric","secondaryType":"","forms":[],"evolutionStage":"final","preEvolvePokemon":"Blitzle","eggGroups":"Field","height":"5'03\"","weight":"175.3 lbs.","genderRatio":"50% male, 50% female","catchRate":"75 (17.5%)","hatchTime":"20 cycles"}

[525/1025] Boldore -> https://bulbapedia.bulbagarden.net/wiki/Boldore_(Pokémon)
  OK: {"name":"Boldore","primaryType":"Rock","secondaryType":"","forms":[],"evolutionStage":"2","preEvolvePokemon":"Roggenrola","eggGroups":"Mineral","height":"2'11\"","weight":"224.9 lbs.","genderRatio":"50% male, 50% female","catchRate":"120 (24.9%)","hatchTime":"15 cycles"}

[526/1025] Gigalith -> https://bulbapedia.bulbagarden.net/wiki/Gigalith_(Pokémon)
  OK: {"name":"Gigalith","primaryType":"Rock","secondaryType":"","forms":[],"evolutionStage":"final","preEvolvePokemon":"Boldore","eggGroups":"Mineral","height":"5'07\"","weight":"573.2 lbs.","genderRatio":"50% male, 50% female","catchRate":"45 (11.9%)","hatchTime":"15 cycles"}

[528/1025] Swoobat -> https://bulbapedia.bulbagarden.net/wiki/Swoobat_(Pokémon)
  OK: {"name":"Swoobat","primaryType":"Psychic","secondaryType":"Flying","forms":[],"evolutionStage":"final","preEvolvePokemon":"Woobat","eggGroups":"Field and Flying","height":"2'11\"","weight":"23.1 lbs.","genderRatio":"50% male, 50% female","catchRate":"45 (11.9%)","hatchTime":"15 cycles"}

[530/1025] Excadrill -> https://bulbapedia.bulbagarden.net/wiki/Excadrill_(Pokémon)
  OK: {"name":"Excadrill","primaryType":"Ground","secondaryType":"Steel","forms":["Mega Excadrill"],"evolutionStage":"final","preEvolvePokemon":"Drilbur","eggGroups":"Field","height":"2'04\"","weight":"89.1 lbs.","genderRatio":"50% male, 50% female","catchRate":"60 (14.8%)","hatchTime":"20 cycles"}

[531/1025] Audino -> https://bulbapedia.bulbagarden.net/wiki/Audino_(Pokémon)
  OK: {"name":"Audino","primaryType":"Normal","secondaryType":"Fairy","forms":["Mega Audino"],"evolutionStage":"1","preEvolvePokemon":"","eggGroups":"Fairy","height":"3'07\"","weight":"68.3 lbs.","genderRatio":"50% male, 50% female","catchRate":"255 (43.9%)","hatchTime":"20 cycles"}

[533/1025] Gurdurr -> https://bulbapedia.bulbagarden.net/wiki/Gurdurr_(Pokémon)
  OK: {"name":"Gurdurr","primaryType":"Fighting","secondaryType":"","forms":[],"evolutionStage":"2","preEvolvePokemon":"Timburr","eggGroups":"Human-Like","height":"3'11\"","weight":"88.2 lbs.","genderRatio":"75% male, 25% female","catchRate":"90 (20.1%)","hatchTime":"20 cycles"}

[534/1025] Conkeldurr -> https://bulbapedia.bulbagarden.net/wiki/Conkeldurr_(Pokémon)
  OK: {"name":"Conkeldurr","primaryType":"Fighting","secondaryType":"","forms":[],"evolutionStage":"final","preEvolvePokemon":"Gurdurr","eggGroups":"Human-Like","height":"4'07\"","weight":"191.8 lbs.","genderRatio":"75% male, 25% female","catchRate":"45 (11.9%)","hatchTime":"20 cycles"}

[536/1025] Palpitoad -> https://bulbapedia.bulbagarden.net/wiki/Palpitoad_(Pokémon)
  OK: {"name":"Palpitoad","primaryType":"Water","secondaryType":"Ground","forms":[],"evolutionStage":"2","preEvolvePokemon":"Tympole","eggGroups":"Water 1","height":"2'07\"","weight":"37.5 lbs.","genderRatio":"50% male, 50% female","catchRate":"120 (24.9%)","hatchTime":"20 cycles"}

[537/1025] Seismitoad -> https://bulbapedia.bulbagarden.net/wiki/Seismitoad_(Pokémon)
  OK: {"name":"Seismitoad","primaryType":"Water","secondaryType":"Ground","forms":[],"evolutionStage":"final","preEvolvePokemon":"Palpitoad","eggGroups":"Water 1","height":"4'11\"","weight":"136.7 lbs.","genderRatio":"50% male, 50% female","catchRate":"45 (11.9%)","hatchTime":"20 cycles"}

[538/1025] Throh -> https://bulbapedia.bulbagarden.net/wiki/Throh_(Pokémon)
  OK: {"name":"Throh","primaryType":"Fighting","secondaryType":"","forms":[],"evolutionStage":"1","preEvolvePokemon":"","eggGroups":"Human-Like","height":"4'03\"","weight":"122.4 lbs.","genderRatio":"100% male","catchRate":"45 (11.9%)","hatchTime":"20 cycles"}

[539/1025] Sawk -> https://bulbapedia.bulbagarden.net/wiki/Sawk_(Pokémon)
  OK: {"name":"Sawk","primaryType":"Fighting","secondaryType":"","forms":[],"evolutionStage":"1","preEvolvePokemon":"","eggGroups":"Human-Like","height":"4'07\"","weight":"112.4 lbs.","genderRatio":"100% male","catchRate":"45 (11.9%)","hatchTime":"20 cycles"}

[541/1025] Swadloon -> https://bulbapedia.bulbagarden.net/wiki/Swadloon_(Pokémon)
  OK: {"name":"Swadloon","primaryType":"Bug","secondaryType":"Grass","forms":[],"evolutionStage":"2","preEvolvePokemon":"Sewaddle","eggGroups":"Bug","height":"1'08\"","weight":"16.1 lbs.","genderRatio":"50% male, 50% female","catchRate":"120 (24.9%)","hatchTime":"15 cycles"}

[542/1025] Leavanny -> https://bulbapedia.bulbagarden.net/wiki/Leavanny_(Pokémon)
  OK: {"name":"Leavanny","primaryType":"Bug","secondaryType":"Grass","forms":[],"evolutionStage":"final","preEvolvePokemon":"Swadloon","eggGroups":"Bug","height":"3'11\"","weight":"45.2 lbs.","genderRatio":"50% male, 50% female","catchRate":"45 (11.9%)","hatchTime":"15 cycles"}

[544/1025] Whirlipede -> https://bulbapedia.bulbagarden.net/wiki/Whirlipede_(Pokémon)
  OK: {"name":"Whirlipede","primaryType":"Bug","secondaryType":"Poison","forms":[],"evolutionStage":"2","preEvolvePokemon":"Venipede","eggGroups":"Bug","height":"3'11\"","weight":"129.0 lbs.","genderRatio":"50% male, 50% female","catchRate":"120 (24.9%)","hatchTime":"15 cycles"}

[545/1025] Scolipede -> https://bulbapedia.bulbagarden.net/wiki/Scolipede_(Pokémon)
  OK: {"name":"Scolipede","primaryType":"Bug","secondaryType":"Poison","forms":["Mega Scolipede"],"evolutionStage":"final","preEvolvePokemon":"Whirlipede","eggGroups":"Bug","height":"8'02\"","weight":"442.0 lbs.","genderRatio":"50% male, 50% female","catchRate":"45 (11.9%)","hatchTime":"20 cycles"}

[547/1025] Whimsicott -> https://bulbapedia.bulbagarden.net/wiki/Whimsicott_(Pokémon)
  OK: {"name":"Whimsicott","primaryType":"Grass","secondaryType":"Fairy","forms":[],"evolutionStage":"final","preEvolvePokemon":"Cottonee","eggGroups":"Grass and Fairy","height":"2'04\"","weight":"14.6 lbs.","genderRatio":"50% male, 50% female","catchRate":"75 (17.5%)","hatchTime":"20 cycles"}

[549/1025] Lilligant -> https://bulbapedia.bulbagarden.net/wiki/Lilligant_(Pokémon)
  OK: {"name":"Lilligant","primaryType":"Grass","secondaryType":"Fighting","forms":["Hisuian Lilligant"],"evolutionStage":"final","preEvolvePokemon":"Petilil","eggGroups":"Grass","height":"3'07\"","weight":"35.9 lbs.","genderRatio":"100% female","catchRate":"75 (17.5%)","hatchTime":"20 cycles"}

[550/1025] Basculin -> https://bulbapedia.bulbagarden.net/wiki/Basculin_(Pokémon)
  OK: {"name":"Basculin","primaryType":"Water","secondaryType":"","forms":["Red-Striped Form","Blue-Striped Form","White-Striped Form"],"evolutionStage":"1","preEvolvePokemon":"","eggGroups":"Water 2","height":"3'03\"","weight":"39.7 lbs.","genderRatio":"50% male, 50% female","catchRate":"190 (35.2%)","hatchTime":"40 cycles"}

[552/1025] Krokorok -> https://bulbapedia.bulbagarden.net/wiki/Krokorok_(Pokémon)
  OK: {"name":"Krokorok","primaryType":"Ground","secondaryType":"Dark","forms":[],"evolutionStage":"2","preEvolvePokemon":"Sandile","eggGroups":"Field","height":"3'03\"","weight":"73.6 lbs.","genderRatio":"50% male, 50% female","catchRate":"90 (20.1%)","hatchTime":"20 cycles"}

[553/1025] Krookodile -> https://bulbapedia.bulbagarden.net/wiki/Krookodile_(Pokémon)
  OK: {"name":"Krookodile","primaryType":"Ground","secondaryType":"Dark","forms":[],"evolutionStage":"final","preEvolvePokemon":"Krokorok","eggGroups":"Field","height":"4'11\"","weight":"212.3 lbs.","genderRatio":"50% male, 50% female","catchRate":"45 (11.9%)","hatchTime":"20 cycles"}

[555/1025] Darmanitan -> https://bulbapedia.bulbagarden.net/wiki/Darmanitan_(Pokémon)
  OK: {"name":"Darmanitan","primaryType":"Fire","secondaryType":"Psychic","forms":["Standard Mode","Zen Mode","Galarian Darmanitan"],"evolutionStage":"final","preEvolvePokemon":"Darumaka","eggGroups":"Field","height":"4'03\"","weight":"204.8 lbs.","genderRatio":"50% male, 50% female","catchRate":"60 (14.8%)","hatchTime":"20 cycles"}

[558/1025] Crustle -> https://bulbapedia.bulbagarden.net/wiki/Crustle_(Pokémon)
  OK: {"name":"Crustle","primaryType":"Bug","secondaryType":"Rock","forms":[],"evolutionStage":"final","preEvolvePokemon":"Dwebble","eggGroups":"Bug and Mineral","height":"4'07\"","weight":"440.9 lbs.","genderRatio":"50% male, 50% female","catchRate":"75 (17.5%)","hatchTime":"20 cycles"}

[560/1025] Scrafty -> https://bulbapedia.bulbagarden.net/wiki/Scrafty_(Pokémon)
  OK: {"name":"Scrafty","primaryType":"Dark","secondaryType":"Fighting","forms":["Mega Scrafty"],"evolutionStage":"final","preEvolvePokemon":"Scraggy","eggGroups":"Field and Dragon","height":"3'07\"","weight":"66.1 lbs.","genderRatio":"50% male, 50% female","catchRate":"90 (20.1%)","hatchTime":"15 cycles"}

[563/1025] Cofagrigus -> https://bulbapedia.bulbagarden.net/wiki/Cofagrigus_(Pokémon)
  OK: {"name":"Cofagrigus","primaryType":"Ghost","secondaryType":"","forms":[],"evolutionStage":"final","preEvolvePokemon":"Yamask","eggGroups":"Mineral and Amorphous","height":"5'07\"","weight":"168.7 lbs.","genderRatio":"50% male, 50% female","catchRate":"90 (20.1%)","hatchTime":"25 cycles"}

[564/1025] Tirtouga -> https://bulbapedia.bulbagarden.net/wiki/Tirtouga_(Pokémon)
  OK: {"name":"Tirtouga","primaryType":"Water","secondaryType":"Rock","forms":[],"evolutionStage":"1","preEvolvePokemon":"","eggGroups":"Water 1 and Water 3","height":"2'04\"","weight":"36.4 lbs.","genderRatio":"87.5% male, 12.5% female","catchRate":"45 (11.9%)","hatchTime":"30 cycles"}

[565/1025] Carracosta -> https://bulbapedia.bulbagarden.net/wiki/Carracosta_(Pokémon)
  OK: {"name":"Carracosta","primaryType":"Water","secondaryType":"Rock","forms":[],"evolutionStage":"final","preEvolvePokemon":"Tirtouga","eggGroups":"Water 1 and Water 3","height":"3'11\"","weight":"178.6 lbs.","genderRatio":"87.5% male, 12.5% female","catchRate":"45 (11.9%)","hatchTime":"30 cycles"}

[566/1025] Archen -> https://bulbapedia.bulbagarden.net/wiki/Archen_(Pokémon)
  OK: {"name":"Archen","primaryType":"Rock","secondaryType":"Flying","forms":[],"evolutionStage":"1","preEvolvePokemon":"","eggGroups":"Flying and Water 3","height":"1'08\"","weight":"20.9 lbs.","genderRatio":"87.5% male, 12.5% female","catchRate":"45 (11.9%)","hatchTime":"30 cycles"}

[567/1025] Archeops -> https://bulbapedia.bulbagarden.net/wiki/Archeops_(Pokémon)
  OK: {"name":"Archeops","primaryType":"Rock","secondaryType":"Flying","forms":[],"evolutionStage":"final","preEvolvePokemon":"Archen","eggGroups":"Flying and Water 3","height":"4'07\"","weight":"70.5 lbs.","genderRatio":"87.5% male, 12.5% female","catchRate":"45 (11.9%)","hatchTime":"30 cycles"}

[569/1025] Garbodor -> https://bulbapedia.bulbagarden.net/wiki/Garbodor_(Pokémon)
  OK: {"name":"Garbodor","primaryType":"Poison","secondaryType":"","forms":[],"evolutionStage":"final","preEvolvePokemon":"Trubbish","eggGroups":"Mineral","height":"6'03\"","weight":"236.6 lbs.","genderRatio":"50% male, 50% female","catchRate":"60 (14.8%)","hatchTime":"20 cycles"}

[571/1025] Zoroark -> https://bulbapedia.bulbagarden.net/wiki/Zoroark_(Pokémon)
  OK: {"name":"Zoroark","primaryType":"Dark","secondaryType":"Normal","forms":["Hisuian Zoroark"],"evolutionStage":"final","preEvolvePokemon":"Zorua","eggGroups":"Field","height":"5'03\"","weight":"178.8 lbs.","genderRatio":"87.5% male, 12.5% female","catchRate":"45 (11.9%)","hatchTime":"20 cycles"}

[573/1025] Cinccino -> https://bulbapedia.bulbagarden.net/wiki/Cinccino_(Pokémon)
  OK: {"name":"Cinccino","primaryType":"Normal","secondaryType":"","forms":[],"evolutionStage":"final","preEvolvePokemon":"Minccino","eggGroups":"Field","height":"1'08\"","weight":"16.5 lbs.","genderRatio":"25% male, 75% female","catchRate":"60 (14.8%)","hatchTime":"15 cycles"}

[575/1025] Gothorita -> https://bulbapedia.bulbagarden.net/wiki/Gothorita_(Pokémon)
  OK: {"name":"Gothorita","primaryType":"Psychic","secondaryType":"","forms":[],"evolutionStage":"2","preEvolvePokemon":"Gothita","eggGroups":"Human-Like","height":"2'04\"","weight":"39.7 lbs.","genderRatio":"25% male, 75% female","catchRate":"100 (21.7%)","hatchTime":"20 cycles"}

[576/1025] Gothitelle -> https://bulbapedia.bulbagarden.net/wiki/Gothitelle_(Pokémon)
  OK: {"name":"Gothitelle","primaryType":"Psychic","secondaryType":"","forms":[],"evolutionStage":"final","preEvolvePokemon":"Gothorita","eggGroups":"Human-Like","height":"4'11\"","weight":"97.0 lbs.","genderRatio":"25% male, 75% female","catchRate":"50 (12.9%)","hatchTime":"20 cycles"}

[578/1025] Duosion -> https://bulbapedia.bulbagarden.net/wiki/Duosion_(Pokémon)
  OK: {"name":"Duosion","primaryType":"Psychic","secondaryType":"","forms":[],"evolutionStage":"2","preEvolvePokemon":"Solosis","eggGroups":"Amorphous","height":"2'00\"","weight":"17.6 lbs.","genderRatio":"50% male, 50% female","catchRate":"100 (21.7%)","hatchTime":"20 cycles"}

[579/1025] Reuniclus -> https://bulbapedia.bulbagarden.net/wiki/Reuniclus_(Pokémon)
  OK: {"name":"Reuniclus","primaryType":"Psychic","secondaryType":"","forms":[],"evolutionStage":"final","preEvolvePokemon":"Duosion","eggGroups":"Amorphous","height":"3'03\"","weight":"44.3 lbs.","genderRatio":"50% male, 50% female","catchRate":"50 (12.9%)","hatchTime":"20 cycles"}

[581/1025] Swanna -> https://bulbapedia.bulbagarden.net/wiki/Swanna_(Pokémon)
  OK: {"name":"Swanna","primaryType":"Water","secondaryType":"Flying","forms":[],"evolutionStage":"final","preEvolvePokemon":"Ducklett","eggGroups":"Water 1 and Flying","height":"4'03\"","weight":"53.4 lbs.","genderRatio":"50% male, 50% female","catchRate":"45 (11.9%)","hatchTime":"20 cycles"}

[583/1025] Vanillish -> https://bulbapedia.bulbagarden.net/wiki/Vanillish_(Pokémon)
  OK: {"name":"Vanillish","primaryType":"Ice","secondaryType":"","forms":[],"evolutionStage":"2","preEvolvePokemon":"Vanillite","eggGroups":"Mineral","height":"3'07\"","weight":"90.4 lbs.","genderRatio":"50% male, 50% female","catchRate":"120 (24.9%)","hatchTime":"20 cycles"}

[584/1025] Vanilluxe -> https://bulbapedia.bulbagarden.net/wiki/Vanilluxe_(Pokémon)
  OK: {"name":"Vanilluxe","primaryType":"Ice","secondaryType":"","forms":[],"evolutionStage":"final","preEvolvePokemon":"Vanillish","eggGroups":"Mineral","height":"4'03\"","weight":"126.8 lbs.","genderRatio":"50% male, 50% female","catchRate":"45 (11.9%)","hatchTime":"20 cycles"}

[586/1025] Sawsbuck -> https://bulbapedia.bulbagarden.net/wiki/Sawsbuck_(Pokémon)
  OK: {"name":"Sawsbuck","primaryType":"Normal","secondaryType":"Grass","forms":["Spring Form","Summer Form","Autumn Form","Winter Form"],"evolutionStage":"final","preEvolvePokemon":"Deerling","eggGroups":"Field","height":"6'03\"","weight":"203.9 lbs.","genderRatio":"50% male, 50% female","catchRate":"75 (17.5%)","hatchTime":"20 cycles"}

[589/1025] Escavalier -> https://bulbapedia.bulbagarden.net/wiki/Escavalier_(Pokémon)
  OK: {"name":"Escavalier","primaryType":"Bug","secondaryType":"Steel","forms":[],"evolutionStage":"final","preEvolvePokemon":"Karrablast","eggGroups":"Bug","height":"3'03\"","weight":"72.8 lbs.","genderRatio":"50% male, 50% female","catchRate":"75 (17.5%)","hatchTime":"15 cycles"}

[591/1025] Amoonguss -> https://bulbapedia.bulbagarden.net/wiki/Amoonguss_(Pokémon)
  OK: {"name":"Amoonguss","primaryType":"Grass","secondaryType":"Poison","forms":[],"evolutionStage":"final","preEvolvePokemon":"Foongus","eggGroups":"Grass","height":"2'00\"","weight":"23.1 lbs.","genderRatio":"50% male, 50% female","catchRate":"75 (17.5%)","hatchTime":"20 cycles"}

[593/1025] Jellicent -> https://bulbapedia.bulbagarden.net/wiki/Jellicent_(Pokémon)
  OK: {"name":"Jellicent","primaryType":"Water","secondaryType":"Ghost","forms":[],"evolutionStage":"final","preEvolvePokemon":"Frillish","eggGroups":"Amorphous","height":"7'03\"","weight":"297.6 lbs.","genderRatio":"50% male, 50% female","catchRate":"60 (14.8%)","hatchTime":"20 cycles"}

[596/1025] Galvantula -> https://bulbapedia.bulbagarden.net/wiki/Galvantula_(Pokémon)
  OK: {"name":"Galvantula","primaryType":"Bug","secondaryType":"Electric","forms":[],"evolutionStage":"final","preEvolvePokemon":"Joltik","eggGroups":"Bug","height":"2'07\"","weight":"31.5 lbs.","genderRatio":"50% male, 50% female","catchRate":"75 (17.5%)","hatchTime":"20 cycles"}

[598/1025] Ferrothorn -> https://bulbapedia.bulbagarden.net/wiki/Ferrothorn_(Pokémon)
  OK: {"name":"Ferrothorn","primaryType":"Grass","secondaryType":"Steel","forms":[],"evolutionStage":"final","preEvolvePokemon":"Ferroseed","eggGroups":"Grass and Mineral","height":"3'03\"","weight":"242.5 lbs.","genderRatio":"50% male, 50% female","catchRate":"90 (20.1%)","hatchTime":"20 cycles"}

[600/1025] Klang -> https://bulbapedia.bulbagarden.net/wiki/Klang_(Pokémon)
  OK: {"name":"Klang","primaryType":"Steel","secondaryType":"","forms":[],"evolutionStage":"2","preEvolvePokemon":"Klink","eggGroups":"Mineral","height":"2'00\"","weight":"112.4 lbs.","genderRatio":"Gender unknown","catchRate":"60 (14.8%)","hatchTime":"20 cycles"}

[601/1025] Klinklang -> https://bulbapedia.bulbagarden.net/wiki/Klinklang_(Pokémon)
  OK: {"name":"Klinklang","primaryType":"Steel","secondaryType":"","forms":[],"evolutionStage":"final","preEvolvePokemon":"Klang","eggGroups":"Mineral","height":"2'00\"","weight":"178.6 lbs.","genderRatio":"Gender unknown","catchRate":"30 (8.8%)","hatchTime":"20 cycles"}

[603/1025] Eelektrik -> https://bulbapedia.bulbagarden.net/wiki/Eelektrik_(Pokémon)
  OK: {"name":"Eelektrik","primaryType":"Electric","secondaryType":"","forms":[],"evolutionStage":"2","preEvolvePokemon":"Tynamo","eggGroups":"Amorphous","height":"3'11\"","weight":"48.5 lbs.","genderRatio":"50% male, 50% female","catchRate":"60 (14.8%)","hatchTime":"20 cycles"}

[604/1025] Eelektross -> https://bulbapedia.bulbagarden.net/wiki/Eelektross_(Pokémon)
  OK: {"name":"Eelektross","primaryType":"Electric","secondaryType":"","forms":["Mega Eelektross"],"evolutionStage":"final","preEvolvePokemon":"Eelektrik","eggGroups":"Amorphous","height":"6'11\"","weight":"177.5 lbs.","genderRatio":"50% male, 50% female","catchRate":"30 (8.8%)","hatchTime":"20 cycles"}

[606/1025] Beheeyem -> https://bulbapedia.bulbagarden.net/wiki/Beheeyem_(Pokémon)
  OK: {"name":"Beheeyem","primaryType":"Psychic","secondaryType":"","forms":[],"evolutionStage":"final","preEvolvePokemon":"Elgyem","eggGroups":"Human-Like","height":"3'03\"","weight":"76.1 lbs.","genderRatio":"50% male, 50% female","catchRate":"90 (20.1%)","hatchTime":"20 cycles"}

[608/1025] Lampent -> https://bulbapedia.bulbagarden.net/wiki/Lampent_(Pokémon)
  OK: {"name":"Lampent","primaryType":"Ghost","secondaryType":"Fire","forms":[],"evolutionStage":"2","preEvolvePokemon":"Litwick","eggGroups":"Amorphous","height":"2'00\"","weight":"28.7 lbs.","genderRatio":"50% male, 50% female","catchRate":"90 (20.1%)","hatchTime":"20 cycles"}

[609/1025] Chandelure -> https://bulbapedia.bulbagarden.net/wiki/Chandelure_(Pokémon)
  OK: {"name":"Chandelure","primaryType":"Ghost","secondaryType":"Fire","forms":["Mega Chandelure"],"evolutionStage":"final","preEvolvePokemon":"Lampent","eggGroups":"Amorphous","height":"3'03\"","weight":"75.6 lbs.","genderRatio":"50% male, 50% female","catchRate":"45 (11.9%)","hatchTime":"20 cycles"}

[611/1025] Fraxure -> https://bulbapedia.bulbagarden.net/wiki/Fraxure_(Pokémon)
  OK: {"name":"Fraxure","primaryType":"Dragon","secondaryType":"","forms":[],"evolutionStage":"2","preEvolvePokemon":"Axew","eggGroups":"Monster and Dragon","height":"3'03\"","weight":"79.4 lbs.","genderRatio":"50% male, 50% female","catchRate":"60 (14.8%)","hatchTime":"40 cycles"}

[612/1025] Haxorus -> https://bulbapedia.bulbagarden.net/wiki/Haxorus_(Pokémon)
  OK: {"name":"Haxorus","primaryType":"Dragon","secondaryType":"","forms":[],"evolutionStage":"final","preEvolvePokemon":"Fraxure","eggGroups":"Monster and Dragon","height":"5'11\"","weight":"232.6 lbs.","genderRatio":"50% male, 50% female","catchRate":"45 (11.9%)","hatchTime":"40 cycles"}

[614/1025] Beartic -> https://bulbapedia.bulbagarden.net/wiki/Beartic_(Pokémon)
  OK: {"name":"Beartic","primaryType":"Ice","secondaryType":"","forms":[],"evolutionStage":"final","preEvolvePokemon":"Cubchoo","eggGroups":"Field","height":"8'06\"","weight":"573.2 lbs.","genderRatio":"50% male, 50% female","catchRate":"60 (14.8%)","hatchTime":"20 cycles"}

[617/1025] Accelgor -> https://bulbapedia.bulbagarden.net/wiki/Accelgor_(Pokémon)
  OK: {"name":"Accelgor","primaryType":"Bug","secondaryType":"","forms":[],"evolutionStage":"final","preEvolvePokemon":"Shelmet","eggGroups":"Bug","height":"2'07\"","weight":"55.8 lbs.","genderRatio":"50% male, 50% female","catchRate":"75 (17.5%)","hatchTime":"15 cycles"}

[618/1025] Stunfisk -> https://bulbapedia.bulbagarden.net/wiki/Stunfisk_(Pokémon)
  OK: {"name":"Stunfisk","primaryType":"Ground","secondaryType":"Electric","forms":["Galarian Stunfisk"],"evolutionStage":"1","preEvolvePokemon":"","eggGroups":"Water 1 and Amorphous","height":"2'04\"","weight":"24.3 lbs.","genderRatio":"50% male, 50% female","catchRate":"75 (17.5%)","hatchTime":"20 cycles"}

[620/1025] Mienshao -> https://bulbapedia.bulbagarden.net/wiki/Mienshao_(Pokémon)
  OK: {"name":"Mienshao","primaryType":"Fighting","secondaryType":"","forms":[],"evolutionStage":"final","preEvolvePokemon":"Mienfoo","eggGroups":"Field and Human-Like","height":"4'07\"","weight":"78.3 lbs.","genderRatio":"50% male, 50% female","catchRate":"45 (11.9%)","hatchTime":"25 cycles"}

[623/1025] Golurk -> https://bulbapedia.bulbagarden.net/wiki/Golurk_(Pokémon)
  OK: {"name":"Golurk","primaryType":"Ground","secondaryType":"Ghost","forms":["Mega Golurk"],"evolutionStage":"final","preEvolvePokemon":"Golett","eggGroups":"Mineral","height":"9'02\"","weight":"727.5 lbs.","genderRatio":"Gender unknown","catchRate":"90 (20.1%)","hatchTime":"25 cycles"}

[625/1025] Bisharp -> https://bulbapedia.bulbagarden.net/wiki/Bisharp_(Pokémon)
  OK: {"name":"Bisharp","primaryType":"Dark","secondaryType":"Steel","forms":[],"evolutionStage":"2","preEvolvePokemon":"Pawniard","eggGroups":"Human-Like","height":"5'03\"","weight":"154.3 lbs.","genderRatio":"50% male, 50% female","catchRate":"45 (11.9%)","hatchTime":"20 cycles"}

[628/1025] Braviary -> https://bulbapedia.bulbagarden.net/wiki/Braviary_(Pokémon)
  OK: {"name":"Braviary","primaryType":"Normal","secondaryType":"Flying","forms":["Hisuian Braviary"],"evolutionStage":"final","preEvolvePokemon":"Rufflet","eggGroups":"Flying","height":"4'11\"","weight":"90.4 lbs.","genderRatio":"100% male","catchRate":"60 (14.8%)","hatchTime":"20 cycles"}

[630/1025] Mandibuzz -> https://bulbapedia.bulbagarden.net/wiki/Mandibuzz_(Pokémon)
  OK: {"name":"Mandibuzz","primaryType":"Dark","secondaryType":"Flying","forms":[],"evolutionStage":"final","preEvolvePokemon":"Vullaby","eggGroups":"Flying","height":"3'11\"","weight":"87.1 lbs.","genderRatio":"100% female","catchRate":"60 (14.8%)","hatchTime":"20 cycles"}

[634/1025] Zweilous -> https://bulbapedia.bulbagarden.net/wiki/Zweilous_(Pokémon)
  OK: {"name":"Zweilous","primaryType":"Dark","secondaryType":"Dragon","forms":[],"evolutionStage":"2","preEvolvePokemon":"Deino","eggGroups":"Dragon","height":"4'07\"","weight":"110.2 lbs.","genderRatio":"50% male, 50% female","catchRate":"45 (11.9%)","hatchTime":"40 cycles"}

[635/1025] Hydreigon -> https://bulbapedia.bulbagarden.net/wiki/Hydreigon_(Pokémon)
  OK: {"name":"Hydreigon","primaryType":"Dark","secondaryType":"Dragon","forms":[],"evolutionStage":"final","preEvolvePokemon":"Zweilous","eggGroups":"Dragon","height":"5'11\"","weight":"352.7 lbs.","genderRatio":"50% male, 50% female","catchRate":"45 (11.9%)","hatchTime":"40 cycles"}

[637/1025] Volcarona -> https://bulbapedia.bulbagarden.net/wiki/Volcarona_(Pokémon)
  OK: {"name":"Volcarona","primaryType":"Bug","secondaryType":"Fire","forms":[],"evolutionStage":"final","preEvolvePokemon":"Larvesta","eggGroups":"Bug","height":"5'03\"","weight":"101.4 lbs.","genderRatio":"50% male, 50% female","catchRate":"15 (5.2%)","hatchTime":"40 cycles"}

[638/1025] Cobalion -> https://bulbapedia.bulbagarden.net/wiki/Cobalion_(Pokémon)
  OK: {"name":"Cobalion","primaryType":"Steel","secondaryType":"Fighting","forms":[],"evolutionStage":"1","preEvolvePokemon":"","eggGroups":"No Eggs Discovered","height":"6'11\"","weight":"551.2 lbs.","genderRatio":"Gender unknown","catchRate":"3 (1.6%)","hatchTime":"80 cycles Egg not obtainable"}

[639/1025] Terrakion -> https://bulbapedia.bulbagarden.net/wiki/Terrakion_(Pokémon)
  OK: {"name":"Terrakion","primaryType":"Rock","secondaryType":"Fighting","forms":[],"evolutionStage":"1","preEvolvePokemon":"","eggGroups":"No Eggs Discovered","height":"6'03\"","weight":"573.2 lbs.","genderRatio":"Gender unknown","catchRate":"3 (1.6%)","hatchTime":"80 cycles Egg not obtainable"}

[640/1025] Virizion -> https://bulbapedia.bulbagarden.net/wiki/Virizion_(Pokémon)
  OK: {"name":"Virizion","primaryType":"Grass","secondaryType":"Fighting","forms":[],"evolutionStage":"1","preEvolvePokemon":"","eggGroups":"No Eggs Discovered","height":"6'07\"","weight":"440.9 lbs.","genderRatio":"Gender unknown","catchRate":"3 (1.6%)","hatchTime":"80 cycles Egg not obtainable"}

[641/1025] Tornadus -> https://bulbapedia.bulbagarden.net/wiki/Tornadus_(Pokémon)
  OK: {"name":"Tornadus","primaryType":"Flying","secondaryType":"","forms":["Incarnate Forme","Therian Forme"],"evolutionStage":"1","preEvolvePokemon":"","eggGroups":"No Eggs Discovered","height":"4'11\"","weight":"138.9 lbs.","genderRatio":"100% male","catchRate":"3 (1.6%)","hatchTime":"120 cycles Egg not obtainable"}

[642/1025] Thundurus -> https://bulbapedia.bulbagarden.net/wiki/Thundurus_(Pokémon)
  OK: {"name":"Thundurus","primaryType":"Electric","secondaryType":"Flying","forms":["Incarnate Forme","Therian Forme"],"evolutionStage":"1","preEvolvePokemon":"","eggGroups":"No Eggs Discovered","height":"4'11\"","weight":"134.5 lbs.","genderRatio":"100% male","catchRate":"3 (1.6%)","hatchTime":"120 cycles Egg not obtainable"}

[645/1025] Landorus -> https://bulbapedia.bulbagarden.net/wiki/Landorus_(Pokémon)
  OK: {"name":"Landorus","primaryType":"Ground","secondaryType":"Flying","forms":["Incarnate Forme","Therian Forme"],"evolutionStage":"1","preEvolvePokemon":"","eggGroups":"No Eggs Discovered","height":"4'11\"","weight":"149.9 lbs.","genderRatio":"100% male","catchRate":"3 (1.6%)","hatchTime":"120 cycles Egg not obtainable"}

[646/1025] Kyurem -> https://bulbapedia.bulbagarden.net/wiki/Kyurem_(Pokémon)
  OK: {"name":"Kyurem","primaryType":"Dragon","secondaryType":"Ice","forms":["White Kyurem","Black Kyurem"],"evolutionStage":"1","preEvolvePokemon":"","eggGroups":"No Eggs Discovered","height":"9'10\"","weight":"716.5 lbs.","genderRatio":"Gender unknown","catchRate":"3 (1.6%)","hatchTime":"120 cycles Egg not obtainable"}

[647/1025] Keldeo -> https://bulbapedia.bulbagarden.net/wiki/Keldeo_(Pokémon)
  OK: {"name":"Keldeo","primaryType":"Water","secondaryType":"Fighting","forms":["Ordinary Form","Resolute Form"],"evolutionStage":"1","preEvolvePokemon":"","eggGroups":"No Eggs Discovered","height":"4'07\"","weight":"106.9 lbs.","genderRatio":"Gender unknown","catchRate":"3 (1.6%)","hatchTime":"80 cycles Egg not obtainable"}

[648/1025] Meloetta -> https://bulbapedia.bulbagarden.net/wiki/Meloetta_(Pokémon)
  OK: {"name":"Meloetta","primaryType":"Normal","secondaryType":"Psychic","forms":[],"evolutionStage":"1","preEvolvePokemon":"","eggGroups":"No Eggs Discovered","height":"2'00\"","weight":"14.3 lbs.","genderRatio":"Gender unknown","catchRate":"3 (1.6%)","hatchTime":"120 cycles Egg not obtainable"}

[649/1025] Genesect -> https://bulbapedia.bulbagarden.net/wiki/Genesect_(Pokémon)
  OK: {"name":"Genesect","primaryType":"Bug","secondaryType":"Steel","forms":[],"evolutionStage":"1","preEvolvePokemon":"","eggGroups":"No Eggs Discovered","height":"4'11\"","weight":"181.9 lbs.","genderRatio":"Gender unknown","catchRate":"3 (1.6%)","hatchTime":"120 cycles Egg not obtainable"}

[651/1025] Quilladin -> https://bulbapedia.bulbagarden.net/wiki/Quilladin_(Pokémon)
  OK: {"name":"Quilladin","primaryType":"Grass","secondaryType":"","forms":[],"evolutionStage":"2","preEvolvePokemon":"Chespin","eggGroups":"Field","height":"2'04\"","weight":"63.9 lbs.","genderRatio":"87.5% male, 12.5% female","catchRate":"45 (11.9%)","hatchTime":"20 cycles"}

[652/1025] Chesnaught -> https://bulbapedia.bulbagarden.net/wiki/Chesnaught_(Pokémon)
  OK: {"name":"Chesnaught","primaryType":"Grass","secondaryType":"Fighting","forms":["Mega Chesnaught"],"evolutionStage":"final","preEvolvePokemon":"Quilladin","eggGroups":"Field","height":"5'03\"","weight":"198.4 lbs.","genderRatio":"87.5% male, 12.5% female","catchRate":"45 (11.9%)","hatchTime":"20 cycles"}

[654/1025] Braixen -> https://bulbapedia.bulbagarden.net/wiki/Braixen_(Pokémon)
  OK: {"name":"Braixen","primaryType":"Fire","secondaryType":"","forms":[],"evolutionStage":"2","preEvolvePokemon":"Fennekin","eggGroups":"Field","height":"3'03\"","weight":"32.0 lbs.","genderRatio":"87.5% male, 12.5% female","catchRate":"45 (11.9%)","hatchTime":"20 cycles"}

[655/1025] Delphox -> https://bulbapedia.bulbagarden.net/wiki/Delphox_(Pokémon)
  OK: {"name":"Delphox","primaryType":"Fire","secondaryType":"Psychic","forms":["Mega Delphox"],"evolutionStage":"final","preEvolvePokemon":"Braixen","eggGroups":"Field","height":"4'11\"","weight":"86.0 lbs.","genderRatio":"87.5% male, 12.5% female","catchRate":"45 (11.9%)","hatchTime":"20 cycles"}

[657/1025] Frogadier -> https://bulbapedia.bulbagarden.net/wiki/Frogadier_(Pokémon)
  OK: {"name":"Frogadier","primaryType":"Water","secondaryType":"","forms":[],"evolutionStage":"2","preEvolvePokemon":"Froakie","eggGroups":"Water 1","height":"2'00\"","weight":"24.0 lbs.","genderRatio":"87.5% male, 12.5% female","catchRate":"45 (11.9%)","hatchTime":"20 cycles"}

[658/1025] Greninja -> https://bulbapedia.bulbagarden.net/wiki/Greninja_(Pokémon)
  OK: {"name":"Greninja","primaryType":"Water","secondaryType":"Dark","forms":["Ash-Greninja","Mega Greninja"],"evolutionStage":"1","preEvolvePokemon":"","eggGroups":"Water 1 or No Eggs DiscoveredAsh-Greninja","height":"4'11\"","weight":"88.2 lbs.","genderRatio":"87.5% male, 12.5% female","catchRate":"45 (11.9%)","hatchTime":"20 cycles"}

[660/1025] Diggersby -> https://bulbapedia.bulbagarden.net/wiki/Diggersby_(Pokémon)
  OK: {"name":"Diggersby","primaryType":"Normal","secondaryType":"Ground","forms":[],"evolutionStage":"final","preEvolvePokemon":"Bunnelby","eggGroups":"Field","height":"3'03\"","weight":"93.5 lbs.","genderRatio":"50% male, 50% female","catchRate":"127 (26%)","hatchTime":"15 cycles"}

[662/1025] Fletchinder -> https://bulbapedia.bulbagarden.net/wiki/Fletchinder_(Pokémon)
  OK: {"name":"Fletchinder","primaryType":"Fire","secondaryType":"Flying","forms":[],"evolutionStage":"2","preEvolvePokemon":"Fletchling","eggGroups":"Flying","height":"2'04\"","weight":"35.3 lbs.","genderRatio":"50% male, 50% female","catchRate":"120 (24.9%)","hatchTime":"15 cycles"}

[663/1025] Talonflame -> https://bulbapedia.bulbagarden.net/wiki/Talonflame_(Pokémon)
  OK: {"name":"Talonflame","primaryType":"Fire","secondaryType":"Flying","forms":[],"evolutionStage":"final","preEvolvePokemon":"Fletchinder","eggGroups":"Flying","height":"3'11\"","weight":"54.0 lbs.","genderRatio":"50% male, 50% female","catchRate":"45 (11.9%)","hatchTime":"15 cycles"}

[664/1025] Scatter -> https://bulbapedia.bulbagarden.net/wiki/Scatter_(Pokémon)
  WARNING: no infobox found for Scatter, skipping.

[665/1025] Spewpa -> https://bulbapedia.bulbagarden.net/wiki/Spewpa_(Pokémon)
  OK: {"name":"Spewpa","primaryType":"Bug","secondaryType":"","forms":[],"evolutionStage":"2","preEvolvePokemon":"Scatterbug","eggGroups":"Bug","height":"1'00\"","weight":"18.5 lbs.","genderRatio":"50% male, 50% female","catchRate":"120 (24.9%)","hatchTime":"15 cycles"}

[666/1025] Vivillon -> https://bulbapedia.bulbagarden.net/wiki/Vivillon_(Pokémon)
  OK: {"name":"Vivillon","primaryType":"Bug","secondaryType":"Flying","forms":[],"evolutionStage":"final","preEvolvePokemon":"Spewpa","eggGroups":"Bug","height":"3'11\"","weight":"37.5 lbs.","genderRatio":"50% male, 50% female","catchRate":"45 (11.9%)","hatchTime":"15 cycles"}

[668/1025] Pyroar -> https://bulbapedia.bulbagarden.net/wiki/Pyroar_(Pokémon)
  OK: {"name":"Pyroar","primaryType":"Fire","secondaryType":"Normal","forms":["Mega Pyroar"],"evolutionStage":"final","preEvolvePokemon":"Litleo","eggGroups":"Field","height":"4'11\"","weight":"179.7 lbs.","genderRatio":"12.5% male, 87.5% female","catchRate":"65 (15.7%)","hatchTime":"20 cycles"}

[670/1025] Floette -> https://bulbapedia.bulbagarden.net/wiki/Floette_(Pokémon)
  OK: {"name":"Floette","primaryType":"Fairy","secondaryType":"","forms":["Eternal Flower","Mega Floette"],"evolutionStage":"1","preEvolvePokemon":"","eggGroups":"Fairy or No Eggs DiscoveredEternal Flower","height":"0'08\"","weight":"2.0 lbs.","genderRatio":"100% female","catchRate":"120 (24.9%)","hatchTime":"20 cycles"}

[671/1025] Florges -> https://bulbapedia.bulbagarden.net/wiki/Florges_(Pokémon)
  OK: {"name":"Florges","primaryType":"Fairy","secondaryType":"","forms":["Red Flower","Yellow Flower","Orange Flower","Blue Flower","White Flower"],"evolutionStage":"final","preEvolvePokemon":"Floette","eggGroups":"Fairy","height":"3'07\"","weight":"22.0 lbs.","genderRatio":"100% female","catchRate":"45 (11.9%)","hatchTime":"20 cycles"}

[673/1025] Gogoat -> https://bulbapedia.bulbagarden.net/wiki/Gogoat_(Pokémon)
  OK: {"name":"Gogoat","primaryType":"Grass","secondaryType":"","forms":[],"evolutionStage":"final","preEvolvePokemon":"Skiddo","eggGroups":"Field","height":"5'07\"","weight":"200.6 lbs.","genderRatio":"50% male, 50% female","catchRate":"45 (11.9%)","hatchTime":"20 cycles"}

[675/1025] Pangoro -> https://bulbapedia.bulbagarden.net/wiki/Pangoro_(Pokémon)
  OK: {"name":"Pangoro","primaryType":"Fighting","secondaryType":"Dark","forms":[],"evolutionStage":"final","preEvolvePokemon":"Pancham","eggGroups":"Field and Human-Like","height":"6'11\"","weight":"299.8 lbs.","genderRatio":"50% male, 50% female","catchRate":"65 (15.7%)","hatchTime":"25 cycles"}

[678/1025] Meowstic -> https://bulbapedia.bulbagarden.net/wiki/Meowstic_(Pokémon)
  OK: {"name":"Meowstic","primaryType":"Psychic","secondaryType":"","forms":["Mega Meowstic"],"evolutionStage":"final","preEvolvePokemon":"Espurr","eggGroups":"Field","height":"2'00\"","weight":"18.7 lbs.","genderRatio":"50% male, 50% female","catchRate":"75 (17.5%)","hatchTime":"20 cycles"}

[680/1025] Doublade -> https://bulbapedia.bulbagarden.net/wiki/Doublade_(Pokémon)
  OK: {"name":"Doublade","primaryType":"Steel","secondaryType":"Ghost","forms":[],"evolutionStage":"2","preEvolvePokemon":"Honedge","eggGroups":"Mineral","height":"2'07\"","weight":"9.9 lbs.","genderRatio":"50% male, 50% female","catchRate":"90 (20.1%)","hatchTime":"20 cycles"}

[681/1025] Aegislash -> https://bulbapedia.bulbagarden.net/wiki/Aegislash_(Pokémon)
  OK: {"name":"Aegislash","primaryType":"Steel","secondaryType":"Ghost","forms":["Shield Forme","Blade Forme"],"evolutionStage":"final","preEvolvePokemon":"Doublade","eggGroups":"Mineral","height":"5'07\"","weight":"116.8 lbs.","genderRatio":"50% male, 50% female","catchRate":"45 (11.9%)","hatchTime":"20 cycles"}

[683/1025] Aromatisse -> https://bulbapedia.bulbagarden.net/wiki/Aromatisse_(Pokémon)
  OK: {"name":"Aromatisse","primaryType":"Fairy","secondaryType":"","forms":[],"evolutionStage":"final","preEvolvePokemon":"Spritzee","eggGroups":"Fairy","height":"2'07\"","weight":"34.2 lbs.","genderRatio":"50% male, 50% female","catchRate":"140 (28%)","hatchTime":"20 cycles"}

[685/1025] Slurpuff -> https://bulbapedia.bulbagarden.net/wiki/Slurpuff_(Pokémon)
  OK: {"name":"Slurpuff","primaryType":"Fairy","secondaryType":"","forms":[],"evolutionStage":"final","preEvolvePokemon":"Swirlix","eggGroups":"Fairy","height":"2'07\"","weight":"11.0 lbs.","genderRatio":"50% male, 50% female","catchRate":"140 (28%)","hatchTime":"20 cycles"}

[687/1025] Malamar -> https://bulbapedia.bulbagarden.net/wiki/Malamar_(Pokémon)
  OK: {"name":"Malamar","primaryType":"Dark","secondaryType":"Psychic","forms":["Mega Malamar"],"evolutionStage":"final","preEvolvePokemon":"Inkay","eggGroups":"Water 1 and Water 2","height":"4'11\"","weight":"103.6 lbs.","genderRatio":"50% male, 50% female","catchRate":"80 (18.4%)","hatchTime":"20 cycles"}

[689/1025] Barbaracle -> https://bulbapedia.bulbagarden.net/wiki/Barbaracle_(Pokémon)
  OK: {"name":"Barbaracle","primaryType":"Rock","secondaryType":"Water","forms":["Mega Barbaracle"],"evolutionStage":"final","preEvolvePokemon":"Binacle","eggGroups":"Water 3","height":"4'03\"","weight":"211.6 lbs.","genderRatio":"50% male, 50% female","catchRate":"45 (11.9%)","hatchTime":"20 cycles"}

[691/1025] Dragalge -> https://bulbapedia.bulbagarden.net/wiki/Dragalge_(Pokémon)
  OK: {"name":"Dragalge","primaryType":"Poison","secondaryType":"Dragon","forms":["Mega Dragalge"],"evolutionStage":"final","preEvolvePokemon":"Skrelp","eggGroups":"Water 1 and Dragon","height":"5'11\"","weight":"179.7 lbs.","genderRatio":"50% male, 50% female","catchRate":"55 (13.9%)","hatchTime":"20 cycles"}

[693/1025] Clawitzer -> https://bulbapedia.bulbagarden.net/wiki/Clawitzer_(Pokémon)
  OK: {"name":"Clawitzer","primaryType":"Water","secondaryType":"","forms":[],"evolutionStage":"final","preEvolvePokemon":"Clauncher","eggGroups":"Water 1 and Water 3","height":"4'03\"","weight":"77.8 lbs.","genderRatio":"50% male, 50% female","catchRate":"55 (13.9%)","hatchTime":"15 cycles"}

[695/1025] Heliolisk -> https://bulbapedia.bulbagarden.net/wiki/Heliolisk_(Pokémon)
  OK: {"name":"Heliolisk","primaryType":"Electric","secondaryType":"Normal","forms":[],"evolutionStage":"final","preEvolvePokemon":"Helioptile","eggGroups":"Monster and Dragon","height":"3'03\"","weight":"46.3 lbs.","genderRatio":"50% male, 50% female","catchRate":"75 (17.5%)","hatchTime":"20 cycles"}

[696/1025] Tyrunt -> https://bulbapedia.bulbagarden.net/wiki/Tyrunt_(Pokémon)
  OK: {"name":"Tyrunt","primaryType":"Rock","secondaryType":"Dragon","forms":[],"evolutionStage":"1","preEvolvePokemon":"","eggGroups":"Monster and Dragon","height":"2'07\"","weight":"57.3 lbs.","genderRatio":"87.5% male, 12.5% female","catchRate":"45 (11.9%)","hatchTime":"30 cycles"}

[697/1025] Tyrantrum -> https://bulbapedia.bulbagarden.net/wiki/Tyrantrum_(Pokémon)
  OK: {"name":"Tyrantrum","primaryType":"Rock","secondaryType":"Dragon","forms":[],"evolutionStage":"final","preEvolvePokemon":"Tyrunt","eggGroups":"Monster and Dragon","height":"8'02\"","weight":"595.2 lbs.","genderRatio":"87.5% male, 12.5% female","catchRate":"45 (11.9%)","hatchTime":"30 cycles"}

[698/1025] Amaura -> https://bulbapedia.bulbagarden.net/wiki/Amaura_(Pokémon)
  OK: {"name":"Amaura","primaryType":"Rock","secondaryType":"Ice","forms":[],"evolutionStage":"1","preEvolvePokemon":"","eggGroups":"Monster","height":"4'03\"","weight":"55.6 lbs.","genderRatio":"87.5% male, 12.5% female","catchRate":"45 (11.9%)","hatchTime":"30 cycles"}

[699/1025] Aurorus -> https://bulbapedia.bulbagarden.net/wiki/Aurorus_(Pokémon)
  OK: {"name":"Aurorus","primaryType":"Rock","secondaryType":"Ice","forms":[],"evolutionStage":"final","preEvolvePokemon":"Amaura","eggGroups":"Monster","height":"8'10\"","weight":"496.0 lbs.","genderRatio":"87.5% male, 12.5% female","catchRate":"45 (11.9%)","hatchTime":"30 cycles"}

[700/1025] Sylveon -> https://bulbapedia.bulbagarden.net/wiki/Sylveon_(Pokémon)
  OK: {"name":"Sylveon","primaryType":"Fairy","secondaryType":"","forms":[],"evolutionStage":"1","preEvolvePokemon":"","eggGroups":"Field","height":"3'03\"","weight":"51.8 lbs.","genderRatio":"87.5% male, 12.5% female","catchRate":"45 (11.9%)","hatchTime":"35 cycles"}

[701/1025] Hawlucha -> https://bulbapedia.bulbagarden.net/wiki/Hawlucha_(Pokémon)
  OK: {"name":"Hawlucha","primaryType":"Fighting","secondaryType":"Flying","forms":["Mega Hawlucha"],"evolutionStage":"1","preEvolvePokemon":"","eggGroups":"FlyingGen VIII+ and Human-Like","height":"2'07\"","weight":"47.4 lbs.","genderRatio":"50% male, 50% female","catchRate":"100 (21.7%)","hatchTime":"20 cycles"}

[703/1025] Carbink -> https://bulbapedia.bulbagarden.net/wiki/Carbink_(Pokémon)
  OK: {"name":"Carbink","primaryType":"Rock","secondaryType":"Fairy","forms":[],"evolutionStage":"1","preEvolvePokemon":"","eggGroups":"Fairy and Mineral","height":"1'00\"","weight":"12.6 lbs.","genderRatio":"Gender unknown","catchRate":"60 (14.8%)","hatchTime":"25 cycles"}

[705/1025] Sliggoo -> https://bulbapedia.bulbagarden.net/wiki/Sliggoo_(Pokémon)
  OK: {"name":"Sliggoo","primaryType":"Dragon","secondaryType":"Steel","forms":["Hisuian Sliggoo"],"evolutionStage":"2","preEvolvePokemon":"Goomy","eggGroups":"Dragon","height":"2'07\"","weight":"38.6 lbs.","genderRatio":"50% male, 50% female","catchRate":"45 (11.9%)","hatchTime":"40 cycles"}

[706/1025] Goodra -> https://bulbapedia.bulbagarden.net/wiki/Goodra_(Pokémon)
  OK: {"name":"Goodra","primaryType":"Dragon","secondaryType":"Steel","forms":["Hisuian Goodra"],"evolutionStage":"final","preEvolvePokemon":"Sliggoo","eggGroups":"Dragon","height":"6'07\"","weight":"331.8 lbs.","genderRatio":"50% male, 50% female","catchRate":"45 (11.9%)","hatchTime":"40 cycles"}

[709/1025] Trevenant -> https://bulbapedia.bulbagarden.net/wiki/Trevenant_(Pokémon)
  OK: {"name":"Trevenant","primaryType":"Ghost","secondaryType":"Grass","forms":[],"evolutionStage":"final","preEvolvePokemon":"Phantump","eggGroups":"Grass and Amorphous","height":"4'11\"","weight":"156.5 lbs.","genderRatio":"50% male, 50% female","catchRate":"60 (14.8%)","hatchTime":"20 cycles"}

[711/1025] Gourgeist -> https://bulbapedia.bulbagarden.net/wiki/Gourgeist_(Pokémon)
  OK: {"name":"Gourgeist","primaryType":"Ghost","secondaryType":"Grass","forms":["Medium Variety","Small Variety","Large Variety","Jumbo Variety"],"evolutionStage":"final","preEvolvePokemon":"Pumpkaboo","eggGroups":"Amorphous","height":"2'11\"","weight":"27.6 lbs.","genderRatio":"50% male, 50% female","catchRate":"60 (14.8%)","hatchTime":"20 cycles"}

[713/1025] Avalugg -> https://bulbapedia.bulbagarden.net/wiki/Avalugg_(Pokémon)
  OK: {"name":"Avalugg","primaryType":"Ice","secondaryType":"Rock","forms":["Hisuian Avalugg"],"evolutionStage":"final","preEvolvePokemon":"Bergmite","eggGroups":"Monster and MineralGen VIII+","height":"6'07\"","weight":"1113.3 lbs.","genderRatio":"50% male, 50% female","catchRate":"55 (13.9%)","hatchTime":"20 cycles"}

[715/1025] Noivern -> https://bulbapedia.bulbagarden.net/wiki/Noivern_(Pokémon)
  OK: {"name":"Noivern","primaryType":"Flying","secondaryType":"Dragon","forms":[],"evolutionStage":"final","preEvolvePokemon":"Noibat","eggGroups":"Flying and DragonGen VIII+","height":"4'11\"","weight":"187.4 lbs.","genderRatio":"50% male, 50% female","catchRate":"45 (11.9%)","hatchTime":"20 cycles"}

[716/1025] Xerneas -> https://bulbapedia.bulbagarden.net/wiki/Xerneas_(Pokémon)
  OK: {"name":"Xerneas","primaryType":"Fairy","secondaryType":"","forms":["Active Mode","Neutral Mode"],"evolutionStage":"1","preEvolvePokemon":"","eggGroups":"No Eggs Discovered","height":"9'10\"","weight":"474.0 lbs.","genderRatio":"Gender unknown","catchRate":"45 (11.9%)","hatchTime":"120 cycles Egg not obtainable"}

[718/1025] Zygarde -> https://bulbapedia.bulbagarden.net/wiki/Zygarde_(Pokémon)
  OK: {"name":"Zygarde","primaryType":"Dragon","secondaryType":"Ground","forms":["10% Forme","50% Forme","Complete Forme","Mega Zygarde"],"evolutionStage":"1","preEvolvePokemon":"","eggGroups":"No Eggs Discovered","height":"16'05\"","weight":"672.4 lbs.","genderRatio":"Gender unknown","catchRate":"3 (1.6%)","hatchTime":"120 cycles Egg not obtainable"}

[719/1025] Diancie -> https://bulbapedia.bulbagarden.net/wiki/Diancie_(Pokémon)
  OK: {"name":"Diancie","primaryType":"Rock","secondaryType":"Fairy","forms":["Mega Diancie"],"evolutionStage":"1","preEvolvePokemon":"","eggGroups":"No Eggs Discovered","height":"2'04\"","weight":"19.4 lbs.","genderRatio":"Gender unknown","catchRate":"3 (1.6%)","hatchTime":"25 cycles Egg not obtainable"}

[720/1025] Hoopa -> https://bulbapedia.bulbagarden.net/wiki/Hoopa_(Pokémon)
  OK: {"name":"Hoopa","primaryType":"Psychic","secondaryType":"Ghost","forms":["Hoopa Confined","Hoopa Unbound"],"evolutionStage":"1","preEvolvePokemon":"","eggGroups":"No Eggs Discovered","height":"1'08\"","weight":"19.8 lbs.","genderRatio":"Gender unknown","catchRate":"3 (1.6%)","hatchTime":"120 cycles Egg not obtainable"}

[723/1025] Dartrix -> https://bulbapedia.bulbagarden.net/wiki/Dartrix_(Pokémon)
  OK: {"name":"Dartrix","primaryType":"Grass","secondaryType":"Flying","forms":[],"evolutionStage":"2","preEvolvePokemon":"Rowlet","eggGroups":"Flying","height":"2'04\"","weight":"35.3 lbs.","genderRatio":"87.5% male, 12.5% female","catchRate":"45 (11.9%)","hatchTime":"15 cycles"}

[724/1025] Decidueye -> https://bulbapedia.bulbagarden.net/wiki/Decidueye_(Pokémon)
  OK: {"name":"Decidueye","primaryType":"Grass","secondaryType":"Ghost","forms":["Hisuian Decidueye"],"evolutionStage":"final","preEvolvePokemon":"Dartrix","eggGroups":"Flying","height":"5'03\"","weight":"80.7 lbs.","genderRatio":"87.5% male, 12.5% female","catchRate":"45 (11.9%)","hatchTime":"15 cycles"}

[726/1025] Torracat -> https://bulbapedia.bulbagarden.net/wiki/Torracat_(Pokémon)
  OK: {"name":"Torracat","primaryType":"Fire","secondaryType":"","forms":[],"evolutionStage":"2","preEvolvePokemon":"Litten","eggGroups":"Field","height":"2'04\"","weight":"55.1 lbs.","genderRatio":"87.5% male, 12.5% female","catchRate":"45 (11.9%)","hatchTime":"15 cycles"}

[727/1025] Incineroar -> https://bulbapedia.bulbagarden.net/wiki/Incineroar_(Pokémon)
  OK: {"name":"Incineroar","primaryType":"Fire","secondaryType":"Dark","forms":[],"evolutionStage":"final","preEvolvePokemon":"Torracat","eggGroups":"Field","height":"5'11\"","weight":"183.0 lbs.","genderRatio":"87.5% male, 12.5% female","catchRate":"45 (11.9%)","hatchTime":"15 cycles"}

[729/1025] Brionne -> https://bulbapedia.bulbagarden.net/wiki/Brionne_(Pokémon)
  OK: {"name":"Brionne","primaryType":"Water","secondaryType":"","forms":[],"evolutionStage":"2","preEvolvePokemon":"Popplio","eggGroups":"Water 1 and Field","height":"2'00\"","weight":"38.6 lbs.","genderRatio":"87.5% male, 12.5% female","catchRate":"45 (11.9%)","hatchTime":"15 cycles"}

[730/1025] Primarina -> https://bulbapedia.bulbagarden.net/wiki/Primarina_(Pokémon)
  OK: {"name":"Primarina","primaryType":"Water","secondaryType":"Fairy","forms":[],"evolutionStage":"final","preEvolvePokemon":"Brionne","eggGroups":"Water 1 and Field","height":"5'11\"","weight":"97.0 lbs.","genderRatio":"87.5% male, 12.5% female","catchRate":"45 (11.9%)","hatchTime":"15 cycles"}

[732/1025] Trumbeak -> https://bulbapedia.bulbagarden.net/wiki/Trumbeak_(Pokémon)
  OK: {"name":"Trumbeak","primaryType":"Normal","secondaryType":"Flying","forms":[],"evolutionStage":"2","preEvolvePokemon":"Pikipek","eggGroups":"Flying","height":"2'00\"","weight":"32.6 lbs.","genderRatio":"50% male, 50% female","catchRate":"120 (24.9%)","hatchTime":"15 cycles"}

[733/1025] Toucannon -> https://bulbapedia.bulbagarden.net/wiki/Toucannon_(Pokémon)
  OK: {"name":"Toucannon","primaryType":"Normal","secondaryType":"Flying","forms":[],"evolutionStage":"final","preEvolvePokemon":"Trumbeak","eggGroups":"Flying","height":"3'07\"","weight":"57.3 lbs.","genderRatio":"50% male, 50% female","catchRate":"45 (11.9%)","hatchTime":"15 cycles"}

[735/1025] Gumshoos -> https://bulbapedia.bulbagarden.net/wiki/Gumshoos_(Pokémon)
  OK: {"name":"Gumshoos","primaryType":"Normal","secondaryType":"","forms":[],"evolutionStage":"final","preEvolvePokemon":"Yungoos","eggGroups":"Field","height":"2'04\"","weight":"31.3 lbs.","genderRatio":"50% male, 50% female","catchRate":"127 (26%)","hatchTime":"15 cycles"}

[737/1025] Charjabug -> https://bulbapedia.bulbagarden.net/wiki/Charjabug_(Pokémon)
  OK: {"name":"Charjabug","primaryType":"Bug","secondaryType":"Electric","forms":[],"evolutionStage":"2","preEvolvePokemon":"Grubbin","eggGroups":"Bug","height":"1'08\"","weight":"23.1 lbs.","genderRatio":"50% male, 50% female","catchRate":"120 (24.9%)","hatchTime":"15 cycles"}

[738/1025] Vikavolt -> https://bulbapedia.bulbagarden.net/wiki/Vikavolt_(Pokémon)
  OK: {"name":"Vikavolt","primaryType":"Bug","secondaryType":"Electric","forms":[],"evolutionStage":"final","preEvolvePokemon":"Charjabug","eggGroups":"Bug","height":"4'11\"","weight":"99.2 lbs.","genderRatio":"50% male, 50% female","catchRate":"45 (11.9%)","hatchTime":"15 cycles"}

[740/1025] Crabominable -> https://bulbapedia.bulbagarden.net/wiki/Crabominable_(Pokémon)
  OK: {"name":"Crabominable","primaryType":"Fighting","secondaryType":"Ice","forms":["Mega Crabominable"],"evolutionStage":"final","preEvolvePokemon":"Crabrawler","eggGroups":"Water 3","height":"5'07\"","weight":"396.8 lbs.","genderRatio":"50% male, 50% female","catchRate":"60 (14.8%)","hatchTime":"20 cycles"}

[741/1025] Oricorio -> https://bulbapedia.bulbagarden.net/wiki/Oricorio_(Pokémon)
  OK: {"name":"Oricorio","primaryType":"Fire","secondaryType":"Flying","forms":["Baile Style","Pom-Pom Style","Pa'u Style","Sensu Style"],"evolutionStage":"1","preEvolvePokemon":"","eggGroups":"Flying","height":"2'00\"","weight":"7.5 lbs.","genderRatio":"25% male, 75% female","catchRate":"45 (11.9%)","hatchTime":"20 cycles"}

[743/1025] Ribombee -> https://bulbapedia.bulbagarden.net/wiki/Ribombee_(Pokémon)
  OK: {"name":"Ribombee","primaryType":"Bug","secondaryType":"Fairy","forms":[],"evolutionStage":"final","preEvolvePokemon":"Cutiefly","eggGroups":"Bug and Fairy","height":"0'08\"","weight":"1.1 lbs.","genderRatio":"50% male, 50% female","catchRate":"75 (17.5%)","hatchTime":"20 cycles"}

[745/1025] Lycanroc -> https://bulbapedia.bulbagarden.net/wiki/Lycanroc_(Pokémon)
  OK: {"name":"Lycanroc","primaryType":"Rock","secondaryType":"","forms":["Midday Form","Midnight Form","Dusk Form"],"evolutionStage":"final","preEvolvePokemon":"Rockruff","eggGroups":"Field","height":"2'07\"","weight":"55.1 lbs.","genderRatio":"50% male, 50% female","catchRate":"90 (20.1%)","hatchTime":"15 cycles"}

[746/1025] Wishiwashi -> https://bulbapedia.bulbagarden.net/wiki/Wishiwashi_(Pokémon)
  OK: {"name":"Wishiwashi","primaryType":"Water","secondaryType":"","forms":["Solo Form","School Form"],"evolutionStage":"1","preEvolvePokemon":"","eggGroups":"Water 2","height":"0'08\"","weight":"0.7 lbs.","genderRatio":"50% male, 50% female","catchRate":"60 (14.8%)","hatchTime":"15 cycles"}

[748/1025] Toxapex -> https://bulbapedia.bulbagarden.net/wiki/Toxapex_(Pokémon)
  OK: {"name":"Toxapex","primaryType":"Poison","secondaryType":"Water","forms":[],"evolutionStage":"final","preEvolvePokemon":"Mareanie","eggGroups":"Water 1","height":"2'04\"","weight":"32.0 lbs.","genderRatio":"50% male, 50% female","catchRate":"75 (17.5%)","hatchTime":"20 cycles"}

[750/1025] Mudsdale -> https://bulbapedia.bulbagarden.net/wiki/Mudsdale_(Pokémon)
  OK: {"name":"Mudsdale","primaryType":"Ground","secondaryType":"","forms":[],"evolutionStage":"final","preEvolvePokemon":"Mudbray","eggGroups":"Field","height":"8'02\"","weight":"2028.3 lbs.","genderRatio":"50% male, 50% female","catchRate":"60 (14.8%)","hatchTime":"20 cycles"}

[752/1025] Araquanid -> https://bulbapedia.bulbagarden.net/wiki/Araquanid_(Pokémon)
  OK: {"name":"Araquanid","primaryType":"Water","secondaryType":"Bug","forms":[],"evolutionStage":"final","preEvolvePokemon":"Dewpider","eggGroups":"Water 1 and Bug","height":"5'11\"","weight":"180.8 lbs.","genderRatio":"50% male, 50% female","catchRate":"100 (21.7%)","hatchTime":"15 cycles"}

[754/1025] Lurantis -> https://bulbapedia.bulbagarden.net/wiki/Lurantis_(Pokémon)
  OK: {"name":"Lurantis","primaryType":"Grass","secondaryType":"","forms":[],"evolutionStage":"final","preEvolvePokemon":"Fomantis","eggGroups":"Grass","height":"2'11\"","weight":"40.8 lbs.","genderRatio":"50% male, 50% female","catchRate":"75 (17.5%)","hatchTime":"20 cycles"}

[756/1025] Shiinotic -> https://bulbapedia.bulbagarden.net/wiki/Shiinotic_(Pokémon)
  OK: {"name":"Shiinotic","primaryType":"Grass","secondaryType":"Fairy","forms":[],"evolutionStage":"final","preEvolvePokemon":"Morelull","eggGroups":"Grass","height":"3'03\"","weight":"25.4 lbs.","genderRatio":"50% male, 50% female","catchRate":"75 (17.5%)","hatchTime":"20 cycles"}

[757/1025] Salandit -> https://bulbapedia.bulbagarden.net/wiki/Salandit_(Pokémon)
  OK: {"name":"Salandit","primaryType":"Poison","secondaryType":"Fire","forms":[],"evolutionStage":"1","preEvolvePokemon":"","eggGroups":"Monster and Dragon","height":"2'00\"","weight":"10.6 lbs.","genderRatio":"87.5% male, 12.5% female","catchRate":"120 (24.9%)","hatchTime":"20 cycles"}

[758/1025] Salazzle -> https://bulbapedia.bulbagarden.net/wiki/Salazzle_(Pokémon)
  OK: {"name":"Salazzle","primaryType":"Poison","secondaryType":"Fire","forms":[],"evolutionStage":"final","preEvolvePokemon":"Salandit","eggGroups":"Monster and Dragon","height":"3'11\"","weight":"48.9 lbs.","genderRatio":"100% female","catchRate":"45 (11.9%)","hatchTime":"20 cycles"}

[760/1025] Bewear -> https://bulbapedia.bulbagarden.net/wiki/Bewear_(Pokémon)
  OK: {"name":"Bewear","primaryType":"Normal","secondaryType":"Fighting","forms":[],"evolutionStage":"final","preEvolvePokemon":"Stufful","eggGroups":"Field","height":"6'11\"","weight":"297.6 lbs.","genderRatio":"50% male, 50% female","catchRate":"70 (16.6%)","hatchTime":"15 cycles"}

[762/1025] Steenee -> https://bulbapedia.bulbagarden.net/wiki/Steenee_(Pokémon)
  OK: {"name":"Steenee","primaryType":"Grass","secondaryType":"","forms":[],"evolutionStage":"2","preEvolvePokemon":"Bounsweet","eggGroups":"Grass","height":"2'04\"","weight":"18.1 lbs.","genderRatio":"100% female","catchRate":"120 (24.9%)","hatchTime":"20 cycles"}

[763/1025] Tsareena -> https://bulbapedia.bulbagarden.net/wiki/Tsareena_(Pokémon)
  OK: {"name":"Tsareena","primaryType":"Grass","secondaryType":"","forms":[],"evolutionStage":"final","preEvolvePokemon":"Steenee","eggGroups":"Grass","height":"3'11\"","weight":"47.2 lbs.","genderRatio":"100% female","catchRate":"45 (11.9%)","hatchTime":"20 cycles"}

[765/1025] Oranguru -> https://bulbapedia.bulbagarden.net/wiki/Oranguru_(Pokémon)
  OK: {"name":"Oranguru","primaryType":"Normal","secondaryType":"Psychic","forms":[],"evolutionStage":"1","preEvolvePokemon":"","eggGroups":"Field","height":"4'11\"","weight":"167.6 lbs.","genderRatio":"50% male, 50% female","catchRate":"45 (11.9%)","hatchTime":"20 cycles"}

[766/1025] Passimian -> https://bulbapedia.bulbagarden.net/wiki/Passimian_(Pokémon)
  OK: {"name":"Passimian","primaryType":"Fighting","secondaryType":"","forms":[],"evolutionStage":"1","preEvolvePokemon":"","eggGroups":"Field","height":"6'07\"","weight":"182.5 lbs.","genderRatio":"50% male, 50% female","catchRate":"45 (11.9%)","hatchTime":"20 cycles"}

[768/1025] Golisopod -> https://bulbapedia.bulbagarden.net/wiki/Golisopod_(Pokémon)
  OK: {"name":"Golisopod","primaryType":"Bug","secondaryType":"Water","forms":["Mega Golisopod"],"evolutionStage":"final","preEvolvePokemon":"Wimpod","eggGroups":"Bug and Water 3","height":"6'07\"","weight":"238.1 lbs.","genderRatio":"50% male, 50% female","catchRate":"45 (11.9%)","hatchTime":"20 cycles"}

[770/1025] Palossand -> https://bulbapedia.bulbagarden.net/wiki/Palossand_(Pokémon)
  OK: {"name":"Palossand","primaryType":"Ghost","secondaryType":"Ground","forms":[],"evolutionStage":"final","preEvolvePokemon":"Sandygast","eggGroups":"Amorphous","height":"4'03\"","weight":"551.2 lbs.","genderRatio":"50% male, 50% female","catchRate":"60 (14.8%)","hatchTime":"15 cycles"}

[773/1025] Silvally -> https://bulbapedia.bulbagarden.net/wiki/Silvally_(Pokémon)
  OK: {"name":"Silvally","primaryType":"Normal","secondaryType":"","forms":[],"evolutionStage":"final","preEvolvePokemon":"Type: Null","eggGroups":"No Eggs Discovered","height":"7'07\"","weight":"221.6 lbs.","genderRatio":"Gender unknown","catchRate":"3 (1.6%)","hatchTime":"120 cycles Egg not obtainable"}

[774/1025] Minior -> https://bulbapedia.bulbagarden.net/wiki/Minior_(Pokémon)
  OK: {"name":"Minior","primaryType":"Rock","secondaryType":"Flying","forms":["Meteor Form","Core"],"evolutionStage":"1","preEvolvePokemon":"","eggGroups":"Mineral","height":"1'00\"","weight":"88.2 lbs.","genderRatio":"Gender unknown","catchRate":"30 (8.8%)","hatchTime":"25 cycles"}

[778/1025] Mimikyu -> https://bulbapedia.bulbagarden.net/wiki/Mimikyu_(Pokémon)
  OK: {"name":"Mimikyu","primaryType":"Ghost","secondaryType":"Fairy","forms":["Disguised Form","Busted Form"],"evolutionStage":"1","preEvolvePokemon":"","eggGroups":"Amorphous","height":"0'08\"","weight":"1.5 lbs.","genderRatio":"50% male, 50% female","catchRate":"45 (11.9%)","hatchTime":"20 cycles"}

[780/1025] Drampa -> https://bulbapedia.bulbagarden.net/wiki/Drampa_(Pokémon)
  OK: {"name":"Drampa","primaryType":"Normal","secondaryType":"Dragon","forms":["Mega Drampa"],"evolutionStage":"1","preEvolvePokemon":"","eggGroups":"Monster and Dragon","height":"9'10\"","weight":"407.9 lbs.","genderRatio":"50% male, 50% female","catchRate":"70 (16.6%)","hatchTime":"20 cycles"}

[783/1025] Hakamo-o -> https://bulbapedia.bulbagarden.net/wiki/Hakamo-o_(Pokémon)
  OK: {"name":"Hakamo-o","primaryType":"Dragon","secondaryType":"Fighting","forms":[],"evolutionStage":"2","preEvolvePokemon":"Jangmo-o","eggGroups":"Dragon","height":"3'11\"","weight":"103.6 lbs.","genderRatio":"50% male, 50% female","catchRate":"45 (11.9%)","hatchTime":"40 cycles"}

[784/1025] Kommo-o -> https://bulbapedia.bulbagarden.net/wiki/Kommo-o_(Pokémon)
  OK: {"name":"Kommo-o","primaryType":"Dragon","secondaryType":"Fighting","forms":[],"evolutionStage":"final","preEvolvePokemon":"Hakamo-o","eggGroups":"Dragon","height":"5'03\"","weight":"172.4 lbs.","genderRatio":"50% male, 50% female","catchRate":"45 (11.9%)","hatchTime":"40 cycles"}

[790/1025] Cosmoem -> https://bulbapedia.bulbagarden.net/wiki/Cosmoem_(Pokémon)
  OK: {"name":"Cosmoem","primaryType":"Psychic","secondaryType":"","forms":[],"evolutionStage":"2","preEvolvePokemon":"Cosmog","eggGroups":"No Eggs Discovered","height":"0'04\"","weight":"2204.4 lbs.","genderRatio":"Gender unknown","catchRate":"3 (1.6%)","hatchTime":"120 cycles Egg not obtainable"}

[791/1025] Solgaleo -> https://bulbapedia.bulbagarden.net/wiki/Solgaleo_(Pokémon)
  OK: {"name":"Solgaleo","primaryType":"Psychic","secondaryType":"Steel","forms":[],"evolutionStage":"final","preEvolvePokemon":"Cosmoem","eggGroups":"No Eggs Discovered","height":"11'02\"","weight":"507.1 lbs.","genderRatio":"Gender unknown","catchRate":"3 (1.6%)","hatchTime":"120 cycles Egg not obtainable"}

[792/1025] Lunala -> https://bulbapedia.bulbagarden.net/wiki/Lunala_(Pokémon)
  OK: {"name":"Lunala","primaryType":"Psychic","secondaryType":"Ghost","forms":[],"evolutionStage":"final","preEvolvePokemon":"Cosmoem","eggGroups":"No Eggs Discovered","height":"13'01\"","weight":"264.6 lbs.","genderRatio":"Gender unknown","catchRate":"3 (1.6%)","hatchTime":"120 cycles Egg not obtainable"}

[797/1025] Cele Steela -> https://bulbapedia.bulbagarden.net/wiki/Cele%20Steela_(Pokémon)
  WARNING: no infobox found for Cele Steela, skipping.

[801/1025] Magearna -> https://bulbapedia.bulbagarden.net/wiki/Magearna_(Pokémon)
  OK: {"name":"Magearna","primaryType":"Steel","secondaryType":"Fairy","forms":["Original Color","Mega Magearna"],"evolutionStage":"1","preEvolvePokemon":"","eggGroups":"No Eggs Discovered","height":"3'03\"","weight":"177.5 lbs.","genderRatio":"Gender unknown","catchRate":"3 (1.6%)","hatchTime":"120 cycles Egg not obtainable"}

[804/1025] Naganadel -> https://bulbapedia.bulbagarden.net/wiki/Naganadel_(Pokémon)
  OK: {"name":"Naganadel","primaryType":"Poison","secondaryType":"Dragon","forms":[],"evolutionStage":"final","preEvolvePokemon":"Poipole","eggGroups":"No Eggs Discovered","height":"11'10\"","weight":"330.7 lbs.","genderRatio":"Gender unknown","catchRate":"45 (11.9%)","hatchTime":"120 cycles Egg not obtainable"}

[807/1025] Zeraora -> https://bulbapedia.bulbagarden.net/wiki/Zeraora_(Pokémon)
  OK: {"name":"Zeraora","primaryType":"Electric","secondaryType":"","forms":["Mega Zeraora"],"evolutionStage":"1","preEvolvePokemon":"","eggGroups":"No Eggs Discovered","height":"4'11\"","weight":"98.1 lbs.","genderRatio":"Gender unknown","catchRate":"3 (1.6%)","hatchTime":"120 cycles Egg not obtainable"}

[809/1025] Melmetal -> https://bulbapedia.bulbagarden.net/wiki/Melmetal_(Pokémon)
  OK: {"name":"Melmetal","primaryType":"Steel","secondaryType":"","forms":[],"evolutionStage":"final","preEvolvePokemon":"Meltan","eggGroups":"No Eggs Discovered","height":"8'02\"","weight":"1763.7 lbs.","genderRatio":"Gender unknown","catchRate":"3 (1.6%)","hatchTime":"120 cycles Egg not obtainable"}

[811/1025] Thwackey -> https://bulbapedia.bulbagarden.net/wiki/Thwackey_(Pokémon)
  OK: {"name":"Thwackey","primaryType":"Grass","secondaryType":"","forms":[],"evolutionStage":"2","preEvolvePokemon":"Grookey","eggGroups":"Field and Grass","height":"2'04\"","weight":"30.9 lbs.","genderRatio":"87.5% male, 12.5% female","catchRate":"45 (11.9%)","hatchTime":"20 cycles"}

[812/1025] Rillaboom -> https://bulbapedia.bulbagarden.net/wiki/Rillaboom_(Pokémon)
  OK: {"name":"Rillaboom","primaryType":"Grass","secondaryType":"","forms":[],"evolutionStage":"final","preEvolvePokemon":"Thwackey","eggGroups":"Field and Grass","height":"6'11\"","weight":"198.4 lbs.","genderRatio":"87.5% male, 12.5% female","catchRate":"45 (11.9%)","hatchTime":"20 cycles"}

[814/1025] Raboot -> https://bulbapedia.bulbagarden.net/wiki/Raboot_(Pokémon)
  OK: {"name":"Raboot","primaryType":"Fire","secondaryType":"","forms":[],"evolutionStage":"2","preEvolvePokemon":"Scorbunny","eggGroups":"Field and Human-Like","height":"2'00\"","weight":"19.8 lbs.","genderRatio":"87.5% male, 12.5% female","catchRate":"45 (11.9%)","hatchTime":"20 cycles"}

[815/1025] Cinderace -> https://bulbapedia.bulbagarden.net/wiki/Cinderace_(Pokémon)
  OK: {"name":"Cinderace","primaryType":"Fire","secondaryType":"","forms":[],"evolutionStage":"final","preEvolvePokemon":"Raboot","eggGroups":"Field and Human-Like","height":"4'07\"","weight":"72.8 lbs.","genderRatio":"87.5% male, 12.5% female","catchRate":"45 (11.9%)","hatchTime":"20 cycles"}

[817/1025] Drizzile -> https://bulbapedia.bulbagarden.net/wiki/Drizzile_(Pokémon)
  OK: {"name":"Drizzile","primaryType":"Water","secondaryType":"","forms":[],"evolutionStage":"2","preEvolvePokemon":"Sobble","eggGroups":"Water 1 and Field","height":"2'04\"","weight":"25.4 lbs.","genderRatio":"87.5% male, 12.5% female","catchRate":"45 (11.9%)","hatchTime":"20 cycles"}

[818/1025] Inteleon -> https://bulbapedia.bulbagarden.net/wiki/Inteleon_(Pokémon)
  OK: {"name":"Inteleon","primaryType":"Water","secondaryType":"","forms":["Gigantamax Inteleon"],"evolutionStage":"final","preEvolvePokemon":"Drizzile","eggGroups":"Water 1 and Field","height":"6'03\"","weight":"99.6 lbs.","genderRatio":"87.5% male, 12.5% female","catchRate":"45 (11.9%)","hatchTime":"20 cycles"}

[820/1025] Greedent -> https://bulbapedia.bulbagarden.net/wiki/Greedent_(Pokémon)
  OK: {"name":"Greedent","primaryType":"Normal","secondaryType":"","forms":[],"evolutionStage":"final","preEvolvePokemon":"Skwovet","eggGroups":"Field","height":"2'00\"","weight":"13.2 lbs.","genderRatio":"50% male, 50% female","catchRate":"90 (20.1%)","hatchTime":"20 cycles"}

[822/1025] Corvisquire -> https://bulbapedia.bulbagarden.net/wiki/Corvisquire_(Pokémon)
  OK: {"name":"Corvisquire","primaryType":"Flying","secondaryType":"","forms":[],"evolutionStage":"2","preEvolvePokemon":"Rookidee","eggGroups":"Flying","height":"2'07\"","weight":"35.3 lbs.","genderRatio":"50% male, 50% female","catchRate":"120 (24.9%)","hatchTime":"15 cycles"}

[823/1025] Corviknight -> https://bulbapedia.bulbagarden.net/wiki/Corviknight_(Pokémon)
  OK: {"name":"Corviknight","primaryType":"Flying","secondaryType":"Steel","forms":[],"evolutionStage":"final","preEvolvePokemon":"Corvisquire","eggGroups":"Flying","height":"7'03\"","weight":"165.3 lbs.","genderRatio":"50% male, 50% female","catchRate":"45 (11.9%)","hatchTime":"15 cycles"}

[824/1025] Blip -> https://bulbapedia.bulbagarden.net/wiki/Blip_(Pokémon)
  WARNING: no infobox found for Blip, skipping.

[825/1025] Dottler -> https://bulbapedia.bulbagarden.net/wiki/Dottler_(Pokémon)
  OK: {"name":"Dottler","primaryType":"Bug","secondaryType":"Psychic","forms":[],"evolutionStage":"2","preEvolvePokemon":"Blipbug","eggGroups":"Bug","height":"1'04\"","weight":"43.0 lbs.","genderRatio":"50% male, 50% female","catchRate":"120 (24.9%)","hatchTime":"15 cycles"}

[826/1025] Orbeetle -> https://bulbapedia.bulbagarden.net/wiki/Orbeetle_(Pokémon)
  OK: {"name":"Orbeetle","primaryType":"Bug","secondaryType":"Psychic","forms":[],"evolutionStage":"final","preEvolvePokemon":"Dottler","eggGroups":"Bug","height":"1'04\"","weight":"89.9 lbs.","genderRatio":"50% male, 50% female","catchRate":"45 (11.9%)","hatchTime":"15 cycles"}

[828/1025] Thievul -> https://bulbapedia.bulbagarden.net/wiki/Thievul_(Pokémon)
  OK: {"name":"Thievul","primaryType":"Dark","secondaryType":"","forms":[],"evolutionStage":"final","preEvolvePokemon":"Nickit","eggGroups":"Field","height":"3'11\"","weight":"43.9 lbs.","genderRatio":"50% male, 50% female","catchRate":"127 (26%)","hatchTime":"15 cycles"}

[830/1025] Eldegoss -> https://bulbapedia.bulbagarden.net/wiki/Eldegoss_(Pokémon)
  OK: {"name":"Eldegoss","primaryType":"Grass","secondaryType":"","forms":[],"evolutionStage":"final","preEvolvePokemon":"Gossifleur","eggGroups":"Grass","height":"1'08\"","weight":"5.5 lbs.","genderRatio":"50% male, 50% female","catchRate":"75 (17.5%)","hatchTime":"20 cycles"}

[832/1025] Dubwool -> https://bulbapedia.bulbagarden.net/wiki/Dubwool_(Pokémon)
  OK: {"name":"Dubwool","primaryType":"Normal","secondaryType":"","forms":[],"evolutionStage":"final","preEvolvePokemon":"Wooloo","eggGroups":"Field","height":"4'03\"","weight":"94.8 lbs.","genderRatio":"50% male, 50% female","catchRate":"127 (26%)","hatchTime":"15 cycles"}

[834/1025] Drednaw -> https://bulbapedia.bulbagarden.net/wiki/Drednaw_(Pokémon)
  OK: {"name":"Drednaw","primaryType":"Water","secondaryType":"Rock","forms":[],"evolutionStage":"final","preEvolvePokemon":"Chewtle","eggGroups":"Monster and Water 1","height":"3'03\"","weight":"254.6 lbs.","genderRatio":"50% male, 50% female","catchRate":"75 (17.5%)","hatchTime":"20 cycles"}

[836/1025] Boltund -> https://bulbapedia.bulbagarden.net/wiki/Boltund_(Pokémon)
  OK: {"name":"Boltund","primaryType":"Electric","secondaryType":"","forms":[],"evolutionStage":"final","preEvolvePokemon":"Yamper","eggGroups":"Field","height":"3'03\"","weight":"75.0 lbs.","genderRatio":"50% male, 50% female","catchRate":"45 (11.9%)","hatchTime":"20 cycles"}

[838/1025] Carkol -> https://bulbapedia.bulbagarden.net/wiki/Carkol_(Pokémon)
  OK: {"name":"Carkol","primaryType":"Rock","secondaryType":"Fire","forms":[],"evolutionStage":"2","preEvolvePokemon":"Rolycoly","eggGroups":"Mineral","height":"3'07\"","weight":"172.0 lbs.","genderRatio":"50% male, 50% female","catchRate":"120 (24.9%)","hatchTime":"15 cycles"}

[839/1025] Coalossal -> https://bulbapedia.bulbagarden.net/wiki/Coalossal_(Pokémon)
  OK: {"name":"Coalossal","primaryType":"Rock","secondaryType":"Fire","forms":[],"evolutionStage":"final","preEvolvePokemon":"Carkol","eggGroups":"Mineral","height":"9'02\"","weight":"684.5 lbs.","genderRatio":"50% male, 50% female","catchRate":"45 (11.9%)","hatchTime":"15 cycles"}

[841/1025] Flapple -> https://bulbapedia.bulbagarden.net/wiki/Flapple_(Pokémon)
  OK: {"name":"Flapple","primaryType":"Grass","secondaryType":"Dragon","forms":[],"evolutionStage":"final","preEvolvePokemon":"Applin","eggGroups":"Grass and Dragon","height":"1'00\"","weight":"2.2 lbs.","genderRatio":"50% male, 50% female","catchRate":"45 (11.9%)","hatchTime":"20 cycles"}

[842/1025] Appletun -> https://bulbapedia.bulbagarden.net/wiki/Appletun_(Pokémon)
  OK: {"name":"Appletun","primaryType":"Grass","secondaryType":"Dragon","forms":[],"evolutionStage":"final","preEvolvePokemon":"Applin","eggGroups":"Grass and Dragon","height":"1'04\"","weight":"28.7 lbs.","genderRatio":"50% male, 50% female","catchRate":"45 (11.9%)","hatchTime":"20 cycles"}

[844/1025] Sandaconda -> https://bulbapedia.bulbagarden.net/wiki/Sandaconda_(Pokémon)
  OK: {"name":"Sandaconda","primaryType":"Ground","secondaryType":"Dragon","forms":[],"evolutionStage":"final","preEvolvePokemon":"Silicobra","eggGroups":"Field and Dragon","height":"12'06\"","weight":"144.4 lbs.","genderRatio":"50% male, 50% female","catchRate":"120 (24.9%)","hatchTime":"20 cycles"}

[845/1025] Cramorant -> https://bulbapedia.bulbagarden.net/wiki/Cramorant_(Pokémon)
  OK: {"name":"Cramorant","primaryType":"Flying","secondaryType":"Water","forms":["Gulping Form","Gorging Form"],"evolutionStage":"1","preEvolvePokemon":"","eggGroups":"Water 1 and Flying","height":"2'07\"","weight":"39.7 lbs.","genderRatio":"50% male, 50% female","catchRate":"45 (11.9%)","hatchTime":"20 cycles"}

[847/1025] Barraskewda -> https://bulbapedia.bulbagarden.net/wiki/Barraskewda_(Pokémon)
  OK: {"name":"Barraskewda","primaryType":"Water","secondaryType":"","forms":[],"evolutionStage":"final","preEvolvePokemon":"Arrokuda","eggGroups":"Water 2","height":"4'03\"","weight":"66.1 lbs.","genderRatio":"50% male, 50% female","catchRate":"60 (14.8%)","hatchTime":"20 cycles"}

[849/1025] Toxtricity -> https://bulbapedia.bulbagarden.net/wiki/Toxtricity_(Pokémon)
  OK: {"name":"Toxtricity","primaryType":"Electric","secondaryType":"Poison","forms":["Amped Form","Low Key Form","Gigantamax Toxtricity"],"evolutionStage":"final","preEvolvePokemon":"Toxel","eggGroups":"Human-Like","height":"5'03\"","weight":"88.2 lbs.","genderRatio":"50% male, 50% female","catchRate":"45 (11.9%)","hatchTime":"25 cycles"}

[851/1025] Centiskorch -> https://bulbapedia.bulbagarden.net/wiki/Centiskorch_(Pokémon)
  OK: {"name":"Centiskorch","primaryType":"Fire","secondaryType":"Bug","forms":[],"evolutionStage":"final","preEvolvePokemon":"Sizzlipede","eggGroups":"Bug","height":"9'10\"","weight":"264.6 lbs.","genderRatio":"50% male, 50% female","catchRate":"75 (17.5%)","hatchTime":"20 cycles"}

[853/1025] Grapploct -> https://bulbapedia.bulbagarden.net/wiki/Grapploct_(Pokémon)
  OK: {"name":"Grapploct","primaryType":"Fighting","secondaryType":"","forms":[],"evolutionStage":"final","preEvolvePokemon":"Clobbopus","eggGroups":"Water 1 and Human-Like","height":"5'03\"","weight":"86.0 lbs.","genderRatio":"50% male, 50% female","catchRate":"45 (11.9%)","hatchTime":"25 cycles"}

[855/1025] Polteageist -> https://bulbapedia.bulbagarden.net/wiki/Polteageist_(Pokémon)
  OK: {"name":"Polteageist","primaryType":"Ghost","secondaryType":"","forms":["Phony Form","Antique Form"],"evolutionStage":"final","preEvolvePokemon":"Sinistea","eggGroups":"Mineral and Amorphous","height":"0'08\"","weight":"0.9 lbs.","genderRatio":"Gender unknown","catchRate":"60 (14.8%)","hatchTime":"20 cycles"}

[857/1025] Hattrem -> https://bulbapedia.bulbagarden.net/wiki/Hattrem_(Pokémon)
  OK: {"name":"Hattrem","primaryType":"Psychic","secondaryType":"Fairy","forms":[],"evolutionStage":"2","preEvolvePokemon":"Hatenna","eggGroups":"Fairy","height":"2'00\"","weight":"10.6 lbs.","genderRatio":"100% female","catchRate":"120 (24.9%)","hatchTime":"20 cycles"}

[858/1025] Hatterene -> https://bulbapedia.bulbagarden.net/wiki/Hatterene_(Pokémon)
  OK: {"name":"Hatterene","primaryType":"Psychic","secondaryType":"Fairy","forms":[],"evolutionStage":"final","preEvolvePokemon":"Hattrem","eggGroups":"Fairy","height":"6'11\"","weight":"11.2 lbs.","genderRatio":"100% female","catchRate":"45 (11.9%)","hatchTime":"20 cycles"}

[860/1025] Morgrem -> https://bulbapedia.bulbagarden.net/wiki/Morgrem_(Pokémon)
  OK: {"name":"Morgrem","primaryType":"Dark","secondaryType":"Fairy","forms":[],"evolutionStage":"2","preEvolvePokemon":"Impidimp","eggGroups":"Fairy and Human-Like","height":"2'07\"","weight":"27.6 lbs.","genderRatio":"100% male","catchRate":"120 (24.9%)","hatchTime":"20 cycles"}

[861/1025] Grimmsnarl -> https://bulbapedia.bulbagarden.net/wiki/Grimmsnarl_(Pokémon)
  OK: {"name":"Grimmsnarl","primaryType":"Dark","secondaryType":"Fairy","forms":[],"evolutionStage":"final","preEvolvePokemon":"Morgrem","eggGroups":"Fairy and Human-Like","height":"4'11\"","weight":"134.5 lbs.","genderRatio":"100% male","catchRate":"45 (11.9%)","hatchTime":"20 cycles"}

[862/1025] Obstagoon -> https://bulbapedia.bulbagarden.net/wiki/Obstagoon_(Pokémon)
  OK: {"name":"Obstagoon","primaryType":"Dark","secondaryType":"Normal","forms":[],"evolutionStage":"final","preEvolvePokemon":"Linoone","eggGroups":"Field","height":"5'03\"","weight":"101.4 lbs.","genderRatio":"50% male, 50% female","catchRate":"45 (11.9%)","hatchTime":"15 cycles"}

[863/1025] Perrserker -> https://bulbapedia.bulbagarden.net/wiki/Perrserker_(Pokémon)
  OK: {"name":"Perrserker","primaryType":"Steel","secondaryType":"","forms":[],"evolutionStage":"final","preEvolvePokemon":"Meowth","eggGroups":"Field","height":"2'07\"","weight":"61.7 lbs.","genderRatio":"50% male, 50% female","catchRate":"90 (20.1%)","hatchTime":"20 cycles"}

[864/1025] Cursola -> https://bulbapedia.bulbagarden.net/wiki/Cursola_(Pokémon)
  OK: {"name":"Cursola","primaryType":"Ghost","secondaryType":"","forms":[],"evolutionStage":"1","preEvolvePokemon":"","eggGroups":"Water 1 and Water 3","height":"3'03\"","weight":"0.9 lbs.","genderRatio":"25% male, 75% female","catchRate":"30 (8.8%)","hatchTime":"20 cycles"}

[865/1025] Sirfetch'd -> https://bulbapedia.bulbagarden.net/wiki/Sirfetch'd_(Pokémon)
  OK: {"name":"Sirfetch'd","primaryType":"Fighting","secondaryType":"Flying","forms":[],"evolutionStage":"final","preEvolvePokemon":"Farfetch'd","eggGroups":"Flying and Field","height":"2'07\"","weight":"257.9 lbs.","genderRatio":"50% male, 50% female","catchRate":"45 (11.9%)","hatchTime":"20 cycles"}

[866/1025] Mr.Rime -> https://bulbapedia.bulbagarden.net/wiki/Mr.Rime_(Pokémon)
  WARNING: no infobox found for Mr.Rime, skipping.

[867/1025] Runerigus -> https://bulbapedia.bulbagarden.net/wiki/Runerigus_(Pokémon)
  OK: {"name":"Runerigus","primaryType":"Ground","secondaryType":"Ghost","forms":[],"evolutionStage":"final","preEvolvePokemon":"Yamask","eggGroups":"Mineral and Amorphous","height":"5'03\"","weight":"146.8 lbs.","genderRatio":"50% male, 50% female","catchRate":"90 (20.1%)","hatchTime":"25 cycles"}

[869/1025] Alcremie -> https://bulbapedia.bulbagarden.net/wiki/Alcremie_(Pokémon)
  OK: {"name":"Alcremie","primaryType":"Fairy","secondaryType":"","forms":[],"evolutionStage":"final","preEvolvePokemon":"Milcery","eggGroups":"Fairy and Amorphous","height":"1'00\"","weight":"1.1 lbs.","genderRatio":"100% female","catchRate":"100 (21.7%)","hatchTime":"20 cycles"}

[870/1025] Falinks -> https://bulbapedia.bulbagarden.net/wiki/Falinks_(Pokémon)
  OK: {"name":"Falinks","primaryType":"Fighting","secondaryType":"Fairy","forms":["Mega Falinks"],"evolutionStage":"1","preEvolvePokemon":"","eggGroups":"Fairy and Mineral","height":"9'10\"","weight":"136.7 lbs.","genderRatio":"Gender unknown","catchRate":"45 (11.9%)","hatchTime":"25 cycles"}

[873/1025] Frosmoth -> https://bulbapedia.bulbagarden.net/wiki/Frosmoth_(Pokémon)
  OK: {"name":"Frosmoth","primaryType":"Ice","secondaryType":"Bug","forms":[],"evolutionStage":"final","preEvolvePokemon":"Snom","eggGroups":"Bug","height":"4'03\"","weight":"92.6 lbs.","genderRatio":"50% male, 50% female","catchRate":"75 (17.5%)","hatchTime":"20 cycles"}

[875/1025] Eiscue -> https://bulbapedia.bulbagarden.net/wiki/Eiscue_(Pokémon)
  OK: {"name":"Eiscue","primaryType":"Ice","secondaryType":"","forms":["Ice Face","Noice Face"],"evolutionStage":"1","preEvolvePokemon":"","eggGroups":"Water 1 and Field","height":"4'07\"","weight":"196.2 lbs.","genderRatio":"50% male, 50% female","catchRate":"60 (14.8%)","hatchTime":"25 cycles"}

[877/1025] Morpeko -> https://bulbapedia.bulbagarden.net/wiki/Morpeko_(Pokémon)
  OK: {"name":"Morpeko","primaryType":"Electric","secondaryType":"Dark","forms":["Full Belly Mode","Hangry Mode"],"evolutionStage":"1","preEvolvePokemon":"","eggGroups":"Field and Fairy","height":"1'00\"","weight":"6.6 lbs.","genderRatio":"50% male, 50% female","catchRate":"180 (33.8%)","hatchTime":"10 cycles"}

[879/1025] Copperajah -> https://bulbapedia.bulbagarden.net/wiki/Copperajah_(Pokémon)
  OK: {"name":"Copperajah","primaryType":"Steel","secondaryType":"","forms":[],"evolutionStage":"final","preEvolvePokemon":"Cufant","eggGroups":"Field and Mineral","height":"9'10\"","weight":"1433.0 lbs.","genderRatio":"50% male, 50% female","catchRate":"90 (20.1%)","hatchTime":"25 cycles"}

[880/1025] Dracozolt -> https://bulbapedia.bulbagarden.net/wiki/Dracozolt_(Pokémon)
  OK: {"name":"Dracozolt","primaryType":"Electric","secondaryType":"Dragon","forms":[],"evolutionStage":"1","preEvolvePokemon":"","eggGroups":"No Eggs Discovered","height":"5'11\"","weight":"418.9 lbs.","genderRatio":"Gender unknown","catchRate":"45 (11.9%)","hatchTime":"35 cycles Egg not obtainable"}

[881/1025] Arctozolt -> https://bulbapedia.bulbagarden.net/wiki/Arctozolt_(Pokémon)
  OK: {"name":"Arctozolt","primaryType":"Electric","secondaryType":"Ice","forms":[],"evolutionStage":"1","preEvolvePokemon":"","eggGroups":"No Eggs Discovered","height":"7'07\"","weight":"330.7 lbs.","genderRatio":"Gender unknown","catchRate":"45 (11.9%)","hatchTime":"35 cycles Egg not obtainable"}

[882/1025] Dracovish -> https://bulbapedia.bulbagarden.net/wiki/Dracovish_(Pokémon)
  OK: {"name":"Dracovish","primaryType":"Water","secondaryType":"Dragon","forms":[],"evolutionStage":"1","preEvolvePokemon":"","eggGroups":"No Eggs Discovered","height":"7'07\"","weight":"474.0 lbs.","genderRatio":"Gender unknown","catchRate":"45 (11.9%)","hatchTime":"35 cycles Egg not obtainable"}

[883/1025] Arctovish -> https://bulbapedia.bulbagarden.net/wiki/Arctovish_(Pokémon)
  OK: {"name":"Arctovish","primaryType":"Water","secondaryType":"Ice","forms":[],"evolutionStage":"1","preEvolvePokemon":"","eggGroups":"No Eggs Discovered","height":"6'07\"","weight":"385.8 lbs.","genderRatio":"Gender unknown","catchRate":"45 (11.9%)","hatchTime":"35 cycles Egg not obtainable"}

[886/1025] Drakloak -> https://bulbapedia.bulbagarden.net/wiki/Drakloak_(Pokémon)
  OK: {"name":"Drakloak","primaryType":"Dragon","secondaryType":"Ghost","forms":[],"evolutionStage":"2","preEvolvePokemon":"Dreepy","eggGroups":"Amorphous and Dragon","height":"4'07\"","weight":"24.3 lbs.","genderRatio":"50% male, 50% female","catchRate":"45 (11.9%)","hatchTime":"40 cycles"}

[887/1025] Dragapult -> https://bulbapedia.bulbagarden.net/wiki/Dragapult_(Pokémon)
  OK: {"name":"Dragapult","primaryType":"Dragon","secondaryType":"Ghost","forms":[],"evolutionStage":"final","preEvolvePokemon":"Drakloak","eggGroups":"Amorphous and Dragon","height":"9'10\"","weight":"110.2 lbs.","genderRatio":"50% male, 50% female","catchRate":"45 (11.9%)","hatchTime":"40 cycles"}

[888/1025] Zacian -> https://bulbapedia.bulbagarden.net/wiki/Zacian_(Pokémon)
  OK: {"name":"Zacian","primaryType":"Fairy","secondaryType":"Steel","forms":["Hero of Many Battles","Crowned Sword"],"evolutionStage":"1","preEvolvePokemon":"","eggGroups":"No Eggs Discovered","height":"9'02\"","weight":"242.5 lbs.","genderRatio":"Gender unknown","catchRate":"10 (3.9%)","hatchTime":"120 cycles Egg not obtainable"}

[889/1025] Zamazenta -> https://bulbapedia.bulbagarden.net/wiki/Zamazenta_(Pokémon)
  OK: {"name":"Zamazenta","primaryType":"Fighting","secondaryType":"Steel","forms":["Hero of Many Battles","Crowned Shield"],"evolutionStage":"1","preEvolvePokemon":"","eggGroups":"No Eggs Discovered","height":"9'06\"","weight":"463.0 lbs.","genderRatio":"Gender unknown","catchRate":"10 (3.9%)","hatchTime":"120 cycles Egg not obtainable"}

[892/1025] Urshifu -> https://bulbapedia.bulbagarden.net/wiki/Urshifu_(Pokémon)
  OK: {"name":"Urshifu","primaryType":"Fighting","secondaryType":"Dark","forms":["Single Strike Style","Rapid Strike Style","Gigantamax Urshifu (Single Strike Style)","Gigantamax Urshifu (Rapid Strike Style)"],"evolutionStage":"1","preEvolvePokemon":"","eggGroups":"No Eggs Discovered","height":"6'03\"","weight":"231.5 lbs.","genderRatio":"87.5% male, 12.5% female","catchRate":"3 (1.6%)","hatchTime":"120 cycles Egg not obtainable"}

[893/1025] Zarude -> https://bulbapedia.bulbagarden.net/wiki/Zarude_(Pokémon)
  OK: {"name":"Zarude","primaryType":"Dark","secondaryType":"Grass","forms":[],"evolutionStage":"1","preEvolvePokemon":"","eggGroups":"No Eggs Discovered","height":"5'11\"","weight":"154.3 lbs.","genderRatio":"Gender unknown","catchRate":"3 (1.6%)","hatchTime":"120 cycles Egg not obtainable"}

[898/1025] Calyrex -> https://bulbapedia.bulbagarden.net/wiki/Calyrex_(Pokémon)
  OK: {"name":"Calyrex","primaryType":"Psychic","secondaryType":"Grass","forms":["Ice Rider Calyrex","Shadow Rider Calyrex"],"evolutionStage":"1","preEvolvePokemon":"","eggGroups":"No Eggs Discovered","height":"3'07\"","weight":"17.0 lbs.","genderRatio":"Gender unknown","catchRate":"3 (1.6%)","hatchTime":"120 cycles Egg not obtainable"}

[899/1025] Wyrdeer -> https://bulbapedia.bulbagarden.net/wiki/Wyrdeer_(Pokémon)
  OK: {"name":"Wyrdeer","primaryType":"Normal","secondaryType":"Psychic","forms":[],"evolutionStage":"final","preEvolvePokemon":"","eggGroups":"Field","height":"5'11\"","weight":"209.7 lbs.","genderRatio":"50% male, 50% female","catchRate":"45 (11.9%)","hatchTime":"20 cycles"}

[900/1025] Kleavor -> https://bulbapedia.bulbagarden.net/wiki/Kleavor_(Pokémon)
  OK: {"name":"Kleavor","primaryType":"Bug","secondaryType":"Rock","forms":[],"evolutionStage":"final","preEvolvePokemon":"","eggGroups":"Bug","height":"5'11\"","weight":"196.2 lbs.","genderRatio":"50% male, 50% female","catchRate":"15 (5.2%)","hatchTime":"20 cycles"}

[901/1025] Ursaluna -> https://bulbapedia.bulbagarden.net/wiki/Ursaluna_(Pokémon)
  OK: {"name":"Ursaluna","primaryType":"Ground","secondaryType":"Normal","forms":[],"evolutionStage":"final","preEvolvePokemon":"","eggGroups":"Field","height":"7'10\"","weight":"639.3 lbs.","genderRatio":"50% male, 50% female","catchRate":"20 (6.5%)","hatchTime":"20 cycles"}

[902/1025] Sneasler -> https://bulbapedia.bulbagarden.net/wiki/Sneasler_(Pokémon)
  OK: {"name":"Sneasler","primaryType":"Fighting","secondaryType":"Poison","forms":[],"evolutionStage":"final","preEvolvePokemon":"Sneasel","eggGroups":"Field","height":"4'03\"","weight":"94.8 lbs.","genderRatio":"50% male, 50% female","catchRate":"20 (6.5%)","hatchTime":"20 cycles"}

[903/1025] Overqwil -> https://bulbapedia.bulbagarden.net/wiki/Overqwil_(Pokémon)
  OK: {"name":"Overqwil","primaryType":"Dark","secondaryType":"Poison","forms":[],"evolutionStage":"final","preEvolvePokemon":"Qwilfish","eggGroups":"Water 2","height":"8'02\"","weight":"133.4 lbs.","genderRatio":"50% male, 50% female","catchRate":"45 (11.9%)","hatchTime":"20 cycles"}

[904/1025] Enamorus -> https://bulbapedia.bulbagarden.net/wiki/Enamorus_(Pokémon)
  OK: {"name":"Enamorus","primaryType":"Fairy","secondaryType":"Flying","forms":["Incarnate Forme","Therian Forme"],"evolutionStage":"1","preEvolvePokemon":"","eggGroups":"No Eggs Discovered","height":"5'03\"","weight":"105.8 lbs.","genderRatio":"100% female","catchRate":"3 (1.6%)","hatchTime":"20 cycles Egg not obtainable"}

[905/1025] Enamorus -> https://bulbapedia.bulbagarden.net/wiki/Enamorus_(Pokémon)
  OK: {"name":"Enamorus","primaryType":"Fairy","secondaryType":"Flying","forms":["Incarnate Forme","Therian Forme"],"evolutionStage":"1","preEvolvePokemon":"","eggGroups":"No Eggs Discovered","height":"5'03\"","weight":"105.8 lbs.","genderRatio":"100% female","catchRate":"3 (1.6%)","hatchTime":"20 cycles Egg not obtainable"}

[907/1025] Floragato -> https://bulbapedia.bulbagarden.net/wiki/Floragato_(Pokémon)
  OK: {"name":"Floragato","primaryType":"Grass","secondaryType":"","forms":[],"evolutionStage":"2","preEvolvePokemon":"Sprigatito","eggGroups":"Field and Grass","height":"2'11\"","weight":"26.9 lbs.","genderRatio":"87.5% male, 12.5% female","catchRate":"45 (11.9%)","hatchTime":"20 cycles"}

[908/1025] Meowscarada -> https://bulbapedia.bulbagarden.net/wiki/Meowscarada_(Pokémon)
  OK: {"name":"Meowscarada","primaryType":"Grass","secondaryType":"Dark","forms":[],"evolutionStage":"final","preEvolvePokemon":"Floragato","eggGroups":"Field and Grass","height":"4'11\"","weight":"68.8 lbs.","genderRatio":"87.5% male, 12.5% female","catchRate":"45 (11.9%)","hatchTime":"20 cycles"}

[910/1025] Crocalor -> https://bulbapedia.bulbagarden.net/wiki/Crocalor_(Pokémon)
  OK: {"name":"Crocalor","primaryType":"Fire","secondaryType":"","forms":[],"evolutionStage":"2","preEvolvePokemon":"Fuecoco","eggGroups":"Field","height":"3'03\"","weight":"67.7 lbs.","genderRatio":"87.5% male, 12.5% female","catchRate":"45 (11.9%)","hatchTime":"20 cycles"}

[911/1025] Skeledirge -> https://bulbapedia.bulbagarden.net/wiki/Skeledirge_(Pokémon)
  OK: {"name":"Skeledirge","primaryType":"Fire","secondaryType":"Ghost","forms":[],"evolutionStage":"final","preEvolvePokemon":"Crocalor","eggGroups":"Field","height":"5'03\"","weight":"719.8 lbs.","genderRatio":"87.5% male, 12.5% female","catchRate":"45 (11.9%)","hatchTime":"20 cycles"}

[913/1025] Quaxwell -> https://bulbapedia.bulbagarden.net/wiki/Quaxwell_(Pokémon)
  OK: {"name":"Quaxwell","primaryType":"Water","secondaryType":"Flying","forms":[],"evolutionStage":"2","preEvolvePokemon":"Quaxly","eggGroups":"Flying and Water 1","height":"3'11\"","weight":"47.4 lbs.","genderRatio":"87.5% male, 12.5% female","catchRate":"45 (11.9%)","hatchTime":"20 cycles"}

[914/1025] Quaquaval -> https://bulbapedia.bulbagarden.net/wiki/Quaquaval_(Pokémon)
  OK: {"name":"Quaquaval","primaryType":"Water","secondaryType":"Fighting","forms":[],"evolutionStage":"final","preEvolvePokemon":"Quaxwell","eggGroups":"Flying and Water 1","height":"5'11\"","weight":"136.5 lbs.","genderRatio":"87.5% male, 12.5% female","catchRate":"45 (11.9%)","hatchTime":"20 cycles"}

[916/1025] Oinkologne -> https://bulbapedia.bulbagarden.net/wiki/Oinkologne_(Pokémon)
  OK: {"name":"Oinkologne","primaryType":"Normal","secondaryType":"","forms":[],"evolutionStage":"final","preEvolvePokemon":"Lechonk","eggGroups":"Field","height":"3'03\"","weight":"264.6 lbs.","genderRatio":"50% male, 50% female","catchRate":"100 (21.7%)","hatchTime":"15 cycles"}

[918/1025] Spidops -> https://bulbapedia.bulbagarden.net/wiki/Spidops_(Pokémon)
  OK: {"name":"Spidops","primaryType":"Bug","secondaryType":"","forms":[],"evolutionStage":"final","preEvolvePokemon":"Tarountula","eggGroups":"Bug","height":"3'03\"","weight":"36.4 lbs.","genderRatio":"50% male, 50% female","catchRate":"120 (24.9%)","hatchTime":"15 cycles"}

[920/1025] Lokix -> https://bulbapedia.bulbagarden.net/wiki/Lokix_(Pokémon)
  OK: {"name":"Lokix","primaryType":"Bug","secondaryType":"Dark","forms":[],"evolutionStage":"final","preEvolvePokemon":"Nymble","eggGroups":"Bug","height":"3'03\"","weight":"38.6 lbs.","genderRatio":"50% male, 50% female","catchRate":"30 (8.8%)","hatchTime":"20 cycles"}

[922/1025] Pawmo -> https://bulbapedia.bulbagarden.net/wiki/Pawmo_(Pokémon)
  OK: {"name":"Pawmo","primaryType":"Electric","secondaryType":"Fighting","forms":[],"evolutionStage":"2","preEvolvePokemon":"Pawmi","eggGroups":"Field","height":"1'04\"","weight":"14.3 lbs.","genderRatio":"50% male, 50% female","catchRate":"80 (18.4%)","hatchTime":"15 cycles"}

[923/1025] Pawmot -> https://bulbapedia.bulbagarden.net/wiki/Pawmot_(Pokémon)
  OK: {"name":"Pawmot","primaryType":"Electric","secondaryType":"Fighting","forms":[],"evolutionStage":"1","preEvolvePokemon":"","eggGroups":"Field","height":"2'11\"","weight":"90.4 lbs.","genderRatio":"50% male, 50% female","catchRate":"45 (11.9%)","hatchTime":"15 cycles"}

[925/1025] Maushold -> https://bulbapedia.bulbagarden.net/wiki/Maushold_(Pokémon)
  OK: {"name":"Maushold","primaryType":"Normal","secondaryType":"Fairy","forms":["Family of Four","Family of Three"],"evolutionStage":"final","preEvolvePokemon":"Tandemaus","eggGroups":"Field and Fairy","height":"1'00\"","weight":"6.2 lbs.","genderRatio":"Gender unknown","catchRate":"75 (17.5%)","hatchTime":"10 cycles"}

[927/1025] Dachsbun -> https://bulbapedia.bulbagarden.net/wiki/Dachsbun_(Pokémon)
  OK: {"name":"Dachsbun","primaryType":"Fairy","secondaryType":"","forms":[],"evolutionStage":"final","preEvolvePokemon":"Fidough","eggGroups":"Field and Mineral","height":"1'08\"","weight":"32.8 lbs.","genderRatio":"50% male, 50% female","catchRate":"90 (20.1%)","hatchTime":"20 cycles"}

[929/1025] Dolliv -> https://bulbapedia.bulbagarden.net/wiki/Dolliv_(Pokémon)
  OK: {"name":"Dolliv","primaryType":"Grass","secondaryType":"Normal","forms":[],"evolutionStage":"2","preEvolvePokemon":"Smoliv","eggGroups":"Grass","height":"2'00\"","weight":"26.2 lbs.","genderRatio":"50% male, 50% female","catchRate":"120 (24.9%)","hatchTime":"20 cycles"}

[930/1025] Arboliva -> https://bulbapedia.bulbagarden.net/wiki/Arboliva_(Pokémon)
  OK: {"name":"Arboliva","primaryType":"Grass","secondaryType":"Normal","forms":[],"evolutionStage":"final","preEvolvePokemon":"Dolliv","eggGroups":"Grass","height":"4'07\"","weight":"106.3 lbs.","genderRatio":"50% male, 50% female","catchRate":"45 (11.9%)","hatchTime":"20 cycles"}

[933/1025] Naclstack -> https://bulbapedia.bulbagarden.net/wiki/Naclstack_(Pokémon)
  OK: {"name":"Naclstack","primaryType":"Rock","secondaryType":"","forms":[],"evolutionStage":"2","preEvolvePokemon":"Nacli","eggGroups":"Mineral","height":"2'00\"","weight":"231.5 lbs.","genderRatio":"50% male, 50% female","catchRate":"120 (24.9%)","hatchTime":"20 cycles"}

[934/1025] Garganacl -> https://bulbapedia.bulbagarden.net/wiki/Garganacl_(Pokémon)
  OK: {"name":"Garganacl","primaryType":"Rock","secondaryType":"","forms":[],"evolutionStage":"final","preEvolvePokemon":"Naclstack","eggGroups":"Mineral","height":"7'07\"","weight":"529.1 lbs.","genderRatio":"50% male, 50% female","catchRate":"45 (11.9%)","hatchTime":"20 cycles"}

[936/1025] Armarouge -> https://bulbapedia.bulbagarden.net/wiki/Armarouge_(Pokémon)
  OK: {"name":"Armarouge","primaryType":"Fire","secondaryType":"Psychic","forms":[],"evolutionStage":"final","preEvolvePokemon":"Charcadet","eggGroups":"Human-Like","height":"4'11\"","weight":"187.4 lbs.","genderRatio":"50% male, 50% female","catchRate":"25 (7.7%)","hatchTime":"35 cycles"}

[937/1025] Ceruledge -> https://bulbapedia.bulbagarden.net/wiki/Ceruledge_(Pokémon)
  OK: {"name":"Ceruledge","primaryType":"Fire","secondaryType":"Ghost","forms":[],"evolutionStage":"final","preEvolvePokemon":"Charcadet","eggGroups":"Human-Like","height":"5'03\"","weight":"136.7 lbs.","genderRatio":"50% male, 50% female","catchRate":"25 (7.7%)","hatchTime":"35 cycles"}

[939/1025] Bellibolt -> https://bulbapedia.bulbagarden.net/wiki/Bellibolt_(Pokémon)
  OK: {"name":"Bellibolt","primaryType":"Electric","secondaryType":"","forms":[],"evolutionStage":"final","preEvolvePokemon":"Tadbulb","eggGroups":"Water 1","height":"3'11\"","weight":"249.1 lbs.","genderRatio":"50% male, 50% female","catchRate":"50 (12.9%)","hatchTime":"20 cycles"}

[941/1025] Kilowattrel -> https://bulbapedia.bulbagarden.net/wiki/Kilowattrel_(Pokémon)
  OK: {"name":"Kilowattrel","primaryType":"Electric","secondaryType":"Flying","forms":[],"evolutionStage":"final","preEvolvePokemon":"Wattrel","eggGroups":"Water 1 and Flying","height":"4'07\"","weight":"85.1 lbs.","genderRatio":"50% male, 50% female","catchRate":"90 (20.1%)","hatchTime":"20 cycles"}

[943/1025] Mabosstiff -> https://bulbapedia.bulbagarden.net/wiki/Mabosstiff_(Pokémon)
  OK: {"name":"Mabosstiff","primaryType":"Dark","secondaryType":"","forms":[],"evolutionStage":"final","preEvolvePokemon":"Maschiff","eggGroups":"Field","height":"3'07\"","weight":"134.5 lbs.","genderRatio":"50% male, 50% female","catchRate":"75 (17.5%)","hatchTime":"20 cycles"}

[945/1025] Grafaiai -> https://bulbapedia.bulbagarden.net/wiki/Grafaiai_(Pokémon)
  OK: {"name":"Grafaiai","primaryType":"Poison","secondaryType":"Normal","forms":[],"evolutionStage":"final","preEvolvePokemon":"Shroodle","eggGroups":"Field","height":"2'04\"","weight":"60.0 lbs.","genderRatio":"50% male, 50% female","catchRate":"90 (20.1%)","hatchTime":"20 cycles"}

[947/1025] Brambleghast -> https://bulbapedia.bulbagarden.net/wiki/Brambleghast_(Pokémon)
  OK: {"name":"Brambleghast","primaryType":"Grass","secondaryType":"Ghost","forms":[],"evolutionStage":"final","preEvolvePokemon":"Bramblin","eggGroups":"Grass","height":"3'11\"","weight":"13.2 lbs.","genderRatio":"50% male, 50% female","catchRate":"45 (11.9%)","hatchTime":"20 cycles"}

[949/1025] Toedscruel -> https://bulbapedia.bulbagarden.net/wiki/Toedscruel_(Pokémon)
  OK: {"name":"Toedscruel","primaryType":"Ground","secondaryType":"Grass","forms":[],"evolutionStage":"final","preEvolvePokemon":"Toedscool","eggGroups":"Grass","height":"6'03\"","weight":"127.9 lbs.","genderRatio":"50% male, 50% female","catchRate":"90 (20.1%)","hatchTime":"20 cycles"}

[952/1025] Scovillain -> https://bulbapedia.bulbagarden.net/wiki/Scovillain_(Pokémon)
  OK: {"name":"Scovillain","primaryType":"Grass","secondaryType":"Fire","forms":["Mega Scovillain"],"evolutionStage":"final","preEvolvePokemon":"Capsakid","eggGroups":"Grass","height":"2'11\"","weight":"33.1 lbs.","genderRatio":"50% male, 50% female","catchRate":"75 (17.5%)","hatchTime":"20 cycles"}

[954/1025] Rabsca -> https://bulbapedia.bulbagarden.net/wiki/Rabsca_(Pokémon)
  OK: {"name":"Rabsca","primaryType":"Bug","secondaryType":"Psychic","forms":[],"evolutionStage":"final","preEvolvePokemon":"Rellor","eggGroups":"Bug","height":"1'00\"","weight":"7.7 lbs.","genderRatio":"50% male, 50% female","catchRate":"45 (11.9%)","hatchTime":"20 cycles"}

[956/1025] Espathra -> https://bulbapedia.bulbagarden.net/wiki/Espathra_(Pokémon)
  OK: {"name":"Espathra","primaryType":"Psychic","secondaryType":"Flying","forms":[],"evolutionStage":"final","preEvolvePokemon":"Flittle","eggGroups":"Flying","height":"6'03\"","weight":"198.4 lbs.","genderRatio":"50% male, 50% female","catchRate":"60 (14.8%)","hatchTime":"20 cycles"}

[958/1025] Tinkatuff -> https://bulbapedia.bulbagarden.net/wiki/Tinkatuff_(Pokémon)
  OK: {"name":"Tinkatuff","primaryType":"Fairy","secondaryType":"Steel","forms":[],"evolutionStage":"2","preEvolvePokemon":"Tinkatink","eggGroups":"Fairy","height":"2'04\"","weight":"130.3 lbs.","genderRatio":"100% female","catchRate":"90 (20.1%)","hatchTime":"20 cycles"}

[959/1025] Tinkaton -> https://bulbapedia.bulbagarden.net/wiki/Tinkaton_(Pokémon)
  OK: {"name":"Tinkaton","primaryType":"Fairy","secondaryType":"Steel","forms":[],"evolutionStage":"final","preEvolvePokemon":"Tinkatuff","eggGroups":"Fairy","height":"2'04\"","weight":"248.7 lbs.","genderRatio":"100% female","catchRate":"45 (11.9%)","hatchTime":"20 cycles"}

[961/1025] Wugtrio -> https://bulbapedia.bulbagarden.net/wiki/Wugtrio_(Pokémon)
  OK: {"name":"Wugtrio","primaryType":"Water","secondaryType":"","forms":[],"evolutionStage":"final","preEvolvePokemon":"Wiglett","eggGroups":"Water 3","height":"3'11\"","weight":"11.9 lbs.","genderRatio":"50% male, 50% female","catchRate":"50 (12.9%)","hatchTime":"20 cycles"}

[964/1025] Palafin -> https://bulbapedia.bulbagarden.net/wiki/Palafin_(Pokémon)
  OK: {"name":"Palafin","primaryType":"Water","secondaryType":"","forms":["Zero Form","Hero Form"],"evolutionStage":"1","preEvolvePokemon":"","eggGroups":"Field and Water 2","height":"4'03\"","weight":"132.7 lbs.","genderRatio":"50% male, 50% female","catchRate":"45 (11.9%)","hatchTime":"40 cycles"}

[966/1025] Revavroom -> https://bulbapedia.bulbagarden.net/wiki/Revavroom_(Pokémon)
  OK: {"name":"Revavroom","primaryType":"Steel","secondaryType":"Poison","forms":[],"evolutionStage":"final","preEvolvePokemon":"Varoom","eggGroups":"Mineral","height":"5'11\"","weight":"264.6 lbs.","genderRatio":"50% male, 50% female","catchRate":"75 (17.5%)","hatchTime":"20 cycles"}

[967/1025] Cyclizar -> https://bulbapedia.bulbagarden.net/wiki/Cyclizar_(Pokémon)
  OK: {"name":"Cyclizar","primaryType":"Dragon","secondaryType":"Normal","forms":[],"evolutionStage":"1","preEvolvePokemon":"","eggGroups":"Field","height":"5'03\"","weight":"138.9 lbs.","genderRatio":"50% male, 50% female","catchRate":"190 (35.2%)","hatchTime":"30 cycles"}

[970/1025] Glimmora -> https://bulbapedia.bulbagarden.net/wiki/Glimmora_(Pokémon)
  OK: {"name":"Glimmora","primaryType":"Rock","secondaryType":"Poison","forms":["Mega Glimmora"],"evolutionStage":"final","preEvolvePokemon":"Glimmet","eggGroups":"Mineral","height":"4'11\"","weight":"99.2 lbs.","genderRatio":"50% male, 50% female","catchRate":"25 (7.7%)","hatchTime":"30 cycles"}

[972/1025] Houndstone -> https://bulbapedia.bulbagarden.net/wiki/Houndstone_(Pokémon)
  OK: {"name":"Houndstone","primaryType":"Ghost","secondaryType":"","forms":[],"evolutionStage":"final","preEvolvePokemon":"Greavard","eggGroups":"Field","height":"6'07\"","weight":"33.1 lbs.","genderRatio":"50% male, 50% female","catchRate":"60 (14.8%)","hatchTime":"20 cycles"}

[975/1025] Cetitan -> https://bulbapedia.bulbagarden.net/wiki/Cetitan_(Pokémon)
  OK: {"name":"Cetitan","primaryType":"Ice","secondaryType":"","forms":[],"evolutionStage":"final","preEvolvePokemon":"Cetoddle","eggGroups":"Field","height":"14'09\"","weight":"1,543.2 lbs.","genderRatio":"50% male, 50% female","catchRate":"50 (12.9%)","hatchTime":"25 cycles"}

[978/1025] Tatsugiri -> https://bulbapedia.bulbagarden.net/wiki/Tatsugiri_(Pokémon)
  OK: {"name":"Tatsugiri","primaryType":"Dragon","secondaryType":"Water","forms":["Curly Form","Droopy Form","Stretchy Form","Mega Tatsugiri"],"evolutionStage":"1","preEvolvePokemon":"","eggGroups":"Water 2","height":"1'00\"","weight":"17.6 lbs.","genderRatio":"50% male, 50% female","catchRate":"100 (21.7%)","hatchTime":"35 cycles"}

[979/1025] Annihilape -> https://bulbapedia.bulbagarden.net/wiki/Annihilape_(Pokémon)
  OK: {"name":"Annihilape","primaryType":"Fighting","secondaryType":"Ghost","forms":[],"evolutionStage":"final","preEvolvePokemon":"Primeape","eggGroups":"Field","height":"3'11\"","weight":"123.5 lbs.","genderRatio":"50% male, 50% female","catchRate":"45 (11.9%)","hatchTime":"20 cycles"}

[980/1025] Clodsire -> https://bulbapedia.bulbagarden.net/wiki/Clodsire_(Pokémon)
  OK: {"name":"Clodsire","primaryType":"Poison","secondaryType":"Ground","forms":[],"evolutionStage":"final","preEvolvePokemon":"Wooper","eggGroups":"Water 1 and Field","height":"5'11\"","weight":"491.6 lbs.","genderRatio":"50% male, 50% female","catchRate":"90 (20.1%)","hatchTime":"20 cycles"}

[981/1025] Farigiraf -> https://bulbapedia.bulbagarden.net/wiki/Farigiraf_(Pokémon)
  OK: {"name":"Farigiraf","primaryType":"Normal","secondaryType":"Psychic","forms":[],"evolutionStage":"final","preEvolvePokemon":"Girafarig","eggGroups":"Field","height":"10'06\"","weight":"352.7 lbs.","genderRatio":"50% male, 50% female","catchRate":"45 (11.9%)","hatchTime":"20 cycles"}

[982/1025] Dudunsparce -> https://bulbapedia.bulbagarden.net/wiki/Dudunsparce_(Pokémon)
  OK: {"name":"Dudunsparce","primaryType":"Normal","secondaryType":"","forms":["Two-Segment Form","Three-Segment Form"],"evolutionStage":"final","preEvolvePokemon":"Dunsparce","eggGroups":"Field","height":"11'10\"","weight":"86.4 lbs.","genderRatio":"50% male, 50% female","catchRate":"45 (11.9%)","hatchTime":"20 cycles"}

[983/1025] Kingambit -> https://bulbapedia.bulbagarden.net/wiki/Kingambit_(Pokémon)
  OK: {"name":"Kingambit","primaryType":"Dark","secondaryType":"Steel","forms":[],"evolutionStage":"final","preEvolvePokemon":"Bisharp","eggGroups":"Human-Like","height":"6'07\"","weight":"264.6 lbs.","genderRatio":"50% male, 50% female","catchRate":"25 (7.7%)","hatchTime":"20 cycles"}

[984/1025] Great Tusk -> https://bulbapedia.bulbagarden.net/wiki/Great%20Tusk_(Pokémon)
  OK: {"name":"Great Tusk","primaryType":"Ground","secondaryType":"Fighting","forms":[],"evolutionStage":"1","preEvolvePokemon":"","eggGroups":"No Eggs Discovered","height":"7'03\"","weight":"705.5 lbs.","genderRatio":"Gender unknown","catchRate":"30 (8.8%)","hatchTime":"50 cycles Egg not obtainable"}

[985/1025] Scream Tail -> https://bulbapedia.bulbagarden.net/wiki/Scream%20Tail_(Pokémon)
  OK: {"name":"Scream Tail","primaryType":"Fairy","secondaryType":"Psychic","forms":[],"evolutionStage":"1","preEvolvePokemon":"","eggGroups":"No Eggs Discovered","height":"3'11\"","weight":"17.6 lbs.","genderRatio":"Gender unknown","catchRate":"50 (12.9%)","hatchTime":"50 cycles"}

[986/1025] Brute Bonnet -> https://bulbapedia.bulbagarden.net/wiki/Brute%20Bonnet_(Pokémon)
  OK: {"name":"Brute Bonnet","primaryType":"Grass","secondaryType":"Dark","forms":[],"evolutionStage":"1","preEvolvePokemon":"","eggGroups":"No Eggs Discovered","height":"3'11\"","weight":"46.3 lbs.","genderRatio":"Gender unknown","catchRate":"50 (12.9%)","hatchTime":"50 cycles"}

[987/1025] Flutter Mane -> https://bulbapedia.bulbagarden.net/wiki/Flutter%20Mane_(Pokémon)
  OK: {"name":"Flutter Mane","primaryType":"Ghost","secondaryType":"Fairy","forms":[],"evolutionStage":"1","preEvolvePokemon":"","eggGroups":"No Eggs Discovered","height":"4'07\"","weight":"8.8 lbs.","genderRatio":"Gender unknown","catchRate":"30 (8.8%)","hatchTime":"50 cycles"}

[988/1025] Slither Wing -> https://bulbapedia.bulbagarden.net/wiki/Slither%20Wing_(Pokémon)
  OK: {"name":"Slither Wing","primaryType":"Bug","secondaryType":"Fighting","forms":[],"evolutionStage":"1","preEvolvePokemon":"","eggGroups":"No Eggs Discovered","height":"10'06\"","weight":"202.8 lbs.","genderRatio":"Gender unknown","catchRate":"30 (8.8%)","hatchTime":"50 cycles"}

[989/1025] Sandy Shocks -> https://bulbapedia.bulbagarden.net/wiki/Sandy%20Shocks_(Pokémon)
  OK: {"name":"Sandy Shocks","primaryType":"Electric","secondaryType":"Ground","forms":[],"evolutionStage":"1","preEvolvePokemon":"","eggGroups":"No Eggs Discovered","height":"7'07\"","weight":"132.3 lbs.","genderRatio":"Gender unknown","catchRate":"30 (8.8%)","hatchTime":"50 cycles"}

[990/1025] Iron Treads -> https://bulbapedia.bulbagarden.net/wiki/Iron%20Treads_(Pokémon)
  OK: {"name":"Iron Treads","primaryType":"Ground","secondaryType":"Steel","forms":[],"evolutionStage":"1","preEvolvePokemon":"","eggGroups":"No Eggs Discovered","height":"2'11\"","weight":"529.2 lbs.","genderRatio":"Gender unknown","catchRate":"30 (8.8%)","hatchTime":"50 cycles"}

[991/1025] Iron Bundle -> https://bulbapedia.bulbagarden.net/wiki/Iron%20Bundle_(Pokémon)
  OK: {"name":"Iron Bundle","primaryType":"Ice","secondaryType":"Water","forms":[],"evolutionStage":"1","preEvolvePokemon":"","eggGroups":"No Eggs Discovered","height":"2'00\"","weight":"24.3 lbs.","genderRatio":"Gender unknown","catchRate":"50 (12.9%)","hatchTime":"50 cycles"}

[992/1025] Iron Hands -> https://bulbapedia.bulbagarden.net/wiki/Iron%20Hands_(Pokémon)
  OK: {"name":"Iron Hands","primaryType":"Fighting","secondaryType":"Electric","forms":[],"evolutionStage":"1","preEvolvePokemon":"","eggGroups":"No Eggs Discovered","height":"5'11\"","weight":"839.3 lbs.","genderRatio":"Gender unknown","catchRate":"50 (12.9%)","hatchTime":"50 cycles Egg not obtainable"}

[993/1025] Iron Jugulis -> https://bulbapedia.bulbagarden.net/wiki/Iron%20Jugulis_(Pokémon)
  OK: {"name":"Iron Jugulis","primaryType":"Dark","secondaryType":"Flying","forms":[],"evolutionStage":"1","preEvolvePokemon":"","eggGroups":"No Eggs Discovered","height":"4'03\"","weight":"244.7 lbs.","genderRatio":"Gender unknown","catchRate":"30 (8.8%)","hatchTime":"50 cycles"}

[994/1025] Iron Moth -> https://bulbapedia.bulbagarden.net/wiki/Iron%20Moth_(Pokémon)
  OK: {"name":"Iron Moth","primaryType":"Fire","secondaryType":"Poison","forms":[],"evolutionStage":"1","preEvolvePokemon":"","eggGroups":"No Eggs Discovered","height":"3'11\"","weight":"79.4 lbs.","genderRatio":"Gender unknown","catchRate":"30 (8.8%)","hatchTime":"50 cycles"}

[995/1025] Iron Thorns -> https://bulbapedia.bulbagarden.net/wiki/Iron%20Thorns_(Pokémon)
  OK: {"name":"Iron Thorns","primaryType":"Rock","secondaryType":"Electric","forms":[],"evolutionStage":"1","preEvolvePokemon":"","eggGroups":"No Eggs Discovered","height":"5'03\"","weight":"668.0 lbs.","genderRatio":"Gender unknown","catchRate":"30 (8.8%)","hatchTime":"50 cycles"}

[997/1025] Arctibax -> https://bulbapedia.bulbagarden.net/wiki/Arctibax_(Pokémon)
  OK: {"name":"Arctibax","primaryType":"Dragon","secondaryType":"Ice","forms":[],"evolutionStage":"2","preEvolvePokemon":"Frigibax","eggGroups":"Dragon and Mineral","height":"2'07\"","weight":"66.1 lbs.","genderRatio":"50% male, 50% female","catchRate":"25 (7.7%)","hatchTime":"40 cycles"}

[998/1025] Baxcalibur -> https://bulbapedia.bulbagarden.net/wiki/Baxcalibur_(Pokémon)
  OK: {"name":"Baxcalibur","primaryType":"Dragon","secondaryType":"Ice","forms":["Mega Baxcalibur"],"evolutionStage":"final","preEvolvePokemon":"Arctibax","eggGroups":"Dragon and Mineral","height":"6'11\"","weight":"463.0 lbs.","genderRatio":"50% male, 50% female","catchRate":"10 (3.9%)","hatchTime":"40 cycles"}

[1000/1025] Gholdengo -> https://bulbapedia.bulbagarden.net/wiki/Gholdengo_(Pokémon)
  OK: {"name":"Gholdengo","primaryType":"Steel","secondaryType":"Ghost","forms":[],"evolutionStage":"final","preEvolvePokemon":"Gimmighoul","eggGroups":"No Eggs Discovered","height":"3'11\"","weight":"66.1 lbs.","genderRatio":"Gender unknown","catchRate":"45 (11.9%)","hatchTime":"50 cycles Egg not obtainable"}

[1005/1025] Roaring Moon -> https://bulbapedia.bulbagarden.net/wiki/Roaring%20Moon_(Pokémon)
  OK: {"name":"Roaring Moon","primaryType":"Dragon","secondaryType":"Dark","forms":[],"evolutionStage":"1","preEvolvePokemon":"","eggGroups":"No Eggs Discovered","height":"6'07\"","weight":"837.8 lbs.","genderRatio":"Gender unknown","catchRate":"10 (3.9%)","hatchTime":"50 cycles Egg not obtainable"}

[1006/1025] Iron Valiant -> https://bulbapedia.bulbagarden.net/wiki/Iron%20Valiant_(Pokémon)
  OK: {"name":"Iron Valiant","primaryType":"Fairy","secondaryType":"Fighting","forms":[],"evolutionStage":"1","preEvolvePokemon":"","eggGroups":"No Eggs Discovered","height":"4'07\"","weight":"77.2 lbs.","genderRatio":"Gender unknown","catchRate":"10 (3.9%)","hatchTime":"50 cycles Egg not obtainable"}

[1007/1025] Koraidon -> https://bulbapedia.bulbagarden.net/wiki/Koraidon_(Pokémon)
  OK: {"name":"Koraidon","primaryType":"Fighting","secondaryType":"Dragon","forms":["Apex Build","Limited Build","Sprinting Build","Swimming Build","Gliding Build"],"evolutionStage":"1","preEvolvePokemon":"","eggGroups":"No Eggs Discovered","height":"8'02\"","weight":"668.0 lbs.","genderRatio":"Gender unknown","catchRate":"3 (1.6%)","hatchTime":"50 cycles Egg not obtainable"}

[1008/1025] Miraidon -> https://bulbapedia.bulbagarden.net/wiki/Miraidon_(Pokémon)
  OK: {"name":"Miraidon","primaryType":"Electric","secondaryType":"Dragon","forms":["Ultimate Mode","Low-Power Mode","Drive Mode","Aquatic Mode","Glide Mode"],"evolutionStage":"1","preEvolvePokemon":"","eggGroups":"No Eggs Discovered","height":"11'06\"","weight":"529.1 lbs.","genderRatio":"Gender unknown","catchRate":"3 (1.6%)","hatchTime":"50 cycles Egg not obtainable"}

[1009/1025] Walking Wake -> https://bulbapedia.bulbagarden.net/wiki/Walking%20Wake_(Pokémon)
  OK: {"name":"Walking Wake","primaryType":"Water","secondaryType":"Dragon","forms":[],"evolutionStage":"1","preEvolvePokemon":"","eggGroups":"No Eggs Discovered","height":"11'06\"","weight":"617.3 lbs.","genderRatio":"Gender unknown","catchRate":"5 (2.3%)","hatchTime":"50 cycles Egg not obtainable"}

[1010/1025] Iron Leaves -> https://bulbapedia.bulbagarden.net/wiki/Iron%20Leaves_(Pokémon)
  OK: {"name":"Iron Leaves","primaryType":"Grass","secondaryType":"Psychic","forms":[],"evolutionStage":"1","preEvolvePokemon":"","eggGroups":"No Eggs Discovered","height":"4'11\"","weight":"275.6 lbs.","genderRatio":"Gender unknown","catchRate":"5 (2.3%)","hatchTime":"50 cycles Egg not obtainable"}

[1011/1025] Dipplin -> https://bulbapedia.bulbagarden.net/wiki/Dipplin_(Pokémon)
  OK: {"name":"Dipplin","primaryType":"Grass","secondaryType":"Dragon","forms":[],"evolutionStage":"2","preEvolvePokemon":"Applin","eggGroups":"Grass and Dragon","height":"1'04\"","weight":"9.7 lbs.","genderRatio":"50% male, 50% female","catchRate":"45 (11.9%)","hatchTime":"20 cycles"}

[1013/1025] Sinistcha -> https://bulbapedia.bulbagarden.net/wiki/Sinistcha_(Pokémon)
  OK: {"name":"Sinistcha","primaryType":"Grass","secondaryType":"Ghost","forms":["Unremarkable Form","Masterpiece Form"],"evolutionStage":"final","preEvolvePokemon":"Poltchageist","eggGroups":"Mineral and Amorphous","height":"0'08\"","weight":"4.9 lbs.","genderRatio":"Gender unknown","catchRate":"60 (14.8%)","hatchTime":"20 cycles"}

[1017/1025] Ogerpon -> https://bulbapedia.bulbagarden.net/wiki/Ogerpon_(Pokémon)
  OK: {"name":"Ogerpon","primaryType":"Grass","secondaryType":"Water","forms":["Teal Mask","Wellspring Mask","Hearthflame Mask","Cornerstone Mask"],"evolutionStage":"1","preEvolvePokemon":"","eggGroups":"No Eggs Discovered","height":"3'11\"","weight":"87.7 lbs.","genderRatio":"100% female","catchRate":"5 (2.3%)","hatchTime":"10 cycles Egg not obtainable"}

[1018/1025] Archaludon -> https://bulbapedia.bulbagarden.net/wiki/Archaludon_(Pokémon)
  OK: {"name":"Archaludon","primaryType":"Steel","secondaryType":"Dragon","forms":[],"evolutionStage":"final","preEvolvePokemon":"Duraludon","eggGroups":"Mineral and Dragon","height":"6'07\"","weight":"132.3 lbs.","genderRatio":"50% male, 50% female","catchRate":"10 (3.9%)","hatchTime":"30 cycles"}

[1019/1025] Hydrapple -> https://bulbapedia.bulbagarden.net/wiki/Hydrapple_(Pokémon)
  OK: {"name":"Hydrapple","primaryType":"Grass","secondaryType":"Dragon","forms":[],"evolutionStage":"final","preEvolvePokemon":"Dipplin","eggGroups":"Grass and Dragon","height":"5'11\"","weight":"205.0 lbs.","genderRatio":"50% male, 50% female","catchRate":"10 (3.9%)","hatchTime":"20 cycles"}

[1020/1025] Gouging Fire -> https://bulbapedia.bulbagarden.net/wiki/Gouging%20Fire_(Pokémon)
  OK: {"name":"Gouging Fire","primaryType":"Fire","secondaryType":"Dragon","forms":[],"evolutionStage":"1","preEvolvePokemon":"","eggGroups":"No Eggs Discovered","height":"11'06\"","weight":"1300.7 lbs.","genderRatio":"Gender unknown","catchRate":"10 (3.9%)","hatchTime":"50 cycles Egg not obtainable"}

[1021/1025] Raging Bolt -> https://bulbapedia.bulbagarden.net/wiki/Raging%20Bolt_(Pokémon)
  OK: {"name":"Raging Bolt","primaryType":"Electric","secondaryType":"Dragon","forms":[],"evolutionStage":"1","preEvolvePokemon":"","eggGroups":"No Eggs Discovered","height":"17'01\"","weight":"1,058.2 lbs.","genderRatio":"Gender unknown","catchRate":"10 (3.9%)","hatchTime":"50 cycles Egg not obtainable"}

[1022/1025] Iron Boulder -> https://bulbapedia.bulbagarden.net/wiki/Iron%20Boulder_(Pokémon)
  OK: {"name":"Iron Boulder","primaryType":"Rock","secondaryType":"Psychic","forms":[],"evolutionStage":"1","preEvolvePokemon":"","eggGroups":"No Eggs Discovered","height":"4'11\"","weight":"358.2 lbs.","genderRatio":"Gender unknown","catchRate":"10 (3.9%)","hatchTime":"50 cycles Egg not obtainable"}

[1023/1025] Iron Crown -> https://bulbapedia.bulbagarden.net/wiki/Iron%20Crown_(Pokémon)
  OK: {"name":"Iron Crown","primaryType":"Steel","secondaryType":"Psychic","forms":[],"evolutionStage":"1","preEvolvePokemon":"","eggGroups":"No Eggs Discovered","height":"5'03\"","weight":"343.9 lbs.","genderRatio":"Gender unknown","catchRate":"10 (3.9%)","hatchTime":"50 cycles Egg not obtainable"}

[1024/1025] Terapagos -> https://bulbapedia.bulbagarden.net/wiki/Terapagos_(Pokémon)
  OK: {"name":"Terapagos","primaryType":"Normal","secondaryType":"","forms":["Normal Form","Terastal Form","Stellar Form"],"evolutionStage":"1","preEvolvePokemon":"","eggGroups":"No Eggs Discovered","height":"0'08\"","weight":"14.3 lbs.","genderRatio":"50% male, 50% female","catchRate":"255 (43.9%)","hatchTime":"5 cycles Egg not obtainable"}

==============================
Done. Scraped 1022/1025 Pokemon.
Saved to pokemon-data.json

6 failure(s):
  - Ho-oh: No infobox found
  - Sol: No infobox found
  - Scatter: No infobox found
  - Cele Steela: No infobox found
  - Blip: No infobox found
  - Mr.Rime: No infobox found
==============================

