Launching browser...
Browser launched.
Found 1025 Pokemon in CSV
Resuming: 6 Pokemon already scraped in pokemon-data.json.
1019 Pokemon left to scrape.

[1/1025] Bulbasaur -> https://bulbapedia.bulbagarden.net/wiki/Bulbasaur_(Pokémon)
  OK: {"name":"Bulbasaur","primaryType":"Grass","secondaryType":"Poison","forms":[],"evolutionStage":"1","preEvolvePokemon":"","eggGroups":"Monster and Grass","height":"2'04\"","weight":"15.2 lbs.","genderRatio":"87.5% male, 12.5% female","catchRate":"45 (11.9%)","hatchTime":"20 cycles"}

[2/1025] Ivysaur -> https://bulbapedia.bulbagarden.net/wiki/Ivysaur_(Pokémon)
  OK: {"name":"Ivysaur","primaryType":"Grass","secondaryType":"Poison","forms":[],"evolutionStage":"2","preEvolvePokemon":"Bulbasaur","eggGroups":"Monster and Grass","height":"3'03\"","weight":"28.7 lbs.","genderRatio":"87.5% male, 12.5% female","catchRate":"45 (11.9%)","hatchTime":"20 cycles"}

[3/1025] Venusaur -> https://bulbapedia.bulbagarden.net/wiki/Venusaur_(Pokémon)
  OK: {"name":"Venusaur","primaryType":"Grass","secondaryType":"Poison","forms":["Mega Venusaur","Gigantamax Venusaur"],"evolutionStage":"final","preEvolvePokemon":"Ivysaur","eggGroups":"Monster and Grass","height":"6'07\"","weight":"220.5 lbs.","genderRatio":"87.5% male, 12.5% female","catchRate":"45 (11.9%)","hatchTime":"20 cycles"}

[4/1025] Charmander -> https://bulbapedia.bulbagarden.net/wiki/Charmander_(Pokémon)
  OK: {"name":"Charmander","primaryType":"Fire","secondaryType":"Dragon","forms":[],"evolutionStage":"1","preEvolvePokemon":"","eggGroups":"Monster and Dragon","height":"2'00\"","weight":"18.7 lbs.","genderRatio":"87.5% male, 12.5% female","catchRate":"45 (11.9%)","hatchTime":"20 cycles"}

[5/1025] Charmeleon -> https://bulbapedia.bulbagarden.net/wiki/Charmeleon_(Pokémon)
  OK: {"name":"Charmeleon","primaryType":"Fire","secondaryType":"Dragon","forms":[],"evolutionStage":"1","preEvolvePokemon":"","eggGroups":"Monster and Dragon","height":"3'07\"","weight":"41.9 lbs.","genderRatio":"87.5% male, 12.5% female","catchRate":"45 (11.9%)","hatchTime":"20 cycles"}

[6/1025] Charizard -> https://bulbapedia.bulbagarden.net/wiki/Charizard_(Pokémon)
  OK: {"name":"Charizard","primaryType":"Fire","secondaryType":"Flying","forms":["Mega Charizard X","Mega Charizard Y","Gigantamax Charizard"],"evolutionStage":"1","preEvolvePokemon":"","eggGroups":"Monster and Dragon","height":"5'07\"","weight":"199.5 lbs.","genderRatio":"87.5% male, 12.5% female","catchRate":"45 (11.9%)","hatchTime":"20 cycles"}

[7/1025] Squirtle -> https://bulbapedia.bulbagarden.net/wiki/Squirtle_(Pokémon)
  OK: {"name":"Squirtle","primaryType":"Water","secondaryType":"","forms":[],"evolutionStage":"1","preEvolvePokemon":"","eggGroups":"Monster and Water 1","height":"1'08\"","weight":"19.8 lbs.","genderRatio":"87.5% male, 12.5% female","catchRate":"45 (11.9%)","hatchTime":"20 cycles"}

[8/1025] Wartortle -> https://bulbapedia.bulbagarden.net/wiki/Wartortle_(Pokémon)
  OK: {"name":"Wartortle","primaryType":"Water","secondaryType":"","forms":[],"evolutionStage":"2","preEvolvePokemon":"Squirtle","eggGroups":"Monster and Water 1","height":"3'03\"","weight":"49.6 lbs.","genderRatio":"87.5% male, 12.5% female","catchRate":"45 (11.9%)","hatchTime":"20 cycles"}

[9/1025] Blastoise -> https://bulbapedia.bulbagarden.net/wiki/Blastoise_(Pokémon)
  OK: {"name":"Blastoise","primaryType":"Water","secondaryType":"","forms":["Mega Blastoise","Gigantamax Blastoise"],"evolutionStage":"final","preEvolvePokemon":"Wartortle","eggGroups":"Monster and Water 1","height":"5'03\"","weight":"188.5 lbs.","genderRatio":"87.5% male, 12.5% female","catchRate":"45 (11.9%)","hatchTime":"20 cycles"}

[10/1025] Caterpie -> https://bulbapedia.bulbagarden.net/wiki/Caterpie_(Pokémon)
  OK: {"name":"Caterpie","primaryType":"Bug","secondaryType":"","forms":[],"evolutionStage":"1","preEvolvePokemon":"","eggGroups":"Bug","height":"1'00\"","weight":"6.4 lbs.","genderRatio":"50% male, 50% female","catchRate":"255 (43.9%)","hatchTime":"15 cycles"}

[11/1025] Metapod -> https://bulbapedia.bulbagarden.net/wiki/Metapod_(Pokémon)
  OK: {"name":"Metapod","primaryType":"Bug","secondaryType":"","forms":[],"evolutionStage":"2","preEvolvePokemon":"Caterpie","eggGroups":"Bug","height":"2'04\"","weight":"21.8 lbs.","genderRatio":"50% male, 50% female","catchRate":"120 (24.9%)","hatchTime":"15 cycles"}

[12/1025] Butterfree -> https://bulbapedia.bulbagarden.net/wiki/Butterfree_(Pokémon)
  OK: {"name":"Butterfree","primaryType":"Bug","secondaryType":"Flying","forms":[],"evolutionStage":"final","preEvolvePokemon":"Metapod","eggGroups":"Bug","height":"3'07\"","weight":"70.5 lbs.","genderRatio":"50% male, 50% female","catchRate":"45 (11.9%)","hatchTime":"15 cycles"}

[13/1025] Weedle -> https://bulbapedia.bulbagarden.net/wiki/Weedle_(Pokémon)
  OK: {"name":"Weedle","primaryType":"Bug","secondaryType":"Poison","forms":[],"evolutionStage":"1","preEvolvePokemon":"","eggGroups":"Bug","height":"1'00\"","weight":"7.1 lbs.","genderRatio":"50% male, 50% female","catchRate":"255 (43.9%)","hatchTime":"15 cycles"}

[14/1025] Kakuna -> https://bulbapedia.bulbagarden.net/wiki/Kakuna_(Pokémon)
  OK: {"name":"Kakuna","primaryType":"Bug","secondaryType":"Poison","forms":[],"evolutionStage":"2","preEvolvePokemon":"Weedle","eggGroups":"Bug","height":"2'00\"","weight":"22.0 lbs.","genderRatio":"50% male, 50% female","catchRate":"120 (24.9%)","hatchTime":"15 cycles"}

[15/1025] Beedrill -> https://bulbapedia.bulbagarden.net/wiki/Beedrill_(Pokémon)
  OK: {"name":"Beedrill","primaryType":"Bug","secondaryType":"Poison","forms":["Mega Beedrill"],"evolutionStage":"final","preEvolvePokemon":"Kakuna","eggGroups":"Bug","height":"3'03\"","weight":"65.0 lbs.","genderRatio":"50% male, 50% female","catchRate":"45 (11.9%)","hatchTime":"15 cycles"}

[16/1025] Pidgey -> https://bulbapedia.bulbagarden.net/wiki/Pidgey_(Pokémon)
  OK: {"name":"Pidgey","primaryType":"Normal","secondaryType":"Flying","forms":[],"evolutionStage":"1","preEvolvePokemon":"","eggGroups":"Flying","height":"1'00\"","weight":"4.0 lbs.","genderRatio":"50% male, 50% female","catchRate":"255 (43.9%)","hatchTime":"15 cycles"}

[17/1025] Pidgeotto -> https://bulbapedia.bulbagarden.net/wiki/Pidgeotto_(Pokémon)
  OK: {"name":"Pidgeotto","primaryType":"Normal","secondaryType":"Flying","forms":[],"evolutionStage":"2","preEvolvePokemon":"Pidgey","eggGroups":"Flying","height":"3'07\"","weight":"66.1 lbs.","genderRatio":"50% male, 50% female","catchRate":"120 (24.9%)","hatchTime":"15 cycles"}

[18/1025] Pidgeot -> https://bulbapedia.bulbagarden.net/wiki/Pidgeot_(Pokémon)
  OK: {"name":"Pidgeot","primaryType":"Normal","secondaryType":"Flying","forms":["Mega Pidgeot"],"evolutionStage":"1","preEvolvePokemon":"","eggGroups":"Flying","height":"4'11\"","weight":"87.1 lbs.","genderRatio":"50% male, 50% female","catchRate":"45 (11.9%)","hatchTime":"15 cycles"}

[19/1025] Rattata -> https://bulbapedia.bulbagarden.net/wiki/Rattata_(Pokémon)
  OK: {"name":"Rattata","primaryType":"Normal","secondaryType":"Dark","forms":["Alolan Rattata"],"evolutionStage":"1","preEvolvePokemon":"","eggGroups":"Field","height":"1'00\"","weight":"7.7 lbs.","genderRatio":"50% male, 50% female","catchRate":"255 (43.9%)","hatchTime":"15 cycles"}

[20/1025] Raticate -> https://bulbapedia.bulbagarden.net/wiki/Raticate_(Pokémon)
  OK: {"name":"Raticate","primaryType":"Normal","secondaryType":"Dark","forms":["Alolan Raticate"],"evolutionStage":"final","preEvolvePokemon":"","eggGroups":"Field","height":"2'04\"","weight":"40.8 lbs.","genderRatio":"50% male, 50% female","catchRate":"127 (26%)","hatchTime":"15 cycles"}

[21/1025] Spearow -> https://bulbapedia.bulbagarden.net/wiki/Spearow_(Pokémon)
  OK: {"name":"Spearow","primaryType":"Normal","secondaryType":"Flying","forms":[],"evolutionStage":"1","preEvolvePokemon":"","eggGroups":"Flying","height":"1'00\"","weight":"4.4 lbs.","genderRatio":"50% male, 50% female","catchRate":"255 (43.9%)","hatchTime":"15 cycles"}

[22/1025] Fearow -> https://bulbapedia.bulbagarden.net/wiki/Fearow_(Pokémon)
  OK: {"name":"Fearow","primaryType":"Normal","secondaryType":"Flying","forms":[],"evolutionStage":"final","preEvolvePokemon":"Spearow","eggGroups":"Flying","height":"3'11\"","weight":"83.8 lbs.","genderRatio":"50% male, 50% female","catchRate":"90 (20.1%)","hatchTime":"15 cycles"}

[23/1025] Ekans -> https://bulbapedia.bulbagarden.net/wiki/Ekans_(Pokémon)
  OK: {"name":"Ekans","primaryType":"Poison","secondaryType":"Dragon","forms":[],"evolutionStage":"1","preEvolvePokemon":"","eggGroups":"Field and Dragon","height":"6'07\"","weight":"15.2 lbs.","genderRatio":"50% male, 50% female","catchRate":"255 (43.9%)","hatchTime":"20 cycles"}

[24/1025] Arbok -> https://bulbapedia.bulbagarden.net/wiki/Arbok_(Pokémon)
  OK: {"name":"Arbok","primaryType":"Poison","secondaryType":"Dragon","forms":[],"evolutionStage":"final","preEvolvePokemon":"Ekans","eggGroups":"Field and Dragon","height":"11'06\"","weight":"143.3 lbs.","genderRatio":"50% male, 50% female","catchRate":"90 (20.1%)","hatchTime":"20 cycles"}

[25/1025] Pikachu -> https://bulbapedia.bulbagarden.net/wiki/Pikachu_(Pokémon)
  OK: {"name":"Pikachu","primaryType":"Electric","secondaryType":"Fairy","forms":["Cosplay Pikachu","Pikachu in a cap","Gigantamax Pikachu","Pale Pikachu","Partner Pikachu"],"evolutionStage":"1","preEvolvePokemon":"","eggGroups":"Field and Fairy or No Eggs DiscoveredCosplay/Cap","height":"1'04\"","weight":"13.2 lbs.","genderRatio":"50% male, 50% female","catchRate":"190 (35.2%)","hatchTime":"10 cycles"}

[26/1025] Raichu -> https://bulbapedia.bulbagarden.net/wiki/Raichu_(Pokémon)
  OK: {"name":"Raichu","primaryType":"Electric","secondaryType":"Psychic","forms":["Alolan Raichu","Mega Raichu X","Mega Raichu Y"],"evolutionStage":"final","preEvolvePokemon":"","eggGroups":"Field and Fairy","height":"2'07\"","weight":"66.1 lbs.","genderRatio":"50% male, 50% female","catchRate":"75 (17.5%)","hatchTime":"10 cycles"}

[27/1025] Sandshrew -> https://bulbapedia.bulbagarden.net/wiki/Sandshrew_(Pokémon)
  OK: {"name":"Sandshrew","primaryType":"Ground","secondaryType":"Ice","forms":["Alolan Sandshrew"],"evolutionStage":"1","preEvolvePokemon":"","eggGroups":"Field","height":"2'00\"","weight":"26.5 lbs.","genderRatio":"50% male, 50% female","catchRate":"255 (43.9%)","hatchTime":"20 cycles"}

[28/1025] Sandslash -> https://bulbapedia.bulbagarden.net/wiki/Sandslash_(Pokémon)
  OK: {"name":"Sandslash","primaryType":"Ground","secondaryType":"Ice","forms":["Alolan Sandslash"],"evolutionStage":"final","preEvolvePokemon":"Sandshrew","eggGroups":"Field","height":"3'03\"","weight":"65.0 lbs.","genderRatio":"50% male, 50% female","catchRate":"90 (20.1%)","hatchTime":"20 cycles"}

[29/1025] Nidoran♀ -> https://bulbapedia.bulbagarden.net/wiki/Nidoran%E2%99%80_(Pokémon)
  OK: {"name":"Nidoran♀","primaryType":"Poison","secondaryType":"","forms":[],"evolutionStage":"1","preEvolvePokemon":"","eggGroups":"Monster and Field","height":"1'04\"","weight":"15.4 lbs.","genderRatio":"100% female","catchRate":"235 (41.3%)","hatchTime":"20 cycles"}

[30/1025] Nidorina -> https://bulbapedia.bulbagarden.net/wiki/Nidorina_(Pokémon)
  OK: {"name":"Nidorina","primaryType":"Poison","secondaryType":"","forms":[],"evolutionStage":"2","preEvolvePokemon":"Nidoran♀","eggGroups":"No Eggs Discovered","height":"2'07\"","weight":"44.1 lbs.","genderRatio":"100% female","catchRate":"120 (24.9%)","hatchTime":"20 cycles"}

[31/1025] Nidoqueen -> https://bulbapedia.bulbagarden.net/wiki/Nidoqueen_(Pokémon)
  OK: {"name":"Nidoqueen","primaryType":"Poison","secondaryType":"Ground","forms":[],"evolutionStage":"final","preEvolvePokemon":"Nidorina","eggGroups":"No Eggs Discovered","height":"4'03\"","weight":"132.3 lbs.","genderRatio":"100% female","catchRate":"45 (11.9%)","hatchTime":"20 cycles"}

[32/1025] Nidoran♂ -> https://bulbapedia.bulbagarden.net/wiki/Nidoran%E2%99%82_(Pokémon)
  OK: {"name":"Nidoran♂","primaryType":"Poison","secondaryType":"","forms":[],"evolutionStage":"1","preEvolvePokemon":"","eggGroups":"Monster and Field","height":"1'08\"","weight":"19.8 lbs.","genderRatio":"100% male","catchRate":"235 (41.3%)","hatchTime":"20 cycles"}

[33/1025] Nidorino -> https://bulbapedia.bulbagarden.net/wiki/Nidorino_(Pokémon)
  OK: {"name":"Nidorino","primaryType":"Poison","secondaryType":"","forms":[],"evolutionStage":"2","preEvolvePokemon":"Nidoran♂","eggGroups":"Monster and Field","height":"2'11\"","weight":"43.0 lbs.","genderRatio":"100% male","catchRate":"120 (24.9%)","hatchTime":"20 cycles"}

[34/1025] Nidoking -> https://bulbapedia.bulbagarden.net/wiki/Nidoking_(Pokémon)
  OK: {"name":"Nidoking","primaryType":"Poison","secondaryType":"Ground","forms":[],"evolutionStage":"final","preEvolvePokemon":"Nidorino","eggGroups":"Monster and Field","height":"4'07\"","weight":"136.7 lbs.","genderRatio":"100% male","catchRate":"45 (11.9%)","hatchTime":"20 cycles"}

[35/1025] Clefairy -> https://bulbapedia.bulbagarden.net/wiki/Clefairy_(Pokémon)
  OK: {"name":"Clefairy","primaryType":"Fairy","secondaryType":"","forms":[],"evolutionStage":"2","preEvolvePokemon":"Cleffa","eggGroups":"Fairy","height":"2'00\"","weight":"16.5 lbs.","genderRatio":"25% male, 75% female","catchRate":"150 (29.5%)","hatchTime":"10 cycles"}

[36/1025] Clefable -> https://bulbapedia.bulbagarden.net/wiki/Clefable_(Pokémon)
  OK: {"name":"Clefable","primaryType":"Fairy","secondaryType":"Flying","forms":["Mega Clefable"],"evolutionStage":"final","preEvolvePokemon":"Clefairy","eggGroups":"Fairy","height":"4'03\"","weight":"88.2 lbs.","genderRatio":"25% male, 75% female","catchRate":"25 (7.7%)","hatchTime":"10 cycles"}

[37/1025] Vulpix -> https://bulbapedia.bulbagarden.net/wiki/Vulpix_(Pokémon)
  OK: {"name":"Vulpix","primaryType":"Fire","secondaryType":"Ice","forms":["Alolan Vulpix"],"evolutionStage":"1","preEvolvePokemon":"","eggGroups":"Field","height":"2'00\"","weight":"21.8 lbs.","genderRatio":"25% male, 75% female","catchRate":"190 (35.2%)","hatchTime":"20 cycles"}

[38/1025] Ninetales -> https://bulbapedia.bulbagarden.net/wiki/Ninetales_(Pokémon)
  OK: {"name":"Ninetales","primaryType":"Fire","secondaryType":"Ice","forms":["Alolan Ninetales"],"evolutionStage":"final","preEvolvePokemon":"Vulpix","eggGroups":"Field","height":"3'07\"","weight":"43.9 lbs.","genderRatio":"25% male, 75% female","catchRate":"75 (17.5%)","hatchTime":"20 cycles"}

[39/1025] Jigglypuff -> https://bulbapedia.bulbagarden.net/wiki/Jigglypuff_(Pokémon)
  OK: {"name":"Jigglypuff","primaryType":"Normal","secondaryType":"Fairy","forms":[],"evolutionStage":"2","preEvolvePokemon":"Igglybuff","eggGroups":"Fairy","height":"1'08\"","weight":"12.1 lbs.","genderRatio":"25% male, 75% female","catchRate":"170 (32.4%)","hatchTime":"10 cycles"}

[40/1025] Wigglytuff -> https://bulbapedia.bulbagarden.net/wiki/Wigglytuff_(Pokémon)
  OK: {"name":"Wigglytuff","primaryType":"Normal","secondaryType":"Fairy","forms":[],"evolutionStage":"final","preEvolvePokemon":"Jigglypuff","eggGroups":"Fairy","height":"3'03\"","weight":"26.5 lbs.","genderRatio":"25% male, 75% female","catchRate":"50 (12.9%)","hatchTime":"10 cycles"}

[41/1025] Zubat -> https://bulbapedia.bulbagarden.net/wiki/Zubat_(Pokémon)
  OK: {"name":"Zubat","primaryType":"Poison","secondaryType":"Flying","forms":[],"evolutionStage":"1","preEvolvePokemon":"","eggGroups":"Flying","height":"2'07\"","weight":"16.5 lbs.","genderRatio":"50% male, 50% female","catchRate":"255 (43.9%)","hatchTime":"15 cycles"}

[42/1025] Golbat -> https://bulbapedia.bulbagarden.net/wiki/Golbat_(Pokémon)
  OK: {"name":"Golbat","primaryType":"Poison","secondaryType":"Flying","forms":[],"evolutionStage":"2","preEvolvePokemon":"Zubat","eggGroups":"Flying","height":"5'03\"","weight":"121.3 lbs.","genderRatio":"50% male, 50% female","catchRate":"90 (20.1%)","hatchTime":"15 cycles"}

[43/1025] Oddish -> https://bulbapedia.bulbagarden.net/wiki/Oddish_(Pokémon)
  OK: {"name":"Oddish","primaryType":"Grass","secondaryType":"Poison","forms":[],"evolutionStage":"1","preEvolvePokemon":"","eggGroups":"Grass","height":"1'08\"","weight":"11.9 lbs.","genderRatio":"50% male, 50% female","catchRate":"255 (43.9%)","hatchTime":"20 cycles"}

[44/1025] Gloom -> https://bulbapedia.bulbagarden.net/wiki/Gloom_(Pokémon)
  OK: {"name":"Gloom","primaryType":"Grass","secondaryType":"Poison","forms":[],"evolutionStage":"2","preEvolvePokemon":"Oddish","eggGroups":"Grass","height":"2'07\"","weight":"19.0 lbs.","genderRatio":"50% male, 50% female","catchRate":"120 (24.9%)","hatchTime":"20 cycles"}

[45/1025] Vileplume -> https://bulbapedia.bulbagarden.net/wiki/Vileplume_(Pokémon)
  ERROR scraping Vileplume: Attempted to use detached Frame 'C0FD0E3614F1BD1B5216E4135DA566A1'.

[46/1025] Paras -> https://bulbapedia.bulbagarden.net/wiki/Paras_(Pokémon)
  ERROR scraping Paras: Attempted to use detached Frame 'C0FD0E3614F1BD1B5216E4135DA566A1'.

[47/1025] Parasect -> https://bulbapedia.bulbagarden.net/wiki/Parasect_(Pokémon)
  ERROR scraping Parasect: Attempted to use detached Frame 'C0FD0E3614F1BD1B5216E4135DA566A1'.

[48/1025] Venonat -> https://bulbapedia.bulbagarden.net/wiki/Venonat_(Pokémon)
  ERROR scraping Venonat: Attempted to use detached Frame 'C0FD0E3614F1BD1B5216E4135DA566A1'.

[49/1025] Venomoth -> https://bulbapedia.bulbagarden.net/wiki/Venomoth_(Pokémon)
  ERROR scraping Venomoth: Attempted to use detached Frame 'C0FD0E3614F1BD1B5216E4135DA566A1'.

[50/1025] Diglett -> https://bulbapedia.bulbagarden.net/wiki/Diglett_(Pokémon)
  ERROR scraping Diglett: Attempted to use detached Frame 'C0FD0E3614F1BD1B5216E4135DA566A1'.

[51/1025] Dugtrio -> https://bulbapedia.bulbagarden.net/wiki/Dugtrio_(Pokémon)
  ERROR scraping Dugtrio: Attempted to use detached Frame 'C0FD0E3614F1BD1B5216E4135DA566A1'.

[52/1025] Meowth -> https://bulbapedia.bulbagarden.net/wiki/Meowth_(Pokémon)
  ERROR scraping Meowth: Attempted to use detached Frame 'C0FD0E3614F1BD1B5216E4135DA566A1'.

[53/1025] Persian -> https://bulbapedia.bulbagarden.net/wiki/Persian_(Pokémon)
  ERROR scraping Persian: Attempted to use detached Frame 'C0FD0E3614F1BD1B5216E4135DA566A1'.

[54/1025] Psyduck -> https://bulbapedia.bulbagarden.net/wiki/Psyduck_(Pokémon)
  ERROR scraping Psyduck: Attempted to use detached Frame 'C0FD0E3614F1BD1B5216E4135DA566A1'.

[55/1025] Golduck -> https://bulbapedia.bulbagarden.net/wiki/Golduck_(Pokémon)
  ERROR scraping Golduck: Attempted to use detached Frame 'C0FD0E3614F1BD1B5216E4135DA566A1'.

[56/1025] Mankey -> https://bulbapedia.bulbagarden.net/wiki/Mankey_(Pokémon)
  ERROR scraping Mankey: Attempted to use detached Frame 'C0FD0E3614F1BD1B5216E4135DA566A1'.

[57/1025] Primeape -> https://bulbapedia.bulbagarden.net/wiki/Primeape_(Pokémon)
  ERROR scraping Primeape: Attempted to use detached Frame 'C0FD0E3614F1BD1B5216E4135DA566A1'.

[58/1025] Growlithe -> https://bulbapedia.bulbagarden.net/wiki/Growlithe_(Pokémon)
  ERROR scraping Growlithe: Attempted to use detached Frame 'C0FD0E3614F1BD1B5216E4135DA566A1'.

[59/1025] Arcanine -> https://bulbapedia.bulbagarden.net/wiki/Arcanine_(Pokémon)
  ERROR scraping Arcanine: Attempted to use detached Frame 'C0FD0E3614F1BD1B5216E4135DA566A1'.

[60/1025] Poliwag -> https://bulbapedia.bulbagarden.net/wiki/Poliwag_(Pokémon)
  ERROR scraping Poliwag: Attempted to use detached Frame 'C0FD0E3614F1BD1B5216E4135DA566A1'.

[61/1025] Poliwhirl -> https://bulbapedia.bulbagarden.net/wiki/Poliwhirl_(Pokémon)
  ERROR scraping Poliwhirl: Attempted to use detached Frame 'C0FD0E3614F1BD1B5216E4135DA566A1'.

[62/1025] Poliwrath -> https://bulbapedia.bulbagarden.net/wiki/Poliwrath_(Pokémon)
  ERROR scraping Poliwrath: Attempted to use detached Frame 'C0FD0E3614F1BD1B5216E4135DA566A1'.

[63/1025] Abra -> https://bulbapedia.bulbagarden.net/wiki/Abra_(Pokémon)
  ERROR scraping Abra: Attempted to use detached Frame 'C0FD0E3614F1BD1B5216E4135DA566A1'.

[64/1025] Kadabra -> https://bulbapedia.bulbagarden.net/wiki/Kadabra_(Pokémon)
  ERROR scraping Kadabra: Attempted to use detached Frame 'C0FD0E3614F1BD1B5216E4135DA566A1'.

[65/1025] Alakazam -> https://bulbapedia.bulbagarden.net/wiki/Alakazam_(Pokémon)
  ERROR scraping Alakazam: Attempted to use detached Frame 'C0FD0E3614F1BD1B5216E4135DA566A1'.

[66/1025] Machop -> https://bulbapedia.bulbagarden.net/wiki/Machop_(Pokémon)
  ERROR scraping Machop: Attempted to use detached Frame 'C0FD0E3614F1BD1B5216E4135DA566A1'.

[67/1025] Machoke -> https://bulbapedia.bulbagarden.net/wiki/Machoke_(Pokémon)
  ERROR scraping Machoke: Attempted to use detached Frame 'C0FD0E3614F1BD1B5216E4135DA566A1'.

[68/1025] Machamp -> https://bulbapedia.bulbagarden.net/wiki/Machamp_(Pokémon)
  ERROR scraping Machamp: Attempted to use detached Frame 'C0FD0E3614F1BD1B5216E4135DA566A1'.

[69/1025] Bellsprout -> https://bulbapedia.bulbagarden.net/wiki/Bellsprout_(Pokémon)
  ERROR scraping Bellsprout: Attempted to use detached Frame 'C0FD0E3614F1BD1B5216E4135DA566A1'.

[70/1025] Weepinbell -> https://bulbapedia.bulbagarden.net/wiki/Weepinbell_(Pokémon)
  ERROR scraping Weepinbell: Attempted to use detached Frame 'C0FD0E3614F1BD1B5216E4135DA566A1'.

[71/1025] Victreebel -> https://bulbapedia.bulbagarden.net/wiki/Victreebel_(Pokémon)
  ERROR scraping Victreebel: Attempted to use detached Frame 'C0FD0E3614F1BD1B5216E4135DA566A1'.

[72/1025] Tentacool -> https://bulbapedia.bulbagarden.net/wiki/Tentacool_(Pokémon)
  ERROR scraping Tentacool: Attempted to use detached Frame 'C0FD0E3614F1BD1B5216E4135DA566A1'.

[73/1025] Tentacruel -> https://bulbapedia.bulbagarden.net/wiki/Tentacruel_(Pokémon)
  ERROR scraping Tentacruel: Attempted to use detached Frame 'C0FD0E3614F1BD1B5216E4135DA566A1'.

[74/1025] Geodude -> https://bulbapedia.bulbagarden.net/wiki/Geodude_(Pokémon)
  ERROR scraping Geodude: Attempted to use detached Frame 'C0FD0E3614F1BD1B5216E4135DA566A1'.

[75/1025] Graveler -> https://bulbapedia.bulbagarden.net/wiki/Graveler_(Pokémon)
  ERROR scraping Graveler: Attempted to use detached Frame 'C0FD0E3614F1BD1B5216E4135DA566A1'.

[76/1025] Golem -> https://bulbapedia.bulbagarden.net/wiki/Golem_(Pokémon)
  ERROR scraping Golem: Attempted to use detached Frame 'C0FD0E3614F1BD1B5216E4135DA566A1'.

[77/1025] Ponyta -> https://bulbapedia.bulbagarden.net/wiki/Ponyta_(Pokémon)
  ERROR scraping Ponyta: Attempted to use detached Frame 'C0FD0E3614F1BD1B5216E4135DA566A1'.

[78/1025] Rapidash -> https://bulbapedia.bulbagarden.net/wiki/Rapidash_(Pokémon)
  ERROR scraping Rapidash: Attempted to use detached Frame 'C0FD0E3614F1BD1B5216E4135DA566A1'.

[79/1025] Slowpoke -> https://bulbapedia.bulbagarden.net/wiki/Slowpoke_(Pokémon)
  ERROR scraping Slowpoke: Attempted to use detached Frame 'C0FD0E3614F1BD1B5216E4135DA566A1'.

[80/1025] Slowbro -> https://bulbapedia.bulbagarden.net/wiki/Slowbro_(Pokémon)
  ERROR scraping Slowbro: Attempted to use detached Frame 'C0FD0E3614F1BD1B5216E4135DA566A1'.

[81/1025] Magnemite -> https://bulbapedia.bulbagarden.net/wiki/Magnemite_(Pokémon)
  ERROR scraping Magnemite: Attempted to use detached Frame 'C0FD0E3614F1BD1B5216E4135DA566A1'.

[82/1025] Magneton -> https://bulbapedia.bulbagarden.net/wiki/Magneton_(Pokémon)
  ERROR scraping Magneton: Attempted to use detached Frame 'C0FD0E3614F1BD1B5216E4135DA566A1'.

[83/1025] Farfetchd -> https://bulbapedia.bulbagarden.net/wiki/Farfetchd_(Pokémon)
  ERROR scraping Farfetchd: Attempted to use detached Frame 'C0FD0E3614F1BD1B5216E4135DA566A1'.

[84/1025] Doduo -> https://bulbapedia.bulbagarden.net/wiki/Doduo_(Pokémon)
  ERROR scraping Doduo: Attempted to use detached Frame 'C0FD0E3614F1BD1B5216E4135DA566A1'.

[85/1025] Dodrio -> https://bulbapedia.bulbagarden.net/wiki/Dodrio_(Pokémon)
  ERROR scraping Dodrio: Attempted to use detached Frame 'C0FD0E3614F1BD1B5216E4135DA566A1'.

[86/1025] Seel -> https://bulbapedia.bulbagarden.net/wiki/Seel_(Pokémon)
  ERROR scraping Seel: Attempted to use detached Frame 'C0FD0E3614F1BD1B5216E4135DA566A1'.

[87/1025] Dewgong -> https://bulbapedia.bulbagarden.net/wiki/Dewgong_(Pokémon)
  ERROR scraping Dewgong: Attempted to use detached Frame 'C0FD0E3614F1BD1B5216E4135DA566A1'.

[88/1025] Grimer -> https://bulbapedia.bulbagarden.net/wiki/Grimer_(Pokémon)
  ERROR scraping Grimer: Attempted to use detached Frame 'C0FD0E3614F1BD1B5216E4135DA566A1'.

[89/1025] Muk -> https://bulbapedia.bulbagarden.net/wiki/Muk_(Pokémon)
  ERROR scraping Muk: Attempted to use detached Frame 'C0FD0E3614F1BD1B5216E4135DA566A1'.

[90/1025] Shellder -> https://bulbapedia.bulbagarden.net/wiki/Shellder_(Pokémon)
  ERROR scraping Shellder: Attempted to use detached Frame 'C0FD0E3614F1BD1B5216E4135DA566A1'.

[91/1025] Cloyster -> https://bulbapedia.bulbagarden.net/wiki/Cloyster_(Pokémon)
  ERROR scraping Cloyster: Attempted to use detached Frame 'C0FD0E3614F1BD1B5216E4135DA566A1'.

[92/1025] Gastly -> https://bulbapedia.bulbagarden.net/wiki/Gastly_(Pokémon)
  ERROR scraping Gastly: Attempted to use detached Frame 'C0FD0E3614F1BD1B5216E4135DA566A1'.

[93/1025] Haunter -> https://bulbapedia.bulbagarden.net/wiki/Haunter_(Pokémon)
  ERROR scraping Haunter: Attempted to use detached Frame 'C0FD0E3614F1BD1B5216E4135DA566A1'.

[94/1025] Gengar -> https://bulbapedia.bulbagarden.net/wiki/Gengar_(Pokémon)
  ERROR scraping Gengar: Attempted to use detached Frame 'C0FD0E3614F1BD1B5216E4135DA566A1'.

[95/1025] Onix -> https://bulbapedia.bulbagarden.net/wiki/Onix_(Pokémon)
  ERROR scraping Onix: Attempted to use detached Frame 'C0FD0E3614F1BD1B5216E4135DA566A1'.

[96/1025] Drowzee -> https://bulbapedia.bulbagarden.net/wiki/Drowzee_(Pokémon)
  ERROR scraping Drowzee: Attempted to use detached Frame 'C0FD0E3614F1BD1B5216E4135DA566A1'.

[97/1025] Hypno -> https://bulbapedia.bulbagarden.net/wiki/Hypno_(Pokémon)
  ERROR scraping Hypno: Attempted to use detached Frame 'C0FD0E3614F1BD1B5216E4135DA566A1'.

[98/1025] Krabby -> https://bulbapedia.bulbagarden.net/wiki/Krabby_(Pokémon)
  ERROR scraping Krabby: Attempted to use detached Frame 'C0FD0E3614F1BD1B5216E4135DA566A1'.

[99/1025] Kingler -> https://bulbapedia.bulbagarden.net/wiki/Kingler_(Pokémon)
  ERROR scraping Kingler: Attempted to use detached Frame 'C0FD0E3614F1BD1B5216E4135DA566A1'.

[100/1025] Voltorb -> https://bulbapedia.bulbagarden.net/wiki/Voltorb_(Pokémon)
  ERROR scraping Voltorb: Attempted to use detached Frame 'C0FD0E3614F1BD1B5216E4135DA566A1'.

[101/1025] Electrode -> https://bulbapedia.bulbagarden.net/wiki/Electrode_(Pokémon)
  ERROR scraping Electrode: Attempted to use detached Frame 'C0FD0E3614F1BD1B5216E4135DA566A1'.

[102/1025] Exeggcute -> https://bulbapedia.bulbagarden.net/wiki/Exeggcute_(Pokémon)
  ERROR scraping Exeggcute: Attempted to use detached Frame 'C0FD0E3614F1BD1B5216E4135DA566A1'.

[103/1025] Exeggutor -> https://bulbapedia.bulbagarden.net/wiki/Exeggutor_(Pokémon)
  ERROR scraping Exeggutor: Attempted to use detached Frame 'C0FD0E3614F1BD1B5216E4135DA566A1'.

[104/1025] Cubone -> https://bulbapedia.bulbagarden.net/wiki/Cubone_(Pokémon)
  ERROR scraping Cubone: Attempted to use detached Frame 'C0FD0E3614F1BD1B5216E4135DA566A1'.

[105/1025] Marowak -> https://bulbapedia.bulbagarden.net/wiki/Marowak_(Pokémon)
  ERROR scraping Marowak: Attempted to use detached Frame 'C0FD0E3614F1BD1B5216E4135DA566A1'.

[106/1025] Hitmonlee -> https://bulbapedia.bulbagarden.net/wiki/Hitmonlee_(Pokémon)
  ERROR scraping Hitmonlee: Attempted to use detached Frame 'C0FD0E3614F1BD1B5216E4135DA566A1'.

[107/1025] Hitmonchan -> https://bulbapedia.bulbagarden.net/wiki/Hitmonchan_(Pokémon)
  ERROR scraping Hitmonchan: Attempted to use detached Frame 'C0FD0E3614F1BD1B5216E4135DA566A1'.

[108/1025] Lickitung -> https://bulbapedia.bulbagarden.net/wiki/Lickitung_(Pokémon)
  ERROR scraping Lickitung: Attempted to use detached Frame 'C0FD0E3614F1BD1B5216E4135DA566A1'.

[109/1025] Koffing -> https://bulbapedia.bulbagarden.net/wiki/Koffing_(Pokémon)
  ERROR scraping Koffing: Attempted to use detached Frame 'C0FD0E3614F1BD1B5216E4135DA566A1'.

[110/1025] Weezing -> https://bulbapedia.bulbagarden.net/wiki/Weezing_(Pokémon)
  ERROR scraping Weezing: Attempted to use detached Frame 'C0FD0E3614F1BD1B5216E4135DA566A1'.

[111/1025] Rhyhorn -> https://bulbapedia.bulbagarden.net/wiki/Rhyhorn_(Pokémon)
  ERROR scraping Rhyhorn: Attempted to use detached Frame 'C0FD0E3614F1BD1B5216E4135DA566A1'.

[112/1025] Rhydon -> https://bulbapedia.bulbagarden.net/wiki/Rhydon_(Pokémon)
  ERROR scraping Rhydon: Attempted to use detached Frame 'C0FD0E3614F1BD1B5216E4135DA566A1'.

[113/1025] Chansey -> https://bulbapedia.bulbagarden.net/wiki/Chansey_(Pokémon)
  ERROR scraping Chansey: Attempted to use detached Frame 'C0FD0E3614F1BD1B5216E4135DA566A1'.

[114/1025] Tangela -> https://bulbapedia.bulbagarden.net/wiki/Tangela_(Pokémon)
  ERROR scraping Tangela: Attempted to use detached Frame 'C0FD0E3614F1BD1B5216E4135DA566A1'.

[115/1025] Kangaskhan -> https://bulbapedia.bulbagarden.net/wiki/Kangaskhan_(Pokémon)
  ERROR scraping Kangaskhan: Attempted to use detached Frame 'C0FD0E3614F1BD1B5216E4135DA566A1'.

[116/1025] Horsea -> https://bulbapedia.bulbagarden.net/wiki/Horsea_(Pokémon)
  ERROR scraping Horsea: Attempted to use detached Frame 'C0FD0E3614F1BD1B5216E4135DA566A1'.

[117/1025] Seadra -> https://bulbapedia.bulbagarden.net/wiki/Seadra_(Pokémon)
  ERROR scraping Seadra: Attempted to use detached Frame 'C0FD0E3614F1BD1B5216E4135DA566A1'.

[118/1025] Goldeen -> https://bulbapedia.bulbagarden.net/wiki/Goldeen_(Pokémon)
  ERROR scraping Goldeen: Attempted to use detached Frame 'C0FD0E3614F1BD1B5216E4135DA566A1'.

[119/1025] Seaking -> https://bulbapedia.bulbagarden.net/wiki/Seaking_(Pokémon)
  ERROR scraping Seaking: Attempted to use detached Frame 'C0FD0E3614F1BD1B5216E4135DA566A1'.

[120/1025] Staryu -> https://bulbapedia.bulbagarden.net/wiki/Staryu_(Pokémon)
  ERROR scraping Staryu: Attempted to use detached Frame 'C0FD0E3614F1BD1B5216E4135DA566A1'.

[121/1025] Starmie -> https://bulbapedia.bulbagarden.net/wiki/Starmie_(Pokémon)
  ERROR scraping Starmie: Attempted to use detached Frame 'C0FD0E3614F1BD1B5216E4135DA566A1'.

[122/1025] Mr. Mime -> https://bulbapedia.bulbagarden.net/wiki/Mr.%20Mime_(Pokémon)
  ERROR scraping Mr. Mime: Attempted to use detached Frame 'C0FD0E3614F1BD1B5216E4135DA566A1'.

[123/1025] Scyther -> https://bulbapedia.bulbagarden.net/wiki/Scyther_(Pokémon)
  ERROR scraping Scyther: Attempted to use detached Frame 'C0FD0E3614F1BD1B5216E4135DA566A1'.

[124/1025] Jynx -> https://bulbapedia.bulbagarden.net/wiki/Jynx_(Pokémon)
  ERROR scraping Jynx: Attempted to use detached Frame 'C0FD0E3614F1BD1B5216E4135DA566A1'.

[125/1025] Electabuzz -> https://bulbapedia.bulbagarden.net/wiki/Electabuzz_(Pokémon)
  ERROR scraping Electabuzz: Attempted to use detached Frame 'C0FD0E3614F1BD1B5216E4135DA566A1'.

[126/1025] Magmar -> https://bulbapedia.bulbagarden.net/wiki/Magmar_(Pokémon)
  ERROR scraping Magmar: Attempted to use detached Frame 'C0FD0E3614F1BD1B5216E4135DA566A1'.

[127/1025] Pinsir -> https://bulbapedia.bulbagarden.net/wiki/Pinsir_(Pokémon)
  ERROR scraping Pinsir: Attempted to use detached Frame 'C0FD0E3614F1BD1B5216E4135DA566A1'.

[128/1025] Tauros -> https://bulbapedia.bulbagarden.net/wiki/Tauros_(Pokémon)
  ERROR scraping Tauros: Attempted to use detached Frame 'C0FD0E3614F1BD1B5216E4135DA566A1'.

[129/1025] Magikarp -> https://bulbapedia.bulbagarden.net/wiki/Magikarp_(Pokémon)
  ERROR scraping Magikarp: Attempted to use detached Frame 'C0FD0E3614F1BD1B5216E4135DA566A1'.

[130/1025] Gyarados -> https://bulbapedia.bulbagarden.net/wiki/Gyarados_(Pokémon)
  ERROR scraping Gyarados: Attempted to use detached Frame 'C0FD0E3614F1BD1B5216E4135DA566A1'.

[131/1025] Lapras -> https://bulbapedia.bulbagarden.net/wiki/Lapras_(Pokémon)
  ERROR scraping Lapras: Attempted to use detached Frame 'C0FD0E3614F1BD1B5216E4135DA566A1'.

[132/1025] Ditto -> https://bulbapedia.bulbagarden.net/wiki/Ditto_(Pokémon)
  ERROR scraping Ditto: Attempted to use detached Frame 'C0FD0E3614F1BD1B5216E4135DA566A1'.

[133/1025] Eevee -> https://bulbapedia.bulbagarden.net/wiki/Eevee_(Pokémon)
  ERROR scraping Eevee: Attempted to use detached Frame 'C0FD0E3614F1BD1B5216E4135DA566A1'.

[134/1025] Vaporeon -> https://bulbapedia.bulbagarden.net/wiki/Vaporeon_(Pokémon)
  ERROR scraping Vaporeon: Attempted to use detached Frame 'C0FD0E3614F1BD1B5216E4135DA566A1'.

[135/1025] Jolteon -> https://bulbapedia.bulbagarden.net/wiki/Jolteon_(Pokémon)
  ERROR scraping Jolteon: Attempted to use detached Frame 'C0FD0E3614F1BD1B5216E4135DA566A1'.

[136/1025] Flareon -> https://bulbapedia.bulbagarden.net/wiki/Flareon_(Pokémon)
  ERROR scraping Flareon: Attempted to use detached Frame 'C0FD0E3614F1BD1B5216E4135DA566A1'.

[137/1025] Porygon -> https://bulbapedia.bulbagarden.net/wiki/Porygon_(Pokémon)
  ERROR scraping Porygon: Attempted to use detached Frame 'C0FD0E3614F1BD1B5216E4135DA566A1'.

[138/1025] Omanyte -> https://bulbapedia.bulbagarden.net/wiki/Omanyte_(Pokémon)
  ERROR scraping Omanyte: Attempted to use detached Frame 'C0FD0E3614F1BD1B5216E4135DA566A1'.

[139/1025] Omastar -> https://bulbapedia.bulbagarden.net/wiki/Omastar_(Pokémon)
  ERROR scraping Omastar: Attempted to use detached Frame 'C0FD0E3614F1BD1B5216E4135DA566A1'.

[140/1025] Kabuto -> https://bulbapedia.bulbagarden.net/wiki/Kabuto_(Pokémon)
  ERROR scraping Kabuto: Attempted to use detached Frame 'C0FD0E3614F1BD1B5216E4135DA566A1'.

[141/1025] Kabutops -> https://bulbapedia.bulbagarden.net/wiki/Kabutops_(Pokémon)
  ERROR scraping Kabutops: Attempted to use detached Frame 'C0FD0E3614F1BD1B5216E4135DA566A1'.

[142/1025] Aerodactyl -> https://bulbapedia.bulbagarden.net/wiki/Aerodactyl_(Pokémon)
  ERROR scraping Aerodactyl: Attempted to use detached Frame 'C0FD0E3614F1BD1B5216E4135DA566A1'.

[143/1025] Snorlax -> https://bulbapedia.bulbagarden.net/wiki/Snorlax_(Pokémon)
  ERROR scraping Snorlax: Attempted to use detached Frame 'C0FD0E3614F1BD1B5216E4135DA566A1'.

[144/1025] Articuno -> https://bulbapedia.bulbagarden.net/wiki/Articuno_(Pokémon)
  ERROR scraping Articuno: Attempted to use detached Frame 'C0FD0E3614F1BD1B5216E4135DA566A1'.

[145/1025] Zapdos -> https://bulbapedia.bulbagarden.net/wiki/Zapdos_(Pokémon)
  ERROR scraping Zapdos: Attempted to use detached Frame 'C0FD0E3614F1BD1B5216E4135DA566A1'.

[146/1025] Moltres -> https://bulbapedia.bulbagarden.net/wiki/Moltres_(Pokémon)
  ERROR scraping Moltres: Attempted to use detached Frame 'C0FD0E3614F1BD1B5216E4135DA566A1'.

[147/1025] Dratini -> https://bulbapedia.bulbagarden.net/wiki/Dratini_(Pokémon)
  ERROR scraping Dratini: Attempted to use detached Frame 'C0FD0E3614F1BD1B5216E4135DA566A1'.

[148/1025] Dragonair -> https://bulbapedia.bulbagarden.net/wiki/Dragonair_(Pokémon)
  ERROR scraping Dragonair: Attempted to use detached Frame 'C0FD0E3614F1BD1B5216E4135DA566A1'.

[149/1025] Dragonite -> https://bulbapedia.bulbagarden.net/wiki/Dragonite_(Pokémon)
  ERROR scraping Dragonite: Attempted to use detached Frame 'C0FD0E3614F1BD1B5216E4135DA566A1'.

[150/1025] Mewtwo -> https://bulbapedia.bulbagarden.net/wiki/Mewtwo_(Pokémon)
  ERROR scraping Mewtwo: Attempted to use detached Frame 'C0FD0E3614F1BD1B5216E4135DA566A1'.

[151/1025] Mew -> https://bulbapedia.bulbagarden.net/wiki/Mew_(Pokémon)
  ERROR scraping Mew: Attempted to use detached Frame 'C0FD0E3614F1BD1B5216E4135DA566A1'.

[152/1025] Chikorita -> https://bulbapedia.bulbagarden.net/wiki/Chikorita_(Pokémon)
  ERROR scraping Chikorita: Attempted to use detached Frame 'C0FD0E3614F1BD1B5216E4135DA566A1'.

[153/1025] Bayleef -> https://bulbapedia.bulbagarden.net/wiki/Bayleef_(Pokémon)
  ERROR scraping Bayleef: Attempted to use detached Frame 'C0FD0E3614F1BD1B5216E4135DA566A1'.

[154/1025] Meganium -> https://bulbapedia.bulbagarden.net/wiki/Meganium_(Pokémon)
  ERROR scraping Meganium: Attempted to use detached Frame 'C0FD0E3614F1BD1B5216E4135DA566A1'.

[155/1025] Cyndaquil -> https://bulbapedia.bulbagarden.net/wiki/Cyndaquil_(Pokémon)
  ERROR scraping Cyndaquil: Attempted to use detached Frame 'C0FD0E3614F1BD1B5216E4135DA566A1'.

[156/1025] Quilava -> https://bulbapedia.bulbagarden.net/wiki/Quilava_(Pokémon)
  ERROR scraping Quilava: Attempted to use detached Frame 'C0FD0E3614F1BD1B5216E4135DA566A1'.

[157/1025] Typhlosion -> https://bulbapedia.bulbagarden.net/wiki/Typhlosion_(Pokémon)
  ERROR scraping Typhlosion: Attempted to use detached Frame 'C0FD0E3614F1BD1B5216E4135DA566A1'.

[158/1025] Totodile -> https://bulbapedia.bulbagarden.net/wiki/Totodile_(Pokémon)
  ERROR scraping Totodile: Attempted to use detached Frame 'C0FD0E3614F1BD1B5216E4135DA566A1'.

[159/1025] Croconaw -> https://bulbapedia.bulbagarden.net/wiki/Croconaw_(Pokémon)
  ERROR scraping Croconaw: Attempted to use detached Frame 'C0FD0E3614F1BD1B5216E4135DA566A1'.

[160/1025] Feraligatr -> https://bulbapedia.bulbagarden.net/wiki/Feraligatr_(Pokémon)
  ERROR scraping Feraligatr: Attempted to use detached Frame 'C0FD0E3614F1BD1B5216E4135DA566A1'.

[161/1025] Sentret -> https://bulbapedia.bulbagarden.net/wiki/Sentret_(Pokémon)
  ERROR scraping Sentret: Attempted to use detached Frame 'C0FD0E3614F1BD1B5216E4135DA566A1'.

[162/1025] Furret -> https://bulbapedia.bulbagarden.net/wiki/Furret_(Pokémon)
  ERROR scraping Furret: Attempted to use detached Frame 'C0FD0E3614F1BD1B5216E4135DA566A1'.

[163/1025] Hoothoot -> https://bulbapedia.bulbagarden.net/wiki/Hoothoot_(Pokémon)
  ERROR scraping Hoothoot: Attempted to use detached Frame 'C0FD0E3614F1BD1B5216E4135DA566A1'.

[164/1025] Noctowl -> https://bulbapedia.bulbagarden.net/wiki/Noctowl_(Pokémon)
  ERROR scraping Noctowl: Attempted to use detached Frame 'C0FD0E3614F1BD1B5216E4135DA566A1'.

[165/1025] Ledyba -> https://bulbapedia.bulbagarden.net/wiki/Ledyba_(Pokémon)
  ERROR scraping Ledyba: Attempted to use detached Frame 'C0FD0E3614F1BD1B5216E4135DA566A1'.

[166/1025] Ledian -> https://bulbapedia.bulbagarden.net/wiki/Ledian_(Pokémon)
  ERROR scraping Ledian: Attempted to use detached Frame 'C0FD0E3614F1BD1B5216E4135DA566A1'.

[167/1025] Spinarak -> https://bulbapedia.bulbagarden.net/wiki/Spinarak_(Pokémon)
  ERROR scraping Spinarak: Attempted to use detached Frame 'C0FD0E3614F1BD1B5216E4135DA566A1'.

[168/1025] Ariados -> https://bulbapedia.bulbagarden.net/wiki/Ariados_(Pokémon)
  ERROR scraping Ariados: Attempted to use detached Frame 'C0FD0E3614F1BD1B5216E4135DA566A1'.

[169/1025] Crobat -> https://bulbapedia.bulbagarden.net/wiki/Crobat_(Pokémon)
  ERROR scraping Crobat: Attempted to use detached Frame 'C0FD0E3614F1BD1B5216E4135DA566A1'.

[170/1025] Chinchou -> https://bulbapedia.bulbagarden.net/wiki/Chinchou_(Pokémon)
  ERROR scraping Chinchou: Attempted to use detached Frame 'C0FD0E3614F1BD1B5216E4135DA566A1'.

[171/1025] Lanturn -> https://bulbapedia.bulbagarden.net/wiki/Lanturn_(Pokémon)
  ERROR scraping Lanturn: Attempted to use detached Frame 'C0FD0E3614F1BD1B5216E4135DA566A1'.

[172/1025] Pichu -> https://bulbapedia.bulbagarden.net/wiki/Pichu_(Pokémon)
  ERROR scraping Pichu: Attempted to use detached Frame 'C0FD0E3614F1BD1B5216E4135DA566A1'.

[173/1025] Cleffa -> https://bulbapedia.bulbagarden.net/wiki/Cleffa_(Pokémon)
  ERROR scraping Cleffa: Attempted to use detached Frame 'C0FD0E3614F1BD1B5216E4135DA566A1'.

[174/1025] Igglybuff -> https://bulbapedia.bulbagarden.net/wiki/Igglybuff_(Pokémon)
  ERROR scraping Igglybuff: Attempted to use detached Frame 'C0FD0E3614F1BD1B5216E4135DA566A1'.

[175/1025] Togepi -> https://bulbapedia.bulbagarden.net/wiki/Togepi_(Pokémon)
  ERROR scraping Togepi: Attempted to use detached Frame 'C0FD0E3614F1BD1B5216E4135DA566A1'.

[176/1025] Togetic -> https://bulbapedia.bulbagarden.net/wiki/Togetic_(Pokémon)
  ERROR scraping Togetic: Attempted to use detached Frame 'C0FD0E3614F1BD1B5216E4135DA566A1'.

[177/1025] Natu -> https://bulbapedia.bulbagarden.net/wiki/Natu_(Pokémon)
  ERROR scraping Natu: Attempted to use detached Frame 'C0FD0E3614F1BD1B5216E4135DA566A1'.

[178/1025] Xatu -> https://bulbapedia.bulbagarden.net/wiki/Xatu_(Pokémon)
  ERROR scraping Xatu: Attempted to use detached Frame 'C0FD0E3614F1BD1B5216E4135DA566A1'.

[179/1025] Mareep -> https://bulbapedia.bulbagarden.net/wiki/Mareep_(Pokémon)
  ERROR scraping Mareep: Attempted to use detached Frame 'C0FD0E3614F1BD1B5216E4135DA566A1'.

[180/1025] Flaaffy -> https://bulbapedia.bulbagarden.net/wiki/Flaaffy_(Pokémon)
  ERROR scraping Flaaffy: Attempted to use detached Frame 'C0FD0E3614F1BD1B5216E4135DA566A1'.

[181/1025] Ampharos -> https://bulbapedia.bulbagarden.net/wiki/Ampharos_(Pokémon)
  ERROR scraping Ampharos: Attempted to use detached Frame 'C0FD0E3614F1BD1B5216E4135DA566A1'.

[182/1025] Bellossom -> https://bulbapedia.bulbagarden.net/wiki/Bellossom_(Pokémon)
  ERROR scraping Bellossom: Attempted to use detached Frame 'C0FD0E3614F1BD1B5216E4135DA566A1'.

[183/1025] Marill -> https://bulbapedia.bulbagarden.net/wiki/Marill_(Pokémon)
  ERROR scraping Marill: Attempted to use detached Frame 'C0FD0E3614F1BD1B5216E4135DA566A1'.

[184/1025] Azumarill -> https://bulbapedia.bulbagarden.net/wiki/Azumarill_(Pokémon)
  ERROR scraping Azumarill: Attempted to use detached Frame 'C0FD0E3614F1BD1B5216E4135DA566A1'.

[185/1025] Sudowoodo -> https://bulbapedia.bulbagarden.net/wiki/Sudowoodo_(Pokémon)
  ERROR scraping Sudowoodo: Attempted to use detached Frame 'C0FD0E3614F1BD1B5216E4135DA566A1'.

[186/1025] Politoed -> https://bulbapedia.bulbagarden.net/wiki/Politoed_(Pokémon)
  ERROR scraping Politoed: Attempted to use detached Frame 'C0FD0E3614F1BD1B5216E4135DA566A1'.

[187/1025] Hoppip -> https://bulbapedia.bulbagarden.net/wiki/Hoppip_(Pokémon)
  ERROR scraping Hoppip: Attempted to use detached Frame 'C0FD0E3614F1BD1B5216E4135DA566A1'.

[188/1025] Skiploom -> https://bulbapedia.bulbagarden.net/wiki/Skiploom_(Pokémon)
  ERROR scraping Skiploom: Attempted to use detached Frame 'C0FD0E3614F1BD1B5216E4135DA566A1'.

[189/1025] Jumpluff -> https://bulbapedia.bulbagarden.net/wiki/Jumpluff_(Pokémon)
  ERROR scraping Jumpluff: Attempted to use detached Frame 'C0FD0E3614F1BD1B5216E4135DA566A1'.

[190/1025] Aipom -> https://bulbapedia.bulbagarden.net/wiki/Aipom_(Pokémon)
  ERROR scraping Aipom: Attempted to use detached Frame 'C0FD0E3614F1BD1B5216E4135DA566A1'.

[191/1025] Sunkern -> https://bulbapedia.bulbagarden.net/wiki/Sunkern_(Pokémon)
  ERROR scraping Sunkern: Attempted to use detached Frame 'C0FD0E3614F1BD1B5216E4135DA566A1'.

[192/1025] Sunflora -> https://bulbapedia.bulbagarden.net/wiki/Sunflora_(Pokémon)
  ERROR scraping Sunflora: Attempted to use detached Frame 'C0FD0E3614F1BD1B5216E4135DA566A1'.

[193/1025] Yanma -> https://bulbapedia.bulbagarden.net/wiki/Yanma_(Pokémon)
  ERROR scraping Yanma: Attempted to use detached Frame 'C0FD0E3614F1BD1B5216E4135DA566A1'.

[194/1025] Wooper -> https://bulbapedia.bulbagarden.net/wiki/Wooper_(Pokémon)
  ERROR scraping Wooper: Attempted to use detached Frame 'C0FD0E3614F1BD1B5216E4135DA566A1'.

[195/1025] Quagsire -> https://bulbapedia.bulbagarden.net/wiki/Quagsire_(Pokémon)
  ERROR scraping Quagsire: Attempted to use detached Frame 'C0FD0E3614F1BD1B5216E4135DA566A1'.

[196/1025] Espeon -> https://bulbapedia.bulbagarden.net/wiki/Espeon_(Pokémon)
  ERROR scraping Espeon: Attempted to use detached Frame 'C0FD0E3614F1BD1B5216E4135DA566A1'.

[197/1025] Umbreon -> https://bulbapedia.bulbagarden.net/wiki/Umbreon_(Pokémon)
  ERROR scraping Umbreon: Attempted to use detached Frame 'C0FD0E3614F1BD1B5216E4135DA566A1'.

[198/1025] Murkrow -> https://bulbapedia.bulbagarden.net/wiki/Murkrow_(Pokémon)
  ERROR scraping Murkrow: Attempted to use detached Frame 'C0FD0E3614F1BD1B5216E4135DA566A1'.

[199/1025] Slowking -> https://bulbapedia.bulbagarden.net/wiki/Slowking_(Pokémon)
  ERROR scraping Slowking: Attempted to use detached Frame 'C0FD0E3614F1BD1B5216E4135DA566A1'.

[200/1025] Misdreavus -> https://bulbapedia.bulbagarden.net/wiki/Misdreavus_(Pokémon)
  ERROR scraping Misdreavus: Attempted to use detached Frame 'C0FD0E3614F1BD1B5216E4135DA566A1'.

[201/1025] Unown -> https://bulbapedia.bulbagarden.net/wiki/Unown_(Pokémon)
  ERROR scraping Unown: Attempted to use detached Frame 'C0FD0E3614F1BD1B5216E4135DA566A1'.

[202/1025] Wobbuffet -> https://bulbapedia.bulbagarden.net/wiki/Wobbuffet_(Pokémon)
  ERROR scraping Wobbuffet: Attempted to use detached Frame 'C0FD0E3614F1BD1B5216E4135DA566A1'.

[203/1025] Girafarig -> https://bulbapedia.bulbagarden.net/wiki/Girafarig_(Pokémon)
  ERROR scraping Girafarig: Attempted to use detached Frame 'C0FD0E3614F1BD1B5216E4135DA566A1'.

[204/1025] Pineco -> https://bulbapedia.bulbagarden.net/wiki/Pineco_(Pokémon)
  ERROR scraping Pineco: Attempted to use detached Frame 'C0FD0E3614F1BD1B5216E4135DA566A1'.

[205/1025] Forretress -> https://bulbapedia.bulbagarden.net/wiki/Forretress_(Pokémon)
  ERROR scraping Forretress: Attempted to use detached Frame 'C0FD0E3614F1BD1B5216E4135DA566A1'.

[206/1025] Dunsparce -> https://bulbapedia.bulbagarden.net/wiki/Dunsparce_(Pokémon)
  ERROR scraping Dunsparce: Attempted to use detached Frame 'C0FD0E3614F1BD1B5216E4135DA566A1'.

[207/1025] Gligar -> https://bulbapedia.bulbagarden.net/wiki/Gligar_(Pokémon)
  ERROR scraping Gligar: Attempted to use detached Frame 'C0FD0E3614F1BD1B5216E4135DA566A1'.

[208/1025] Steelix -> https://bulbapedia.bulbagarden.net/wiki/Steelix_(Pokémon)
  ERROR scraping Steelix: Attempted to use detached Frame 'C0FD0E3614F1BD1B5216E4135DA566A1'.

[209/1025] Snubbull -> https://bulbapedia.bulbagarden.net/wiki/Snubbull_(Pokémon)
  ERROR scraping Snubbull: Attempted to use detached Frame 'C0FD0E3614F1BD1B5216E4135DA566A1'.

[210/1025] Granbull -> https://bulbapedia.bulbagarden.net/wiki/Granbull_(Pokémon)
  ERROR scraping Granbull: Attempted to use detached Frame 'C0FD0E3614F1BD1B5216E4135DA566A1'.

[211/1025] Qwilfish -> https://bulbapedia.bulbagarden.net/wiki/Qwilfish_(Pokémon)
  ERROR scraping Qwilfish: Attempted to use detached Frame 'C0FD0E3614F1BD1B5216E4135DA566A1'.

[212/1025] Scizor -> https://bulbapedia.bulbagarden.net/wiki/Scizor_(Pokémon)
  ERROR scraping Scizor: Attempted to use detached Frame 'C0FD0E3614F1BD1B5216E4135DA566A1'.

[213/1025] Shuckle -> https://bulbapedia.bulbagarden.net/wiki/Shuckle_(Pokémon)
  ERROR scraping Shuckle: Attempted to use detached Frame 'C0FD0E3614F1BD1B5216E4135DA566A1'.

[214/1025] Heracross -> https://bulbapedia.bulbagarden.net/wiki/Heracross_(Pokémon)
  ERROR scraping Heracross: Attempted to use detached Frame 'C0FD0E3614F1BD1B5216E4135DA566A1'.

[215/1025] Sneasel -> https://bulbapedia.bulbagarden.net/wiki/Sneasel_(Pokémon)
  ERROR scraping Sneasel: Attempted to use detached Frame 'C0FD0E3614F1BD1B5216E4135DA566A1'.

[216/1025] Teddiursa -> https://bulbapedia.bulbagarden.net/wiki/Teddiursa_(Pokémon)
  ERROR scraping Teddiursa: Attempted to use detached Frame 'C0FD0E3614F1BD1B5216E4135DA566A1'.

[217/1025] Ursaring -> https://bulbapedia.bulbagarden.net/wiki/Ursaring_(Pokémon)
  ERROR scraping Ursaring: Attempted to use detached Frame 'C0FD0E3614F1BD1B5216E4135DA566A1'.

[218/1025] Slugma -> https://bulbapedia.bulbagarden.net/wiki/Slugma_(Pokémon)
  ERROR scraping Slugma: Attempted to use detached Frame 'C0FD0E3614F1BD1B5216E4135DA566A1'.

[219/1025] Magcargo -> https://bulbapedia.bulbagarden.net/wiki/Magcargo_(Pokémon)
  ERROR scraping Magcargo: Attempted to use detached Frame 'C0FD0E3614F1BD1B5216E4135DA566A1'.

[220/1025] Swinub -> https://bulbapedia.bulbagarden.net/wiki/Swinub_(Pokémon)
  ERROR scraping Swinub: Attempted to use detached Frame 'C0FD0E3614F1BD1B5216E4135DA566A1'.

[221/1025] Piloswine -> https://bulbapedia.bulbagarden.net/wiki/Piloswine_(Pokémon)
  ERROR scraping Piloswine: Attempted to use detached Frame 'C0FD0E3614F1BD1B5216E4135DA566A1'.

[222/1025] Corsola -> https://bulbapedia.bulbagarden.net/wiki/Corsola_(Pokémon)
  ERROR scraping Corsola: Attempted to use detached Frame 'C0FD0E3614F1BD1B5216E4135DA566A1'.

[223/1025] Remoraid -> https://bulbapedia.bulbagarden.net/wiki/Remoraid_(Pokémon)
  ERROR scraping Remoraid: Attempted to use detached Frame 'C0FD0E3614F1BD1B5216E4135DA566A1'.

[224/1025] Octillery -> https://bulbapedia.bulbagarden.net/wiki/Octillery_(Pokémon)
  ERROR scraping Octillery: Attempted to use detached Frame 'C0FD0E3614F1BD1B5216E4135DA566A1'.

[225/1025] Delibird -> https://bulbapedia.bulbagarden.net/wiki/Delibird_(Pokémon)
  ERROR scraping Delibird: Attempted to use detached Frame 'C0FD0E3614F1BD1B5216E4135DA566A1'.

[226/1025] Mantine -> https://bulbapedia.bulbagarden.net/wiki/Mantine_(Pokémon)
  ERROR scraping Mantine: Attempted to use detached Frame 'C0FD0E3614F1BD1B5216E4135DA566A1'.

[227/1025] Skarmory -> https://bulbapedia.bulbagarden.net/wiki/Skarmory_(Pokémon)
  ERROR scraping Skarmory: Attempted to use detached Frame 'C0FD0E3614F1BD1B5216E4135DA566A1'.

[228/1025] Houndour -> https://bulbapedia.bulbagarden.net/wiki/Houndour_(Pokémon)
  ERROR scraping Houndour: Attempted to use detached Frame 'C0FD0E3614F1BD1B5216E4135DA566A1'.

[229/1025] Houndoom -> https://bulbapedia.bulbagarden.net/wiki/Houndoom_(Pokémon)
  ERROR scraping Houndoom: Attempted to use detached Frame 'C0FD0E3614F1BD1B5216E4135DA566A1'.

[230/1025] Kingdra -> https://bulbapedia.bulbagarden.net/wiki/Kingdra_(Pokémon)
  ERROR scraping Kingdra: Attempted to use detached Frame 'C0FD0E3614F1BD1B5216E4135DA566A1'.

[231/1025] Phanpy -> https://bulbapedia.bulbagarden.net/wiki/Phanpy_(Pokémon)
  ERROR scraping Phanpy: Attempted to use detached Frame 'C0FD0E3614F1BD1B5216E4135DA566A1'.

[232/1025] Donphan -> https://bulbapedia.bulbagarden.net/wiki/Donphan_(Pokémon)
  ERROR scraping Donphan: Attempted to use detached Frame 'C0FD0E3614F1BD1B5216E4135DA566A1'.

[233/1025] Porygon2 -> https://bulbapedia.bulbagarden.net/wiki/Porygon2_(Pokémon)
  ERROR scraping Porygon2: Attempted to use detached Frame 'C0FD0E3614F1BD1B5216E4135DA566A1'.

[234/1025] Stantler -> https://bulbapedia.bulbagarden.net/wiki/Stantler_(Pokémon)
  ERROR scraping Stantler: Attempted to use detached Frame 'C0FD0E3614F1BD1B5216E4135DA566A1'.

[235/1025] Smeargle -> https://bulbapedia.bulbagarden.net/wiki/Smeargle_(Pokémon)
  ERROR scraping Smeargle: Attempted to use detached Frame 'C0FD0E3614F1BD1B5216E4135DA566A1'.

[236/1025] Tyrogue -> https://bulbapedia.bulbagarden.net/wiki/Tyrogue_(Pokémon)
  ERROR scraping Tyrogue: Attempted to use detached Frame 'C0FD0E3614F1BD1B5216E4135DA566A1'.

[237/1025] Hitmontop -> https://bulbapedia.bulbagarden.net/wiki/Hitmontop_(Pokémon)
  ERROR scraping Hitmontop: Attempted to use detached Frame 'C0FD0E3614F1BD1B5216E4135DA566A1'.

[238/1025] Smoochum -> https://bulbapedia.bulbagarden.net/wiki/Smoochum_(Pokémon)
  ERROR scraping Smoochum: Attempted to use detached Frame 'C0FD0E3614F1BD1B5216E4135DA566A1'.

[239/1025] Elekid -> https://bulbapedia.bulbagarden.net/wiki/Elekid_(Pokémon)
  ERROR scraping Elekid: Attempted to use detached Frame 'C0FD0E3614F1BD1B5216E4135DA566A1'.

[240/1025] Magby -> https://bulbapedia.bulbagarden.net/wiki/Magby_(Pokémon)
  ERROR scraping Magby: Attempted to use detached Frame 'C0FD0E3614F1BD1B5216E4135DA566A1'.

[241/1025] Miltank -> https://bulbapedia.bulbagarden.net/wiki/Miltank_(Pokémon)
  ERROR scraping Miltank: Attempted to use detached Frame 'C0FD0E3614F1BD1B5216E4135DA566A1'.

[242/1025] Blissey -> https://bulbapedia.bulbagarden.net/wiki/Blissey_(Pokémon)
  ERROR scraping Blissey: Attempted to use detached Frame 'C0FD0E3614F1BD1B5216E4135DA566A1'.

[243/1025] Raikou -> https://bulbapedia.bulbagarden.net/wiki/Raikou_(Pokémon)
  ERROR scraping Raikou: Attempted to use detached Frame 'C0FD0E3614F1BD1B5216E4135DA566A1'.

[244/1025] Entei -> https://bulbapedia.bulbagarden.net/wiki/Entei_(Pokémon)
  ERROR scraping Entei: Attempted to use detached Frame 'C0FD0E3614F1BD1B5216E4135DA566A1'.

[245/1025] Suicune -> https://bulbapedia.bulbagarden.net/wiki/Suicune_(Pokémon)
  ERROR scraping Suicune: Attempted to use detached Frame 'C0FD0E3614F1BD1B5216E4135DA566A1'.

[246/1025] Larvitar -> https://bulbapedia.bulbagarden.net/wiki/Larvitar_(Pokémon)
  ERROR scraping Larvitar: Attempted to use detached Frame 'C0FD0E3614F1BD1B5216E4135DA566A1'.

[247/1025] Pupitar -> https://bulbapedia.bulbagarden.net/wiki/Pupitar_(Pokémon)
  ERROR scraping Pupitar: Attempted to use detached Frame 'C0FD0E3614F1BD1B5216E4135DA566A1'.

[248/1025] Tyranitar -> https://bulbapedia.bulbagarden.net/wiki/Tyranitar_(Pokémon)
  ERROR scraping Tyranitar: Attempted to use detached Frame 'C0FD0E3614F1BD1B5216E4135DA566A1'.

[249/1025] Lugia -> https://bulbapedia.bulbagarden.net/wiki/Lugia_(Pokémon)
  ERROR scraping Lugia: Attempted to use detached Frame 'C0FD0E3614F1BD1B5216E4135DA566A1'.

[250/1025] Ho-oh -> https://bulbapedia.bulbagarden.net/wiki/Ho-oh_(Pokémon)
  ERROR scraping Ho-oh: Attempted to use detached Frame 'C0FD0E3614F1BD1B5216E4135DA566A1'.

[251/1025] Celebi -> https://bulbapedia.bulbagarden.net/wiki/Celebi_(Pokémon)
  ERROR scraping Celebi: Attempted to use detached Frame 'C0FD0E3614F1BD1B5216E4135DA566A1'.

[252/1025] Treecko -> https://bulbapedia.bulbagarden.net/wiki/Treecko_(Pokémon)
  ERROR scraping Treecko: Attempted to use detached Frame 'C0FD0E3614F1BD1B5216E4135DA566A1'.

[253/1025] Grovyle -> https://bulbapedia.bulbagarden.net/wiki/Grovyle_(Pokémon)
  ERROR scraping Grovyle: Attempted to use detached Frame 'C0FD0E3614F1BD1B5216E4135DA566A1'.

[254/1025] Sceptile -> https://bulbapedia.bulbagarden.net/wiki/Sceptile_(Pokémon)
  ERROR scraping Sceptile: Attempted to use detached Frame 'C0FD0E3614F1BD1B5216E4135DA566A1'.

[255/1025] Torchic -> https://bulbapedia.bulbagarden.net/wiki/Torchic_(Pokémon)
  ERROR scraping Torchic: Attempted to use detached Frame 'C0FD0E3614F1BD1B5216E4135DA566A1'.

[256/1025] Combusken -> https://bulbapedia.bulbagarden.net/wiki/Combusken_(Pokémon)
  ERROR scraping Combusken: Attempted to use detached Frame 'C0FD0E3614F1BD1B5216E4135DA566A1'.

[257/1025] Blaziken -> https://bulbapedia.bulbagarden.net/wiki/Blaziken_(Pokémon)
  ERROR scraping Blaziken: Attempted to use detached Frame 'C0FD0E3614F1BD1B5216E4135DA566A1'.

[258/1025] Mudkip -> https://bulbapedia.bulbagarden.net/wiki/Mudkip_(Pokémon)
  ERROR scraping Mudkip: Attempted to use detached Frame 'C0FD0E3614F1BD1B5216E4135DA566A1'.

[259/1025] Marshtomp -> https://bulbapedia.bulbagarden.net/wiki/Marshtomp_(Pokémon)
  ERROR scraping Marshtomp: Attempted to use detached Frame 'C0FD0E3614F1BD1B5216E4135DA566A1'.

[260/1025] Swampert -> https://bulbapedia.bulbagarden.net/wiki/Swampert_(Pokémon)
  ERROR scraping Swampert: Attempted to use detached Frame 'C0FD0E3614F1BD1B5216E4135DA566A1'.

[261/1025] Poochyena -> https://bulbapedia.bulbagarden.net/wiki/Poochyena_(Pokémon)
  ERROR scraping Poochyena: Attempted to use detached Frame 'C0FD0E3614F1BD1B5216E4135DA566A1'.

[262/1025] Mightyena -> https://bulbapedia.bulbagarden.net/wiki/Mightyena_(Pokémon)
  ERROR scraping Mightyena: Attempted to use detached Frame 'C0FD0E3614F1BD1B5216E4135DA566A1'.

[263/1025] Zigzagoon -> https://bulbapedia.bulbagarden.net/wiki/Zigzagoon_(Pokémon)
  ERROR scraping Zigzagoon: Attempted to use detached Frame 'C0FD0E3614F1BD1B5216E4135DA566A1'.

[264/1025] Linoone -> https://bulbapedia.bulbagarden.net/wiki/Linoone_(Pokémon)
  ERROR scraping Linoone: Attempted to use detached Frame 'C0FD0E3614F1BD1B5216E4135DA566A1'.

[265/1025] Wurmple -> https://bulbapedia.bulbagarden.net/wiki/Wurmple_(Pokémon)
  ERROR scraping Wurmple: Attempted to use detached Frame 'C0FD0E3614F1BD1B5216E4135DA566A1'.

[266/1025] Silcoon -> https://bulbapedia.bulbagarden.net/wiki/Silcoon_(Pokémon)
  ERROR scraping Silcoon: Attempted to use detached Frame 'C0FD0E3614F1BD1B5216E4135DA566A1'.

[267/1025] Beautifly -> https://bulbapedia.bulbagarden.net/wiki/Beautifly_(Pokémon)
  ERROR scraping Beautifly: Attempted to use detached Frame 'C0FD0E3614F1BD1B5216E4135DA566A1'.

[268/1025] Cascoon -> https://bulbapedia.bulbagarden.net/wiki/Cascoon_(Pokémon)
  ERROR scraping Cascoon: Attempted to use detached Frame 'C0FD0E3614F1BD1B5216E4135DA566A1'.

[269/1025] Dustox -> https://bulbapedia.bulbagarden.net/wiki/Dustox_(Pokémon)
  ERROR scraping Dustox: Attempted to use detached Frame 'C0FD0E3614F1BD1B5216E4135DA566A1'.

[270/1025] Lotad -> https://bulbapedia.bulbagarden.net/wiki/Lotad_(Pokémon)
  ERROR scraping Lotad: Attempted to use detached Frame 'C0FD0E3614F1BD1B5216E4135DA566A1'.

[271/1025] Lombre -> https://bulbapedia.bulbagarden.net/wiki/Lombre_(Pokémon)
  ERROR scraping Lombre: Attempted to use detached Frame 'C0FD0E3614F1BD1B5216E4135DA566A1'.

[272/1025] Ludicolo -> https://bulbapedia.bulbagarden.net/wiki/Ludicolo_(Pokémon)
  ERROR scraping Ludicolo: Attempted to use detached Frame 'C0FD0E3614F1BD1B5216E4135DA566A1'.

[273/1025] Seedot -> https://bulbapedia.bulbagarden.net/wiki/Seedot_(Pokémon)
  ERROR scraping Seedot: Attempted to use detached Frame 'C0FD0E3614F1BD1B5216E4135DA566A1'.

[274/1025] Nuzleaf -> https://bulbapedia.bulbagarden.net/wiki/Nuzleaf_(Pokémon)
  ERROR scraping Nuzleaf: Attempted to use detached Frame 'C0FD0E3614F1BD1B5216E4135DA566A1'.

[275/1025] Shiftry -> https://bulbapedia.bulbagarden.net/wiki/Shiftry_(Pokémon)
  ERROR scraping Shiftry: Attempted to use detached Frame 'C0FD0E3614F1BD1B5216E4135DA566A1'.

[276/1025] Taillow -> https://bulbapedia.bulbagarden.net/wiki/Taillow_(Pokémon)
  ERROR scraping Taillow: Attempted to use detached Frame 'C0FD0E3614F1BD1B5216E4135DA566A1'.

[277/1025] Swellow -> https://bulbapedia.bulbagarden.net/wiki/Swellow_(Pokémon)
  ERROR scraping Swellow: Attempted to use detached Frame 'C0FD0E3614F1BD1B5216E4135DA566A1'.

[278/1025] Wingull -> https://bulbapedia.bulbagarden.net/wiki/Wingull_(Pokémon)
  ERROR scraping Wingull: Attempted to use detached Frame 'C0FD0E3614F1BD1B5216E4135DA566A1'.

[279/1025] Pelipper -> https://bulbapedia.bulbagarden.net/wiki/Pelipper_(Pokémon)
  ERROR scraping Pelipper: Attempted to use detached Frame 'C0FD0E3614F1BD1B5216E4135DA566A1'.

[280/1025] Ralts -> https://bulbapedia.bulbagarden.net/wiki/Ralts_(Pokémon)
  ERROR scraping Ralts: Attempted to use detached Frame 'C0FD0E3614F1BD1B5216E4135DA566A1'.

[281/1025] Kirlia -> https://bulbapedia.bulbagarden.net/wiki/Kirlia_(Pokémon)
  ERROR scraping Kirlia: Attempted to use detached Frame 'C0FD0E3614F1BD1B5216E4135DA566A1'.

[282/1025] Gardevoir -> https://bulbapedia.bulbagarden.net/wiki/Gardevoir_(Pokémon)
  ERROR scraping Gardevoir: Attempted to use detached Frame 'C0FD0E3614F1BD1B5216E4135DA566A1'.

[283/1025] Surskit -> https://bulbapedia.bulbagarden.net/wiki/Surskit_(Pokémon)
  ERROR scraping Surskit: Attempted to use detached Frame 'C0FD0E3614F1BD1B5216E4135DA566A1'.

[284/1025] Masquerain -> https://bulbapedia.bulbagarden.net/wiki/Masquerain_(Pokémon)
  ERROR scraping Masquerain: Attempted to use detached Frame 'C0FD0E3614F1BD1B5216E4135DA566A1'.

[285/1025] Shroomish -> https://bulbapedia.bulbagarden.net/wiki/Shroomish_(Pokémon)
  ERROR scraping Shroomish: Attempted to use detached Frame 'C0FD0E3614F1BD1B5216E4135DA566A1'.

[286/1025] Breloom -> https://bulbapedia.bulbagarden.net/wiki/Breloom_(Pokémon)
  ERROR scraping Breloom: Attempted to use detached Frame 'C0FD0E3614F1BD1B5216E4135DA566A1'.

[287/1025] Slakoth -> https://bulbapedia.bulbagarden.net/wiki/Slakoth_(Pokémon)
  ERROR scraping Slakoth: Attempted to use detached Frame 'C0FD0E3614F1BD1B5216E4135DA566A1'.

[288/1025] Vigoroth -> https://bulbapedia.bulbagarden.net/wiki/Vigoroth_(Pokémon)
  ERROR scraping Vigoroth: Attempted to use detached Frame 'C0FD0E3614F1BD1B5216E4135DA566A1'.

[289/1025] Slaking -> https://bulbapedia.bulbagarden.net/wiki/Slaking_(Pokémon)
  ERROR scraping Slaking: Attempted to use detached Frame 'C0FD0E3614F1BD1B5216E4135DA566A1'.

[290/1025] Nincada -> https://bulbapedia.bulbagarden.net/wiki/Nincada_(Pokémon)
  ERROR scraping Nincada: Attempted to use detached Frame 'C0FD0E3614F1BD1B5216E4135DA566A1'.

[291/1025] Ninjask -> https://bulbapedia.bulbagarden.net/wiki/Ninjask_(Pokémon)
  ERROR scraping Ninjask: Attempted to use detached Frame 'C0FD0E3614F1BD1B5216E4135DA566A1'.

[292/1025] Shedinja -> https://bulbapedia.bulbagarden.net/wiki/Shedinja_(Pokémon)
  ERROR scraping Shedinja: Attempted to use detached Frame 'C0FD0E3614F1BD1B5216E4135DA566A1'.

[293/1025] Whismur -> https://bulbapedia.bulbagarden.net/wiki/Whismur_(Pokémon)
  ERROR scraping Whismur: Attempted to use detached Frame 'C0FD0E3614F1BD1B5216E4135DA566A1'.

[294/1025] Loudred -> https://bulbapedia.bulbagarden.net/wiki/Loudred_(Pokémon)
  ERROR scraping Loudred: Attempted to use detached Frame 'C0FD0E3614F1BD1B5216E4135DA566A1'.

[295/1025] Exploud -> https://bulbapedia.bulbagarden.net/wiki/Exploud_(Pokémon)
  ERROR scraping Exploud: Attempted to use detached Frame 'C0FD0E3614F1BD1B5216E4135DA566A1'.

[296/1025] Makuhita -> https://bulbapedia.bulbagarden.net/wiki/Makuhita_(Pokémon)
  ERROR scraping Makuhita: Attempted to use detached Frame 'C0FD0E3614F1BD1B5216E4135DA566A1'.

[297/1025] Hariyama -> https://bulbapedia.bulbagarden.net/wiki/Hariyama_(Pokémon)
  ERROR scraping Hariyama: Attempted to use detached Frame 'C0FD0E3614F1BD1B5216E4135DA566A1'.

[298/1025] Azurill -> https://bulbapedia.bulbagarden.net/wiki/Azurill_(Pokémon)
  ERROR scraping Azurill: Attempted to use detached Frame 'C0FD0E3614F1BD1B5216E4135DA566A1'.

[299/1025] Nosepass -> https://bulbapedia.bulbagarden.net/wiki/Nosepass_(Pokémon)
  ERROR scraping Nosepass: Attempted to use detached Frame 'C0FD0E3614F1BD1B5216E4135DA566A1'.

[300/1025] Skitty -> https://bulbapedia.bulbagarden.net/wiki/Skitty_(Pokémon)
  ERROR scraping Skitty: Attempted to use detached Frame 'C0FD0E3614F1BD1B5216E4135DA566A1'.

[301/1025] Delcatty -> https://bulbapedia.bulbagarden.net/wiki/Delcatty_(Pokémon)
  ERROR scraping Delcatty: Attempted to use detached Frame 'C0FD0E3614F1BD1B5216E4135DA566A1'.

[302/1025] Sableye -> https://bulbapedia.bulbagarden.net/wiki/Sableye_(Pokémon)
  ERROR scraping Sableye: Attempted to use detached Frame 'C0FD0E3614F1BD1B5216E4135DA566A1'.

[303/1025] Mawile -> https://bulbapedia.bulbagarden.net/wiki/Mawile_(Pokémon)
  ERROR scraping Mawile: Attempted to use detached Frame 'C0FD0E3614F1BD1B5216E4135DA566A1'.

[304/1025] Aron -> https://bulbapedia.bulbagarden.net/wiki/Aron_(Pokémon)
  ERROR scraping Aron: Attempted to use detached Frame 'C0FD0E3614F1BD1B5216E4135DA566A1'.

[305/1025] Lairon -> https://bulbapedia.bulbagarden.net/wiki/Lairon_(Pokémon)
  ERROR scraping Lairon: Attempted to use detached Frame 'C0FD0E3614F1BD1B5216E4135DA566A1'.

[306/1025] Aggron -> https://bulbapedia.bulbagarden.net/wiki/Aggron_(Pokémon)
  ERROR scraping Aggron: Attempted to use detached Frame 'C0FD0E3614F1BD1B5216E4135DA566A1'.

[307/1025] Meditite -> https://bulbapedia.bulbagarden.net/wiki/Meditite_(Pokémon)
  ERROR scraping Meditite: Attempted to use detached Frame 'C0FD0E3614F1BD1B5216E4135DA566A1'.

[308/1025] Medicham -> https://bulbapedia.bulbagarden.net/wiki/Medicham_(Pokémon)
  ERROR scraping Medicham: Attempted to use detached Frame 'C0FD0E3614F1BD1B5216E4135DA566A1'.

[309/1025] Electrike -> https://bulbapedia.bulbagarden.net/wiki/Electrike_(Pokémon)
  ERROR scraping Electrike: Attempted to use detached Frame 'C0FD0E3614F1BD1B5216E4135DA566A1'.

[310/1025] Manectric -> https://bulbapedia.bulbagarden.net/wiki/Manectric_(Pokémon)
  ERROR scraping Manectric: Attempted to use detached Frame 'C0FD0E3614F1BD1B5216E4135DA566A1'.

[311/1025] Plusle -> https://bulbapedia.bulbagarden.net/wiki/Plusle_(Pokémon)
  ERROR scraping Plusle: Attempted to use detached Frame 'C0FD0E3614F1BD1B5216E4135DA566A1'.

[312/1025] Minun -> https://bulbapedia.bulbagarden.net/wiki/Minun_(Pokémon)
  ERROR scraping Minun: Attempted to use detached Frame 'C0FD0E3614F1BD1B5216E4135DA566A1'.

[313/1025] Volbeat -> https://bulbapedia.bulbagarden.net/wiki/Volbeat_(Pokémon)
  ERROR scraping Volbeat: Attempted to use detached Frame 'C0FD0E3614F1BD1B5216E4135DA566A1'.

[314/1025] Illumise -> https://bulbapedia.bulbagarden.net/wiki/Illumise_(Pokémon)
  ERROR scraping Illumise: Attempted to use detached Frame 'C0FD0E3614F1BD1B5216E4135DA566A1'.

[315/1025] Roselia -> https://bulbapedia.bulbagarden.net/wiki/Roselia_(Pokémon)
  ERROR scraping Roselia: Attempted to use detached Frame 'C0FD0E3614F1BD1B5216E4135DA566A1'.

[316/1025] Gulpin -> https://bulbapedia.bulbagarden.net/wiki/Gulpin_(Pokémon)
  ERROR scraping Gulpin: Attempted to use detached Frame 'C0FD0E3614F1BD1B5216E4135DA566A1'.

[317/1025] Swalot -> https://bulbapedia.bulbagarden.net/wiki/Swalot_(Pokémon)
  ERROR scraping Swalot: Attempted to use detached Frame 'C0FD0E3614F1BD1B5216E4135DA566A1'.

[318/1025] Carvanha -> https://bulbapedia.bulbagarden.net/wiki/Carvanha_(Pokémon)
  ERROR scraping Carvanha: Attempted to use detached Frame 'C0FD0E3614F1BD1B5216E4135DA566A1'.

[319/1025] Sharpedo -> https://bulbapedia.bulbagarden.net/wiki/Sharpedo_(Pokémon)
  ERROR scraping Sharpedo: Attempted to use detached Frame 'C0FD0E3614F1BD1B5216E4135DA566A1'.

[320/1025] Wailmer -> https://bulbapedia.bulbagarden.net/wiki/Wailmer_(Pokémon)
  ERROR scraping Wailmer: Attempted to use detached Frame 'C0FD0E3614F1BD1B5216E4135DA566A1'.

[321/1025] Wailord -> https://bulbapedia.bulbagarden.net/wiki/Wailord_(Pokémon)
  ERROR scraping Wailord: Attempted to use detached Frame 'C0FD0E3614F1BD1B5216E4135DA566A1'.

[322/1025] Numel -> https://bulbapedia.bulbagarden.net/wiki/Numel_(Pokémon)
  ERROR scraping Numel: Attempted to use detached Frame 'C0FD0E3614F1BD1B5216E4135DA566A1'.

[323/1025] Camerupt -> https://bulbapedia.bulbagarden.net/wiki/Camerupt_(Pokémon)
  ERROR scraping Camerupt: Attempted to use detached Frame 'C0FD0E3614F1BD1B5216E4135DA566A1'.

[324/1025] Torkoal -> https://bulbapedia.bulbagarden.net/wiki/Torkoal_(Pokémon)
  ERROR scraping Torkoal: Attempted to use detached Frame 'C0FD0E3614F1BD1B5216E4135DA566A1'.

[325/1025] Spoink -> https://bulbapedia.bulbagarden.net/wiki/Spoink_(Pokémon)
  ERROR scraping Spoink: Attempted to use detached Frame 'C0FD0E3614F1BD1B5216E4135DA566A1'.

[326/1025] Grumpig -> https://bulbapedia.bulbagarden.net/wiki/Grumpig_(Pokémon)
  ERROR scraping Grumpig: Attempted to use detached Frame 'C0FD0E3614F1BD1B5216E4135DA566A1'.

[327/1025] Spinda -> https://bulbapedia.bulbagarden.net/wiki/Spinda_(Pokémon)
  ERROR scraping Spinda: Attempted to use detached Frame 'C0FD0E3614F1BD1B5216E4135DA566A1'.

[328/1025] Trapinch -> https://bulbapedia.bulbagarden.net/wiki/Trapinch_(Pokémon)
  ERROR scraping Trapinch: Attempted to use detached Frame 'C0FD0E3614F1BD1B5216E4135DA566A1'.

[329/1025] Vibrava -> https://bulbapedia.bulbagarden.net/wiki/Vibrava_(Pokémon)
  ERROR scraping Vibrava: Attempted to use detached Frame 'C0FD0E3614F1BD1B5216E4135DA566A1'.

[330/1025] Flygon -> https://bulbapedia.bulbagarden.net/wiki/Flygon_(Pokémon)
  ERROR scraping Flygon: Attempted to use detached Frame 'C0FD0E3614F1BD1B5216E4135DA566A1'.

[331/1025] Cacnea -> https://bulbapedia.bulbagarden.net/wiki/Cacnea_(Pokémon)
  ERROR scraping Cacnea: Attempted to use detached Frame 'C0FD0E3614F1BD1B5216E4135DA566A1'.

[332/1025] Cacturne -> https://bulbapedia.bulbagarden.net/wiki/Cacturne_(Pokémon)
  ERROR scraping Cacturne: Attempted to use detached Frame 'C0FD0E3614F1BD1B5216E4135DA566A1'.

[333/1025] Swablu -> https://bulbapedia.bulbagarden.net/wiki/Swablu_(Pokémon)
  ERROR scraping Swablu: Attempted to use detached Frame 'C0FD0E3614F1BD1B5216E4135DA566A1'.

[334/1025] Altaria -> https://bulbapedia.bulbagarden.net/wiki/Altaria_(Pokémon)
  ERROR scraping Altaria: Attempted to use detached Frame 'C0FD0E3614F1BD1B5216E4135DA566A1'.

[335/1025] Zangoose -> https://bulbapedia.bulbagarden.net/wiki/Zangoose_(Pokémon)
  ERROR scraping Zangoose: Attempted to use detached Frame 'C0FD0E3614F1BD1B5216E4135DA566A1'.

[336/1025] Seviper -> https://bulbapedia.bulbagarden.net/wiki/Seviper_(Pokémon)
  ERROR scraping Seviper: Attempted to use detached Frame 'C0FD0E3614F1BD1B5216E4135DA566A1'.

[337/1025] Lunatone -> https://bulbapedia.bulbagarden.net/wiki/Lunatone_(Pokémon)
  ERROR scraping Lunatone: Attempted to use detached Frame 'C0FD0E3614F1BD1B5216E4135DA566A1'.

[338/1025] Sol -> https://bulbapedia.bulbagarden.net/wiki/Sol_(Pokémon)
  ERROR scraping Sol: Attempted to use detached Frame 'C0FD0E3614F1BD1B5216E4135DA566A1'.

[339/1025] Barboach -> https://bulbapedia.bulbagarden.net/wiki/Barboach_(Pokémon)
  ERROR scraping Barboach: Attempted to use detached Frame 'C0FD0E3614F1BD1B5216E4135DA566A1'.

[340/1025] Whiscash -> https://bulbapedia.bulbagarden.net/wiki/Whiscash_(Pokémon)
  ERROR scraping Whiscash: Attempted to use detached Frame 'C0FD0E3614F1BD1B5216E4135DA566A1'.

[341/1025] Corphish -> https://bulbapedia.bulbagarden.net/wiki/Corphish_(Pokémon)
  ERROR scraping Corphish: Attempted to use detached Frame 'C0FD0E3614F1BD1B5216E4135DA566A1'.

[342/1025] Crawdaunt -> https://bulbapedia.bulbagarden.net/wiki/Crawdaunt_(Pokémon)
  ERROR scraping Crawdaunt: Attempted to use detached Frame 'C0FD0E3614F1BD1B5216E4135DA566A1'.

[343/1025] Baltoy -> https://bulbapedia.bulbagarden.net/wiki/Baltoy_(Pokémon)
  ERROR scraping Baltoy: Attempted to use detached Frame 'C0FD0E3614F1BD1B5216E4135DA566A1'.

[344/1025] Claydol -> https://bulbapedia.bulbagarden.net/wiki/Claydol_(Pokémon)
  ERROR scraping Claydol: Attempted to use detached Frame 'C0FD0E3614F1BD1B5216E4135DA566A1'.

[345/1025] Lileep -> https://bulbapedia.bulbagarden.net/wiki/Lileep_(Pokémon)
  ERROR scraping Lileep: Attempted to use detached Frame 'C0FD0E3614F1BD1B5216E4135DA566A1'.

[346/1025] Cradily -> https://bulbapedia.bulbagarden.net/wiki/Cradily_(Pokémon)
  ERROR scraping Cradily: Attempted to use detached Frame 'C0FD0E3614F1BD1B5216E4135DA566A1'.

[347/1025] Anorith -> https://bulbapedia.bulbagarden.net/wiki/Anorith_(Pokémon)
  ERROR scraping Anorith: Attempted to use detached Frame 'C0FD0E3614F1BD1B5216E4135DA566A1'.

[348/1025] Armaldo -> https://bulbapedia.bulbagarden.net/wiki/Armaldo_(Pokémon)
  ERROR scraping Armaldo: Attempted to use detached Frame 'C0FD0E3614F1BD1B5216E4135DA566A1'.

[349/1025] Feebas -> https://bulbapedia.bulbagarden.net/wiki/Feebas_(Pokémon)
  ERROR scraping Feebas: Attempted to use detached Frame 'C0FD0E3614F1BD1B5216E4135DA566A1'.

[350/1025] Milotic -> https://bulbapedia.bulbagarden.net/wiki/Milotic_(Pokémon)
  ERROR scraping Milotic: Attempted to use detached Frame 'C0FD0E3614F1BD1B5216E4135DA566A1'.

[351/1025] Castform -> https://bulbapedia.bulbagarden.net/wiki/Castform_(Pokémon)
  ERROR scraping Castform: Attempted to use detached Frame 'C0FD0E3614F1BD1B5216E4135DA566A1'.

[352/1025] Kecleon -> https://bulbapedia.bulbagarden.net/wiki/Kecleon_(Pokémon)
  ERROR scraping Kecleon: Attempted to use detached Frame 'C0FD0E3614F1BD1B5216E4135DA566A1'.

[353/1025] Shuppet -> https://bulbapedia.bulbagarden.net/wiki/Shuppet_(Pokémon)
  ERROR scraping Shuppet: Attempted to use detached Frame 'C0FD0E3614F1BD1B5216E4135DA566A1'.

[354/1025] Banette -> https://bulbapedia.bulbagarden.net/wiki/Banette_(Pokémon)
  ERROR scraping Banette: Attempted to use detached Frame 'C0FD0E3614F1BD1B5216E4135DA566A1'.

[355/1025] Duskull -> https://bulbapedia.bulbagarden.net/wiki/Duskull_(Pokémon)
  ERROR scraping Duskull: Attempted to use detached Frame 'C0FD0E3614F1BD1B5216E4135DA566A1'.

[356/1025] Dusclops -> https://bulbapedia.bulbagarden.net/wiki/Dusclops_(Pokémon)
  ERROR scraping Dusclops: Attempted to use detached Frame 'C0FD0E3614F1BD1B5216E4135DA566A1'.

[357/1025] Tropius -> https://bulbapedia.bulbagarden.net/wiki/Tropius_(Pokémon)
  ERROR scraping Tropius: Attempted to use detached Frame 'C0FD0E3614F1BD1B5216E4135DA566A1'.

[358/1025] Chimecho -> https://bulbapedia.bulbagarden.net/wiki/Chimecho_(Pokémon)
  ERROR scraping Chimecho: Attempted to use detached Frame 'C0FD0E3614F1BD1B5216E4135DA566A1'.

[359/1025] Absol -> https://bulbapedia.bulbagarden.net/wiki/Absol_(Pokémon)
  ERROR scraping Absol: Attempted to use detached Frame 'C0FD0E3614F1BD1B5216E4135DA566A1'.

[360/1025] Wynaut -> https://bulbapedia.bulbagarden.net/wiki/Wynaut_(Pokémon)
  ERROR scraping Wynaut: Attempted to use detached Frame 'C0FD0E3614F1BD1B5216E4135DA566A1'.

[361/1025] Snorunt -> https://bulbapedia.bulbagarden.net/wiki/Snorunt_(Pokémon)
  ERROR scraping Snorunt: Attempted to use detached Frame 'C0FD0E3614F1BD1B5216E4135DA566A1'.

[362/1025] Glalie -> https://bulbapedia.bulbagarden.net/wiki/Glalie_(Pokémon)
  ERROR scraping Glalie: Attempted to use detached Frame 'C0FD0E3614F1BD1B5216E4135DA566A1'.

[363/1025] Spheal -> https://bulbapedia.bulbagarden.net/wiki/Spheal_(Pokémon)
  ERROR scraping Spheal: Attempted to use detached Frame 'C0FD0E3614F1BD1B5216E4135DA566A1'.

[364/1025] Sealeo -> https://bulbapedia.bulbagarden.net/wiki/Sealeo_(Pokémon)
  ERROR scraping Sealeo: Attempted to use detached Frame 'C0FD0E3614F1BD1B5216E4135DA566A1'.

[365/1025] Walrein -> https://bulbapedia.bulbagarden.net/wiki/Walrein_(Pokémon)
  ERROR scraping Walrein: Attempted to use detached Frame 'C0FD0E3614F1BD1B5216E4135DA566A1'.

[366/1025] Clamperl -> https://bulbapedia.bulbagarden.net/wiki/Clamperl_(Pokémon)
  ERROR scraping Clamperl: Attempted to use detached Frame 'C0FD0E3614F1BD1B5216E4135DA566A1'.

[367/1025] Huntail -> https://bulbapedia.bulbagarden.net/wiki/Huntail_(Pokémon)
  ERROR scraping Huntail: Attempted to use detached Frame 'C0FD0E3614F1BD1B5216E4135DA566A1'.

[368/1025] Gorebyss -> https://bulbapedia.bulbagarden.net/wiki/Gorebyss_(Pokémon)
  ERROR scraping Gorebyss: Attempted to use detached Frame 'C0FD0E3614F1BD1B5216E4135DA566A1'.

[369/1025] Relicanth -> https://bulbapedia.bulbagarden.net/wiki/Relicanth_(Pokémon)
  ERROR scraping Relicanth: Attempted to use detached Frame 'C0FD0E3614F1BD1B5216E4135DA566A1'.

[370/1025] Luvdisc -> https://bulbapedia.bulbagarden.net/wiki/Luvdisc_(Pokémon)
  ERROR scraping Luvdisc: Attempted to use detached Frame 'C0FD0E3614F1BD1B5216E4135DA566A1'.

[371/1025] Bagon -> https://bulbapedia.bulbagarden.net/wiki/Bagon_(Pokémon)
  ERROR scraping Bagon: Attempted to use detached Frame 'C0FD0E3614F1BD1B5216E4135DA566A1'.

[372/1025] Shelgon -> https://bulbapedia.bulbagarden.net/wiki/Shelgon_(Pokémon)
  ERROR scraping Shelgon: Attempted to use detached Frame 'C0FD0E3614F1BD1B5216E4135DA566A1'.

[373/1025] Salamence -> https://bulbapedia.bulbagarden.net/wiki/Salamence_(Pokémon)
  ERROR scraping Salamence: Attempted to use detached Frame 'C0FD0E3614F1BD1B5216E4135DA566A1'.

[374/1025] Beldum -> https://bulbapedia.bulbagarden.net/wiki/Beldum_(Pokémon)
  ERROR scraping Beldum: Attempted to use detached Frame 'C0FD0E3614F1BD1B5216E4135DA566A1'.

[375/1025] Metang -> https://bulbapedia.bulbagarden.net/wiki/Metang_(Pokémon)
  ERROR scraping Metang: Attempted to use detached Frame 'C0FD0E3614F1BD1B5216E4135DA566A1'.

[376/1025] Metagross -> https://bulbapedia.bulbagarden.net/wiki/Metagross_(Pokémon)
  ERROR scraping Metagross: Attempted to use detached Frame 'C0FD0E3614F1BD1B5216E4135DA566A1'.

[377/1025] Regirock -> https://bulbapedia.bulbagarden.net/wiki/Regirock_(Pokémon)
  ERROR scraping Regirock: Attempted to use detached Frame 'C0FD0E3614F1BD1B5216E4135DA566A1'.

[378/1025] Regice -> https://bulbapedia.bulbagarden.net/wiki/Regice_(Pokémon)
  ERROR scraping Regice: Attempted to use detached Frame 'C0FD0E3614F1BD1B5216E4135DA566A1'.

[379/1025] Registeel -> https://bulbapedia.bulbagarden.net/wiki/Registeel_(Pokémon)
  ERROR scraping Registeel: Attempted to use detached Frame 'C0FD0E3614F1BD1B5216E4135DA566A1'.

[380/1025] Latias -> https://bulbapedia.bulbagarden.net/wiki/Latias_(Pokémon)
  ERROR scraping Latias: Attempted to use detached Frame 'C0FD0E3614F1BD1B5216E4135DA566A1'.

[381/1025] Latios -> https://bulbapedia.bulbagarden.net/wiki/Latios_(Pokémon)
  ERROR scraping Latios: Attempted to use detached Frame 'C0FD0E3614F1BD1B5216E4135DA566A1'.

[382/1025] Kyogre -> https://bulbapedia.bulbagarden.net/wiki/Kyogre_(Pokémon)
  ERROR scraping Kyogre: Attempted to use detached Frame 'C0FD0E3614F1BD1B5216E4135DA566A1'.

[383/1025] Groudon -> https://bulbapedia.bulbagarden.net/wiki/Groudon_(Pokémon)
  ERROR scraping Groudon: Attempted to use detached Frame 'C0FD0E3614F1BD1B5216E4135DA566A1'.

[384/1025] Rayquaza -> https://bulbapedia.bulbagarden.net/wiki/Rayquaza_(Pokémon)
  ERROR scraping Rayquaza: Attempted to use detached Frame 'C0FD0E3614F1BD1B5216E4135DA566A1'.

[385/1025] Jirachi -> https://bulbapedia.bulbagarden.net/wiki/Jirachi_(Pokémon)
  ERROR scraping Jirachi: Attempted to use detached Frame 'C0FD0E3614F1BD1B5216E4135DA566A1'.

[386/1025] Deoxys -> https://bulbapedia.bulbagarden.net/wiki/Deoxys_(Pokémon)
  ERROR scraping Deoxys: Attempted to use detached Frame 'C0FD0E3614F1BD1B5216E4135DA566A1'.

[387/1025] Turtwig -> https://bulbapedia.bulbagarden.net/wiki/Turtwig_(Pokémon)
  ERROR scraping Turtwig: Attempted to use detached Frame 'C0FD0E3614F1BD1B5216E4135DA566A1'.

[388/1025] Grotle -> https://bulbapedia.bulbagarden.net/wiki/Grotle_(Pokémon)
  ERROR scraping Grotle: Attempted to use detached Frame 'C0FD0E3614F1BD1B5216E4135DA566A1'.

[389/1025] Torterra -> https://bulbapedia.bulbagarden.net/wiki/Torterra_(Pokémon)
  ERROR scraping Torterra: Attempted to use detached Frame 'C0FD0E3614F1BD1B5216E4135DA566A1'.

[390/1025] Chimchar -> https://bulbapedia.bulbagarden.net/wiki/Chimchar_(Pokémon)
  ERROR scraping Chimchar: Attempted to use detached Frame 'C0FD0E3614F1BD1B5216E4135DA566A1'.

[391/1025] Monferno -> https://bulbapedia.bulbagarden.net/wiki/Monferno_(Pokémon)
  ERROR scraping Monferno: Attempted to use detached Frame 'C0FD0E3614F1BD1B5216E4135DA566A1'.

[392/1025] Infernape -> https://bulbapedia.bulbagarden.net/wiki/Infernape_(Pokémon)
  ERROR scraping Infernape: Attempted to use detached Frame 'C0FD0E3614F1BD1B5216E4135DA566A1'.

[393/1025] Piplup -> https://bulbapedia.bulbagarden.net/wiki/Piplup_(Pokémon)
  ERROR scraping Piplup: Attempted to use detached Frame 'C0FD0E3614F1BD1B5216E4135DA566A1'.

[394/1025] Prinplup -> https://bulbapedia.bulbagarden.net/wiki/Prinplup_(Pokémon)
  ERROR scraping Prinplup: Attempted to use detached Frame 'C0FD0E3614F1BD1B5216E4135DA566A1'.

[395/1025] Empoleon -> https://bulbapedia.bulbagarden.net/wiki/Empoleon_(Pokémon)
  ERROR scraping Empoleon: Attempted to use detached Frame 'C0FD0E3614F1BD1B5216E4135DA566A1'.

[396/1025] Starly -> https://bulbapedia.bulbagarden.net/wiki/Starly_(Pokémon)
  ERROR scraping Starly: Attempted to use detached Frame 'C0FD0E3614F1BD1B5216E4135DA566A1'.

[397/1025] Staravia -> https://bulbapedia.bulbagarden.net/wiki/Staravia_(Pokémon)
  ERROR scraping Staravia: Attempted to use detached Frame 'C0FD0E3614F1BD1B5216E4135DA566A1'.

[398/1025] Staraptor -> https://bulbapedia.bulbagarden.net/wiki/Staraptor_(Pokémon)
  ERROR scraping Staraptor: Attempted to use detached Frame 'C0FD0E3614F1BD1B5216E4135DA566A1'.

[399/1025] Bidoof -> https://bulbapedia.bulbagarden.net/wiki/Bidoof_(Pokémon)
  ERROR scraping Bidoof: Attempted to use detached Frame 'C0FD0E3614F1BD1B5216E4135DA566A1'.

[400/1025] Bibarel -> https://bulbapedia.bulbagarden.net/wiki/Bibarel_(Pokémon)
  ERROR scraping Bibarel: Attempted to use detached Frame 'C0FD0E3614F1BD1B5216E4135DA566A1'.

[401/1025] Kricketot -> https://bulbapedia.bulbagarden.net/wiki/Kricketot_(Pokémon)
  ERROR scraping Kricketot: Attempted to use detached Frame 'C0FD0E3614F1BD1B5216E4135DA566A1'.

[402/1025] Kricketune -> https://bulbapedia.bulbagarden.net/wiki/Kricketune_(Pokémon)
  ERROR scraping Kricketune: Attempted to use detached Frame 'C0FD0E3614F1BD1B5216E4135DA566A1'.

[403/1025] Shinx -> https://bulbapedia.bulbagarden.net/wiki/Shinx_(Pokémon)
  ERROR scraping Shinx: Attempted to use detached Frame 'C0FD0E3614F1BD1B5216E4135DA566A1'.

[404/1025] Luxio -> https://bulbapedia.bulbagarden.net/wiki/Luxio_(Pokémon)
  ERROR scraping Luxio: Attempted to use detached Frame 'C0FD0E3614F1BD1B5216E4135DA566A1'.

[405/1025] Luxray -> https://bulbapedia.bulbagarden.net/wiki/Luxray_(Pokémon)
  ERROR scraping Luxray: Attempted to use detached Frame 'C0FD0E3614F1BD1B5216E4135DA566A1'.

[406/1025] Budew -> https://bulbapedia.bulbagarden.net/wiki/Budew_(Pokémon)
  ERROR scraping Budew: Attempted to use detached Frame 'C0FD0E3614F1BD1B5216E4135DA566A1'.

[407/1025] Roserade -> https://bulbapedia.bulbagarden.net/wiki/Roserade_(Pokémon)
  ERROR scraping Roserade: Attempted to use detached Frame 'C0FD0E3614F1BD1B5216E4135DA566A1'.

[408/1025] Cranidos -> https://bulbapedia.bulbagarden.net/wiki/Cranidos_(Pokémon)
  ERROR scraping Cranidos: Attempted to use detached Frame 'C0FD0E3614F1BD1B5216E4135DA566A1'.

[409/1025] Rampardos -> https://bulbapedia.bulbagarden.net/wiki/Rampardos_(Pokémon)
  ERROR scraping Rampardos: Attempted to use detached Frame 'C0FD0E3614F1BD1B5216E4135DA566A1'.

[410/1025] Shieldon -> https://bulbapedia.bulbagarden.net/wiki/Shieldon_(Pokémon)
  ERROR scraping Shieldon: Attempted to use detached Frame 'C0FD0E3614F1BD1B5216E4135DA566A1'.

[411/1025] Bastiodon -> https://bulbapedia.bulbagarden.net/wiki/Bastiodon_(Pokémon)
  ERROR scraping Bastiodon: Attempted to use detached Frame 'C0FD0E3614F1BD1B5216E4135DA566A1'.

[412/1025] Burmy -> https://bulbapedia.bulbagarden.net/wiki/Burmy_(Pokémon)
  ERROR scraping Burmy: Attempted to use detached Frame 'C0FD0E3614F1BD1B5216E4135DA566A1'.

[413/1025] Wormadam -> https://bulbapedia.bulbagarden.net/wiki/Wormadam_(Pokémon)
  ERROR scraping Wormadam: Attempted to use detached Frame 'C0FD0E3614F1BD1B5216E4135DA566A1'.

[414/1025] Mothim -> https://bulbapedia.bulbagarden.net/wiki/Mothim_(Pokémon)
  ERROR scraping Mothim: Attempted to use detached Frame 'C0FD0E3614F1BD1B5216E4135DA566A1'.

[415/1025] Combee -> https://bulbapedia.bulbagarden.net/wiki/Combee_(Pokémon)
  ERROR scraping Combee: Attempted to use detached Frame 'C0FD0E3614F1BD1B5216E4135DA566A1'.

[416/1025] Vespiquen -> https://bulbapedia.bulbagarden.net/wiki/Vespiquen_(Pokémon)
  ERROR scraping Vespiquen: Attempted to use detached Frame 'C0FD0E3614F1BD1B5216E4135DA566A1'.

[417/1025] Pachirisu -> https://bulbapedia.bulbagarden.net/wiki/Pachirisu_(Pokémon)
  ERROR scraping Pachirisu: Attempted to use detached Frame 'C0FD0E3614F1BD1B5216E4135DA566A1'.

[418/1025] Buizel -> https://bulbapedia.bulbagarden.net/wiki/Buizel_(Pokémon)
  ERROR scraping Buizel: Attempted to use detached Frame 'C0FD0E3614F1BD1B5216E4135DA566A1'.

[419/1025] Floatzel -> https://bulbapedia.bulbagarden.net/wiki/Floatzel_(Pokémon)
  ERROR scraping Floatzel: Attempted to use detached Frame 'C0FD0E3614F1BD1B5216E4135DA566A1'.

[420/1025] Cherubi -> https://bulbapedia.bulbagarden.net/wiki/Cherubi_(Pokémon)
  ERROR scraping Cherubi: Attempted to use detached Frame 'C0FD0E3614F1BD1B5216E4135DA566A1'.

[421/1025] Cherrim -> https://bulbapedia.bulbagarden.net/wiki/Cherrim_(Pokémon)
  ERROR scraping Cherrim: Attempted to use detached Frame 'C0FD0E3614F1BD1B5216E4135DA566A1'.

[422/1025] Shellos -> https://bulbapedia.bulbagarden.net/wiki/Shellos_(Pokémon)
  ERROR scraping Shellos: Attempted to use detached Frame 'C0FD0E3614F1BD1B5216E4135DA566A1'.

[423/1025] Gastrodon -> https://bulbapedia.bulbagarden.net/wiki/Gastrodon_(Pokémon)
  ERROR scraping Gastrodon: Attempted to use detached Frame 'C0FD0E3614F1BD1B5216E4135DA566A1'.

[424/1025] Ambipom -> https://bulbapedia.bulbagarden.net/wiki/Ambipom_(Pokémon)
  ERROR scraping Ambipom: Attempted to use detached Frame 'C0FD0E3614F1BD1B5216E4135DA566A1'.

[425/1025] Drifloon -> https://bulbapedia.bulbagarden.net/wiki/Drifloon_(Pokémon)
  ERROR scraping Drifloon: Attempted to use detached Frame 'C0FD0E3614F1BD1B5216E4135DA566A1'.

[426/1025] Drifblim -> https://bulbapedia.bulbagarden.net/wiki/Drifblim_(Pokémon)
  ERROR scraping Drifblim: Attempted to use detached Frame 'C0FD0E3614F1BD1B5216E4135DA566A1'.

[427/1025] Buneary -> https://bulbapedia.bulbagarden.net/wiki/Buneary_(Pokémon)
  ERROR scraping Buneary: Attempted to use detached Frame 'C0FD0E3614F1BD1B5216E4135DA566A1'.

[428/1025] Lopunny -> https://bulbapedia.bulbagarden.net/wiki/Lopunny_(Pokémon)
  ERROR scraping Lopunny: Attempted to use detached Frame 'C0FD0E3614F1BD1B5216E4135DA566A1'.

[429/1025] Mismagius -> https://bulbapedia.bulbagarden.net/wiki/Mismagius_(Pokémon)
  ERROR scraping Mismagius: Attempted to use detached Frame 'C0FD0E3614F1BD1B5216E4135DA566A1'.

[430/1025] Honchkrow -> https://bulbapedia.bulbagarden.net/wiki/Honchkrow_(Pokémon)
  ERROR scraping Honchkrow: Attempted to use detached Frame 'C0FD0E3614F1BD1B5216E4135DA566A1'.

[431/1025] Glameow -> https://bulbapedia.bulbagarden.net/wiki/Glameow_(Pokémon)
  ERROR scraping Glameow: Attempted to use detached Frame 'C0FD0E3614F1BD1B5216E4135DA566A1'.

[432/1025] Purugly -> https://bulbapedia.bulbagarden.net/wiki/Purugly_(Pokémon)
  ERROR scraping Purugly: Attempted to use detached Frame 'C0FD0E3614F1BD1B5216E4135DA566A1'.

[433/1025] Chingling -> https://bulbapedia.bulbagarden.net/wiki/Chingling_(Pokémon)
  ERROR scraping Chingling: Attempted to use detached Frame 'C0FD0E3614F1BD1B5216E4135DA566A1'.

[434/1025] Stunky -> https://bulbapedia.bulbagarden.net/wiki/Stunky_(Pokémon)
  ERROR scraping Stunky: Attempted to use detached Frame 'C0FD0E3614F1BD1B5216E4135DA566A1'.

[435/1025] Skuntank -> https://bulbapedia.bulbagarden.net/wiki/Skuntank_(Pokémon)
  ERROR scraping Skuntank: Attempted to use detached Frame 'C0FD0E3614F1BD1B5216E4135DA566A1'.

[436/1025] Bronzor -> https://bulbapedia.bulbagarden.net/wiki/Bronzor_(Pokémon)
  ERROR scraping Bronzor: Attempted to use detached Frame 'C0FD0E3614F1BD1B5216E4135DA566A1'.

[437/1025] Bronzong -> https://bulbapedia.bulbagarden.net/wiki/Bronzong_(Pokémon)
  ERROR scraping Bronzong: Attempted to use detached Frame 'C0FD0E3614F1BD1B5216E4135DA566A1'.

[438/1025] Bonsly -> https://bulbapedia.bulbagarden.net/wiki/Bonsly_(Pokémon)
  ERROR scraping Bonsly: Attempted to use detached Frame 'C0FD0E3614F1BD1B5216E4135DA566A1'.

[439/1025] Mime Jr. -> https://bulbapedia.bulbagarden.net/wiki/Mime%20Jr._(Pokémon)
  ERROR scraping Mime Jr.: Attempted to use detached Frame 'C0FD0E3614F1BD1B5216E4135DA566A1'.

[440/1025] Happiny -> https://bulbapedia.bulbagarden.net/wiki/Happiny_(Pokémon)
  ERROR scraping Happiny: Attempted to use detached Frame 'C0FD0E3614F1BD1B5216E4135DA566A1'.

[441/1025] Chatot -> https://bulbapedia.bulbagarden.net/wiki/Chatot_(Pokémon)
  ERROR scraping Chatot: Attempted to use detached Frame 'C0FD0E3614F1BD1B5216E4135DA566A1'.

[442/1025] Spiritomb -> https://bulbapedia.bulbagarden.net/wiki/Spiritomb_(Pokémon)
  ERROR scraping Spiritomb: Attempted to use detached Frame 'C0FD0E3614F1BD1B5216E4135DA566A1'.

[443/1025] Gible -> https://bulbapedia.bulbagarden.net/wiki/Gible_(Pokémon)
  ERROR scraping Gible: Attempted to use detached Frame 'C0FD0E3614F1BD1B5216E4135DA566A1'.

[444/1025] Gabite -> https://bulbapedia.bulbagarden.net/wiki/Gabite_(Pokémon)
  ERROR scraping Gabite: Attempted to use detached Frame 'C0FD0E3614F1BD1B5216E4135DA566A1'.

[445/1025] Garchomp -> https://bulbapedia.bulbagarden.net/wiki/Garchomp_(Pokémon)
  ERROR scraping Garchomp: Attempted to use detached Frame 'C0FD0E3614F1BD1B5216E4135DA566A1'.

[446/1025] Munchlax -> https://bulbapedia.bulbagarden.net/wiki/Munchlax_(Pokémon)
  ERROR scraping Munchlax: Attempted to use detached Frame 'C0FD0E3614F1BD1B5216E4135DA566A1'.

[447/1025] Riolu -> https://bulbapedia.bulbagarden.net/wiki/Riolu_(Pokémon)
  ERROR scraping Riolu: Attempted to use detached Frame 'C0FD0E3614F1BD1B5216E4135DA566A1'.

[448/1025] Lucario -> https://bulbapedia.bulbagarden.net/wiki/Lucario_(Pokémon)
  ERROR scraping Lucario: Attempted to use detached Frame 'C0FD0E3614F1BD1B5216E4135DA566A1'.

[449/1025] Hippopotas -> https://bulbapedia.bulbagarden.net/wiki/Hippopotas_(Pokémon)
  ERROR scraping Hippopotas: Attempted to use detached Frame 'C0FD0E3614F1BD1B5216E4135DA566A1'.

[450/1025] Hippowdon -> https://bulbapedia.bulbagarden.net/wiki/Hippowdon_(Pokémon)
  ERROR scraping Hippowdon: Attempted to use detached Frame 'C0FD0E3614F1BD1B5216E4135DA566A1'.

[451/1025] Skorupi -> https://bulbapedia.bulbagarden.net/wiki/Skorupi_(Pokémon)
  ERROR scraping Skorupi: Attempted to use detached Frame 'C0FD0E3614F1BD1B5216E4135DA566A1'.

[452/1025] Drapion -> https://bulbapedia.bulbagarden.net/wiki/Drapion_(Pokémon)
  ERROR scraping Drapion: Attempted to use detached Frame 'C0FD0E3614F1BD1B5216E4135DA566A1'.

[453/1025] Croagunk -> https://bulbapedia.bulbagarden.net/wiki/Croagunk_(Pokémon)
  ERROR scraping Croagunk: Attempted to use detached Frame 'C0FD0E3614F1BD1B5216E4135DA566A1'.

[454/1025] Toxicroak -> https://bulbapedia.bulbagarden.net/wiki/Toxicroak_(Pokémon)
  ERROR scraping Toxicroak: Attempted to use detached Frame 'C0FD0E3614F1BD1B5216E4135DA566A1'.

[455/1025] Carnivine -> https://bulbapedia.bulbagarden.net/wiki/Carnivine_(Pokémon)
  ERROR scraping Carnivine: Attempted to use detached Frame 'C0FD0E3614F1BD1B5216E4135DA566A1'.

[456/1025] Finneon -> https://bulbapedia.bulbagarden.net/wiki/Finneon_(Pokémon)
  ERROR scraping Finneon: Attempted to use detached Frame 'C0FD0E3614F1BD1B5216E4135DA566A1'.

[457/1025] Lumineon -> https://bulbapedia.bulbagarden.net/wiki/Lumineon_(Pokémon)
  ERROR scraping Lumineon: Attempted to use detached Frame 'C0FD0E3614F1BD1B5216E4135DA566A1'.

[458/1025] Mantyke -> https://bulbapedia.bulbagarden.net/wiki/Mantyke_(Pokémon)
  ERROR scraping Mantyke: Attempted to use detached Frame 'C0FD0E3614F1BD1B5216E4135DA566A1'.

[459/1025] Snover -> https://bulbapedia.bulbagarden.net/wiki/Snover_(Pokémon)
  ERROR scraping Snover: Attempted to use detached Frame 'C0FD0E3614F1BD1B5216E4135DA566A1'.

[460/1025] Abomasnow -> https://bulbapedia.bulbagarden.net/wiki/Abomasnow_(Pokémon)
  ERROR scraping Abomasnow: Attempted to use detached Frame 'C0FD0E3614F1BD1B5216E4135DA566A1'.

[461/1025] Weavile -> https://bulbapedia.bulbagarden.net/wiki/Weavile_(Pokémon)
  ERROR scraping Weavile: Attempted to use detached Frame 'C0FD0E3614F1BD1B5216E4135DA566A1'.

[462/1025] Magnezone -> https://bulbapedia.bulbagarden.net/wiki/Magnezone_(Pokémon)
  ERROR scraping Magnezone: Attempted to use detached Frame 'C0FD0E3614F1BD1B5216E4135DA566A1'.

[463/1025] Lickilicky -> https://bulbapedia.bulbagarden.net/wiki/Lickilicky_(Pokémon)
  ERROR scraping Lickilicky: Attempted to use detached Frame 'C0FD0E3614F1BD1B5216E4135DA566A1'.

[464/1025] Rhyperior -> https://bulbapedia.bulbagarden.net/wiki/Rhyperior_(Pokémon)
  ERROR scraping Rhyperior: Attempted to use detached Frame 'C0FD0E3614F1BD1B5216E4135DA566A1'.

[465/1025] Tangrowth -> https://bulbapedia.bulbagarden.net/wiki/Tangrowth_(Pokémon)
  ERROR scraping Tangrowth: Attempted to use detached Frame 'C0FD0E3614F1BD1B5216E4135DA566A1'.

[466/1025] Electivire -> https://bulbapedia.bulbagarden.net/wiki/Electivire_(Pokémon)
  ERROR scraping Electivire: Attempted to use detached Frame 'C0FD0E3614F1BD1B5216E4135DA566A1'.

[467/1025] Magmortar -> https://bulbapedia.bulbagarden.net/wiki/Magmortar_(Pokémon)
  ERROR scraping Magmortar: Attempted to use detached Frame 'C0FD0E3614F1BD1B5216E4135DA566A1'.

[468/1025] Togekiss -> https://bulbapedia.bulbagarden.net/wiki/Togekiss_(Pokémon)
  ERROR scraping Togekiss: Attempted to use detached Frame 'C0FD0E3614F1BD1B5216E4135DA566A1'.

[469/1025] Yanmega -> https://bulbapedia.bulbagarden.net/wiki/Yanmega_(Pokémon)
  ERROR scraping Yanmega: Attempted to use detached Frame 'C0FD0E3614F1BD1B5216E4135DA566A1'.

[470/1025] Leafeon -> https://bulbapedia.bulbagarden.net/wiki/Leafeon_(Pokémon)
  ERROR scraping Leafeon: Attempted to use detached Frame 'C0FD0E3614F1BD1B5216E4135DA566A1'.

[471/1025] Glaceon -> https://bulbapedia.bulbagarden.net/wiki/Glaceon_(Pokémon)
  ERROR scraping Glaceon: Attempted to use detached Frame 'C0FD0E3614F1BD1B5216E4135DA566A1'.

[472/1025] Gliscor -> https://bulbapedia.bulbagarden.net/wiki/Gliscor_(Pokémon)
  ERROR scraping Gliscor: Attempted to use detached Frame 'C0FD0E3614F1BD1B5216E4135DA566A1'.

[473/1025] Mamoswine -> https://bulbapedia.bulbagarden.net/wiki/Mamoswine_(Pokémon)
  ERROR scraping Mamoswine: Attempted to use detached Frame 'C0FD0E3614F1BD1B5216E4135DA566A1'.

[474/1025] Porygon-Z -> https://bulbapedia.bulbagarden.net/wiki/Porygon-Z_(Pokémon)
  ERROR scraping Porygon-Z: Attempted to use detached Frame 'C0FD0E3614F1BD1B5216E4135DA566A1'.

[475/1025] Gallade -> https://bulbapedia.bulbagarden.net/wiki/Gallade_(Pokémon)
  ERROR scraping Gallade: Attempted to use detached Frame 'C0FD0E3614F1BD1B5216E4135DA566A1'.

[476/1025] Probopass -> https://bulbapedia.bulbagarden.net/wiki/Probopass_(Pokémon)
  ERROR scraping Probopass: Attempted to use detached Frame 'C0FD0E3614F1BD1B5216E4135DA566A1'.

[477/1025] Dusknoir -> https://bulbapedia.bulbagarden.net/wiki/Dusknoir_(Pokémon)
  ERROR scraping Dusknoir: Attempted to use detached Frame 'C0FD0E3614F1BD1B5216E4135DA566A1'.

[478/1025] Froslass -> https://bulbapedia.bulbagarden.net/wiki/Froslass_(Pokémon)
  ERROR scraping Froslass: Attempted to use detached Frame 'C0FD0E3614F1BD1B5216E4135DA566A1'.

[479/1025] Rotom -> https://bulbapedia.bulbagarden.net/wiki/Rotom_(Pokémon)
  ERROR scraping Rotom: Attempted to use detached Frame 'C0FD0E3614F1BD1B5216E4135DA566A1'.

[480/1025] Uxie -> https://bulbapedia.bulbagarden.net/wiki/Uxie_(Pokémon)
  ERROR scraping Uxie: Attempted to use detached Frame 'C0FD0E3614F1BD1B5216E4135DA566A1'.

[481/1025] Mesprit -> https://bulbapedia.bulbagarden.net/wiki/Mesprit_(Pokémon)
  ERROR scraping Mesprit: Attempted to use detached Frame 'C0FD0E3614F1BD1B5216E4135DA566A1'.

[482/1025] Azelf -> https://bulbapedia.bulbagarden.net/wiki/Azelf_(Pokémon)
  ERROR scraping Azelf: Attempted to use detached Frame 'C0FD0E3614F1BD1B5216E4135DA566A1'.

[483/1025] Dialga -> https://bulbapedia.bulbagarden.net/wiki/Dialga_(Pokémon)
  ERROR scraping Dialga: Attempted to use detached Frame 'C0FD0E3614F1BD1B5216E4135DA566A1'.

[484/1025] Palkia -> https://bulbapedia.bulbagarden.net/wiki/Palkia_(Pokémon)
  ERROR scraping Palkia: Attempted to use detached Frame 'C0FD0E3614F1BD1B5216E4135DA566A1'.

[485/1025] Heatran -> https://bulbapedia.bulbagarden.net/wiki/Heatran_(Pokémon)
  ERROR scraping Heatran: Attempted to use detached Frame 'C0FD0E3614F1BD1B5216E4135DA566A1'.

[486/1025] Regigigas -> https://bulbapedia.bulbagarden.net/wiki/Regigigas_(Pokémon)
  ERROR scraping Regigigas: Attempted to use detached Frame 'C0FD0E3614F1BD1B5216E4135DA566A1'.

[487/1025] Giratina -> https://bulbapedia.bulbagarden.net/wiki/Giratina_(Pokémon)
  ERROR scraping Giratina: Attempted to use detached Frame 'C0FD0E3614F1BD1B5216E4135DA566A1'.

[488/1025] Cresselia -> https://bulbapedia.bulbagarden.net/wiki/Cresselia_(Pokémon)
  ERROR scraping Cresselia: Attempted to use detached Frame 'C0FD0E3614F1BD1B5216E4135DA566A1'.

[489/1025] Phione -> https://bulbapedia.bulbagarden.net/wiki/Phione_(Pokémon)
  ERROR scraping Phione: Attempted to use detached Frame 'C0FD0E3614F1BD1B5216E4135DA566A1'.

[490/1025] Manaphy -> https://bulbapedia.bulbagarden.net/wiki/Manaphy_(Pokémon)
  ERROR scraping Manaphy: Attempted to use detached Frame 'C0FD0E3614F1BD1B5216E4135DA566A1'.

[491/1025] Darkrai -> https://bulbapedia.bulbagarden.net/wiki/Darkrai_(Pokémon)
  ERROR scraping Darkrai: Attempted to use detached Frame 'C0FD0E3614F1BD1B5216E4135DA566A1'.

[492/1025] Shaymin -> https://bulbapedia.bulbagarden.net/wiki/Shaymin_(Pokémon)
  ERROR scraping Shaymin: Attempted to use detached Frame 'C0FD0E3614F1BD1B5216E4135DA566A1'.

[493/1025] Arceus -> https://bulbapedia.bulbagarden.net/wiki/Arceus_(Pokémon)
  ERROR scraping Arceus: Attempted to use detached Frame 'C0FD0E3614F1BD1B5216E4135DA566A1'.

[500/1025] Emboar -> https://bulbapedia.bulbagarden.net/wiki/Emboar_(Pokémon)
  ERROR scraping Emboar: Attempted to use detached Frame 'C0FD0E3614F1BD1B5216E4135DA566A1'.

[501/1025] Oshawott -> https://bulbapedia.bulbagarden.net/wiki/Oshawott_(Pokémon)
  ERROR scraping Oshawott: Attempted to use detached Frame 'C0FD0E3614F1BD1B5216E4135DA566A1'.

[502/1025] Dewott -> https://bulbapedia.bulbagarden.net/wiki/Dewott_(Pokémon)
  ERROR scraping Dewott: Attempted to use detached Frame 'C0FD0E3614F1BD1B5216E4135DA566A1'.

[503/1025] Samurott -> https://bulbapedia.bulbagarden.net/wiki/Samurott_(Pokémon)
  ERROR scraping Samurott: Attempted to use detached Frame 'C0FD0E3614F1BD1B5216E4135DA566A1'.

[504/1025] Patrat -> https://bulbapedia.bulbagarden.net/wiki/Patrat_(Pokémon)
  ERROR scraping Patrat: Attempted to use detached Frame 'C0FD0E3614F1BD1B5216E4135DA566A1'.

[505/1025] Watchog -> https://bulbapedia.bulbagarden.net/wiki/Watchog_(Pokémon)
  ERROR scraping Watchog: Attempted to use detached Frame 'C0FD0E3614F1BD1B5216E4135DA566A1'.

[506/1025] Lillipup -> https://bulbapedia.bulbagarden.net/wiki/Lillipup_(Pokémon)
  ERROR scraping Lillipup: Attempted to use detached Frame 'C0FD0E3614F1BD1B5216E4135DA566A1'.

[507/1025] Herdier -> https://bulbapedia.bulbagarden.net/wiki/Herdier_(Pokémon)
  ERROR scraping Herdier: Attempted to use detached Frame 'C0FD0E3614F1BD1B5216E4135DA566A1'.

[508/1025] Stoutland -> https://bulbapedia.bulbagarden.net/wiki/Stoutland_(Pokémon)
  ERROR scraping Stoutland: Attempted to use detached Frame 'C0FD0E3614F1BD1B5216E4135DA566A1'.

[509/1025] Purrloin -> https://bulbapedia.bulbagarden.net/wiki/Purrloin_(Pokémon)
  ERROR scraping Purrloin: Attempted to use detached Frame 'C0FD0E3614F1BD1B5216E4135DA566A1'.

[510/1025] Liepard -> https://bulbapedia.bulbagarden.net/wiki/Liepard_(Pokémon)
  ERROR scraping Liepard: Attempted to use detached Frame 'C0FD0E3614F1BD1B5216E4135DA566A1'.

[511/1025] Pansage -> https://bulbapedia.bulbagarden.net/wiki/Pansage_(Pokémon)
  ERROR scraping Pansage: Attempted to use detached Frame 'C0FD0E3614F1BD1B5216E4135DA566A1'.

[512/1025] Simisage -> https://bulbapedia.bulbagarden.net/wiki/Simisage_(Pokémon)
  ERROR scraping Simisage: Attempted to use detached Frame 'C0FD0E3614F1BD1B5216E4135DA566A1'.

[513/1025] Pansear -> https://bulbapedia.bulbagarden.net/wiki/Pansear_(Pokémon)
  ERROR scraping Pansear: Attempted to use detached Frame 'C0FD0E3614F1BD1B5216E4135DA566A1'.

[514/1025] Simisear -> https://bulbapedia.bulbagarden.net/wiki/Simisear_(Pokémon)
  ERROR scraping Simisear: Attempted to use detached Frame 'C0FD0E3614F1BD1B5216E4135DA566A1'.

[515/1025] Panpour -> https://bulbapedia.bulbagarden.net/wiki/Panpour_(Pokémon)
  ERROR scraping Panpour: Attempted to use detached Frame 'C0FD0E3614F1BD1B5216E4135DA566A1'.

[516/1025] Simipour -> https://bulbapedia.bulbagarden.net/wiki/Simipour_(Pokémon)
  ERROR scraping Simipour: Attempted to use detached Frame 'C0FD0E3614F1BD1B5216E4135DA566A1'.

[517/1025] Munna -> https://bulbapedia.bulbagarden.net/wiki/Munna_(Pokémon)
  ERROR scraping Munna: Attempted to use detached Frame 'C0FD0E3614F1BD1B5216E4135DA566A1'.

[518/1025] Musharna -> https://bulbapedia.bulbagarden.net/wiki/Musharna_(Pokémon)
  ERROR scraping Musharna: Attempted to use detached Frame 'C0FD0E3614F1BD1B5216E4135DA566A1'.

[519/1025] Pidove -> https://bulbapedia.bulbagarden.net/wiki/Pidove_(Pokémon)
  ERROR scraping Pidove: Attempted to use detached Frame 'C0FD0E3614F1BD1B5216E4135DA566A1'.

[520/1025] Tranquill -> https://bulbapedia.bulbagarden.net/wiki/Tranquill_(Pokémon)
  ERROR scraping Tranquill: Attempted to use detached Frame 'C0FD0E3614F1BD1B5216E4135DA566A1'.

[521/1025] Unfezant -> https://bulbapedia.bulbagarden.net/wiki/Unfezant_(Pokémon)
  ERROR scraping Unfezant: Attempted to use detached Frame 'C0FD0E3614F1BD1B5216E4135DA566A1'.

[522/1025] Blitzle -> https://bulbapedia.bulbagarden.net/wiki/Blitzle_(Pokémon)
  ERROR scraping Blitzle: Attempted to use detached Frame 'C0FD0E3614F1BD1B5216E4135DA566A1'.

[523/1025] Zebstrika -> https://bulbapedia.bulbagarden.net/wiki/Zebstrika_(Pokémon)
  ERROR scraping Zebstrika: Attempted to use detached Frame 'C0FD0E3614F1BD1B5216E4135DA566A1'.

[524/1025] Roggenrola -> https://bulbapedia.bulbagarden.net/wiki/Roggenrola_(Pokémon)
  ERROR scraping Roggenrola: Attempted to use detached Frame 'C0FD0E3614F1BD1B5216E4135DA566A1'.

[525/1025] Boldore -> https://bulbapedia.bulbagarden.net/wiki/Boldore_(Pokémon)
  ERROR scraping Boldore: Attempted to use detached Frame 'C0FD0E3614F1BD1B5216E4135DA566A1'.

[526/1025] Gigalith -> https://bulbapedia.bulbagarden.net/wiki/Gigalith_(Pokémon)
  ERROR scraping Gigalith: Attempted to use detached Frame 'C0FD0E3614F1BD1B5216E4135DA566A1'.

[527/1025] Woobat -> https://bulbapedia.bulbagarden.net/wiki/Woobat_(Pokémon)
  ERROR scraping Woobat: Attempted to use detached Frame 'C0FD0E3614F1BD1B5216E4135DA566A1'.

[528/1025] Swoobat -> https://bulbapedia.bulbagarden.net/wiki/Swoobat_(Pokémon)
  ERROR scraping Swoobat: Attempted to use detached Frame 'C0FD0E3614F1BD1B5216E4135DA566A1'.

[529/1025] Drilbur -> https://bulbapedia.bulbagarden.net/wiki/Drilbur_(Pokémon)
  ERROR scraping Drilbur: Attempted to use detached Frame 'C0FD0E3614F1BD1B5216E4135DA566A1'.

[530/1025] Excadrill -> https://bulbapedia.bulbagarden.net/wiki/Excadrill_(Pokémon)
  ERROR scraping Excadrill: Attempted to use detached Frame 'C0FD0E3614F1BD1B5216E4135DA566A1'.

[531/1025] Audino -> https://bulbapedia.bulbagarden.net/wiki/Audino_(Pokémon)
  ERROR scraping Audino: Attempted to use detached Frame 'C0FD0E3614F1BD1B5216E4135DA566A1'.

[532/1025] Timburr -> https://bulbapedia.bulbagarden.net/wiki/Timburr_(Pokémon)
  ERROR scraping Timburr: Attempted to use detached Frame 'C0FD0E3614F1BD1B5216E4135DA566A1'.

[533/1025] Gurdurr -> https://bulbapedia.bulbagarden.net/wiki/Gurdurr_(Pokémon)
  ERROR scraping Gurdurr: Attempted to use detached Frame 'C0FD0E3614F1BD1B5216E4135DA566A1'.

[534/1025] Conkeldurr -> https://bulbapedia.bulbagarden.net/wiki/Conkeldurr_(Pokémon)
  ERROR scraping Conkeldurr: Attempted to use detached Frame 'C0FD0E3614F1BD1B5216E4135DA566A1'.

[535/1025] Tympole -> https://bulbapedia.bulbagarden.net/wiki/Tympole_(Pokémon)
  ERROR scraping Tympole: Attempted to use detached Frame 'C0FD0E3614F1BD1B5216E4135DA566A1'.

[536/1025] Palpitoad -> https://bulbapedia.bulbagarden.net/wiki/Palpitoad_(Pokémon)
  ERROR scraping Palpitoad: Attempted to use detached Frame 'C0FD0E3614F1BD1B5216E4135DA566A1'.

[537/1025] Seismitoad -> https://bulbapedia.bulbagarden.net/wiki/Seismitoad_(Pokémon)
  ERROR scraping Seismitoad: Attempted to use detached Frame 'C0FD0E3614F1BD1B5216E4135DA566A1'.

[538/1025] Throh -> https://bulbapedia.bulbagarden.net/wiki/Throh_(Pokémon)
  ERROR scraping Throh: Attempted to use detached Frame 'C0FD0E3614F1BD1B5216E4135DA566A1'.

[539/1025] Sawk -> https://bulbapedia.bulbagarden.net/wiki/Sawk_(Pokémon)
  ERROR scraping Sawk: Attempted to use detached Frame 'C0FD0E3614F1BD1B5216E4135DA566A1'.

[540/1025] Sewaddle -> https://bulbapedia.bulbagarden.net/wiki/Sewaddle_(Pokémon)
  ERROR scraping Sewaddle: Attempted to use detached Frame 'C0FD0E3614F1BD1B5216E4135DA566A1'.

[541/1025] Swadloon -> https://bulbapedia.bulbagarden.net/wiki/Swadloon_(Pokémon)
  ERROR scraping Swadloon: Attempted to use detached Frame 'C0FD0E3614F1BD1B5216E4135DA566A1'.

[542/1025] Leavanny -> https://bulbapedia.bulbagarden.net/wiki/Leavanny_(Pokémon)
  ERROR scraping Leavanny: Attempted to use detached Frame 'C0FD0E3614F1BD1B5216E4135DA566A1'.

[543/1025] Venipede -> https://bulbapedia.bulbagarden.net/wiki/Venipede_(Pokémon)
  ERROR scraping Venipede: Attempted to use detached Frame 'C0FD0E3614F1BD1B5216E4135DA566A1'.

[544/1025] Whirlipede -> https://bulbapedia.bulbagarden.net/wiki/Whirlipede_(Pokémon)
  ERROR scraping Whirlipede: Attempted to use detached Frame 'C0FD0E3614F1BD1B5216E4135DA566A1'.

[545/1025] Scolipede -> https://bulbapedia.bulbagarden.net/wiki/Scolipede_(Pokémon)
  ERROR scraping Scolipede: Attempted to use detached Frame 'C0FD0E3614F1BD1B5216E4135DA566A1'.

[546/1025] Cottonee -> https://bulbapedia.bulbagarden.net/wiki/Cottonee_(Pokémon)
  ERROR scraping Cottonee: Attempted to use detached Frame 'C0FD0E3614F1BD1B5216E4135DA566A1'.

[547/1025] Whimsicott -> https://bulbapedia.bulbagarden.net/wiki/Whimsicott_(Pokémon)
  ERROR scraping Whimsicott: Attempted to use detached Frame 'C0FD0E3614F1BD1B5216E4135DA566A1'.

[548/1025] Petilil -> https://bulbapedia.bulbagarden.net/wiki/Petilil_(Pokémon)
  ERROR scraping Petilil: Attempted to use detached Frame 'C0FD0E3614F1BD1B5216E4135DA566A1'.

[549/1025] Lilligant -> https://bulbapedia.bulbagarden.net/wiki/Lilligant_(Pokémon)
  ERROR scraping Lilligant: Attempted to use detached Frame 'C0FD0E3614F1BD1B5216E4135DA566A1'.

[550/1025] Basculin -> https://bulbapedia.bulbagarden.net/wiki/Basculin_(Pokémon)
  ERROR scraping Basculin: Attempted to use detached Frame 'C0FD0E3614F1BD1B5216E4135DA566A1'.

[551/1025] Sandile -> https://bulbapedia.bulbagarden.net/wiki/Sandile_(Pokémon)
  ERROR scraping Sandile: Attempted to use detached Frame 'C0FD0E3614F1BD1B5216E4135DA566A1'.

[552/1025] Krokorok -> https://bulbapedia.bulbagarden.net/wiki/Krokorok_(Pokémon)
  ERROR scraping Krokorok: Attempted to use detached Frame 'C0FD0E3614F1BD1B5216E4135DA566A1'.

[553/1025] Krookodile -> https://bulbapedia.bulbagarden.net/wiki/Krookodile_(Pokémon)
  ERROR scraping Krookodile: Attempted to use detached Frame 'C0FD0E3614F1BD1B5216E4135DA566A1'.

[554/1025] Darumaka -> https://bulbapedia.bulbagarden.net/wiki/Darumaka_(Pokémon)
  ERROR scraping Darumaka: Attempted to use detached Frame 'C0FD0E3614F1BD1B5216E4135DA566A1'.

[555/1025] Darmanitan -> https://bulbapedia.bulbagarden.net/wiki/Darmanitan_(Pokémon)
  ERROR scraping Darmanitan: Attempted to use detached Frame 'C0FD0E3614F1BD1B5216E4135DA566A1'.

[556/1025] Maractus -> https://bulbapedia.bulbagarden.net/wiki/Maractus_(Pokémon)
  ERROR scraping Maractus: Attempted to use detached Frame 'C0FD0E3614F1BD1B5216E4135DA566A1'.

[557/1025] Dwebble -> https://bulbapedia.bulbagarden.net/wiki/Dwebble_(Pokémon)
  ERROR scraping Dwebble: Attempted to use detached Frame 'C0FD0E3614F1BD1B5216E4135DA566A1'.

[558/1025] Crustle -> https://bulbapedia.bulbagarden.net/wiki/Crustle_(Pokémon)
  ERROR scraping Crustle: Attempted to use detached Frame 'C0FD0E3614F1BD1B5216E4135DA566A1'.

[559/1025] Scraggy -> https://bulbapedia.bulbagarden.net/wiki/Scraggy_(Pokémon)
  ERROR scraping Scraggy: Attempted to use detached Frame 'C0FD0E3614F1BD1B5216E4135DA566A1'.

[560/1025] Scrafty -> https://bulbapedia.bulbagarden.net/wiki/Scrafty_(Pokémon)
  ERROR scraping Scrafty: Attempted to use detached Frame 'C0FD0E3614F1BD1B5216E4135DA566A1'.

[561/1025] Sigilyph -> https://bulbapedia.bulbagarden.net/wiki/Sigilyph_(Pokémon)
  ERROR scraping Sigilyph: Attempted to use detached Frame 'C0FD0E3614F1BD1B5216E4135DA566A1'.

[562/1025] Yamask -> https://bulbapedia.bulbagarden.net/wiki/Yamask_(Pokémon)
  ERROR scraping Yamask: Attempted to use detached Frame 'C0FD0E3614F1BD1B5216E4135DA566A1'.

[563/1025] Cofagrigus -> https://bulbapedia.bulbagarden.net/wiki/Cofagrigus_(Pokémon)
  ERROR scraping Cofagrigus: Attempted to use detached Frame 'C0FD0E3614F1BD1B5216E4135DA566A1'.

[564/1025] Tirtouga -> https://bulbapedia.bulbagarden.net/wiki/Tirtouga_(Pokémon)
  ERROR scraping Tirtouga: Attempted to use detached Frame 'C0FD0E3614F1BD1B5216E4135DA566A1'.

[565/1025] Carracosta -> https://bulbapedia.bulbagarden.net/wiki/Carracosta_(Pokémon)
  ERROR scraping Carracosta: Attempted to use detached Frame 'C0FD0E3614F1BD1B5216E4135DA566A1'.

[566/1025] Archen -> https://bulbapedia.bulbagarden.net/wiki/Archen_(Pokémon)
  ERROR scraping Archen: Attempted to use detached Frame 'C0FD0E3614F1BD1B5216E4135DA566A1'.

[567/1025] Archeops -> https://bulbapedia.bulbagarden.net/wiki/Archeops_(Pokémon)
  ERROR scraping Archeops: Attempted to use detached Frame 'C0FD0E3614F1BD1B5216E4135DA566A1'.

[568/1025] Trubbish -> https://bulbapedia.bulbagarden.net/wiki/Trubbish_(Pokémon)
  ERROR scraping Trubbish: Attempted to use detached Frame 'C0FD0E3614F1BD1B5216E4135DA566A1'.

[569/1025] Garbodor -> https://bulbapedia.bulbagarden.net/wiki/Garbodor_(Pokémon)
  ERROR scraping Garbodor: Attempted to use detached Frame 'C0FD0E3614F1BD1B5216E4135DA566A1'.

[570/1025] Zorua -> https://bulbapedia.bulbagarden.net/wiki/Zorua_(Pokémon)
  ERROR scraping Zorua: Attempted to use detached Frame 'C0FD0E3614F1BD1B5216E4135DA566A1'.

[571/1025] Zoroark -> https://bulbapedia.bulbagarden.net/wiki/Zoroark_(Pokémon)
  ERROR scraping Zoroark: Attempted to use detached Frame 'C0FD0E3614F1BD1B5216E4135DA566A1'.

[572/1025] Minccino -> https://bulbapedia.bulbagarden.net/wiki/Minccino_(Pokémon)
  ERROR scraping Minccino: Attempted to use detached Frame 'C0FD0E3614F1BD1B5216E4135DA566A1'.

[573/1025] Cinccino -> https://bulbapedia.bulbagarden.net/wiki/Cinccino_(Pokémon)
  ERROR scraping Cinccino: Attempted to use detached Frame 'C0FD0E3614F1BD1B5216E4135DA566A1'.

[574/1025] Gothita -> https://bulbapedia.bulbagarden.net/wiki/Gothita_(Pokémon)
  ERROR scraping Gothita: Attempted to use detached Frame 'C0FD0E3614F1BD1B5216E4135DA566A1'.

[575/1025] Gothorita -> https://bulbapedia.bulbagarden.net/wiki/Gothorita_(Pokémon)
  ERROR scraping Gothorita: Attempted to use detached Frame 'C0FD0E3614F1BD1B5216E4135DA566A1'.

[576/1025] Gothitelle -> https://bulbapedia.bulbagarden.net/wiki/Gothitelle_(Pokémon)
  ERROR scraping Gothitelle: Attempted to use detached Frame 'C0FD0E3614F1BD1B5216E4135DA566A1'.

[577/1025] Solosis -> https://bulbapedia.bulbagarden.net/wiki/Solosis_(Pokémon)
  ERROR scraping Solosis: Attempted to use detached Frame 'C0FD0E3614F1BD1B5216E4135DA566A1'.

[578/1025] Duosion -> https://bulbapedia.bulbagarden.net/wiki/Duosion_(Pokémon)
  ERROR scraping Duosion: Attempted to use detached Frame 'C0FD0E3614F1BD1B5216E4135DA566A1'.

[579/1025] Reuniclus -> https://bulbapedia.bulbagarden.net/wiki/Reuniclus_(Pokémon)
  ERROR scraping Reuniclus: Attempted to use detached Frame 'C0FD0E3614F1BD1B5216E4135DA566A1'.

[580/1025] Ducklett -> https://bulbapedia.bulbagarden.net/wiki/Ducklett_(Pokémon)
  ERROR scraping Ducklett: Attempted to use detached Frame 'C0FD0E3614F1BD1B5216E4135DA566A1'.

[581/1025] Swanna -> https://bulbapedia.bulbagarden.net/wiki/Swanna_(Pokémon)
  ERROR scraping Swanna: Attempted to use detached Frame 'C0FD0E3614F1BD1B5216E4135DA566A1'.

[582/1025] Vanillite -> https://bulbapedia.bulbagarden.net/wiki/Vanillite_(Pokémon)
  ERROR scraping Vanillite: Attempted to use detached Frame 'C0FD0E3614F1BD1B5216E4135DA566A1'.

[583/1025] Vanillish -> https://bulbapedia.bulbagarden.net/wiki/Vanillish_(Pokémon)
  ERROR scraping Vanillish: Attempted to use detached Frame 'C0FD0E3614F1BD1B5216E4135DA566A1'.

[584/1025] Vanilluxe -> https://bulbapedia.bulbagarden.net/wiki/Vanilluxe_(Pokémon)
  ERROR scraping Vanilluxe: Attempted to use detached Frame 'C0FD0E3614F1BD1B5216E4135DA566A1'.

[585/1025] Deerling -> https://bulbapedia.bulbagarden.net/wiki/Deerling_(Pokémon)
  ERROR scraping Deerling: Attempted to use detached Frame 'C0FD0E3614F1BD1B5216E4135DA566A1'.

[586/1025] Sawsbuck -> https://bulbapedia.bulbagarden.net/wiki/Sawsbuck_(Pokémon)
  ERROR scraping Sawsbuck: Attempted to use detached Frame 'C0FD0E3614F1BD1B5216E4135DA566A1'.

[587/1025] Emolga -> https://bulbapedia.bulbagarden.net/wiki/Emolga_(Pokémon)
  ERROR scraping Emolga: Attempted to use detached Frame 'C0FD0E3614F1BD1B5216E4135DA566A1'.

[588/1025] Karrablast -> https://bulbapedia.bulbagarden.net/wiki/Karrablast_(Pokémon)
  ERROR scraping Karrablast: Attempted to use detached Frame 'C0FD0E3614F1BD1B5216E4135DA566A1'.

[589/1025] Escavalier -> https://bulbapedia.bulbagarden.net/wiki/Escavalier_(Pokémon)
  ERROR scraping Escavalier: Attempted to use detached Frame 'C0FD0E3614F1BD1B5216E4135DA566A1'.

[590/1025] Foongus -> https://bulbapedia.bulbagarden.net/wiki/Foongus_(Pokémon)
  ERROR scraping Foongus: Attempted to use detached Frame 'C0FD0E3614F1BD1B5216E4135DA566A1'.

[591/1025] Amoonguss -> https://bulbapedia.bulbagarden.net/wiki/Amoonguss_(Pokémon)
  ERROR scraping Amoonguss: Attempted to use detached Frame 'C0FD0E3614F1BD1B5216E4135DA566A1'.

[592/1025] Frillish -> https://bulbapedia.bulbagarden.net/wiki/Frillish_(Pokémon)
  ERROR scraping Frillish: Attempted to use detached Frame 'C0FD0E3614F1BD1B5216E4135DA566A1'.

[593/1025] Jellicent -> https://bulbapedia.bulbagarden.net/wiki/Jellicent_(Pokémon)
  ERROR scraping Jellicent: Attempted to use detached Frame 'C0FD0E3614F1BD1B5216E4135DA566A1'.

[594/1025] Alomomola -> https://bulbapedia.bulbagarden.net/wiki/Alomomola_(Pokémon)
  ERROR scraping Alomomola: Attempted to use detached Frame 'C0FD0E3614F1BD1B5216E4135DA566A1'.

[595/1025] Joltik -> https://bulbapedia.bulbagarden.net/wiki/Joltik_(Pokémon)
  ERROR scraping Joltik: Attempted to use detached Frame 'C0FD0E3614F1BD1B5216E4135DA566A1'.

[596/1025] Galvantula -> https://bulbapedia.bulbagarden.net/wiki/Galvantula_(Pokémon)
  ERROR scraping Galvantula: Attempted to use detached Frame 'C0FD0E3614F1BD1B5216E4135DA566A1'.

[597/1025] Ferroseed -> https://bulbapedia.bulbagarden.net/wiki/Ferroseed_(Pokémon)
  ERROR scraping Ferroseed: Attempted to use detached Frame 'C0FD0E3614F1BD1B5216E4135DA566A1'.

[598/1025] Ferrothorn -> https://bulbapedia.bulbagarden.net/wiki/Ferrothorn_(Pokémon)
  ERROR scraping Ferrothorn: Attempted to use detached Frame 'C0FD0E3614F1BD1B5216E4135DA566A1'.

[599/1025] Klink -> https://bulbapedia.bulbagarden.net/wiki/Klink_(Pokémon)
  ERROR scraping Klink: Attempted to use detached Frame 'C0FD0E3614F1BD1B5216E4135DA566A1'.

[600/1025] Klang -> https://bulbapedia.bulbagarden.net/wiki/Klang_(Pokémon)
  ERROR scraping Klang: Attempted to use detached Frame 'C0FD0E3614F1BD1B5216E4135DA566A1'.

[601/1025] Klinklang -> https://bulbapedia.bulbagarden.net/wiki/Klinklang_(Pokémon)
  ERROR scraping Klinklang: Attempted to use detached Frame 'C0FD0E3614F1BD1B5216E4135DA566A1'.

[602/1025] Tynamo -> https://bulbapedia.bulbagarden.net/wiki/Tynamo_(Pokémon)
  ERROR scraping Tynamo: Attempted to use detached Frame 'C0FD0E3614F1BD1B5216E4135DA566A1'.

[603/1025] Eelektrik -> https://bulbapedia.bulbagarden.net/wiki/Eelektrik_(Pokémon)
  ERROR scraping Eelektrik: Attempted to use detached Frame 'C0FD0E3614F1BD1B5216E4135DA566A1'.

[604/1025] Eelektross -> https://bulbapedia.bulbagarden.net/wiki/Eelektross_(Pokémon)
  ERROR scraping Eelektross: Attempted to use detached Frame 'C0FD0E3614F1BD1B5216E4135DA566A1'.

[605/1025] Elgyem -> https://bulbapedia.bulbagarden.net/wiki/Elgyem_(Pokémon)
  ERROR scraping Elgyem: Attempted to use detached Frame 'C0FD0E3614F1BD1B5216E4135DA566A1'.

[606/1025] Beheeyem -> https://bulbapedia.bulbagarden.net/wiki/Beheeyem_(Pokémon)
  ERROR scraping Beheeyem: Attempted to use detached Frame 'C0FD0E3614F1BD1B5216E4135DA566A1'.

[607/1025] Litwick -> https://bulbapedia.bulbagarden.net/wiki/Litwick_(Pokémon)
  ERROR scraping Litwick: Attempted to use detached Frame 'C0FD0E3614F1BD1B5216E4135DA566A1'.

[608/1025] Lampent -> https://bulbapedia.bulbagarden.net/wiki/Lampent_(Pokémon)
  ERROR scraping Lampent: Attempted to use detached Frame 'C0FD0E3614F1BD1B5216E4135DA566A1'.

[609/1025] Chandelure -> https://bulbapedia.bulbagarden.net/wiki/Chandelure_(Pokémon)
  ERROR scraping Chandelure: Attempted to use detached Frame 'C0FD0E3614F1BD1B5216E4135DA566A1'.

[610/1025] Axew -> https://bulbapedia.bulbagarden.net/wiki/Axew_(Pokémon)
  ERROR scraping Axew: Attempted to use detached Frame 'C0FD0E3614F1BD1B5216E4135DA566A1'.

[611/1025] Fraxure -> https://bulbapedia.bulbagarden.net/wiki/Fraxure_(Pokémon)
  ERROR scraping Fraxure: Attempted to use detached Frame 'C0FD0E3614F1BD1B5216E4135DA566A1'.

[612/1025] Haxorus -> https://bulbapedia.bulbagarden.net/wiki/Haxorus_(Pokémon)
  ERROR scraping Haxorus: Attempted to use detached Frame 'C0FD0E3614F1BD1B5216E4135DA566A1'.

[613/1025] Cubchoo -> https://bulbapedia.bulbagarden.net/wiki/Cubchoo_(Pokémon)
  ERROR scraping Cubchoo: Attempted to use detached Frame 'C0FD0E3614F1BD1B5216E4135DA566A1'.

[614/1025] Beartic -> https://bulbapedia.bulbagarden.net/wiki/Beartic_(Pokémon)
  ERROR scraping Beartic: Attempted to use detached Frame 'C0FD0E3614F1BD1B5216E4135DA566A1'.

[615/1025] Cryogonal -> https://bulbapedia.bulbagarden.net/wiki/Cryogonal_(Pokémon)
  ERROR scraping Cryogonal: Attempted to use detached Frame 'C0FD0E3614F1BD1B5216E4135DA566A1'.

[616/1025] Shelmet -> https://bulbapedia.bulbagarden.net/wiki/Shelmet_(Pokémon)
  ERROR scraping Shelmet: Attempted to use detached Frame 'C0FD0E3614F1BD1B5216E4135DA566A1'.

[617/1025] Accelgor -> https://bulbapedia.bulbagarden.net/wiki/Accelgor_(Pokémon)
  ERROR scraping Accelgor: Attempted to use detached Frame 'C0FD0E3614F1BD1B5216E4135DA566A1'.

[618/1025] Stunfisk -> https://bulbapedia.bulbagarden.net/wiki/Stunfisk_(Pokémon)
  ERROR scraping Stunfisk: Attempted to use detached Frame 'C0FD0E3614F1BD1B5216E4135DA566A1'.

[619/1025] Mienfoo -> https://bulbapedia.bulbagarden.net/wiki/Mienfoo_(Pokémon)
  ERROR scraping Mienfoo: Attempted to use detached Frame 'C0FD0E3614F1BD1B5216E4135DA566A1'.

[620/1025] Mienshao -> https://bulbapedia.bulbagarden.net/wiki/Mienshao_(Pokémon)
  ERROR scraping Mienshao: Attempted to use detached Frame 'C0FD0E3614F1BD1B5216E4135DA566A1'.

[621/1025] Druddigon -> https://bulbapedia.bulbagarden.net/wiki/Druddigon_(Pokémon)
  ERROR scraping Druddigon: Attempted to use detached Frame 'C0FD0E3614F1BD1B5216E4135DA566A1'.

[622/1025] Golett -> https://bulbapedia.bulbagarden.net/wiki/Golett_(Pokémon)
  ERROR scraping Golett: Attempted to use detached Frame 'C0FD0E3614F1BD1B5216E4135DA566A1'.

[623/1025] Golurk -> https://bulbapedia.bulbagarden.net/wiki/Golurk_(Pokémon)
  ERROR scraping Golurk: Attempted to use detached Frame 'C0FD0E3614F1BD1B5216E4135DA566A1'.

[624/1025] Pawniard -> https://bulbapedia.bulbagarden.net/wiki/Pawniard_(Pokémon)
  ERROR scraping Pawniard: Attempted to use detached Frame 'C0FD0E3614F1BD1B5216E4135DA566A1'.

[625/1025] Bisharp -> https://bulbapedia.bulbagarden.net/wiki/Bisharp_(Pokémon)
  ERROR scraping Bisharp: Attempted to use detached Frame 'C0FD0E3614F1BD1B5216E4135DA566A1'.

[626/1025] Bouffalant -> https://bulbapedia.bulbagarden.net/wiki/Bouffalant_(Pokémon)
  ERROR scraping Bouffalant: Attempted to use detached Frame 'C0FD0E3614F1BD1B5216E4135DA566A1'.

[627/1025] Rufflet -> https://bulbapedia.bulbagarden.net/wiki/Rufflet_(Pokémon)
  ERROR scraping Rufflet: Attempted to use detached Frame 'C0FD0E3614F1BD1B5216E4135DA566A1'.

[628/1025] Braviary -> https://bulbapedia.bulbagarden.net/wiki/Braviary_(Pokémon)
  ERROR scraping Braviary: Attempted to use detached Frame 'C0FD0E3614F1BD1B5216E4135DA566A1'.

[629/1025] Vullaby -> https://bulbapedia.bulbagarden.net/wiki/Vullaby_(Pokémon)
  ERROR scraping Vullaby: Attempted to use detached Frame 'C0FD0E3614F1BD1B5216E4135DA566A1'.

[630/1025] Mandibuzz -> https://bulbapedia.bulbagarden.net/wiki/Mandibuzz_(Pokémon)
  ERROR scraping Mandibuzz: Attempted to use detached Frame 'C0FD0E3614F1BD1B5216E4135DA566A1'.

[631/1025] Heatmor -> https://bulbapedia.bulbagarden.net/wiki/Heatmor_(Pokémon)
  ERROR scraping Heatmor: Attempted to use detached Frame 'C0FD0E3614F1BD1B5216E4135DA566A1'.

[632/1025] Durant -> https://bulbapedia.bulbagarden.net/wiki/Durant_(Pokémon)
  ERROR scraping Durant: Attempted to use detached Frame 'C0FD0E3614F1BD1B5216E4135DA566A1'.

[633/1025] Deino -> https://bulbapedia.bulbagarden.net/wiki/Deino_(Pokémon)
  ERROR scraping Deino: Attempted to use detached Frame 'C0FD0E3614F1BD1B5216E4135DA566A1'.

[634/1025] Zweilous -> https://bulbapedia.bulbagarden.net/wiki/Zweilous_(Pokémon)
  ERROR scraping Zweilous: Attempted to use detached Frame 'C0FD0E3614F1BD1B5216E4135DA566A1'.

[635/1025] Hydreigon -> https://bulbapedia.bulbagarden.net/wiki/Hydreigon_(Pokémon)
  ERROR scraping Hydreigon: Attempted to use detached Frame 'C0FD0E3614F1BD1B5216E4135DA566A1'.

[636/1025] Larvesta -> https://bulbapedia.bulbagarden.net/wiki/Larvesta_(Pokémon)
  ERROR scraping Larvesta: Attempted to use detached Frame 'C0FD0E3614F1BD1B5216E4135DA566A1'.

[637/1025] Volcarona -> https://bulbapedia.bulbagarden.net/wiki/Volcarona_(Pokémon)
  ERROR scraping Volcarona: Attempted to use detached Frame 'C0FD0E3614F1BD1B5216E4135DA566A1'.

[638/1025] Cobalion -> https://bulbapedia.bulbagarden.net/wiki/Cobalion_(Pokémon)
  ERROR scraping Cobalion: Attempted to use detached Frame 'C0FD0E3614F1BD1B5216E4135DA566A1'.

[639/1025] Terrakion -> https://bulbapedia.bulbagarden.net/wiki/Terrakion_(Pokémon)
  ERROR scraping Terrakion: Attempted to use detached Frame 'C0FD0E3614F1BD1B5216E4135DA566A1'.

[640/1025] Virizion -> https://bulbapedia.bulbagarden.net/wiki/Virizion_(Pokémon)
  ERROR scraping Virizion: Attempted to use detached Frame 'C0FD0E3614F1BD1B5216E4135DA566A1'.

[641/1025] Tornadus -> https://bulbapedia.bulbagarden.net/wiki/Tornadus_(Pokémon)
  ERROR scraping Tornadus: Attempted to use detached Frame 'C0FD0E3614F1BD1B5216E4135DA566A1'.

[642/1025] Thundurus -> https://bulbapedia.bulbagarden.net/wiki/Thundurus_(Pokémon)
  ERROR scraping Thundurus: Attempted to use detached Frame 'C0FD0E3614F1BD1B5216E4135DA566A1'.

[643/1025] Reshiram -> https://bulbapedia.bulbagarden.net/wiki/Reshiram_(Pokémon)
  ERROR scraping Reshiram: Attempted to use detached Frame 'C0FD0E3614F1BD1B5216E4135DA566A1'.

[644/1025] Zekrom -> https://bulbapedia.bulbagarden.net/wiki/Zekrom_(Pokémon)
  ERROR scraping Zekrom: Attempted to use detached Frame 'C0FD0E3614F1BD1B5216E4135DA566A1'.

[645/1025] Landorus -> https://bulbapedia.bulbagarden.net/wiki/Landorus_(Pokémon)
  ERROR scraping Landorus: Attempted to use detached Frame 'C0FD0E3614F1BD1B5216E4135DA566A1'.

[646/1025] Kyurem -> https://bulbapedia.bulbagarden.net/wiki/Kyurem_(Pokémon)
  ERROR scraping Kyurem: Attempted to use detached Frame 'C0FD0E3614F1BD1B5216E4135DA566A1'.

[647/1025] Keldeo -> https://bulbapedia.bulbagarden.net/wiki/Keldeo_(Pokémon)
  ERROR scraping Keldeo: Attempted to use detached Frame 'C0FD0E3614F1BD1B5216E4135DA566A1'.

[648/1025] Meloetta -> https://bulbapedia.bulbagarden.net/wiki/Meloetta_(Pokémon)
  ERROR scraping Meloetta: Attempted to use detached Frame 'C0FD0E3614F1BD1B5216E4135DA566A1'.

[649/1025] Genesect -> https://bulbapedia.bulbagarden.net/wiki/Genesect_(Pokémon)
  ERROR scraping Genesect: Attempted to use detached Frame 'C0FD0E3614F1BD1B5216E4135DA566A1'.

[650/1025] Chespin -> https://bulbapedia.bulbagarden.net/wiki/Chespin_(Pokémon)
  ERROR scraping Chespin: Attempted to use detached Frame 'C0FD0E3614F1BD1B5216E4135DA566A1'.

[651/1025] Quilladin -> https://bulbapedia.bulbagarden.net/wiki/Quilladin_(Pokémon)
  ERROR scraping Quilladin: Attempted to use detached Frame 'C0FD0E3614F1BD1B5216E4135DA566A1'.

[652/1025] Chesnaught -> https://bulbapedia.bulbagarden.net/wiki/Chesnaught_(Pokémon)
  ERROR scraping Chesnaught: Attempted to use detached Frame 'C0FD0E3614F1BD1B5216E4135DA566A1'.

[653/1025] Fennekin -> https://bulbapedia.bulbagarden.net/wiki/Fennekin_(Pokémon)
  ERROR scraping Fennekin: Attempted to use detached Frame 'C0FD0E3614F1BD1B5216E4135DA566A1'.

[654/1025] Braixen -> https://bulbapedia.bulbagarden.net/wiki/Braixen_(Pokémon)
  ERROR scraping Braixen: Attempted to use detached Frame 'C0FD0E3614F1BD1B5216E4135DA566A1'.

[655/1025] Delphox -> https://bulbapedia.bulbagarden.net/wiki/Delphox_(Pokémon)
  ERROR scraping Delphox: Attempted to use detached Frame 'C0FD0E3614F1BD1B5216E4135DA566A1'.

[656/1025] Froakie -> https://bulbapedia.bulbagarden.net/wiki/Froakie_(Pokémon)
  ERROR scraping Froakie: Attempted to use detached Frame 'C0FD0E3614F1BD1B5216E4135DA566A1'.

[657/1025] Frogadier -> https://bulbapedia.bulbagarden.net/wiki/Frogadier_(Pokémon)
  ERROR scraping Frogadier: Attempted to use detached Frame 'C0FD0E3614F1BD1B5216E4135DA566A1'.

[658/1025] Greninja -> https://bulbapedia.bulbagarden.net/wiki/Greninja_(Pokémon)
  ERROR scraping Greninja: Attempted to use detached Frame 'C0FD0E3614F1BD1B5216E4135DA566A1'.

[659/1025] Bunnelby -> https://bulbapedia.bulbagarden.net/wiki/Bunnelby_(Pokémon)
  ERROR scraping Bunnelby: Attempted to use detached Frame 'C0FD0E3614F1BD1B5216E4135DA566A1'.

[660/1025] Diggersby -> https://bulbapedia.bulbagarden.net/wiki/Diggersby_(Pokémon)
  ERROR scraping Diggersby: Attempted to use detached Frame 'C0FD0E3614F1BD1B5216E4135DA566A1'.

[661/1025] Fletchling -> https://bulbapedia.bulbagarden.net/wiki/Fletchling_(Pokémon)
  ERROR scraping Fletchling: Attempted to use detached Frame 'C0FD0E3614F1BD1B5216E4135DA566A1'.

[662/1025] Fletchinder -> https://bulbapedia.bulbagarden.net/wiki/Fletchinder_(Pokémon)
  ERROR scraping Fletchinder: Attempted to use detached Frame 'C0FD0E3614F1BD1B5216E4135DA566A1'.

[663/1025] Talonflame -> https://bulbapedia.bulbagarden.net/wiki/Talonflame_(Pokémon)
  ERROR scraping Talonflame: Attempted to use detached Frame 'C0FD0E3614F1BD1B5216E4135DA566A1'.

[664/1025] Scatter -> https://bulbapedia.bulbagarden.net/wiki/Scatter_(Pokémon)
  ERROR scraping Scatter: Attempted to use detached Frame 'C0FD0E3614F1BD1B5216E4135DA566A1'.

[665/1025] Spewpa -> https://bulbapedia.bulbagarden.net/wiki/Spewpa_(Pokémon)
  ERROR scraping Spewpa: Attempted to use detached Frame 'C0FD0E3614F1BD1B5216E4135DA566A1'.

[666/1025] Vivillon -> https://bulbapedia.bulbagarden.net/wiki/Vivillon_(Pokémon)
  ERROR scraping Vivillon: Attempted to use detached Frame 'C0FD0E3614F1BD1B5216E4135DA566A1'.

[667/1025] Litleo -> https://bulbapedia.bulbagarden.net/wiki/Litleo_(Pokémon)
  ERROR scraping Litleo: Attempted to use detached Frame 'C0FD0E3614F1BD1B5216E4135DA566A1'.

[668/1025] Pyroar -> https://bulbapedia.bulbagarden.net/wiki/Pyroar_(Pokémon)
  ERROR scraping Pyroar: Attempted to use detached Frame 'C0FD0E3614F1BD1B5216E4135DA566A1'.

[669/1025] Flabébé -> https://bulbapedia.bulbagarden.net/wiki/Flab%C3%A9b%C3%A9_(Pokémon)
  ERROR scraping Flabébé: Attempted to use detached Frame 'C0FD0E3614F1BD1B5216E4135DA566A1'.

[670/1025] Floette -> https://bulbapedia.bulbagarden.net/wiki/Floette_(Pokémon)
  ERROR scraping Floette: Attempted to use detached Frame 'C0FD0E3614F1BD1B5216E4135DA566A1'.

[671/1025] Florges -> https://bulbapedia.bulbagarden.net/wiki/Florges_(Pokémon)
  ERROR scraping Florges: Attempted to use detached Frame 'C0FD0E3614F1BD1B5216E4135DA566A1'.

[672/1025] Skiddo -> https://bulbapedia.bulbagarden.net/wiki/Skiddo_(Pokémon)
  ERROR scraping Skiddo: Attempted to use detached Frame 'C0FD0E3614F1BD1B5216E4135DA566A1'.

[673/1025] Gogoat -> https://bulbapedia.bulbagarden.net/wiki/Gogoat_(Pokémon)
  ERROR scraping Gogoat: Attempted to use detached Frame 'C0FD0E3614F1BD1B5216E4135DA566A1'.

[674/1025] Pancham -> https://bulbapedia.bulbagarden.net/wiki/Pancham_(Pokémon)
  ERROR scraping Pancham: Attempted to use detached Frame 'C0FD0E3614F1BD1B5216E4135DA566A1'.

[675/1025] Pangoro -> https://bulbapedia.bulbagarden.net/wiki/Pangoro_(Pokémon)
  ERROR scraping Pangoro: Attempted to use detached Frame 'C0FD0E3614F1BD1B5216E4135DA566A1'.

[676/1025] Furfrou -> https://bulbapedia.bulbagarden.net/wiki/Furfrou_(Pokémon)
  ERROR scraping Furfrou: Attempted to use detached Frame 'C0FD0E3614F1BD1B5216E4135DA566A1'.

[677/1025] Espurr -> https://bulbapedia.bulbagarden.net/wiki/Espurr_(Pokémon)
  ERROR scraping Espurr: Attempted to use detached Frame 'C0FD0E3614F1BD1B5216E4135DA566A1'.

[678/1025] Meowstic -> https://bulbapedia.bulbagarden.net/wiki/Meowstic_(Pokémon)
  ERROR scraping Meowstic: Attempted to use detached Frame 'C0FD0E3614F1BD1B5216E4135DA566A1'.

[679/1025] Honedge -> https://bulbapedia.bulbagarden.net/wiki/Honedge_(Pokémon)
  ERROR scraping Honedge: Attempted to use detached Frame 'C0FD0E3614F1BD1B5216E4135DA566A1'.

[680/1025] Doublade -> https://bulbapedia.bulbagarden.net/wiki/Doublade_(Pokémon)
  ERROR scraping Doublade: Attempted to use detached Frame 'C0FD0E3614F1BD1B5216E4135DA566A1'.

[681/1025] Aegislash -> https://bulbapedia.bulbagarden.net/wiki/Aegislash_(Pokémon)
  ERROR scraping Aegislash: Attempted to use detached Frame 'C0FD0E3614F1BD1B5216E4135DA566A1'.

[682/1025] Spritzee -> https://bulbapedia.bulbagarden.net/wiki/Spritzee_(Pokémon)
  ERROR scraping Spritzee: Attempted to use detached Frame 'C0FD0E3614F1BD1B5216E4135DA566A1'.

[683/1025] Aromatisse -> https://bulbapedia.bulbagarden.net/wiki/Aromatisse_(Pokémon)
  ERROR scraping Aromatisse: Attempted to use detached Frame 'C0FD0E3614F1BD1B5216E4135DA566A1'.

[684/1025] Swirlix -> https://bulbapedia.bulbagarden.net/wiki/Swirlix_(Pokémon)
  ERROR scraping Swirlix: Attempted to use detached Frame 'C0FD0E3614F1BD1B5216E4135DA566A1'.

[685/1025] Slurpuff -> https://bulbapedia.bulbagarden.net/wiki/Slurpuff_(Pokémon)
  ERROR scraping Slurpuff: Attempted to use detached Frame 'C0FD0E3614F1BD1B5216E4135DA566A1'.

[686/1025] Inkay -> https://bulbapedia.bulbagarden.net/wiki/Inkay_(Pokémon)
  ERROR scraping Inkay: Attempted to use detached Frame 'C0FD0E3614F1BD1B5216E4135DA566A1'.

[687/1025] Malamar -> https://bulbapedia.bulbagarden.net/wiki/Malamar_(Pokémon)
  ERROR scraping Malamar: Attempted to use detached Frame 'C0FD0E3614F1BD1B5216E4135DA566A1'.

[688/1025] Binacle -> https://bulbapedia.bulbagarden.net/wiki/Binacle_(Pokémon)
  ERROR scraping Binacle: Attempted to use detached Frame 'C0FD0E3614F1BD1B5216E4135DA566A1'.

[689/1025] Barbaracle -> https://bulbapedia.bulbagarden.net/wiki/Barbaracle_(Pokémon)
  ERROR scraping Barbaracle: Attempted to use detached Frame 'C0FD0E3614F1BD1B5216E4135DA566A1'.

[690/1025] Skrelp -> https://bulbapedia.bulbagarden.net/wiki/Skrelp_(Pokémon)
  ERROR scraping Skrelp: Attempted to use detached Frame 'C0FD0E3614F1BD1B5216E4135DA566A1'.

[691/1025] Dragalge -> https://bulbapedia.bulbagarden.net/wiki/Dragalge_(Pokémon)
  ERROR scraping Dragalge: Attempted to use detached Frame 'C0FD0E3614F1BD1B5216E4135DA566A1'.

[692/1025] Clauncher -> https://bulbapedia.bulbagarden.net/wiki/Clauncher_(Pokémon)
  ERROR scraping Clauncher: Attempted to use detached Frame 'C0FD0E3614F1BD1B5216E4135DA566A1'.

[693/1025] Clawitzer -> https://bulbapedia.bulbagarden.net/wiki/Clawitzer_(Pokémon)
  ERROR scraping Clawitzer: Attempted to use detached Frame 'C0FD0E3614F1BD1B5216E4135DA566A1'.

[694/1025] Helioptile -> https://bulbapedia.bulbagarden.net/wiki/Helioptile_(Pokémon)
  ERROR scraping Helioptile: Attempted to use detached Frame 'C0FD0E3614F1BD1B5216E4135DA566A1'.

[695/1025] Heliolisk -> https://bulbapedia.bulbagarden.net/wiki/Heliolisk_(Pokémon)
  ERROR scraping Heliolisk: Attempted to use detached Frame 'C0FD0E3614F1BD1B5216E4135DA566A1'.

[696/1025] Tyrunt -> https://bulbapedia.bulbagarden.net/wiki/Tyrunt_(Pokémon)
  ERROR scraping Tyrunt: Attempted to use detached Frame 'C0FD0E3614F1BD1B5216E4135DA566A1'.

[697/1025] Tyrantrum -> https://bulbapedia.bulbagarden.net/wiki/Tyrantrum_(Pokémon)
  ERROR scraping Tyrantrum: Attempted to use detached Frame 'C0FD0E3614F1BD1B5216E4135DA566A1'.

[698/1025] Amaura -> https://bulbapedia.bulbagarden.net/wiki/Amaura_(Pokémon)
  ERROR scraping Amaura: Attempted to use detached Frame 'C0FD0E3614F1BD1B5216E4135DA566A1'.

[699/1025] Aurorus -> https://bulbapedia.bulbagarden.net/wiki/Aurorus_(Pokémon)
  ERROR scraping Aurorus: Attempted to use detached Frame 'C0FD0E3614F1BD1B5216E4135DA566A1'.

[700/1025] Sylveon -> https://bulbapedia.bulbagarden.net/wiki/Sylveon_(Pokémon)
  ERROR scraping Sylveon: Attempted to use detached Frame 'C0FD0E3614F1BD1B5216E4135DA566A1'.

[701/1025] Hawlucha -> https://bulbapedia.bulbagarden.net/wiki/Hawlucha_(Pokémon)
  ERROR scraping Hawlucha: Attempted to use detached Frame 'C0FD0E3614F1BD1B5216E4135DA566A1'.

[702/1025] Dedenne -> https://bulbapedia.bulbagarden.net/wiki/Dedenne_(Pokémon)
  ERROR scraping Dedenne: Attempted to use detached Frame 'C0FD0E3614F1BD1B5216E4135DA566A1'.

[703/1025] Carbink -> https://bulbapedia.bulbagarden.net/wiki/Carbink_(Pokémon)
  ERROR scraping Carbink: Attempted to use detached Frame 'C0FD0E3614F1BD1B5216E4135DA566A1'.

[704/1025] Goomy -> https://bulbapedia.bulbagarden.net/wiki/Goomy_(Pokémon)
  ERROR scraping Goomy: Attempted to use detached Frame 'C0FD0E3614F1BD1B5216E4135DA566A1'.

[705/1025] Sliggoo -> https://bulbapedia.bulbagarden.net/wiki/Sliggoo_(Pokémon)
  ERROR scraping Sliggoo: Attempted to use detached Frame 'C0FD0E3614F1BD1B5216E4135DA566A1'.

[706/1025] Goodra -> https://bulbapedia.bulbagarden.net/wiki/Goodra_(Pokémon)
  ERROR scraping Goodra: Attempted to use detached Frame 'C0FD0E3614F1BD1B5216E4135DA566A1'.

[707/1025] Klefki -> https://bulbapedia.bulbagarden.net/wiki/Klefki_(Pokémon)
  ERROR scraping Klefki: Attempted to use detached Frame 'C0FD0E3614F1BD1B5216E4135DA566A1'.

[708/1025] Phantump -> https://bulbapedia.bulbagarden.net/wiki/Phantump_(Pokémon)
  ERROR scraping Phantump: Attempted to use detached Frame 'C0FD0E3614F1BD1B5216E4135DA566A1'.

[709/1025] Trevenant -> https://bulbapedia.bulbagarden.net/wiki/Trevenant_(Pokémon)
  ERROR scraping Trevenant: Attempted to use detached Frame 'C0FD0E3614F1BD1B5216E4135DA566A1'.

[710/1025] Pumpkaboo -> https://bulbapedia.bulbagarden.net/wiki/Pumpkaboo_(Pokémon)
  ERROR scraping Pumpkaboo: Attempted to use detached Frame 'C0FD0E3614F1BD1B5216E4135DA566A1'.

[711/1025] Gourgeist -> https://bulbapedia.bulbagarden.net/wiki/Gourgeist_(Pokémon)
  ERROR scraping Gourgeist: Attempted to use detached Frame 'C0FD0E3614F1BD1B5216E4135DA566A1'.

[712/1025] Bergmite -> https://bulbapedia.bulbagarden.net/wiki/Bergmite_(Pokémon)
  ERROR scraping Bergmite: Attempted to use detached Frame 'C0FD0E3614F1BD1B5216E4135DA566A1'.

[713/1025] Avalugg -> https://bulbapedia.bulbagarden.net/wiki/Avalugg_(Pokémon)
  ERROR scraping Avalugg: Attempted to use detached Frame 'C0FD0E3614F1BD1B5216E4135DA566A1'.

[714/1025] Noibat -> https://bulbapedia.bulbagarden.net/wiki/Noibat_(Pokémon)
  ERROR scraping Noibat: Attempted to use detached Frame 'C0FD0E3614F1BD1B5216E4135DA566A1'.

[715/1025] Noivern -> https://bulbapedia.bulbagarden.net/wiki/Noivern_(Pokémon)
  ERROR scraping Noivern: Attempted to use detached Frame 'C0FD0E3614F1BD1B5216E4135DA566A1'.

[716/1025] Xerneas -> https://bulbapedia.bulbagarden.net/wiki/Xerneas_(Pokémon)
  ERROR scraping Xerneas: Attempted to use detached Frame 'C0FD0E3614F1BD1B5216E4135DA566A1'.

[717/1025] Yveltal -> https://bulbapedia.bulbagarden.net/wiki/Yveltal_(Pokémon)
  ERROR scraping Yveltal: Attempted to use detached Frame 'C0FD0E3614F1BD1B5216E4135DA566A1'.

[718/1025] Zygarde -> https://bulbapedia.bulbagarden.net/wiki/Zygarde_(Pokémon)
  ERROR scraping Zygarde: Attempted to use detached Frame 'C0FD0E3614F1BD1B5216E4135DA566A1'.

[719/1025] Diancie -> https://bulbapedia.bulbagarden.net/wiki/Diancie_(Pokémon)
  ERROR scraping Diancie: Attempted to use detached Frame 'C0FD0E3614F1BD1B5216E4135DA566A1'.

[720/1025] Hoopa -> https://bulbapedia.bulbagarden.net/wiki/Hoopa_(Pokémon)
  ERROR scraping Hoopa: Attempted to use detached Frame 'C0FD0E3614F1BD1B5216E4135DA566A1'.

[721/1025] Volcanion -> https://bulbapedia.bulbagarden.net/wiki/Volcanion_(Pokémon)
  ERROR scraping Volcanion: Attempted to use detached Frame 'C0FD0E3614F1BD1B5216E4135DA566A1'.

[722/1025] Rowlet -> https://bulbapedia.bulbagarden.net/wiki/Rowlet_(Pokémon)
  ERROR scraping Rowlet: Attempted to use detached Frame 'C0FD0E3614F1BD1B5216E4135DA566A1'.

[723/1025] Dartrix -> https://bulbapedia.bulbagarden.net/wiki/Dartrix_(Pokémon)
  ERROR scraping Dartrix: Attempted to use detached Frame 'C0FD0E3614F1BD1B5216E4135DA566A1'.

[724/1025] Decidueye -> https://bulbapedia.bulbagarden.net/wiki/Decidueye_(Pokémon)
  ERROR scraping Decidueye: Attempted to use detached Frame 'C0FD0E3614F1BD1B5216E4135DA566A1'.

[725/1025] Litten -> https://bulbapedia.bulbagarden.net/wiki/Litten_(Pokémon)
  ERROR scraping Litten: Attempted to use detached Frame 'C0FD0E3614F1BD1B5216E4135DA566A1'.

[726/1025] Torracat -> https://bulbapedia.bulbagarden.net/wiki/Torracat_(Pokémon)
  ERROR scraping Torracat: Attempted to use detached Frame 'C0FD0E3614F1BD1B5216E4135DA566A1'.

[727/1025] Incineroar -> https://bulbapedia.bulbagarden.net/wiki/Incineroar_(Pokémon)
  ERROR scraping Incineroar: Attempted to use detached Frame 'C0FD0E3614F1BD1B5216E4135DA566A1'.

[728/1025] Popplio -> https://bulbapedia.bulbagarden.net/wiki/Popplio_(Pokémon)
  ERROR scraping Popplio: Attempted to use detached Frame 'C0FD0E3614F1BD1B5216E4135DA566A1'.

[729/1025] Brionne -> https://bulbapedia.bulbagarden.net/wiki/Brionne_(Pokémon)
  ERROR scraping Brionne: Attempted to use detached Frame 'C0FD0E3614F1BD1B5216E4135DA566A1'.

[730/1025] Primarina -> https://bulbapedia.bulbagarden.net/wiki/Primarina_(Pokémon)
  ERROR scraping Primarina: Attempted to use detached Frame 'C0FD0E3614F1BD1B5216E4135DA566A1'.

[731/1025] Pikipek -> https://bulbapedia.bulbagarden.net/wiki/Pikipek_(Pokémon)
  ERROR scraping Pikipek: Attempted to use detached Frame 'C0FD0E3614F1BD1B5216E4135DA566A1'.

[732/1025] Trumbeak -> https://bulbapedia.bulbagarden.net/wiki/Trumbeak_(Pokémon)
  ERROR scraping Trumbeak: Attempted to use detached Frame 'C0FD0E3614F1BD1B5216E4135DA566A1'.

[733/1025] Toucannon -> https://bulbapedia.bulbagarden.net/wiki/Toucannon_(Pokémon)
  ERROR scraping Toucannon: Attempted to use detached Frame 'C0FD0E3614F1BD1B5216E4135DA566A1'.

[734/1025] Yungoos -> https://bulbapedia.bulbagarden.net/wiki/Yungoos_(Pokémon)
  ERROR scraping Yungoos: Attempted to use detached Frame 'C0FD0E3614F1BD1B5216E4135DA566A1'.

[735/1025] Gumshoos -> https://bulbapedia.bulbagarden.net/wiki/Gumshoos_(Pokémon)
  ERROR scraping Gumshoos: Attempted to use detached Frame 'C0FD0E3614F1BD1B5216E4135DA566A1'.

[736/1025] Grubbin -> https://bulbapedia.bulbagarden.net/wiki/Grubbin_(Pokémon)
  ERROR scraping Grubbin: Attempted to use detached Frame 'C0FD0E3614F1BD1B5216E4135DA566A1'.

[737/1025] Charjabug -> https://bulbapedia.bulbagarden.net/wiki/Charjabug_(Pokémon)
  ERROR scraping Charjabug: Attempted to use detached Frame 'C0FD0E3614F1BD1B5216E4135DA566A1'.

[738/1025] Vikavolt -> https://bulbapedia.bulbagarden.net/wiki/Vikavolt_(Pokémon)
  ERROR scraping Vikavolt: Attempted to use detached Frame 'C0FD0E3614F1BD1B5216E4135DA566A1'.

[739/1025] Crabrawler -> https://bulbapedia.bulbagarden.net/wiki/Crabrawler_(Pokémon)
  ERROR scraping Crabrawler: Attempted to use detached Frame 'C0FD0E3614F1BD1B5216E4135DA566A1'.

[740/1025] Crabominable -> https://bulbapedia.bulbagarden.net/wiki/Crabominable_(Pokémon)
  ERROR scraping Crabominable: Attempted to use detached Frame 'C0FD0E3614F1BD1B5216E4135DA566A1'.

[741/1025] Oricorio -> https://bulbapedia.bulbagarden.net/wiki/Oricorio_(Pokémon)
  ERROR scraping Oricorio: Attempted to use detached Frame 'C0FD0E3614F1BD1B5216E4135DA566A1'.

[742/1025] Cutiefly -> https://bulbapedia.bulbagarden.net/wiki/Cutiefly_(Pokémon)
  ERROR scraping Cutiefly: Attempted to use detached Frame 'C0FD0E3614F1BD1B5216E4135DA566A1'.

[743/1025] Ribombee -> https://bulbapedia.bulbagarden.net/wiki/Ribombee_(Pokémon)
  ERROR scraping Ribombee: Attempted to use detached Frame 'C0FD0E3614F1BD1B5216E4135DA566A1'.

[744/1025] Rockruff -> https://bulbapedia.bulbagarden.net/wiki/Rockruff_(Pokémon)
  ERROR scraping Rockruff: Attempted to use detached Frame 'C0FD0E3614F1BD1B5216E4135DA566A1'.

[745/1025] Lycanroc -> https://bulbapedia.bulbagarden.net/wiki/Lycanroc_(Pokémon)
  ERROR scraping Lycanroc: Attempted to use detached Frame 'C0FD0E3614F1BD1B5216E4135DA566A1'.

[746/1025] Wishiwashi -> https://bulbapedia.bulbagarden.net/wiki/Wishiwashi_(Pokémon)
  ERROR scraping Wishiwashi: Attempted to use detached Frame 'C0FD0E3614F1BD1B5216E4135DA566A1'.

[747/1025] Mareanie -> https://bulbapedia.bulbagarden.net/wiki/Mareanie_(Pokémon)
  ERROR scraping Mareanie: Attempted to use detached Frame 'C0FD0E3614F1BD1B5216E4135DA566A1'.

[748/1025] Toxapex -> https://bulbapedia.bulbagarden.net/wiki/Toxapex_(Pokémon)
  ERROR scraping Toxapex: Attempted to use detached Frame 'C0FD0E3614F1BD1B5216E4135DA566A1'.

[749/1025] Mudbray -> https://bulbapedia.bulbagarden.net/wiki/Mudbray_(Pokémon)
  ERROR scraping Mudbray: Attempted to use detached Frame 'C0FD0E3614F1BD1B5216E4135DA566A1'.

[750/1025] Mudsdale -> https://bulbapedia.bulbagarden.net/wiki/Mudsdale_(Pokémon)
  ERROR scraping Mudsdale: Attempted to use detached Frame 'C0FD0E3614F1BD1B5216E4135DA566A1'.

[751/1025] Dewpider -> https://bulbapedia.bulbagarden.net/wiki/Dewpider_(Pokémon)
  ERROR scraping Dewpider: Attempted to use detached Frame 'C0FD0E3614F1BD1B5216E4135DA566A1'.

[752/1025] Araquanid -> https://bulbapedia.bulbagarden.net/wiki/Araquanid_(Pokémon)
  ERROR scraping Araquanid: Attempted to use detached Frame 'C0FD0E3614F1BD1B5216E4135DA566A1'.

[753/1025] Fomantis -> https://bulbapedia.bulbagarden.net/wiki/Fomantis_(Pokémon)
  ERROR scraping Fomantis: Attempted to use detached Frame 'C0FD0E3614F1BD1B5216E4135DA566A1'.

[754/1025] Lurantis -> https://bulbapedia.bulbagarden.net/wiki/Lurantis_(Pokémon)
  ERROR scraping Lurantis: Attempted to use detached Frame 'C0FD0E3614F1BD1B5216E4135DA566A1'.

[755/1025] Morelull -> https://bulbapedia.bulbagarden.net/wiki/Morelull_(Pokémon)
  ERROR scraping Morelull: Attempted to use detached Frame 'C0FD0E3614F1BD1B5216E4135DA566A1'.

[756/1025] Shiinotic -> https://bulbapedia.bulbagarden.net/wiki/Shiinotic_(Pokémon)
  ERROR scraping Shiinotic: Attempted to use detached Frame 'C0FD0E3614F1BD1B5216E4135DA566A1'.

[757/1025] Salandit -> https://bulbapedia.bulbagarden.net/wiki/Salandit_(Pokémon)
  ERROR scraping Salandit: Attempted to use detached Frame 'C0FD0E3614F1BD1B5216E4135DA566A1'.

[758/1025] Salazzle -> https://bulbapedia.bulbagarden.net/wiki/Salazzle_(Pokémon)
  ERROR scraping Salazzle: Attempted to use detached Frame 'C0FD0E3614F1BD1B5216E4135DA566A1'.

[759/1025] Stufful -> https://bulbapedia.bulbagarden.net/wiki/Stufful_(Pokémon)
  ERROR scraping Stufful: Attempted to use detached Frame 'C0FD0E3614F1BD1B5216E4135DA566A1'.

[760/1025] Bewear -> https://bulbapedia.bulbagarden.net/wiki/Bewear_(Pokémon)
  ERROR scraping Bewear: Attempted to use detached Frame 'C0FD0E3614F1BD1B5216E4135DA566A1'.

[761/1025] Bounsweet -> https://bulbapedia.bulbagarden.net/wiki/Bounsweet_(Pokémon)
  ERROR scraping Bounsweet: Attempted to use detached Frame 'C0FD0E3614F1BD1B5216E4135DA566A1'.

[762/1025] Steenee -> https://bulbapedia.bulbagarden.net/wiki/Steenee_(Pokémon)
  ERROR scraping Steenee: Attempted to use detached Frame 'C0FD0E3614F1BD1B5216E4135DA566A1'.

[763/1025] Tsareena -> https://bulbapedia.bulbagarden.net/wiki/Tsareena_(Pokémon)
  ERROR scraping Tsareena: Attempted to use detached Frame 'C0FD0E3614F1BD1B5216E4135DA566A1'.

[764/1025] Comfey -> https://bulbapedia.bulbagarden.net/wiki/Comfey_(Pokémon)
  ERROR scraping Comfey: Attempted to use detached Frame 'C0FD0E3614F1BD1B5216E4135DA566A1'.

[765/1025] Oranguru -> https://bulbapedia.bulbagarden.net/wiki/Oranguru_(Pokémon)
  ERROR scraping Oranguru: Attempted to use detached Frame 'C0FD0E3614F1BD1B5216E4135DA566A1'.

[766/1025] Passimian -> https://bulbapedia.bulbagarden.net/wiki/Passimian_(Pokémon)
  ERROR scraping Passimian: Attempted to use detached Frame 'C0FD0E3614F1BD1B5216E4135DA566A1'.

[767/1025] Wimpod -> https://bulbapedia.bulbagarden.net/wiki/Wimpod_(Pokémon)
  ERROR scraping Wimpod: Attempted to use detached Frame 'C0FD0E3614F1BD1B5216E4135DA566A1'.

[768/1025] Golisopod -> https://bulbapedia.bulbagarden.net/wiki/Golisopod_(Pokémon)
  ERROR scraping Golisopod: Attempted to use detached Frame 'C0FD0E3614F1BD1B5216E4135DA566A1'.

[769/1025] Sandygast -> https://bulbapedia.bulbagarden.net/wiki/Sandygast_(Pokémon)
  ERROR scraping Sandygast: Attempted to use detached Frame 'C0FD0E3614F1BD1B5216E4135DA566A1'.

[770/1025] Palossand -> https://bulbapedia.bulbagarden.net/wiki/Palossand_(Pokémon)
  ERROR scraping Palossand: Attempted to use detached Frame 'C0FD0E3614F1BD1B5216E4135DA566A1'.

[771/1025] Pyukumuku -> https://bulbapedia.bulbagarden.net/wiki/Pyukumuku_(Pokémon)
  ERROR scraping Pyukumuku: Attempted to use detached Frame 'C0FD0E3614F1BD1B5216E4135DA566A1'.

[772/1025] Type: Null -> https://bulbapedia.bulbagarden.net/wiki/Type%3A%20Null_(Pokémon)
  ERROR scraping Type: Null: Attempted to use detached Frame 'C0FD0E3614F1BD1B5216E4135DA566A1'.

[773/1025] Silvally -> https://bulbapedia.bulbagarden.net/wiki/Silvally_(Pokémon)
  ERROR scraping Silvally: Attempted to use detached Frame 'C0FD0E3614F1BD1B5216E4135DA566A1'.

[774/1025] Minior -> https://bulbapedia.bulbagarden.net/wiki/Minior_(Pokémon)
  ERROR scraping Minior: Attempted to use detached Frame 'C0FD0E3614F1BD1B5216E4135DA566A1'.

[775/1025] Komala -> https://bulbapedia.bulbagarden.net/wiki/Komala_(Pokémon)
  ERROR scraping Komala: Attempted to use detached Frame 'C0FD0E3614F1BD1B5216E4135DA566A1'.

[776/1025] Turtonator -> https://bulbapedia.bulbagarden.net/wiki/Turtonator_(Pokémon)
  ERROR scraping Turtonator: Attempted to use detached Frame 'C0FD0E3614F1BD1B5216E4135DA566A1'.

[777/1025] Togedemaru -> https://bulbapedia.bulbagarden.net/wiki/Togedemaru_(Pokémon)
  ERROR scraping Togedemaru: Attempted to use detached Frame 'C0FD0E3614F1BD1B5216E4135DA566A1'.

[778/1025] Mimikyu -> https://bulbapedia.bulbagarden.net/wiki/Mimikyu_(Pokémon)
  ERROR scraping Mimikyu: Attempted to use detached Frame 'C0FD0E3614F1BD1B5216E4135DA566A1'.

[779/1025] Bruxish -> https://bulbapedia.bulbagarden.net/wiki/Bruxish_(Pokémon)
  ERROR scraping Bruxish: Attempted to use detached Frame 'C0FD0E3614F1BD1B5216E4135DA566A1'.

[780/1025] Drampa -> https://bulbapedia.bulbagarden.net/wiki/Drampa_(Pokémon)
  ERROR scraping Drampa: Attempted to use detached Frame 'C0FD0E3614F1BD1B5216E4135DA566A1'.

[781/1025] Dhelmise -> https://bulbapedia.bulbagarden.net/wiki/Dhelmise_(Pokémon)
  ERROR scraping Dhelmise: Attempted to use detached Frame 'C0FD0E3614F1BD1B5216E4135DA566A1'.

[782/1025] Jangmo-o -> https://bulbapedia.bulbagarden.net/wiki/Jangmo-o_(Pokémon)
  ERROR scraping Jangmo-o: Attempted to use detached Frame 'C0FD0E3614F1BD1B5216E4135DA566A1'.

[783/1025] Hakamo-o -> https://bulbapedia.bulbagarden.net/wiki/Hakamo-o_(Pokémon)
  ERROR scraping Hakamo-o: Attempted to use detached Frame 'C0FD0E3614F1BD1B5216E4135DA566A1'.

[784/1025] Kommo-o -> https://bulbapedia.bulbagarden.net/wiki/Kommo-o_(Pokémon)
  ERROR scraping Kommo-o: Attempted to use detached Frame 'C0FD0E3614F1BD1B5216E4135DA566A1'.

[785/1025] Tapu Koko -> https://bulbapedia.bulbagarden.net/wiki/Tapu%20Koko_(Pokémon)
  ERROR scraping Tapu Koko: Attempted to use detached Frame 'C0FD0E3614F1BD1B5216E4135DA566A1'.

[786/1025] Tapu Lele -> https://bulbapedia.bulbagarden.net/wiki/Tapu%20Lele_(Pokémon)
  ERROR scraping Tapu Lele: Attempted to use detached Frame 'C0FD0E3614F1BD1B5216E4135DA566A1'.

[787/1025] Tapu Bulu -> https://bulbapedia.bulbagarden.net/wiki/Tapu%20Bulu_(Pokémon)
  ERROR scraping Tapu Bulu: Attempted to use detached Frame 'C0FD0E3614F1BD1B5216E4135DA566A1'.

[788/1025] Tapu Fini -> https://bulbapedia.bulbagarden.net/wiki/Tapu%20Fini_(Pokémon)
  ERROR scraping Tapu Fini: Attempted to use detached Frame 'C0FD0E3614F1BD1B5216E4135DA566A1'.

[789/1025] Cosmog -> https://bulbapedia.bulbagarden.net/wiki/Cosmog_(Pokémon)
  ERROR scraping Cosmog: Attempted to use detached Frame 'C0FD0E3614F1BD1B5216E4135DA566A1'.

[790/1025] Cosmoem -> https://bulbapedia.bulbagarden.net/wiki/Cosmoem_(Pokémon)
  ERROR scraping Cosmoem: Attempted to use detached Frame 'C0FD0E3614F1BD1B5216E4135DA566A1'.

[791/1025] Solgaleo -> https://bulbapedia.bulbagarden.net/wiki/Solgaleo_(Pokémon)
  ERROR scraping Solgaleo: Attempted to use detached Frame 'C0FD0E3614F1BD1B5216E4135DA566A1'.

[792/1025] Lunala -> https://bulbapedia.bulbagarden.net/wiki/Lunala_(Pokémon)
  ERROR scraping Lunala: Attempted to use detached Frame 'C0FD0E3614F1BD1B5216E4135DA566A1'.

[793/1025] Nihilego -> https://bulbapedia.bulbagarden.net/wiki/Nihilego_(Pokémon)
  ERROR scraping Nihilego: Attempted to use detached Frame 'C0FD0E3614F1BD1B5216E4135DA566A1'.

[794/1025] Buzzwole -> https://bulbapedia.bulbagarden.net/wiki/Buzzwole_(Pokémon)
  ERROR scraping Buzzwole: Attempted to use detached Frame 'C0FD0E3614F1BD1B5216E4135DA566A1'.

[795/1025] Pheromosa -> https://bulbapedia.bulbagarden.net/wiki/Pheromosa_(Pokémon)
  ERROR scraping Pheromosa: Attempted to use detached Frame 'C0FD0E3614F1BD1B5216E4135DA566A1'.

[796/1025] Xurkitree -> https://bulbapedia.bulbagarden.net/wiki/Xurkitree_(Pokémon)
  ERROR scraping Xurkitree: Attempted to use detached Frame 'C0FD0E3614F1BD1B5216E4135DA566A1'.

[797/1025] Cele Steela -> https://bulbapedia.bulbagarden.net/wiki/Cele%20Steela_(Pokémon)
  ERROR scraping Cele Steela: Attempted to use detached Frame 'C0FD0E3614F1BD1B5216E4135DA566A1'.

[798/1025] Kartana -> https://bulbapedia.bulbagarden.net/wiki/Kartana_(Pokémon)
  ERROR scraping Kartana: Attempted to use detached Frame 'C0FD0E3614F1BD1B5216E4135DA566A1'.

[799/1025] Guzzlord -> https://bulbapedia.bulbagarden.net/wiki/Guzzlord_(Pokémon)
  ERROR scraping Guzzlord: Attempted to use detached Frame 'C0FD0E3614F1BD1B5216E4135DA566A1'.

[800/1025] Necrozma -> https://bulbapedia.bulbagarden.net/wiki/Necrozma_(Pokémon)
  ERROR scraping Necrozma: Attempted to use detached Frame 'C0FD0E3614F1BD1B5216E4135DA566A1'.

[801/1025] Magearna -> https://bulbapedia.bulbagarden.net/wiki/Magearna_(Pokémon)
  ERROR scraping Magearna: Attempted to use detached Frame 'C0FD0E3614F1BD1B5216E4135DA566A1'.

[802/1025] Marshadow -> https://bulbapedia.bulbagarden.net/wiki/Marshadow_(Pokémon)
  ERROR scraping Marshadow: Attempted to use detached Frame 'C0FD0E3614F1BD1B5216E4135DA566A1'.

[803/1025] Poipole -> https://bulbapedia.bulbagarden.net/wiki/Poipole_(Pokémon)
  ERROR scraping Poipole: Attempted to use detached Frame 'C0FD0E3614F1BD1B5216E4135DA566A1'.

[804/1025] Naganadel -> https://bulbapedia.bulbagarden.net/wiki/Naganadel_(Pokémon)
  ERROR scraping Naganadel: Attempted to use detached Frame 'C0FD0E3614F1BD1B5216E4135DA566A1'.

[805/1025] Stakataka -> https://bulbapedia.bulbagarden.net/wiki/Stakataka_(Pokémon)
  ERROR scraping Stakataka: Attempted to use detached Frame 'C0FD0E3614F1BD1B5216E4135DA566A1'.

[806/1025] Blacephalon -> https://bulbapedia.bulbagarden.net/wiki/Blacephalon_(Pokémon)
  ERROR scraping Blacephalon: Attempted to use detached Frame 'C0FD0E3614F1BD1B5216E4135DA566A1'.

[807/1025] Zeraora -> https://bulbapedia.bulbagarden.net/wiki/Zeraora_(Pokémon)
  ERROR scraping Zeraora: Attempted to use detached Frame 'C0FD0E3614F1BD1B5216E4135DA566A1'.

[808/1025] Meltan -> https://bulbapedia.bulbagarden.net/wiki/Meltan_(Pokémon)
  ERROR scraping Meltan: Attempted to use detached Frame 'C0FD0E3614F1BD1B5216E4135DA566A1'.

[809/1025] Melmetal -> https://bulbapedia.bulbagarden.net/wiki/Melmetal_(Pokémon)
  ERROR scraping Melmetal: Attempted to use detached Frame 'C0FD0E3614F1BD1B5216E4135DA566A1'.

[810/1025] Grookey -> https://bulbapedia.bulbagarden.net/wiki/Grookey_(Pokémon)
  ERROR scraping Grookey: Attempted to use detached Frame 'C0FD0E3614F1BD1B5216E4135DA566A1'.

[811/1025] Thwackey -> https://bulbapedia.bulbagarden.net/wiki/Thwackey_(Pokémon)
  ERROR scraping Thwackey: Attempted to use detached Frame 'C0FD0E3614F1BD1B5216E4135DA566A1'.

[812/1025] Rillaboom -> https://bulbapedia.bulbagarden.net/wiki/Rillaboom_(Pokémon)
  ERROR scraping Rillaboom: Attempted to use detached Frame 'C0FD0E3614F1BD1B5216E4135DA566A1'.

[813/1025] Scorbunny -> https://bulbapedia.bulbagarden.net/wiki/Scorbunny_(Pokémon)
  ERROR scraping Scorbunny: Attempted to use detached Frame 'C0FD0E3614F1BD1B5216E4135DA566A1'.

[814/1025] Raboot -> https://bulbapedia.bulbagarden.net/wiki/Raboot_(Pokémon)
  ERROR scraping Raboot: Attempted to use detached Frame 'C0FD0E3614F1BD1B5216E4135DA566A1'.

[815/1025] Cinderace -> https://bulbapedia.bulbagarden.net/wiki/Cinderace_(Pokémon)
  ERROR scraping Cinderace: Attempted to use detached Frame 'C0FD0E3614F1BD1B5216E4135DA566A1'.

[816/1025] Sobble -> https://bulbapedia.bulbagarden.net/wiki/Sobble_(Pokémon)
  ERROR scraping Sobble: Attempted to use detached Frame 'C0FD0E3614F1BD1B5216E4135DA566A1'.

[817/1025] Drizzile -> https://bulbapedia.bulbagarden.net/wiki/Drizzile_(Pokémon)
  ERROR scraping Drizzile: Attempted to use detached Frame 'C0FD0E3614F1BD1B5216E4135DA566A1'.

[818/1025] Inteleon -> https://bulbapedia.bulbagarden.net/wiki/Inteleon_(Pokémon)
  ERROR scraping Inteleon: Attempted to use detached Frame 'C0FD0E3614F1BD1B5216E4135DA566A1'.

[819/1025] Skwovet -> https://bulbapedia.bulbagarden.net/wiki/Skwovet_(Pokémon)
  ERROR scraping Skwovet: Attempted to use detached Frame 'C0FD0E3614F1BD1B5216E4135DA566A1'.

[820/1025] Greedent -> https://bulbapedia.bulbagarden.net/wiki/Greedent_(Pokémon)
  ERROR scraping Greedent: Attempted to use detached Frame 'C0FD0E3614F1BD1B5216E4135DA566A1'.

[821/1025] Rookidee -> https://bulbapedia.bulbagarden.net/wiki/Rookidee_(Pokémon)
  ERROR scraping Rookidee: Attempted to use detached Frame 'C0FD0E3614F1BD1B5216E4135DA566A1'.

[822/1025] Corvisquire -> https://bulbapedia.bulbagarden.net/wiki/Corvisquire_(Pokémon)
  ERROR scraping Corvisquire: Attempted to use detached Frame 'C0FD0E3614F1BD1B5216E4135DA566A1'.

[823/1025] Corviknight -> https://bulbapedia.bulbagarden.net/wiki/Corviknight_(Pokémon)
  ERROR scraping Corviknight: Attempted to use detached Frame 'C0FD0E3614F1BD1B5216E4135DA566A1'.

[824/1025] Blip -> https://bulbapedia.bulbagarden.net/wiki/Blip_(Pokémon)
  ERROR scraping Blip: Attempted to use detached Frame 'C0FD0E3614F1BD1B5216E4135DA566A1'.

[825/1025] Dottler -> https://bulbapedia.bulbagarden.net/wiki/Dottler_(Pokémon)
  ERROR scraping Dottler: Attempted to use detached Frame 'C0FD0E3614F1BD1B5216E4135DA566A1'.

[826/1025] Orbeetle -> https://bulbapedia.bulbagarden.net/wiki/Orbeetle_(Pokémon)
  ERROR scraping Orbeetle: Attempted to use detached Frame 'C0FD0E3614F1BD1B5216E4135DA566A1'.

[827/1025] Nickit -> https://bulbapedia.bulbagarden.net/wiki/Nickit_(Pokémon)
  ERROR scraping Nickit: Attempted to use detached Frame 'C0FD0E3614F1BD1B5216E4135DA566A1'.

[828/1025] Thievul -> https://bulbapedia.bulbagarden.net/wiki/Thievul_(Pokémon)
  ERROR scraping Thievul: Attempted to use detached Frame 'C0FD0E3614F1BD1B5216E4135DA566A1'.

[829/1025] Gossifleur -> https://bulbapedia.bulbagarden.net/wiki/Gossifleur_(Pokémon)
  ERROR scraping Gossifleur: Attempted to use detached Frame 'C0FD0E3614F1BD1B5216E4135DA566A1'.

[830/1025] Eldegoss -> https://bulbapedia.bulbagarden.net/wiki/Eldegoss_(Pokémon)
  ERROR scraping Eldegoss: Attempted to use detached Frame 'C0FD0E3614F1BD1B5216E4135DA566A1'.

[831/1025] Wooloo -> https://bulbapedia.bulbagarden.net/wiki/Wooloo_(Pokémon)
  ERROR scraping Wooloo: Attempted to use detached Frame 'C0FD0E3614F1BD1B5216E4135DA566A1'.

[832/1025] Dubwool -> https://bulbapedia.bulbagarden.net/wiki/Dubwool_(Pokémon)
  ERROR scraping Dubwool: Attempted to use detached Frame 'C0FD0E3614F1BD1B5216E4135DA566A1'.

[833/1025] Chewtle -> https://bulbapedia.bulbagarden.net/wiki/Chewtle_(Pokémon)
  ERROR scraping Chewtle: Attempted to use detached Frame 'C0FD0E3614F1BD1B5216E4135DA566A1'.

[834/1025] Drednaw -> https://bulbapedia.bulbagarden.net/wiki/Drednaw_(Pokémon)
  ERROR scraping Drednaw: Attempted to use detached Frame 'C0FD0E3614F1BD1B5216E4135DA566A1'.

[835/1025] Yamper -> https://bulbapedia.bulbagarden.net/wiki/Yamper_(Pokémon)
  ERROR scraping Yamper: Attempted to use detached Frame 'C0FD0E3614F1BD1B5216E4135DA566A1'.

[836/1025] Boltund -> https://bulbapedia.bulbagarden.net/wiki/Boltund_(Pokémon)
  ERROR scraping Boltund: Attempted to use detached Frame 'C0FD0E3614F1BD1B5216E4135DA566A1'.

[837/1025] Rolycoly -> https://bulbapedia.bulbagarden.net/wiki/Rolycoly_(Pokémon)
  ERROR scraping Rolycoly: Attempted to use detached Frame 'C0FD0E3614F1BD1B5216E4135DA566A1'.

[838/1025] Carkol -> https://bulbapedia.bulbagarden.net/wiki/Carkol_(Pokémon)
  ERROR scraping Carkol: Attempted to use detached Frame 'C0FD0E3614F1BD1B5216E4135DA566A1'.

[839/1025] Coalossal -> https://bulbapedia.bulbagarden.net/wiki/Coalossal_(Pokémon)
  ERROR scraping Coalossal: Attempted to use detached Frame 'C0FD0E3614F1BD1B5216E4135DA566A1'.

[840/1025] Applin -> https://bulbapedia.bulbagarden.net/wiki/Applin_(Pokémon)
  ERROR scraping Applin: Attempted to use detached Frame 'C0FD0E3614F1BD1B5216E4135DA566A1'.

[841/1025] Flapple -> https://bulbapedia.bulbagarden.net/wiki/Flapple_(Pokémon)
  ERROR scraping Flapple: Attempted to use detached Frame 'C0FD0E3614F1BD1B5216E4135DA566A1'.

[842/1025] Appletun -> https://bulbapedia.bulbagarden.net/wiki/Appletun_(Pokémon)
  ERROR scraping Appletun: Attempted to use detached Frame 'C0FD0E3614F1BD1B5216E4135DA566A1'.

[843/1025] Silicobra -> https://bulbapedia.bulbagarden.net/wiki/Silicobra_(Pokémon)
  ERROR scraping Silicobra: Attempted to use detached Frame 'C0FD0E3614F1BD1B5216E4135DA566A1'.

[844/1025] Sandaconda -> https://bulbapedia.bulbagarden.net/wiki/Sandaconda_(Pokémon)
  ERROR scraping Sandaconda: Attempted to use detached Frame 'C0FD0E3614F1BD1B5216E4135DA566A1'.

[845/1025] Cramorant -> https://bulbapedia.bulbagarden.net/wiki/Cramorant_(Pokémon)
  ERROR scraping Cramorant: Attempted to use detached Frame 'C0FD0E3614F1BD1B5216E4135DA566A1'.

[846/1025] Arrokuda -> https://bulbapedia.bulbagarden.net/wiki/Arrokuda_(Pokémon)
  ERROR scraping Arrokuda: Attempted to use detached Frame 'C0FD0E3614F1BD1B5216E4135DA566A1'.

[847/1025] Barraskewda -> https://bulbapedia.bulbagarden.net/wiki/Barraskewda_(Pokémon)
  ERROR scraping Barraskewda: Attempted to use detached Frame 'C0FD0E3614F1BD1B5216E4135DA566A1'.

[848/1025] Toxel -> https://bulbapedia.bulbagarden.net/wiki/Toxel_(Pokémon)
  ERROR scraping Toxel: Attempted to use detached Frame 'C0FD0E3614F1BD1B5216E4135DA566A1'.

[849/1025] Toxtricity -> https://bulbapedia.bulbagarden.net/wiki/Toxtricity_(Pokémon)
  ERROR scraping Toxtricity: Attempted to use detached Frame 'C0FD0E3614F1BD1B5216E4135DA566A1'.

[850/1025] Sizzlipede -> https://bulbapedia.bulbagarden.net/wiki/Sizzlipede_(Pokémon)
  ERROR scraping Sizzlipede: Attempted to use detached Frame 'C0FD0E3614F1BD1B5216E4135DA566A1'.

[851/1025] Centiskorch -> https://bulbapedia.bulbagarden.net/wiki/Centiskorch_(Pokémon)
  ERROR scraping Centiskorch: Attempted to use detached Frame 'C0FD0E3614F1BD1B5216E4135DA566A1'.

[852/1025] Clobbopus -> https://bulbapedia.bulbagarden.net/wiki/Clobbopus_(Pokémon)
  ERROR scraping Clobbopus: Attempted to use detached Frame 'C0FD0E3614F1BD1B5216E4135DA566A1'.

[853/1025] Grapploct -> https://bulbapedia.bulbagarden.net/wiki/Grapploct_(Pokémon)
  ERROR scraping Grapploct: Attempted to use detached Frame 'C0FD0E3614F1BD1B5216E4135DA566A1'.

[854/1025] Sinistea -> https://bulbapedia.bulbagarden.net/wiki/Sinistea_(Pokémon)
  ERROR scraping Sinistea: Attempted to use detached Frame 'C0FD0E3614F1BD1B5216E4135DA566A1'.

[855/1025] Polteageist -> https://bulbapedia.bulbagarden.net/wiki/Polteageist_(Pokémon)
  ERROR scraping Polteageist: Attempted to use detached Frame 'C0FD0E3614F1BD1B5216E4135DA566A1'.

[856/1025] Hatenna -> https://bulbapedia.bulbagarden.net/wiki/Hatenna_(Pokémon)
  ERROR scraping Hatenna: Attempted to use detached Frame 'C0FD0E3614F1BD1B5216E4135DA566A1'.

[857/1025] Hattrem -> https://bulbapedia.bulbagarden.net/wiki/Hattrem_(Pokémon)
  ERROR scraping Hattrem: Attempted to use detached Frame 'C0FD0E3614F1BD1B5216E4135DA566A1'.

[858/1025] Hatterene -> https://bulbapedia.bulbagarden.net/wiki/Hatterene_(Pokémon)
  ERROR scraping Hatterene: Attempted to use detached Frame 'C0FD0E3614F1BD1B5216E4135DA566A1'.

[859/1025] Impidimp -> https://bulbapedia.bulbagarden.net/wiki/Impidimp_(Pokémon)
  ERROR scraping Impidimp: Attempted to use detached Frame 'C0FD0E3614F1BD1B5216E4135DA566A1'.

[860/1025] Morgrem -> https://bulbapedia.bulbagarden.net/wiki/Morgrem_(Pokémon)
  ERROR scraping Morgrem: Attempted to use detached Frame 'C0FD0E3614F1BD1B5216E4135DA566A1'.

[861/1025] Grimmsnarl -> https://bulbapedia.bulbagarden.net/wiki/Grimmsnarl_(Pokémon)
  ERROR scraping Grimmsnarl: Attempted to use detached Frame 'C0FD0E3614F1BD1B5216E4135DA566A1'.

[862/1025] Obstagoon -> https://bulbapedia.bulbagarden.net/wiki/Obstagoon_(Pokémon)
  ERROR scraping Obstagoon: Attempted to use detached Frame 'C0FD0E3614F1BD1B5216E4135DA566A1'.

[863/1025] Perrserker -> https://bulbapedia.bulbagarden.net/wiki/Perrserker_(Pokémon)
  ERROR scraping Perrserker: Attempted to use detached Frame 'C0FD0E3614F1BD1B5216E4135DA566A1'.

[864/1025] Cursola -> https://bulbapedia.bulbagarden.net/wiki/Cursola_(Pokémon)
  ERROR scraping Cursola: Attempted to use detached Frame 'C0FD0E3614F1BD1B5216E4135DA566A1'.

[865/1025] Sirfetch'd -> https://bulbapedia.bulbagarden.net/wiki/Sirfetch'd_(Pokémon)
  ERROR scraping Sirfetch'd: Attempted to use detached Frame 'C0FD0E3614F1BD1B5216E4135DA566A1'.

[866/1025] Mr.Rime -> https://bulbapedia.bulbagarden.net/wiki/Mr.Rime_(Pokémon)
  ERROR scraping Mr.Rime: Attempted to use detached Frame 'C0FD0E3614F1BD1B5216E4135DA566A1'.

[867/1025] Runerigus -> https://bulbapedia.bulbagarden.net/wiki/Runerigus_(Pokémon)
  ERROR scraping Runerigus: Attempted to use detached Frame 'C0FD0E3614F1BD1B5216E4135DA566A1'.

[868/1025] Milcery -> https://bulbapedia.bulbagarden.net/wiki/Milcery_(Pokémon)
  ERROR scraping Milcery: Attempted to use detached Frame 'C0FD0E3614F1BD1B5216E4135DA566A1'.

[869/1025] Alcremie -> https://bulbapedia.bulbagarden.net/wiki/Alcremie_(Pokémon)
  ERROR scraping Alcremie: Attempted to use detached Frame 'C0FD0E3614F1BD1B5216E4135DA566A1'.

[870/1025] Falinks -> https://bulbapedia.bulbagarden.net/wiki/Falinks_(Pokémon)
  ERROR scraping Falinks: Attempted to use detached Frame 'C0FD0E3614F1BD1B5216E4135DA566A1'.

[871/1025] Pincurchin -> https://bulbapedia.bulbagarden.net/wiki/Pincurchin_(Pokémon)
  ERROR scraping Pincurchin: Attempted to use detached Frame 'C0FD0E3614F1BD1B5216E4135DA566A1'.

[872/1025] Snom -> https://bulbapedia.bulbagarden.net/wiki/Snom_(Pokémon)
  ERROR scraping Snom: Attempted to use detached Frame 'C0FD0E3614F1BD1B5216E4135DA566A1'.

[873/1025] Frosmoth -> https://bulbapedia.bulbagarden.net/wiki/Frosmoth_(Pokémon)
  ERROR scraping Frosmoth: Attempted to use detached Frame 'C0FD0E3614F1BD1B5216E4135DA566A1'.

[874/1025] Stonjourner -> https://bulbapedia.bulbagarden.net/wiki/Stonjourner_(Pokémon)
  ERROR scraping Stonjourner: Attempted to use detached Frame 'C0FD0E3614F1BD1B5216E4135DA566A1'.

[875/1025] Eiscue -> https://bulbapedia.bulbagarden.net/wiki/Eiscue_(Pokémon)
  ERROR scraping Eiscue: Attempted to use detached Frame 'C0FD0E3614F1BD1B5216E4135DA566A1'.

[876/1025] Indeedee -> https://bulbapedia.bulbagarden.net/wiki/Indeedee_(Pokémon)
  ERROR scraping Indeedee: Attempted to use detached Frame 'C0FD0E3614F1BD1B5216E4135DA566A1'.

[877/1025] Morpeko -> https://bulbapedia.bulbagarden.net/wiki/Morpeko_(Pokémon)
  ERROR scraping Morpeko: Attempted to use detached Frame 'C0FD0E3614F1BD1B5216E4135DA566A1'.

[878/1025] Cufant -> https://bulbapedia.bulbagarden.net/wiki/Cufant_(Pokémon)
  ERROR scraping Cufant: Attempted to use detached Frame 'C0FD0E3614F1BD1B5216E4135DA566A1'.

[879/1025] Copperajah -> https://bulbapedia.bulbagarden.net/wiki/Copperajah_(Pokémon)
  ERROR scraping Copperajah: Attempted to use detached Frame 'C0FD0E3614F1BD1B5216E4135DA566A1'.

[880/1025] Dracozolt -> https://bulbapedia.bulbagarden.net/wiki/Dracozolt_(Pokémon)
  ERROR scraping Dracozolt: Attempted to use detached Frame 'C0FD0E3614F1BD1B5216E4135DA566A1'.

[881/1025] Arctozolt -> https://bulbapedia.bulbagarden.net/wiki/Arctozolt_(Pokémon)
  ERROR scraping Arctozolt: Attempted to use detached Frame 'C0FD0E3614F1BD1B5216E4135DA566A1'.

[882/1025] Dracovish -> https://bulbapedia.bulbagarden.net/wiki/Dracovish_(Pokémon)
  ERROR scraping Dracovish: Attempted to use detached Frame 'C0FD0E3614F1BD1B5216E4135DA566A1'.

[883/1025] Arctovish -> https://bulbapedia.bulbagarden.net/wiki/Arctovish_(Pokémon)
  ERROR scraping Arctovish: Attempted to use detached Frame 'C0FD0E3614F1BD1B5216E4135DA566A1'.

[884/1025] Duraludon -> https://bulbapedia.bulbagarden.net/wiki/Duraludon_(Pokémon)
  ERROR scraping Duraludon: Attempted to use detached Frame 'C0FD0E3614F1BD1B5216E4135DA566A1'.

[885/1025] Dreepy -> https://bulbapedia.bulbagarden.net/wiki/Dreepy_(Pokémon)
  ERROR scraping Dreepy: Attempted to use detached Frame 'C0FD0E3614F1BD1B5216E4135DA566A1'.

[886/1025] Drakloak -> https://bulbapedia.bulbagarden.net/wiki/Drakloak_(Pokémon)
  ERROR scraping Drakloak: Attempted to use detached Frame 'C0FD0E3614F1BD1B5216E4135DA566A1'.

[887/1025] Dragapult -> https://bulbapedia.bulbagarden.net/wiki/Dragapult_(Pokémon)
  ERROR scraping Dragapult: Attempted to use detached Frame 'C0FD0E3614F1BD1B5216E4135DA566A1'.

[888/1025] Zacian -> https://bulbapedia.bulbagarden.net/wiki/Zacian_(Pokémon)
  ERROR scraping Zacian: Attempted to use detached Frame 'C0FD0E3614F1BD1B5216E4135DA566A1'.

[889/1025] Zamazenta -> https://bulbapedia.bulbagarden.net/wiki/Zamazenta_(Pokémon)
  ERROR scraping Zamazenta: Attempted to use detached Frame 'C0FD0E3614F1BD1B5216E4135DA566A1'.

[890/1025] Eternatus -> https://bulbapedia.bulbagarden.net/wiki/Eternatus_(Pokémon)
  ERROR scraping Eternatus: Attempted to use detached Frame 'C0FD0E3614F1BD1B5216E4135DA566A1'.

[891/1025] Kubfu -> https://bulbapedia.bulbagarden.net/wiki/Kubfu_(Pokémon)
  ERROR scraping Kubfu: Attempted to use detached Frame 'C0FD0E3614F1BD1B5216E4135DA566A1'.

[892/1025] Urshifu -> https://bulbapedia.bulbagarden.net/wiki/Urshifu_(Pokémon)
  ERROR scraping Urshifu: Attempted to use detached Frame 'C0FD0E3614F1BD1B5216E4135DA566A1'.

[893/1025] Zarude -> https://bulbapedia.bulbagarden.net/wiki/Zarude_(Pokémon)
  ERROR scraping Zarude: Attempted to use detached Frame 'C0FD0E3614F1BD1B5216E4135DA566A1'.

[894/1025] Regieleki -> https://bulbapedia.bulbagarden.net/wiki/Regieleki_(Pokémon)
  ERROR scraping Regieleki: Attempted to use detached Frame 'C0FD0E3614F1BD1B5216E4135DA566A1'.

[895/1025] Regidrago -> https://bulbapedia.bulbagarden.net/wiki/Regidrago_(Pokémon)
  ERROR scraping Regidrago: Attempted to use detached Frame 'C0FD0E3614F1BD1B5216E4135DA566A1'.

[896/1025] Glastrier -> https://bulbapedia.bulbagarden.net/wiki/Glastrier_(Pokémon)
  ERROR scraping Glastrier: Attempted to use detached Frame 'C0FD0E3614F1BD1B5216E4135DA566A1'.

[897/1025] Spectrier -> https://bulbapedia.bulbagarden.net/wiki/Spectrier_(Pokémon)
  ERROR scraping Spectrier: Attempted to use detached Frame 'C0FD0E3614F1BD1B5216E4135DA566A1'.

[898/1025] Calyrex -> https://bulbapedia.bulbagarden.net/wiki/Calyrex_(Pokémon)
  ERROR scraping Calyrex: Attempted to use detached Frame 'C0FD0E3614F1BD1B5216E4135DA566A1'.

[899/1025] Wyrdeer -> https://bulbapedia.bulbagarden.net/wiki/Wyrdeer_(Pokémon)
  ERROR scraping Wyrdeer: Attempted to use detached Frame 'C0FD0E3614F1BD1B5216E4135DA566A1'.

[900/1025] Kleavor -> https://bulbapedia.bulbagarden.net/wiki/Kleavor_(Pokémon)
  ERROR scraping Kleavor: Attempted to use detached Frame 'C0FD0E3614F1BD1B5216E4135DA566A1'.

[901/1025] Ursaluna -> https://bulbapedia.bulbagarden.net/wiki/Ursaluna_(Pokémon)
  ERROR scraping Ursaluna: Attempted to use detached Frame 'C0FD0E3614F1BD1B5216E4135DA566A1'.

[902/1025] Sneasler -> https://bulbapedia.bulbagarden.net/wiki/Sneasler_(Pokémon)
  ERROR scraping Sneasler: Attempted to use detached Frame 'C0FD0E3614F1BD1B5216E4135DA566A1'.

[903/1025] Overqwil -> https://bulbapedia.bulbagarden.net/wiki/Overqwil_(Pokémon)
  ERROR scraping Overqwil: Attempted to use detached Frame 'C0FD0E3614F1BD1B5216E4135DA566A1'.

[904/1025] Enamorus -> https://bulbapedia.bulbagarden.net/wiki/Enamorus_(Pokémon)
  ERROR scraping Enamorus: Attempted to use detached Frame 'C0FD0E3614F1BD1B5216E4135DA566A1'.

[905/1025] Enamorus -> https://bulbapedia.bulbagarden.net/wiki/Enamorus_(Pokémon)
  ERROR scraping Enamorus: Attempted to use detached Frame 'C0FD0E3614F1BD1B5216E4135DA566A1'.

[906/1025] Sprigatito -> https://bulbapedia.bulbagarden.net/wiki/Sprigatito_(Pokémon)
  ERROR scraping Sprigatito: Attempted to use detached Frame 'C0FD0E3614F1BD1B5216E4135DA566A1'.

[907/1025] Floragato -> https://bulbapedia.bulbagarden.net/wiki/Floragato_(Pokémon)
  ERROR scraping Floragato: Attempted to use detached Frame 'C0FD0E3614F1BD1B5216E4135DA566A1'.

[908/1025] Meowscarada -> https://bulbapedia.bulbagarden.net/wiki/Meowscarada_(Pokémon)
  ERROR scraping Meowscarada: Attempted to use detached Frame 'C0FD0E3614F1BD1B5216E4135DA566A1'.

[909/1025] Fuecoco -> https://bulbapedia.bulbagarden.net/wiki/Fuecoco_(Pokémon)
  ERROR scraping Fuecoco: Attempted to use detached Frame 'C0FD0E3614F1BD1B5216E4135DA566A1'.

[910/1025] Crocalor -> https://bulbapedia.bulbagarden.net/wiki/Crocalor_(Pokémon)
  ERROR scraping Crocalor: Attempted to use detached Frame 'C0FD0E3614F1BD1B5216E4135DA566A1'.

[911/1025] Skeledirge -> https://bulbapedia.bulbagarden.net/wiki/Skeledirge_(Pokémon)
  ERROR scraping Skeledirge: Attempted to use detached Frame 'C0FD0E3614F1BD1B5216E4135DA566A1'.

[912/1025] Quaxly -> https://bulbapedia.bulbagarden.net/wiki/Quaxly_(Pokémon)
  ERROR scraping Quaxly: Attempted to use detached Frame 'C0FD0E3614F1BD1B5216E4135DA566A1'.

[913/1025] Quaxwell -> https://bulbapedia.bulbagarden.net/wiki/Quaxwell_(Pokémon)
  ERROR scraping Quaxwell: Attempted to use detached Frame 'C0FD0E3614F1BD1B5216E4135DA566A1'.

[914/1025] Quaquaval -> https://bulbapedia.bulbagarden.net/wiki/Quaquaval_(Pokémon)
  ERROR scraping Quaquaval: Attempted to use detached Frame 'C0FD0E3614F1BD1B5216E4135DA566A1'.

[915/1025] Lechonk -> https://bulbapedia.bulbagarden.net/wiki/Lechonk_(Pokémon)
  ERROR scraping Lechonk: Attempted to use detached Frame 'C0FD0E3614F1BD1B5216E4135DA566A1'.

[916/1025] Oinkologne -> https://bulbapedia.bulbagarden.net/wiki/Oinkologne_(Pokémon)
  ERROR scraping Oinkologne: Attempted to use detached Frame 'C0FD0E3614F1BD1B5216E4135DA566A1'.

[917/1025] Tarountula -> https://bulbapedia.bulbagarden.net/wiki/Tarountula_(Pokémon)
  ERROR scraping Tarountula: Attempted to use detached Frame 'C0FD0E3614F1BD1B5216E4135DA566A1'.

[918/1025] Spidops -> https://bulbapedia.bulbagarden.net/wiki/Spidops_(Pokémon)
  ERROR scraping Spidops: Attempted to use detached Frame 'C0FD0E3614F1BD1B5216E4135DA566A1'.

[919/1025] Nymble -> https://bulbapedia.bulbagarden.net/wiki/Nymble_(Pokémon)
  ERROR scraping Nymble: Attempted to use detached Frame 'C0FD0E3614F1BD1B5216E4135DA566A1'.

[920/1025] Lokix -> https://bulbapedia.bulbagarden.net/wiki/Lokix_(Pokémon)
  ERROR scraping Lokix: Attempted to use detached Frame 'C0FD0E3614F1BD1B5216E4135DA566A1'.

[921/1025] Pawmi -> https://bulbapedia.bulbagarden.net/wiki/Pawmi_(Pokémon)
  ERROR scraping Pawmi: Attempted to use detached Frame 'C0FD0E3614F1BD1B5216E4135DA566A1'.

[922/1025] Pawmo -> https://bulbapedia.bulbagarden.net/wiki/Pawmo_(Pokémon)
  ERROR scraping Pawmo: Attempted to use detached Frame 'C0FD0E3614F1BD1B5216E4135DA566A1'.

[923/1025] Pawmot -> https://bulbapedia.bulbagarden.net/wiki/Pawmot_(Pokémon)
  ERROR scraping Pawmot: Attempted to use detached Frame 'C0FD0E3614F1BD1B5216E4135DA566A1'.

[924/1025] Tandemaus -> https://bulbapedia.bulbagarden.net/wiki/Tandemaus_(Pokémon)
  ERROR scraping Tandemaus: Attempted to use detached Frame 'C0FD0E3614F1BD1B5216E4135DA566A1'.

[925/1025] Maushold -> https://bulbapedia.bulbagarden.net/wiki/Maushold_(Pokémon)
  ERROR scraping Maushold: Attempted to use detached Frame 'C0FD0E3614F1BD1B5216E4135DA566A1'.

[926/1025] Fidough -> https://bulbapedia.bulbagarden.net/wiki/Fidough_(Pokémon)
  ERROR scraping Fidough: Attempted to use detached Frame 'C0FD0E3614F1BD1B5216E4135DA566A1'.

[927/1025] Dachsbun -> https://bulbapedia.bulbagarden.net/wiki/Dachsbun_(Pokémon)
  ERROR scraping Dachsbun: Attempted to use detached Frame 'C0FD0E3614F1BD1B5216E4135DA566A1'.

[928/1025] Smoliv -> https://bulbapedia.bulbagarden.net/wiki/Smoliv_(Pokémon)
  ERROR scraping Smoliv: Attempted to use detached Frame 'C0FD0E3614F1BD1B5216E4135DA566A1'.

[929/1025] Dolliv -> https://bulbapedia.bulbagarden.net/wiki/Dolliv_(Pokémon)
  ERROR scraping Dolliv: Attempted to use detached Frame 'C0FD0E3614F1BD1B5216E4135DA566A1'.

[930/1025] Arboliva -> https://bulbapedia.bulbagarden.net/wiki/Arboliva_(Pokémon)
  ERROR scraping Arboliva: Attempted to use detached Frame 'C0FD0E3614F1BD1B5216E4135DA566A1'.

[931/1025] Squawkabilly -> https://bulbapedia.bulbagarden.net/wiki/Squawkabilly_(Pokémon)
  ERROR scraping Squawkabilly: Attempted to use detached Frame 'C0FD0E3614F1BD1B5216E4135DA566A1'.

[932/1025] Nacli -> https://bulbapedia.bulbagarden.net/wiki/Nacli_(Pokémon)
  ERROR scraping Nacli: Attempted to use detached Frame 'C0FD0E3614F1BD1B5216E4135DA566A1'.

[933/1025] Naclstack -> https://bulbapedia.bulbagarden.net/wiki/Naclstack_(Pokémon)
  ERROR scraping Naclstack: Attempted to use detached Frame 'C0FD0E3614F1BD1B5216E4135DA566A1'.

[934/1025] Garganacl -> https://bulbapedia.bulbagarden.net/wiki/Garganacl_(Pokémon)
  ERROR scraping Garganacl: Attempted to use detached Frame 'C0FD0E3614F1BD1B5216E4135DA566A1'.

[935/1025] Charcadet -> https://bulbapedia.bulbagarden.net/wiki/Charcadet_(Pokémon)
  ERROR scraping Charcadet: Attempted to use detached Frame 'C0FD0E3614F1BD1B5216E4135DA566A1'.

[936/1025] Armarouge -> https://bulbapedia.bulbagarden.net/wiki/Armarouge_(Pokémon)
  ERROR scraping Armarouge: Attempted to use detached Frame 'C0FD0E3614F1BD1B5216E4135DA566A1'.

[937/1025] Ceruledge -> https://bulbapedia.bulbagarden.net/wiki/Ceruledge_(Pokémon)
  ERROR scraping Ceruledge: Attempted to use detached Frame 'C0FD0E3614F1BD1B5216E4135DA566A1'.

[938/1025] Tadbulb -> https://bulbapedia.bulbagarden.net/wiki/Tadbulb_(Pokémon)
  ERROR scraping Tadbulb: Attempted to use detached Frame 'C0FD0E3614F1BD1B5216E4135DA566A1'.

[939/1025] Bellibolt -> https://bulbapedia.bulbagarden.net/wiki/Bellibolt_(Pokémon)
  ERROR scraping Bellibolt: Attempted to use detached Frame 'C0FD0E3614F1BD1B5216E4135DA566A1'.

[940/1025] Wattrel -> https://bulbapedia.bulbagarden.net/wiki/Wattrel_(Pokémon)
  ERROR scraping Wattrel: Attempted to use detached Frame 'C0FD0E3614F1BD1B5216E4135DA566A1'.

[941/1025] Kilowattrel -> https://bulbapedia.bulbagarden.net/wiki/Kilowattrel_(Pokémon)
  ERROR scraping Kilowattrel: Attempted to use detached Frame 'C0FD0E3614F1BD1B5216E4135DA566A1'.

[942/1025] Maschiff -> https://bulbapedia.bulbagarden.net/wiki/Maschiff_(Pokémon)
  ERROR scraping Maschiff: Attempted to use detached Frame 'C0FD0E3614F1BD1B5216E4135DA566A1'.

[943/1025] Mabosstiff -> https://bulbapedia.bulbagarden.net/wiki/Mabosstiff_(Pokémon)
  ERROR scraping Mabosstiff: Attempted to use detached Frame 'C0FD0E3614F1BD1B5216E4135DA566A1'.

[944/1025] Shroodle -> https://bulbapedia.bulbagarden.net/wiki/Shroodle_(Pokémon)
  ERROR scraping Shroodle: Attempted to use detached Frame 'C0FD0E3614F1BD1B5216E4135DA566A1'.

[945/1025] Grafaiai -> https://bulbapedia.bulbagarden.net/wiki/Grafaiai_(Pokémon)
  ERROR scraping Grafaiai: Attempted to use detached Frame 'C0FD0E3614F1BD1B5216E4135DA566A1'.

[946/1025] Bramblin -> https://bulbapedia.bulbagarden.net/wiki/Bramblin_(Pokémon)
  ERROR scraping Bramblin: Attempted to use detached Frame 'C0FD0E3614F1BD1B5216E4135DA566A1'.

[947/1025] Brambleghast -> https://bulbapedia.bulbagarden.net/wiki/Brambleghast_(Pokémon)
  ERROR scraping Brambleghast: Attempted to use detached Frame 'C0FD0E3614F1BD1B5216E4135DA566A1'.

[948/1025] Toedscool -> https://bulbapedia.bulbagarden.net/wiki/Toedscool_(Pokémon)
  ERROR scraping Toedscool: Attempted to use detached Frame 'C0FD0E3614F1BD1B5216E4135DA566A1'.

[949/1025] Toedscruel -> https://bulbapedia.bulbagarden.net/wiki/Toedscruel_(Pokémon)
  ERROR scraping Toedscruel: Attempted to use detached Frame 'C0FD0E3614F1BD1B5216E4135DA566A1'.

[950/1025] Klawf -> https://bulbapedia.bulbagarden.net/wiki/Klawf_(Pokémon)
  ERROR scraping Klawf: Attempted to use detached Frame 'C0FD0E3614F1BD1B5216E4135DA566A1'.

[951/1025] Capsakid -> https://bulbapedia.bulbagarden.net/wiki/Capsakid_(Pokémon)
  ERROR scraping Capsakid: Attempted to use detached Frame 'C0FD0E3614F1BD1B5216E4135DA566A1'.

[952/1025] Scovillain -> https://bulbapedia.bulbagarden.net/wiki/Scovillain_(Pokémon)
  ERROR scraping Scovillain: Attempted to use detached Frame 'C0FD0E3614F1BD1B5216E4135DA566A1'.

[953/1025] Rellor -> https://bulbapedia.bulbagarden.net/wiki/Rellor_(Pokémon)
  ERROR scraping Rellor: Attempted to use detached Frame 'C0FD0E3614F1BD1B5216E4135DA566A1'.

[954/1025] Rabsca -> https://bulbapedia.bulbagarden.net/wiki/Rabsca_(Pokémon)
  ERROR scraping Rabsca: Attempted to use detached Frame 'C0FD0E3614F1BD1B5216E4135DA566A1'.

[955/1025] Flittle -> https://bulbapedia.bulbagarden.net/wiki/Flittle_(Pokémon)
  ERROR scraping Flittle: Attempted to use detached Frame 'C0FD0E3614F1BD1B5216E4135DA566A1'.

[956/1025] Espathra -> https://bulbapedia.bulbagarden.net/wiki/Espathra_(Pokémon)
  ERROR scraping Espathra: Attempted to use detached Frame 'C0FD0E3614F1BD1B5216E4135DA566A1'.

[957/1025] Tinkatink -> https://bulbapedia.bulbagarden.net/wiki/Tinkatink_(Pokémon)
  ERROR scraping Tinkatink: Attempted to use detached Frame 'C0FD0E3614F1BD1B5216E4135DA566A1'.

[958/1025] Tinkatuff -> https://bulbapedia.bulbagarden.net/wiki/Tinkatuff_(Pokémon)
  ERROR scraping Tinkatuff: Attempted to use detached Frame 'C0FD0E3614F1BD1B5216E4135DA566A1'.

[959/1025] Tinkaton -> https://bulbapedia.bulbagarden.net/wiki/Tinkaton_(Pokémon)
  ERROR scraping Tinkaton: Attempted to use detached Frame 'C0FD0E3614F1BD1B5216E4135DA566A1'.

[960/1025] Wiglett -> https://bulbapedia.bulbagarden.net/wiki/Wiglett_(Pokémon)
  ERROR scraping Wiglett: Attempted to use detached Frame 'C0FD0E3614F1BD1B5216E4135DA566A1'.

[961/1025] Wugtrio -> https://bulbapedia.bulbagarden.net/wiki/Wugtrio_(Pokémon)
  ERROR scraping Wugtrio: Attempted to use detached Frame 'C0FD0E3614F1BD1B5216E4135DA566A1'.

[962/1025] Bombirdier -> https://bulbapedia.bulbagarden.net/wiki/Bombirdier_(Pokémon)
  ERROR scraping Bombirdier: Attempted to use detached Frame 'C0FD0E3614F1BD1B5216E4135DA566A1'.

[963/1025] Finizen -> https://bulbapedia.bulbagarden.net/wiki/Finizen_(Pokémon)
  ERROR scraping Finizen: Attempted to use detached Frame 'C0FD0E3614F1BD1B5216E4135DA566A1'.

[964/1025] Palafin -> https://bulbapedia.bulbagarden.net/wiki/Palafin_(Pokémon)
  ERROR scraping Palafin: Attempted to use detached Frame 'C0FD0E3614F1BD1B5216E4135DA566A1'.

[965/1025] Varoom -> https://bulbapedia.bulbagarden.net/wiki/Varoom_(Pokémon)
  ERROR scraping Varoom: Attempted to use detached Frame 'C0FD0E3614F1BD1B5216E4135DA566A1'.

[966/1025] Revavroom -> https://bulbapedia.bulbagarden.net/wiki/Revavroom_(Pokémon)
  ERROR scraping Revavroom: Attempted to use detached Frame 'C0FD0E3614F1BD1B5216E4135DA566A1'.

[967/1025] Cyclizar -> https://bulbapedia.bulbagarden.net/wiki/Cyclizar_(Pokémon)
  ERROR scraping Cyclizar: Attempted to use detached Frame 'C0FD0E3614F1BD1B5216E4135DA566A1'.

[968/1025] Orthworm -> https://bulbapedia.bulbagarden.net/wiki/Orthworm_(Pokémon)
  ERROR scraping Orthworm: Attempted to use detached Frame 'C0FD0E3614F1BD1B5216E4135DA566A1'.

[969/1025] Glimmet -> https://bulbapedia.bulbagarden.net/wiki/Glimmet_(Pokémon)
  ERROR scraping Glimmet: Attempted to use detached Frame 'C0FD0E3614F1BD1B5216E4135DA566A1'.

[970/1025] Glimmora -> https://bulbapedia.bulbagarden.net/wiki/Glimmora_(Pokémon)
  ERROR scraping Glimmora: Attempted to use detached Frame 'C0FD0E3614F1BD1B5216E4135DA566A1'.

[971/1025] Greavard -> https://bulbapedia.bulbagarden.net/wiki/Greavard_(Pokémon)
  ERROR scraping Greavard: Attempted to use detached Frame 'C0FD0E3614F1BD1B5216E4135DA566A1'.

[972/1025] Houndstone -> https://bulbapedia.bulbagarden.net/wiki/Houndstone_(Pokémon)
  ERROR scraping Houndstone: Attempted to use detached Frame 'C0FD0E3614F1BD1B5216E4135DA566A1'.

[973/1025] Flamigo -> https://bulbapedia.bulbagarden.net/wiki/Flamigo_(Pokémon)
  ERROR scraping Flamigo: Attempted to use detached Frame 'C0FD0E3614F1BD1B5216E4135DA566A1'.

[974/1025] Cetoddle -> https://bulbapedia.bulbagarden.net/wiki/Cetoddle_(Pokémon)
  ERROR scraping Cetoddle: Attempted to use detached Frame 'C0FD0E3614F1BD1B5216E4135DA566A1'.

[975/1025] Cetitan -> https://bulbapedia.bulbagarden.net/wiki/Cetitan_(Pokémon)
  ERROR scraping Cetitan: Attempted to use detached Frame 'C0FD0E3614F1BD1B5216E4135DA566A1'.

[976/1025] Veluza -> https://bulbapedia.bulbagarden.net/wiki/Veluza_(Pokémon)
  ERROR scraping Veluza: Attempted to use detached Frame 'C0FD0E3614F1BD1B5216E4135DA566A1'.

[977/1025] Dondozo -> https://bulbapedia.bulbagarden.net/wiki/Dondozo_(Pokémon)
  ERROR scraping Dondozo: Attempted to use detached Frame 'C0FD0E3614F1BD1B5216E4135DA566A1'.

[978/1025] Tatsugiri -> https://bulbapedia.bulbagarden.net/wiki/Tatsugiri_(Pokémon)
  ERROR scraping Tatsugiri: Attempted to use detached Frame 'C0FD0E3614F1BD1B5216E4135DA566A1'.

[979/1025] Annihilape -> https://bulbapedia.bulbagarden.net/wiki/Annihilape_(Pokémon)
  ERROR scraping Annihilape: Attempted to use detached Frame 'C0FD0E3614F1BD1B5216E4135DA566A1'.

[980/1025] Clodsire -> https://bulbapedia.bulbagarden.net/wiki/Clodsire_(Pokémon)
  ERROR scraping Clodsire: Attempted to use detached Frame 'C0FD0E3614F1BD1B5216E4135DA566A1'.

[981/1025] Farigiraf -> https://bulbapedia.bulbagarden.net/wiki/Farigiraf_(Pokémon)
  ERROR scraping Farigiraf: Attempted to use detached Frame 'C0FD0E3614F1BD1B5216E4135DA566A1'.

[982/1025] Dudunsparce -> https://bulbapedia.bulbagarden.net/wiki/Dudunsparce_(Pokémon)
  ERROR scraping Dudunsparce: Attempted to use detached Frame 'C0FD0E3614F1BD1B5216E4135DA566A1'.

[983/1025] Kingambit -> https://bulbapedia.bulbagarden.net/wiki/Kingambit_(Pokémon)
  ERROR scraping Kingambit: Attempted to use detached Frame 'C0FD0E3614F1BD1B5216E4135DA566A1'.

[984/1025] Great Tusk -> https://bulbapedia.bulbagarden.net/wiki/Great%20Tusk_(Pokémon)
  ERROR scraping Great Tusk: Attempted to use detached Frame 'C0FD0E3614F1BD1B5216E4135DA566A1'.

[985/1025] Scream Tail -> https://bulbapedia.bulbagarden.net/wiki/Scream%20Tail_(Pokémon)
  ERROR scraping Scream Tail: Attempted to use detached Frame 'C0FD0E3614F1BD1B5216E4135DA566A1'.

[986/1025] Brute Bonnet -> https://bulbapedia.bulbagarden.net/wiki/Brute%20Bonnet_(Pokémon)
  ERROR scraping Brute Bonnet: Attempted to use detached Frame 'C0FD0E3614F1BD1B5216E4135DA566A1'.

[987/1025] Flutter Mane -> https://bulbapedia.bulbagarden.net/wiki/Flutter%20Mane_(Pokémon)
  ERROR scraping Flutter Mane: Attempted to use detached Frame 'C0FD0E3614F1BD1B5216E4135DA566A1'.

[988/1025] Slither Wing -> https://bulbapedia.bulbagarden.net/wiki/Slither%20Wing_(Pokémon)
  ERROR scraping Slither Wing: Attempted to use detached Frame 'C0FD0E3614F1BD1B5216E4135DA566A1'.

[989/1025] Sandy Shocks -> https://bulbapedia.bulbagarden.net/wiki/Sandy%20Shocks_(Pokémon)
  ERROR scraping Sandy Shocks: Attempted to use detached Frame 'C0FD0E3614F1BD1B5216E4135DA566A1'.

[990/1025] Iron Treads -> https://bulbapedia.bulbagarden.net/wiki/Iron%20Treads_(Pokémon)
  ERROR scraping Iron Treads: Attempted to use detached Frame 'C0FD0E3614F1BD1B5216E4135DA566A1'.

[991/1025] Iron Bundle -> https://bulbapedia.bulbagarden.net/wiki/Iron%20Bundle_(Pokémon)
  ERROR scraping Iron Bundle: Attempted to use detached Frame 'C0FD0E3614F1BD1B5216E4135DA566A1'.

[992/1025] Iron Hands -> https://bulbapedia.bulbagarden.net/wiki/Iron%20Hands_(Pokémon)
  ERROR scraping Iron Hands: Attempted to use detached Frame 'C0FD0E3614F1BD1B5216E4135DA566A1'.

[993/1025] Iron Jugulis -> https://bulbapedia.bulbagarden.net/wiki/Iron%20Jugulis_(Pokémon)
  ERROR scraping Iron Jugulis: Attempted to use detached Frame 'C0FD0E3614F1BD1B5216E4135DA566A1'.

[994/1025] Iron Moth -> https://bulbapedia.bulbagarden.net/wiki/Iron%20Moth_(Pokémon)
  ERROR scraping Iron Moth: Attempted to use detached Frame 'C0FD0E3614F1BD1B5216E4135DA566A1'.

[995/1025] Iron Thorns -> https://bulbapedia.bulbagarden.net/wiki/Iron%20Thorns_(Pokémon)
  ERROR scraping Iron Thorns: Attempted to use detached Frame 'C0FD0E3614F1BD1B5216E4135DA566A1'.

[996/1025] Frigibax -> https://bulbapedia.bulbagarden.net/wiki/Frigibax_(Pokémon)
  ERROR scraping Frigibax: Attempted to use detached Frame 'C0FD0E3614F1BD1B5216E4135DA566A1'.

[997/1025] Arctibax -> https://bulbapedia.bulbagarden.net/wiki/Arctibax_(Pokémon)
  ERROR scraping Arctibax: Attempted to use detached Frame 'C0FD0E3614F1BD1B5216E4135DA566A1'.

[998/1025] Baxcalibur -> https://bulbapedia.bulbagarden.net/wiki/Baxcalibur_(Pokémon)
  ERROR scraping Baxcalibur: Attempted to use detached Frame 'C0FD0E3614F1BD1B5216E4135DA566A1'.

[999/1025] Gimmighoul -> https://bulbapedia.bulbagarden.net/wiki/Gimmighoul_(Pokémon)
  ERROR scraping Gimmighoul: Attempted to use detached Frame 'C0FD0E3614F1BD1B5216E4135DA566A1'.

[1000/1025] Gholdengo -> https://bulbapedia.bulbagarden.net/wiki/Gholdengo_(Pokémon)
  ERROR scraping Gholdengo: Attempted to use detached Frame 'C0FD0E3614F1BD1B5216E4135DA566A1'.

[1001/1025] Wo-Chien -> https://bulbapedia.bulbagarden.net/wiki/Wo-Chien_(Pokémon)
  ERROR scraping Wo-Chien: Attempted to use detached Frame 'C0FD0E3614F1BD1B5216E4135DA566A1'.

[1002/1025] Chien-Pao -> https://bulbapedia.bulbagarden.net/wiki/Chien-Pao_(Pokémon)
  ERROR scraping Chien-Pao: Attempted to use detached Frame 'C0FD0E3614F1BD1B5216E4135DA566A1'.

[1003/1025] Ting-Lu -> https://bulbapedia.bulbagarden.net/wiki/Ting-Lu_(Pokémon)
  ERROR scraping Ting-Lu: Attempted to use detached Frame 'C0FD0E3614F1BD1B5216E4135DA566A1'.

[1004/1025] Chi-Yu -> https://bulbapedia.bulbagarden.net/wiki/Chi-Yu_(Pokémon)
  ERROR scraping Chi-Yu: Attempted to use detached Frame 'C0FD0E3614F1BD1B5216E4135DA566A1'.

[1005/1025] Roaring Moon -> https://bulbapedia.bulbagarden.net/wiki/Roaring%20Moon_(Pokémon)
  ERROR scraping Roaring Moon: Attempted to use detached Frame 'C0FD0E3614F1BD1B5216E4135DA566A1'.

[1006/1025] Iron Valiant -> https://bulbapedia.bulbagarden.net/wiki/Iron%20Valiant_(Pokémon)
  ERROR scraping Iron Valiant: Attempted to use detached Frame 'C0FD0E3614F1BD1B5216E4135DA566A1'.

[1007/1025] Koraidon -> https://bulbapedia.bulbagarden.net/wiki/Koraidon_(Pokémon)
  ERROR scraping Koraidon: Attempted to use detached Frame 'C0FD0E3614F1BD1B5216E4135DA566A1'.

[1008/1025] Miraidon -> https://bulbapedia.bulbagarden.net/wiki/Miraidon_(Pokémon)
  ERROR scraping Miraidon: Attempted to use detached Frame 'C0FD0E3614F1BD1B5216E4135DA566A1'.

[1009/1025] Walking Wake -> https://bulbapedia.bulbagarden.net/wiki/Walking%20Wake_(Pokémon)
  ERROR scraping Walking Wake: Attempted to use detached Frame 'C0FD0E3614F1BD1B5216E4135DA566A1'.

[1010/1025] Iron Leaves -> https://bulbapedia.bulbagarden.net/wiki/Iron%20Leaves_(Pokémon)
  ERROR scraping Iron Leaves: Attempted to use detached Frame 'C0FD0E3614F1BD1B5216E4135DA566A1'.

[1011/1025] Dipplin -> https://bulbapedia.bulbagarden.net/wiki/Dipplin_(Pokémon)
  ERROR scraping Dipplin: Attempted to use detached Frame 'C0FD0E3614F1BD1B5216E4135DA566A1'.

[1012/1025] Poltchageist -> https://bulbapedia.bulbagarden.net/wiki/Poltchageist_(Pokémon)
  ERROR scraping Poltchageist: Attempted to use detached Frame 'C0FD0E3614F1BD1B5216E4135DA566A1'.

[1013/1025] Sinistcha -> https://bulbapedia.bulbagarden.net/wiki/Sinistcha_(Pokémon)
  ERROR scraping Sinistcha: Attempted to use detached Frame 'C0FD0E3614F1BD1B5216E4135DA566A1'.

[1014/1025] Okidogi -> https://bulbapedia.bulbagarden.net/wiki/Okidogi_(Pokémon)
  ERROR scraping Okidogi: Attempted to use detached Frame 'C0FD0E3614F1BD1B5216E4135DA566A1'.

[1015/1025] Munkidori -> https://bulbapedia.bulbagarden.net/wiki/Munkidori_(Pokémon)
  ERROR scraping Munkidori: Attempted to use detached Frame 'C0FD0E3614F1BD1B5216E4135DA566A1'.

[1016/1025] Fezandipiti -> https://bulbapedia.bulbagarden.net/wiki/Fezandipiti_(Pokémon)
  ERROR scraping Fezandipiti: Attempted to use detached Frame 'C0FD0E3614F1BD1B5216E4135DA566A1'.

[1017/1025] Ogerpon -> https://bulbapedia.bulbagarden.net/wiki/Ogerpon_(Pokémon)
  ERROR scraping Ogerpon: Attempted to use detached Frame 'C0FD0E3614F1BD1B5216E4135DA566A1'.

[1018/1025] Archaludon -> https://bulbapedia.bulbagarden.net/wiki/Archaludon_(Pokémon)
  ERROR scraping Archaludon: Attempted to use detached Frame 'C0FD0E3614F1BD1B5216E4135DA566A1'.

[1019/1025] Hydrapple -> https://bulbapedia.bulbagarden.net/wiki/Hydrapple_(Pokémon)
  ERROR scraping Hydrapple: Attempted to use detached Frame 'C0FD0E3614F1BD1B5216E4135DA566A1'.

[1020/1025] Gouging Fire -> https://bulbapedia.bulbagarden.net/wiki/Gouging%20Fire_(Pokémon)
  ERROR scraping Gouging Fire: Attempted to use detached Frame 'C0FD0E3614F1BD1B5216E4135DA566A1'.

[1021/1025] Raging Bolt -> https://bulbapedia.bulbagarden.net/wiki/Raging%20Bolt_(Pokémon)
  ERROR scraping Raging Bolt: Attempted to use detached Frame 'C0FD0E3614F1BD1B5216E4135DA566A1'.

[1022/1025] Iron Boulder -> https://bulbapedia.bulbagarden.net/wiki/Iron%20Boulder_(Pokémon)
  ERROR scraping Iron Boulder: Attempted to use detached Frame 'C0FD0E3614F1BD1B5216E4135DA566A1'.

[1023/1025] Iron Crown -> https://bulbapedia.bulbagarden.net/wiki/Iron%20Crown_(Pokémon)
  ERROR scraping Iron Crown: Attempted to use detached Frame 'C0FD0E3614F1BD1B5216E4135DA566A1'.

[1024/1025] Terapagos -> https://bulbapedia.bulbagarden.net/wiki/Terapagos_(Pokémon)
  ERROR scraping Terapagos: Attempted to use detached Frame 'C0FD0E3614F1BD1B5216E4135DA566A1'.

[1025/1025] Pecharunt -> https://bulbapedia.bulbagarden.net/wiki/Pecharunt_(Pokémon)
  ERROR scraping Pecharunt: Attempted to use detached Frame 'C0FD0E3614F1BD1B5216E4135DA566A1'.

==============================
Done. Scraped 50/1025 Pokemon.
Saved to pokemon-data.json

975 failure(s):
  - Vileplume: Attempted to use detached Frame 'C0FD0E3614F1BD1B5216E4135DA566A1'.
  - Paras: Attempted to use detached Frame 'C0FD0E3614F1BD1B5216E4135DA566A1'.
  - Parasect: Attempted to use detached Frame 'C0FD0E3614F1BD1B5216E4135DA566A1'.
  - Venonat: Attempted to use detached Frame 'C0FD0E3614F1BD1B5216E4135DA566A1'.
  - Venomoth: Attempted to use detached Frame 'C0FD0E3614F1BD1B5216E4135DA566A1'.
  - Diglett: Attempted to use detached Frame 'C0FD0E3614F1BD1B5216E4135DA566A1'.
  - Dugtrio: Attempted to use detached Frame 'C0FD0E3614F1BD1B5216E4135DA566A1'.
  - Meowth: Attempted to use detached Frame 'C0FD0E3614F1BD1B5216E4135DA566A1'.
  - Persian: Attempted to use detached Frame 'C0FD0E3614F1BD1B5216E4135DA566A1'.
  - Psyduck: Attempted to use detached Frame 'C0FD0E3614F1BD1B5216E4135DA566A1'.
  - Golduck: Attempted to use detached Frame 'C0FD0E3614F1BD1B5216E4135DA566A1'.
  - Mankey: Attempted to use detached Frame 'C0FD0E3614F1BD1B5216E4135DA566A1'.
  - Primeape: Attempted to use detached Frame 'C0FD0E3614F1BD1B5216E4135DA566A1'.
  - Growlithe: Attempted to use detached Frame 'C0FD0E3614F1BD1B5216E4135DA566A1'.
  - Arcanine: Attempted to use detached Frame 'C0FD0E3614F1BD1B5216E4135DA566A1'.
  - Poliwag: Attempted to use detached Frame 'C0FD0E3614F1BD1B5216E4135DA566A1'.
  - Poliwhirl: Attempted to use detached Frame 'C0FD0E3614F1BD1B5216E4135DA566A1'.
  - Poliwrath: Attempted to use detached Frame 'C0FD0E3614F1BD1B5216E4135DA566A1'.
  - Abra: Attempted to use detached Frame 'C0FD0E3614F1BD1B5216E4135DA566A1'.
  - Kadabra: Attempted to use detached Frame 'C0FD0E3614F1BD1B5216E4135DA566A1'.
  - Alakazam: Attempted to use detached Frame 'C0FD0E3614F1BD1B5216E4135DA566A1'.
  - Machop: Attempted to use detached Frame 'C0FD0E3614F1BD1B5216E4135DA566A1'.
  - Machoke: Attempted to use detached Frame 'C0FD0E3614F1BD1B5216E4135DA566A1'.
  - Machamp: Attempted to use detached Frame 'C0FD0E3614F1BD1B5216E4135DA566A1'.
  - Bellsprout: Attempted to use detached Frame 'C0FD0E3614F1BD1B5216E4135DA566A1'.
  - Weepinbell: Attempted to use detached Frame 'C0FD0E3614F1BD1B5216E4135DA566A1'.
  - Victreebel: Attempted to use detached Frame 'C0FD0E3614F1BD1B5216E4135DA566A1'.
  - Tentacool: Attempted to use detached Frame 'C0FD0E3614F1BD1B5216E4135DA566A1'.
  - Tentacruel: Attempted to use detached Frame 'C0FD0E3614F1BD1B5216E4135DA566A1'.
  - Geodude: Attempted to use detached Frame 'C0FD0E3614F1BD1B5216E4135DA566A1'.
  - Graveler: Attempted to use detached Frame 'C0FD0E3614F1BD1B5216E4135DA566A1'.
  - Golem: Attempted to use detached Frame 'C0FD0E3614F1BD1B5216E4135DA566A1'.
  - Ponyta: Attempted to use detached Frame 'C0FD0E3614F1BD1B5216E4135DA566A1'.
  - Rapidash: Attempted to use detached Frame 'C0FD0E3614F1BD1B5216E4135DA566A1'.
  - Slowpoke: Attempted to use detached Frame 'C0FD0E3614F1BD1B5216E4135DA566A1'.
  - Slowbro: Attempted to use detached Frame 'C0FD0E3614F1BD1B5216E4135DA566A1'.
  - Magnemite: Attempted to use detached Frame 'C0FD0E3614F1BD1B5216E4135DA566A1'.
  - Magneton: Attempted to use detached Frame 'C0FD0E3614F1BD1B5216E4135DA566A1'.
  - Farfetchd: Attempted to use detached Frame 'C0FD0E3614F1BD1B5216E4135DA566A1'.
  - Doduo: Attempted to use detached Frame 'C0FD0E3614F1BD1B5216E4135DA566A1'.
  - Dodrio: Attempted to use detached Frame 'C0FD0E3614F1BD1B5216E4135DA566A1'.
  - Seel: Attempted to use detached Frame 'C0FD0E3614F1BD1B5216E4135DA566A1'.
  - Dewgong: Attempted to use detached Frame 'C0FD0E3614F1BD1B5216E4135DA566A1'.
  - Grimer: Attempted to use detached Frame 'C0FD0E3614F1BD1B5216E4135DA566A1'.
  - Muk: Attempted to use detached Frame 'C0FD0E3614F1BD1B5216E4135DA566A1'.
  - Shellder: Attempted to use detached Frame 'C0FD0E3614F1BD1B5216E4135DA566A1'.
  - Cloyster: Attempted to use detached Frame 'C0FD0E3614F1BD1B5216E4135DA566A1'.
  - Gastly: Attempted to use detached Frame 'C0FD0E3614F1BD1B5216E4135DA566A1'.
  - Haunter: Attempted to use detached Frame 'C0FD0E3614F1BD1B5216E4135DA566A1'.
  - Gengar: Attempted to use detached Frame 'C0FD0E3614F1BD1B5216E4135DA566A1'.
  - Onix: Attempted to use detached Frame 'C0FD0E3614F1BD1B5216E4135DA566A1'.
  - Drowzee: Attempted to use detached Frame 'C0FD0E3614F1BD1B5216E4135DA566A1'.
  - Hypno: Attempted to use detached Frame 'C0FD0E3614F1BD1B5216E4135DA566A1'.
  - Krabby: Attempted to use detached Frame 'C0FD0E3614F1BD1B5216E4135DA566A1'.
  - Kingler: Attempted to use detached Frame 'C0FD0E3614F1BD1B5216E4135DA566A1'.
  - Voltorb: Attempted to use detached Frame 'C0FD0E3614F1BD1B5216E4135DA566A1'.
  - Electrode: Attempted to use detached Frame 'C0FD0E3614F1BD1B5216E4135DA566A1'.
  - Exeggcute: Attempted to use detached Frame 'C0FD0E3614F1BD1B5216E4135DA566A1'.
  - Exeggutor: Attempted to use detached Frame 'C0FD0E3614F1BD1B5216E4135DA566A1'.
  - Cubone: Attempted to use detached Frame 'C0FD0E3614F1BD1B5216E4135DA566A1'.
  - Marowak: Attempted to use detached Frame 'C0FD0E3614F1BD1B5216E4135DA566A1'.
  - Hitmonlee: Attempted to use detached Frame 'C0FD0E3614F1BD1B5216E4135DA566A1'.
  - Hitmonchan: Attempted to use detached Frame 'C0FD0E3614F1BD1B5216E4135DA566A1'.
  - Lickitung: Attempted to use detached Frame 'C0FD0E3614F1BD1B5216E4135DA566A1'.
  - Koffing: Attempted to use detached Frame 'C0FD0E3614F1BD1B5216E4135DA566A1'.
  - Weezing: Attempted to use detached Frame 'C0FD0E3614F1BD1B5216E4135DA566A1'.
  - Rhyhorn: Attempted to use detached Frame 'C0FD0E3614F1BD1B5216E4135DA566A1'.
  - Rhydon: Attempted to use detached Frame 'C0FD0E3614F1BD1B5216E4135DA566A1'.
  - Chansey: Attempted to use detached Frame 'C0FD0E3614F1BD1B5216E4135DA566A1'.
  - Tangela: Attempted to use detached Frame 'C0FD0E3614F1BD1B5216E4135DA566A1'.
  - Kangaskhan: Attempted to use detached Frame 'C0FD0E3614F1BD1B5216E4135DA566A1'.
  - Horsea: Attempted to use detached Frame 'C0FD0E3614F1BD1B5216E4135DA566A1'.
  - Seadra: Attempted to use detached Frame 'C0FD0E3614F1BD1B5216E4135DA566A1'.
  - Goldeen: Attempted to use detached Frame 'C0FD0E3614F1BD1B5216E4135DA566A1'.
  - Seaking: Attempted to use detached Frame 'C0FD0E3614F1BD1B5216E4135DA566A1'.
  - Staryu: Attempted to use detached Frame 'C0FD0E3614F1BD1B5216E4135DA566A1'.
  - Starmie: Attempted to use detached Frame 'C0FD0E3614F1BD1B5216E4135DA566A1'.
  - Mr. Mime: Attempted to use detached Frame 'C0FD0E3614F1BD1B5216E4135DA566A1'.
  - Scyther: Attempted to use detached Frame 'C0FD0E3614F1BD1B5216E4135DA566A1'.
  - Jynx: Attempted to use detached Frame 'C0FD0E3614F1BD1B5216E4135DA566A1'.
  - Electabuzz: Attempted to use detached Frame 'C0FD0E3614F1BD1B5216E4135DA566A1'.
  - Magmar: Attempted to use detached Frame 'C0FD0E3614F1BD1B5216E4135DA566A1'.
  - Pinsir: Attempted to use detached Frame 'C0FD0E3614F1BD1B5216E4135DA566A1'.
  - Tauros: Attempted to use detached Frame 'C0FD0E3614F1BD1B5216E4135DA566A1'.
  - Magikarp: Attempted to use detached Frame 'C0FD0E3614F1BD1B5216E4135DA566A1'.
  - Gyarados: Attempted to use detached Frame 'C0FD0E3614F1BD1B5216E4135DA566A1'.
  - Lapras: Attempted to use detached Frame 'C0FD0E3614F1BD1B5216E4135DA566A1'.
  - Ditto: Attempted to use detached Frame 'C0FD0E3614F1BD1B5216E4135DA566A1'.
  - Eevee: Attempted to use detached Frame 'C0FD0E3614F1BD1B5216E4135DA566A1'.
  - Vaporeon: Attempted to use detached Frame 'C0FD0E3614F1BD1B5216E4135DA566A1'.
  - Jolteon: Attempted to use detached Frame 'C0FD0E3614F1BD1B5216E4135DA566A1'.
  - Flareon: Attempted to use detached Frame 'C0FD0E3614F1BD1B5216E4135DA566A1'.
  - Porygon: Attempted to use detached Frame 'C0FD0E3614F1BD1B5216E4135DA566A1'.
  - Omanyte: Attempted to use detached Frame 'C0FD0E3614F1BD1B5216E4135DA566A1'.
  - Omastar: Attempted to use detached Frame 'C0FD0E3614F1BD1B5216E4135DA566A1'.
  - Kabuto: Attempted to use detached Frame 'C0FD0E3614F1BD1B5216E4135DA566A1'.
  - Kabutops: Attempted to use detached Frame 'C0FD0E3614F1BD1B5216E4135DA566A1'.
  - Aerodactyl: Attempted to use detached Frame 'C0FD0E3614F1BD1B5216E4135DA566A1'.
  - Snorlax: Attempted to use detached Frame 'C0FD0E3614F1BD1B5216E4135DA566A1'.
  - Articuno: Attempted to use detached Frame 'C0FD0E3614F1BD1B5216E4135DA566A1'.
  - Zapdos: Attempted to use detached Frame 'C0FD0E3614F1BD1B5216E4135DA566A1'.
  - Moltres: Attempted to use detached Frame 'C0FD0E3614F1BD1B5216E4135DA566A1'.
  - Dratini: Attempted to use detached Frame 'C0FD0E3614F1BD1B5216E4135DA566A1'.
  - Dragonair: Attempted to use detached Frame 'C0FD0E3614F1BD1B5216E4135DA566A1'.
  - Dragonite: Attempted to use detached Frame 'C0FD0E3614F1BD1B5216E4135DA566A1'.
  - Mewtwo: Attempted to use detached Frame 'C0FD0E3614F1BD1B5216E4135DA566A1'.
  - Mew: Attempted to use detached Frame 'C0FD0E3614F1BD1B5216E4135DA566A1'.
  - Chikorita: Attempted to use detached Frame 'C0FD0E3614F1BD1B5216E4135DA566A1'.
  - Bayleef: Attempted to use detached Frame 'C0FD0E3614F1BD1B5216E4135DA566A1'.
  - Meganium: Attempted to use detached Frame 'C0FD0E3614F1BD1B5216E4135DA566A1'.
  - Cyndaquil: Attempted to use detached Frame 'C0FD0E3614F1BD1B5216E4135DA566A1'.
  - Quilava: Attempted to use detached Frame 'C0FD0E3614F1BD1B5216E4135DA566A1'.
  - Typhlosion: Attempted to use detached Frame 'C0FD0E3614F1BD1B5216E4135DA566A1'.
  - Totodile: Attempted to use detached Frame 'C0FD0E3614F1BD1B5216E4135DA566A1'.
  - Croconaw: Attempted to use detached Frame 'C0FD0E3614F1BD1B5216E4135DA566A1'.
  - Feraligatr: Attempted to use detached Frame 'C0FD0E3614F1BD1B5216E4135DA566A1'.
  - Sentret: Attempted to use detached Frame 'C0FD0E3614F1BD1B5216E4135DA566A1'.
  - Furret: Attempted to use detached Frame 'C0FD0E3614F1BD1B5216E4135DA566A1'.
  - Hoothoot: Attempted to use detached Frame 'C0FD0E3614F1BD1B5216E4135DA566A1'.
  - Noctowl: Attempted to use detached Frame 'C0FD0E3614F1BD1B5216E4135DA566A1'.
  - Ledyba: Attempted to use detached Frame 'C0FD0E3614F1BD1B5216E4135DA566A1'.
  - Ledian: Attempted to use detached Frame 'C0FD0E3614F1BD1B5216E4135DA566A1'.
  - Spinarak: Attempted to use detached Frame 'C0FD0E3614F1BD1B5216E4135DA566A1'.
  - Ariados: Attempted to use detached Frame 'C0FD0E3614F1BD1B5216E4135DA566A1'.
  - Crobat: Attempted to use detached Frame 'C0FD0E3614F1BD1B5216E4135DA566A1'.
  - Chinchou: Attempted to use detached Frame 'C0FD0E3614F1BD1B5216E4135DA566A1'.
  - Lanturn: Attempted to use detached Frame 'C0FD0E3614F1BD1B5216E4135DA566A1'.
  - Pichu: Attempted to use detached Frame 'C0FD0E3614F1BD1B5216E4135DA566A1'.
  - Cleffa: Attempted to use detached Frame 'C0FD0E3614F1BD1B5216E4135DA566A1'.
  - Igglybuff: Attempted to use detached Frame 'C0FD0E3614F1BD1B5216E4135DA566A1'.
  - Togepi: Attempted to use detached Frame 'C0FD0E3614F1BD1B5216E4135DA566A1'.
  - Togetic: Attempted to use detached Frame 'C0FD0E3614F1BD1B5216E4135DA566A1'.
  - Natu: Attempted to use detached Frame 'C0FD0E3614F1BD1B5216E4135DA566A1'.
  - Xatu: Attempted to use detached Frame 'C0FD0E3614F1BD1B5216E4135DA566A1'.
  - Mareep: Attempted to use detached Frame 'C0FD0E3614F1BD1B5216E4135DA566A1'.
  - Flaaffy: Attempted to use detached Frame 'C0FD0E3614F1BD1B5216E4135DA566A1'.
  - Ampharos: Attempted to use detached Frame 'C0FD0E3614F1BD1B5216E4135DA566A1'.
  - Bellossom: Attempted to use detached Frame 'C0FD0E3614F1BD1B5216E4135DA566A1'.
  - Marill: Attempted to use detached Frame 'C0FD0E3614F1BD1B5216E4135DA566A1'.
  - Azumarill: Attempted to use detached Frame 'C0FD0E3614F1BD1B5216E4135DA566A1'.
  - Sudowoodo: Attempted to use detached Frame 'C0FD0E3614F1BD1B5216E4135DA566A1'.
  - Politoed: Attempted to use detached Frame 'C0FD0E3614F1BD1B5216E4135DA566A1'.
  - Hoppip: Attempted to use detached Frame 'C0FD0E3614F1BD1B5216E4135DA566A1'.
  - Skiploom: Attempted to use detached Frame 'C0FD0E3614F1BD1B5216E4135DA566A1'.
  - Jumpluff: Attempted to use detached Frame 'C0FD0E3614F1BD1B5216E4135DA566A1'.
  - Aipom: Attempted to use detached Frame 'C0FD0E3614F1BD1B5216E4135DA566A1'.
  - Sunkern: Attempted to use detached Frame 'C0FD0E3614F1BD1B5216E4135DA566A1'.
  - Sunflora: Attempted to use detached Frame 'C0FD0E3614F1BD1B5216E4135DA566A1'.
  - Yanma: Attempted to use detached Frame 'C0FD0E3614F1BD1B5216E4135DA566A1'.
  - Wooper: Attempted to use detached Frame 'C0FD0E3614F1BD1B5216E4135DA566A1'.
  - Quagsire: Attempted to use detached Frame 'C0FD0E3614F1BD1B5216E4135DA566A1'.
  - Espeon: Attempted to use detached Frame 'C0FD0E3614F1BD1B5216E4135DA566A1'.
  - Umbreon: Attempted to use detached Frame 'C0FD0E3614F1BD1B5216E4135DA566A1'.
  - Murkrow: Attempted to use detached Frame 'C0FD0E3614F1BD1B5216E4135DA566A1'.
  - Slowking: Attempted to use detached Frame 'C0FD0E3614F1BD1B5216E4135DA566A1'.
  - Misdreavus: Attempted to use detached Frame 'C0FD0E3614F1BD1B5216E4135DA566A1'.
  - Unown: Attempted to use detached Frame 'C0FD0E3614F1BD1B5216E4135DA566A1'.
  - Wobbuffet: Attempted to use detached Frame 'C0FD0E3614F1BD1B5216E4135DA566A1'.
  - Girafarig: Attempted to use detached Frame 'C0FD0E3614F1BD1B5216E4135DA566A1'.
  - Pineco: Attempted to use detached Frame 'C0FD0E3614F1BD1B5216E4135DA566A1'.
  - Forretress: Attempted to use detached Frame 'C0FD0E3614F1BD1B5216E4135DA566A1'.
  - Dunsparce: Attempted to use detached Frame 'C0FD0E3614F1BD1B5216E4135DA566A1'.
  - Gligar: Attempted to use detached Frame 'C0FD0E3614F1BD1B5216E4135DA566A1'.
  - Steelix: Attempted to use detached Frame 'C0FD0E3614F1BD1B5216E4135DA566A1'.
  - Snubbull: Attempted to use detached Frame 'C0FD0E3614F1BD1B5216E4135DA566A1'.
  - Granbull: Attempted to use detached Frame 'C0FD0E3614F1BD1B5216E4135DA566A1'.
  - Qwilfish: Attempted to use detached Frame 'C0FD0E3614F1BD1B5216E4135DA566A1'.
  - Scizor: Attempted to use detached Frame 'C0FD0E3614F1BD1B5216E4135DA566A1'.
  - Shuckle: Attempted to use detached Frame 'C0FD0E3614F1BD1B5216E4135DA566A1'.
  - Heracross: Attempted to use detached Frame 'C0FD0E3614F1BD1B5216E4135DA566A1'.
  - Sneasel: Attempted to use detached Frame 'C0FD0E3614F1BD1B5216E4135DA566A1'.
  - Teddiursa: Attempted to use detached Frame 'C0FD0E3614F1BD1B5216E4135DA566A1'.
  - Ursaring: Attempted to use detached Frame 'C0FD0E3614F1BD1B5216E4135DA566A1'.
  - Slugma: Attempted to use detached Frame 'C0FD0E3614F1BD1B5216E4135DA566A1'.
  - Magcargo: Attempted to use detached Frame 'C0FD0E3614F1BD1B5216E4135DA566A1'.
  - Swinub: Attempted to use detached Frame 'C0FD0E3614F1BD1B5216E4135DA566A1'.
  - Piloswine: Attempted to use detached Frame 'C0FD0E3614F1BD1B5216E4135DA566A1'.
  - Corsola: Attempted to use detached Frame 'C0FD0E3614F1BD1B5216E4135DA566A1'.
  - Remoraid: Attempted to use detached Frame 'C0FD0E3614F1BD1B5216E4135DA566A1'.
  - Octillery: Attempted to use detached Frame 'C0FD0E3614F1BD1B5216E4135DA566A1'.
  - Delibird: Attempted to use detached Frame 'C0FD0E3614F1BD1B5216E4135DA566A1'.
  - Mantine: Attempted to use detached Frame 'C0FD0E3614F1BD1B5216E4135DA566A1'.
  - Skarmory: Attempted to use detached Frame 'C0FD0E3614F1BD1B5216E4135DA566A1'.
  - Houndour: Attempted to use detached Frame 'C0FD0E3614F1BD1B5216E4135DA566A1'.
  - Houndoom: Attempted to use detached Frame 'C0FD0E3614F1BD1B5216E4135DA566A1'.
  - Kingdra: Attempted to use detached Frame 'C0FD0E3614F1BD1B5216E4135DA566A1'.
  - Phanpy: Attempted to use detached Frame 'C0FD0E3614F1BD1B5216E4135DA566A1'.
  - Donphan: Attempted to use detached Frame 'C0FD0E3614F1BD1B5216E4135DA566A1'.
  - Porygon2: Attempted to use detached Frame 'C0FD0E3614F1BD1B5216E4135DA566A1'.
  - Stantler: Attempted to use detached Frame 'C0FD0E3614F1BD1B5216E4135DA566A1'.
  - Smeargle: Attempted to use detached Frame 'C0FD0E3614F1BD1B5216E4135DA566A1'.
  - Tyrogue: Attempted to use detached Frame 'C0FD0E3614F1BD1B5216E4135DA566A1'.
  - Hitmontop: Attempted to use detached Frame 'C0FD0E3614F1BD1B5216E4135DA566A1'.
  - Smoochum: Attempted to use detached Frame 'C0FD0E3614F1BD1B5216E4135DA566A1'.
  - Elekid: Attempted to use detached Frame 'C0FD0E3614F1BD1B5216E4135DA566A1'.
  - Magby: Attempted to use detached Frame 'C0FD0E3614F1BD1B5216E4135DA566A1'.
  - Miltank: Attempted to use detached Frame 'C0FD0E3614F1BD1B5216E4135DA566A1'.
  - Blissey: Attempted to use detached Frame 'C0FD0E3614F1BD1B5216E4135DA566A1'.
  - Raikou: Attempted to use detached Frame 'C0FD0E3614F1BD1B5216E4135DA566A1'.
  - Entei: Attempted to use detached Frame 'C0FD0E3614F1BD1B5216E4135DA566A1'.
  - Suicune: Attempted to use detached Frame 'C0FD0E3614F1BD1B5216E4135DA566A1'.
  - Larvitar: Attempted to use detached Frame 'C0FD0E3614F1BD1B5216E4135DA566A1'.
  - Pupitar: Attempted to use detached Frame 'C0FD0E3614F1BD1B5216E4135DA566A1'.
  - Tyranitar: Attempted to use detached Frame 'C0FD0E3614F1BD1B5216E4135DA566A1'.
  - Lugia: Attempted to use detached Frame 'C0FD0E3614F1BD1B5216E4135DA566A1'.
  - Ho-oh: Attempted to use detached Frame 'C0FD0E3614F1BD1B5216E4135DA566A1'.
  - Celebi: Attempted to use detached Frame 'C0FD0E3614F1BD1B5216E4135DA566A1'.
  - Treecko: Attempted to use detached Frame 'C0FD0E3614F1BD1B5216E4135DA566A1'.
  - Grovyle: Attempted to use detached Frame 'C0FD0E3614F1BD1B5216E4135DA566A1'.
  - Sceptile: Attempted to use detached Frame 'C0FD0E3614F1BD1B5216E4135DA566A1'.
  - Torchic: Attempted to use detached Frame 'C0FD0E3614F1BD1B5216E4135DA566A1'.
  - Combusken: Attempted to use detached Frame 'C0FD0E3614F1BD1B5216E4135DA566A1'.
  - Blaziken: Attempted to use detached Frame 'C0FD0E3614F1BD1B5216E4135DA566A1'.
  - Mudkip: Attempted to use detached Frame 'C0FD0E3614F1BD1B5216E4135DA566A1'.
  - Marshtomp: Attempted to use detached Frame 'C0FD0E3614F1BD1B5216E4135DA566A1'.
  - Swampert: Attempted to use detached Frame 'C0FD0E3614F1BD1B5216E4135DA566A1'.
  - Poochyena: Attempted to use detached Frame 'C0FD0E3614F1BD1B5216E4135DA566A1'.
  - Mightyena: Attempted to use detached Frame 'C0FD0E3614F1BD1B5216E4135DA566A1'.
  - Zigzagoon: Attempted to use detached Frame 'C0FD0E3614F1BD1B5216E4135DA566A1'.
  - Linoone: Attempted to use detached Frame 'C0FD0E3614F1BD1B5216E4135DA566A1'.
  - Wurmple: Attempted to use detached Frame 'C0FD0E3614F1BD1B5216E4135DA566A1'.
  - Silcoon: Attempted to use detached Frame 'C0FD0E3614F1BD1B5216E4135DA566A1'.
  - Beautifly: Attempted to use detached Frame 'C0FD0E3614F1BD1B5216E4135DA566A1'.
  - Cascoon: Attempted to use detached Frame 'C0FD0E3614F1BD1B5216E4135DA566A1'.
  - Dustox: Attempted to use detached Frame 'C0FD0E3614F1BD1B5216E4135DA566A1'.
  - Lotad: Attempted to use detached Frame 'C0FD0E3614F1BD1B5216E4135DA566A1'.
  - Lombre: Attempted to use detached Frame 'C0FD0E3614F1BD1B5216E4135DA566A1'.
  - Ludicolo: Attempted to use detached Frame 'C0FD0E3614F1BD1B5216E4135DA566A1'.
  - Seedot: Attempted to use detached Frame 'C0FD0E3614F1BD1B5216E4135DA566A1'.
  - Nuzleaf: Attempted to use detached Frame 'C0FD0E3614F1BD1B5216E4135DA566A1'.
  - Shiftry: Attempted to use detached Frame 'C0FD0E3614F1BD1B5216E4135DA566A1'.
  - Taillow: Attempted to use detached Frame 'C0FD0E3614F1BD1B5216E4135DA566A1'.
  - Swellow: Attempted to use detached Frame 'C0FD0E3614F1BD1B5216E4135DA566A1'.
  - Wingull: Attempted to use detached Frame 'C0FD0E3614F1BD1B5216E4135DA566A1'.
  - Pelipper: Attempted to use detached Frame 'C0FD0E3614F1BD1B5216E4135DA566A1'.
  - Ralts: Attempted to use detached Frame 'C0FD0E3614F1BD1B5216E4135DA566A1'.
  - Kirlia: Attempted to use detached Frame 'C0FD0E3614F1BD1B5216E4135DA566A1'.
  - Gardevoir: Attempted to use detached Frame 'C0FD0E3614F1BD1B5216E4135DA566A1'.
  - Surskit: Attempted to use detached Frame 'C0FD0E3614F1BD1B5216E4135DA566A1'.
  - Masquerain: Attempted to use detached Frame 'C0FD0E3614F1BD1B5216E4135DA566A1'.
  - Shroomish: Attempted to use detached Frame 'C0FD0E3614F1BD1B5216E4135DA566A1'.
  - Breloom: Attempted to use detached Frame 'C0FD0E3614F1BD1B5216E4135DA566A1'.
  - Slakoth: Attempted to use detached Frame 'C0FD0E3614F1BD1B5216E4135DA566A1'.
  - Vigoroth: Attempted to use detached Frame 'C0FD0E3614F1BD1B5216E4135DA566A1'.
  - Slaking: Attempted to use detached Frame 'C0FD0E3614F1BD1B5216E4135DA566A1'.
  - Nincada: Attempted to use detached Frame 'C0FD0E3614F1BD1B5216E4135DA566A1'.
  - Ninjask: Attempted to use detached Frame 'C0FD0E3614F1BD1B5216E4135DA566A1'.
  - Shedinja: Attempted to use detached Frame 'C0FD0E3614F1BD1B5216E4135DA566A1'.
  - Whismur: Attempted to use detached Frame 'C0FD0E3614F1BD1B5216E4135DA566A1'.
  - Loudred: Attempted to use detached Frame 'C0FD0E3614F1BD1B5216E4135DA566A1'.
  - Exploud: Attempted to use detached Frame 'C0FD0E3614F1BD1B5216E4135DA566A1'.
  - Makuhita: Attempted to use detached Frame 'C0FD0E3614F1BD1B5216E4135DA566A1'.
  - Hariyama: Attempted to use detached Frame 'C0FD0E3614F1BD1B5216E4135DA566A1'.
  - Azurill: Attempted to use detached Frame 'C0FD0E3614F1BD1B5216E4135DA566A1'.
  - Nosepass: Attempted to use detached Frame 'C0FD0E3614F1BD1B5216E4135DA566A1'.
  - Skitty: Attempted to use detached Frame 'C0FD0E3614F1BD1B5216E4135DA566A1'.
  - Delcatty: Attempted to use detached Frame 'C0FD0E3614F1BD1B5216E4135DA566A1'.
  - Sableye: Attempted to use detached Frame 'C0FD0E3614F1BD1B5216E4135DA566A1'.
  - Mawile: Attempted to use detached Frame 'C0FD0E3614F1BD1B5216E4135DA566A1'.
  - Aron: Attempted to use detached Frame 'C0FD0E3614F1BD1B5216E4135DA566A1'.
  - Lairon: Attempted to use detached Frame 'C0FD0E3614F1BD1B5216E4135DA566A1'.
  - Aggron: Attempted to use detached Frame 'C0FD0E3614F1BD1B5216E4135DA566A1'.
  - Meditite: Attempted to use detached Frame 'C0FD0E3614F1BD1B5216E4135DA566A1'.
  - Medicham: Attempted to use detached Frame 'C0FD0E3614F1BD1B5216E4135DA566A1'.
  - Electrike: Attempted to use detached Frame 'C0FD0E3614F1BD1B5216E4135DA566A1'.
  - Manectric: Attempted to use detached Frame 'C0FD0E3614F1BD1B5216E4135DA566A1'.
  - Plusle: Attempted to use detached Frame 'C0FD0E3614F1BD1B5216E4135DA566A1'.
  - Minun: Attempted to use detached Frame 'C0FD0E3614F1BD1B5216E4135DA566A1'.
  - Volbeat: Attempted to use detached Frame 'C0FD0E3614F1BD1B5216E4135DA566A1'.
  - Illumise: Attempted to use detached Frame 'C0FD0E3614F1BD1B5216E4135DA566A1'.
  - Roselia: Attempted to use detached Frame 'C0FD0E3614F1BD1B5216E4135DA566A1'.
  - Gulpin: Attempted to use detached Frame 'C0FD0E3614F1BD1B5216E4135DA566A1'.
  - Swalot: Attempted to use detached Frame 'C0FD0E3614F1BD1B5216E4135DA566A1'.
  - Carvanha: Attempted to use detached Frame 'C0FD0E3614F1BD1B5216E4135DA566A1'.
  - Sharpedo: Attempted to use detached Frame 'C0FD0E3614F1BD1B5216E4135DA566A1'.
  - Wailmer: Attempted to use detached Frame 'C0FD0E3614F1BD1B5216E4135DA566A1'.
  - Wailord: Attempted to use detached Frame 'C0FD0E3614F1BD1B5216E4135DA566A1'.
  - Numel: Attempted to use detached Frame 'C0FD0E3614F1BD1B5216E4135DA566A1'.
  - Camerupt: Attempted to use detached Frame 'C0FD0E3614F1BD1B5216E4135DA566A1'.
  - Torkoal: Attempted to use detached Frame 'C0FD0E3614F1BD1B5216E4135DA566A1'.
  - Spoink: Attempted to use detached Frame 'C0FD0E3614F1BD1B5216E4135DA566A1'.
  - Grumpig: Attempted to use detached Frame 'C0FD0E3614F1BD1B5216E4135DA566A1'.
  - Spinda: Attempted to use detached Frame 'C0FD0E3614F1BD1B5216E4135DA566A1'.
  - Trapinch: Attempted to use detached Frame 'C0FD0E3614F1BD1B5216E4135DA566A1'.
  - Vibrava: Attempted to use detached Frame 'C0FD0E3614F1BD1B5216E4135DA566A1'.
  - Flygon: Attempted to use detached Frame 'C0FD0E3614F1BD1B5216E4135DA566A1'.
  - Cacnea: Attempted to use detached Frame 'C0FD0E3614F1BD1B5216E4135DA566A1'.
  - Cacturne: Attempted to use detached Frame 'C0FD0E3614F1BD1B5216E4135DA566A1'.
  - Swablu: Attempted to use detached Frame 'C0FD0E3614F1BD1B5216E4135DA566A1'.
  - Altaria: Attempted to use detached Frame 'C0FD0E3614F1BD1B5216E4135DA566A1'.
  - Zangoose: Attempted to use detached Frame 'C0FD0E3614F1BD1B5216E4135DA566A1'.
  - Seviper: Attempted to use detached Frame 'C0FD0E3614F1BD1B5216E4135DA566A1'.
  - Lunatone: Attempted to use detached Frame 'C0FD0E3614F1BD1B5216E4135DA566A1'.
  - Sol: Attempted to use detached Frame 'C0FD0E3614F1BD1B5216E4135DA566A1'.
  - Barboach: Attempted to use detached Frame 'C0FD0E3614F1BD1B5216E4135DA566A1'.
  - Whiscash: Attempted to use detached Frame 'C0FD0E3614F1BD1B5216E4135DA566A1'.
  - Corphish: Attempted to use detached Frame 'C0FD0E3614F1BD1B5216E4135DA566A1'.
  - Crawdaunt: Attempted to use detached Frame 'C0FD0E3614F1BD1B5216E4135DA566A1'.
  - Baltoy: Attempted to use detached Frame 'C0FD0E3614F1BD1B5216E4135DA566A1'.
  - Claydol: Attempted to use detached Frame 'C0FD0E3614F1BD1B5216E4135DA566A1'.
  - Lileep: Attempted to use detached Frame 'C0FD0E3614F1BD1B5216E4135DA566A1'.
  - Cradily: Attempted to use detached Frame 'C0FD0E3614F1BD1B5216E4135DA566A1'.
  - Anorith: Attempted to use detached Frame 'C0FD0E3614F1BD1B5216E4135DA566A1'.
  - Armaldo: Attempted to use detached Frame 'C0FD0E3614F1BD1B5216E4135DA566A1'.
  - Feebas: Attempted to use detached Frame 'C0FD0E3614F1BD1B5216E4135DA566A1'.
  - Milotic: Attempted to use detached Frame 'C0FD0E3614F1BD1B5216E4135DA566A1'.
  - Castform: Attempted to use detached Frame 'C0FD0E3614F1BD1B5216E4135DA566A1'.
  - Kecleon: Attempted to use detached Frame 'C0FD0E3614F1BD1B5216E4135DA566A1'.
  - Shuppet: Attempted to use detached Frame 'C0FD0E3614F1BD1B5216E4135DA566A1'.
  - Banette: Attempted to use detached Frame 'C0FD0E3614F1BD1B5216E4135DA566A1'.
  - Duskull: Attempted to use detached Frame 'C0FD0E3614F1BD1B5216E4135DA566A1'.
  - Dusclops: Attempted to use detached Frame 'C0FD0E3614F1BD1B5216E4135DA566A1'.
  - Tropius: Attempted to use detached Frame 'C0FD0E3614F1BD1B5216E4135DA566A1'.
  - Chimecho: Attempted to use detached Frame 'C0FD0E3614F1BD1B5216E4135DA566A1'.
  - Absol: Attempted to use detached Frame 'C0FD0E3614F1BD1B5216E4135DA566A1'.
  - Wynaut: Attempted to use detached Frame 'C0FD0E3614F1BD1B5216E4135DA566A1'.
  - Snorunt: Attempted to use detached Frame 'C0FD0E3614F1BD1B5216E4135DA566A1'.
  - Glalie: Attempted to use detached Frame 'C0FD0E3614F1BD1B5216E4135DA566A1'.
  - Spheal: Attempted to use detached Frame 'C0FD0E3614F1BD1B5216E4135DA566A1'.
  - Sealeo: Attempted to use detached Frame 'C0FD0E3614F1BD1B5216E4135DA566A1'.
  - Walrein: Attempted to use detached Frame 'C0FD0E3614F1BD1B5216E4135DA566A1'.
  - Clamperl: Attempted to use detached Frame 'C0FD0E3614F1BD1B5216E4135DA566A1'.
  - Huntail: Attempted to use detached Frame 'C0FD0E3614F1BD1B5216E4135DA566A1'.
  - Gorebyss: Attempted to use detached Frame 'C0FD0E3614F1BD1B5216E4135DA566A1'.
  - Relicanth: Attempted to use detached Frame 'C0FD0E3614F1BD1B5216E4135DA566A1'.
  - Luvdisc: Attempted to use detached Frame 'C0FD0E3614F1BD1B5216E4135DA566A1'.
  - Bagon: Attempted to use detached Frame 'C0FD0E3614F1BD1B5216E4135DA566A1'.
  - Shelgon: Attempted to use detached Frame 'C0FD0E3614F1BD1B5216E4135DA566A1'.
  - Salamence: Attempted to use detached Frame 'C0FD0E3614F1BD1B5216E4135DA566A1'.
  - Beldum: Attempted to use detached Frame 'C0FD0E3614F1BD1B5216E4135DA566A1'.
  - Metang: Attempted to use detached Frame 'C0FD0E3614F1BD1B5216E4135DA566A1'.
  - Metagross: Attempted to use detached Frame 'C0FD0E3614F1BD1B5216E4135DA566A1'.
  - Regirock: Attempted to use detached Frame 'C0FD0E3614F1BD1B5216E4135DA566A1'.
  - Regice: Attempted to use detached Frame 'C0FD0E3614F1BD1B5216E4135DA566A1'.
  - Registeel: Attempted to use detached Frame 'C0FD0E3614F1BD1B5216E4135DA566A1'.
  - Latias: Attempted to use detached Frame 'C0FD0E3614F1BD1B5216E4135DA566A1'.
  - Latios: Attempted to use detached Frame 'C0FD0E3614F1BD1B5216E4135DA566A1'.
  - Kyogre: Attempted to use detached Frame 'C0FD0E3614F1BD1B5216E4135DA566A1'.
  - Groudon: Attempted to use detached Frame 'C0FD0E3614F1BD1B5216E4135DA566A1'.
  - Rayquaza: Attempted to use detached Frame 'C0FD0E3614F1BD1B5216E4135DA566A1'.
  - Jirachi: Attempted to use detached Frame 'C0FD0E3614F1BD1B5216E4135DA566A1'.
  - Deoxys: Attempted to use detached Frame 'C0FD0E3614F1BD1B5216E4135DA566A1'.
  - Turtwig: Attempted to use detached Frame 'C0FD0E3614F1BD1B5216E4135DA566A1'.
  - Grotle: Attempted to use detached Frame 'C0FD0E3614F1BD1B5216E4135DA566A1'.
  - Torterra: Attempted to use detached Frame 'C0FD0E3614F1BD1B5216E4135DA566A1'.
  - Chimchar: Attempted to use detached Frame 'C0FD0E3614F1BD1B5216E4135DA566A1'.
  - Monferno: Attempted to use detached Frame 'C0FD0E3614F1BD1B5216E4135DA566A1'.
  - Infernape: Attempted to use detached Frame 'C0FD0E3614F1BD1B5216E4135DA566A1'.
  - Piplup: Attempted to use detached Frame 'C0FD0E3614F1BD1B5216E4135DA566A1'.
  - Prinplup: Attempted to use detached Frame 'C0FD0E3614F1BD1B5216E4135DA566A1'.
  - Empoleon: Attempted to use detached Frame 'C0FD0E3614F1BD1B5216E4135DA566A1'.
  - Starly: Attempted to use detached Frame 'C0FD0E3614F1BD1B5216E4135DA566A1'.
  - Staravia: Attempted to use detached Frame 'C0FD0E3614F1BD1B5216E4135DA566A1'.
  - Staraptor: Attempted to use detached Frame 'C0FD0E3614F1BD1B5216E4135DA566A1'.
  - Bidoof: Attempted to use detached Frame 'C0FD0E3614F1BD1B5216E4135DA566A1'.
  - Bibarel: Attempted to use detached Frame 'C0FD0E3614F1BD1B5216E4135DA566A1'.
  - Kricketot: Attempted to use detached Frame 'C0FD0E3614F1BD1B5216E4135DA566A1'.
  - Kricketune: Attempted to use detached Frame 'C0FD0E3614F1BD1B5216E4135DA566A1'.
  - Shinx: Attempted to use detached Frame 'C0FD0E3614F1BD1B5216E4135DA566A1'.
  - Luxio: Attempted to use detached Frame 'C0FD0E3614F1BD1B5216E4135DA566A1'.
  - Luxray: Attempted to use detached Frame 'C0FD0E3614F1BD1B5216E4135DA566A1'.
  - Budew: Attempted to use detached Frame 'C0FD0E3614F1BD1B5216E4135DA566A1'.
  - Roserade: Attempted to use detached Frame 'C0FD0E3614F1BD1B5216E4135DA566A1'.
  - Cranidos: Attempted to use detached Frame 'C0FD0E3614F1BD1B5216E4135DA566A1'.
  - Rampardos: Attempted to use detached Frame 'C0FD0E3614F1BD1B5216E4135DA566A1'.
  - Shieldon: Attempted to use detached Frame 'C0FD0E3614F1BD1B5216E4135DA566A1'.
  - Bastiodon: Attempted to use detached Frame 'C0FD0E3614F1BD1B5216E4135DA566A1'.
  - Burmy: Attempted to use detached Frame 'C0FD0E3614F1BD1B5216E4135DA566A1'.
  - Wormadam: Attempted to use detached Frame 'C0FD0E3614F1BD1B5216E4135DA566A1'.
  - Mothim: Attempted to use detached Frame 'C0FD0E3614F1BD1B5216E4135DA566A1'.
  - Combee: Attempted to use detached Frame 'C0FD0E3614F1BD1B5216E4135DA566A1'.
  - Vespiquen: Attempted to use detached Frame 'C0FD0E3614F1BD1B5216E4135DA566A1'.
  - Pachirisu: Attempted to use detached Frame 'C0FD0E3614F1BD1B5216E4135DA566A1'.
  - Buizel: Attempted to use detached Frame 'C0FD0E3614F1BD1B5216E4135DA566A1'.
  - Floatzel: Attempted to use detached Frame 'C0FD0E3614F1BD1B5216E4135DA566A1'.
  - Cherubi: Attempted to use detached Frame 'C0FD0E3614F1BD1B5216E4135DA566A1'.
  - Cherrim: Attempted to use detached Frame 'C0FD0E3614F1BD1B5216E4135DA566A1'.
  - Shellos: Attempted to use detached Frame 'C0FD0E3614F1BD1B5216E4135DA566A1'.
  - Gastrodon: Attempted to use detached Frame 'C0FD0E3614F1BD1B5216E4135DA566A1'.
  - Ambipom: Attempted to use detached Frame 'C0FD0E3614F1BD1B5216E4135DA566A1'.
  - Drifloon: Attempted to use detached Frame 'C0FD0E3614F1BD1B5216E4135DA566A1'.
  - Drifblim: Attempted to use detached Frame 'C0FD0E3614F1BD1B5216E4135DA566A1'.
  - Buneary: Attempted to use detached Frame 'C0FD0E3614F1BD1B5216E4135DA566A1'.
  - Lopunny: Attempted to use detached Frame 'C0FD0E3614F1BD1B5216E4135DA566A1'.
  - Mismagius: Attempted to use detached Frame 'C0FD0E3614F1BD1B5216E4135DA566A1'.
  - Honchkrow: Attempted to use detached Frame 'C0FD0E3614F1BD1B5216E4135DA566A1'.
  - Glameow: Attempted to use detached Frame 'C0FD0E3614F1BD1B5216E4135DA566A1'.
  - Purugly: Attempted to use detached Frame 'C0FD0E3614F1BD1B5216E4135DA566A1'.
  - Chingling: Attempted to use detached Frame 'C0FD0E3614F1BD1B5216E4135DA566A1'.
  - Stunky: Attempted to use detached Frame 'C0FD0E3614F1BD1B5216E4135DA566A1'.
  - Skuntank: Attempted to use detached Frame 'C0FD0E3614F1BD1B5216E4135DA566A1'.
  - Bronzor: Attempted to use detached Frame 'C0FD0E3614F1BD1B5216E4135DA566A1'.
  - Bronzong: Attempted to use detached Frame 'C0FD0E3614F1BD1B5216E4135DA566A1'.
  - Bonsly: Attempted to use detached Frame 'C0FD0E3614F1BD1B5216E4135DA566A1'.
  - Mime Jr.: Attempted to use detached Frame 'C0FD0E3614F1BD1B5216E4135DA566A1'.
  - Happiny: Attempted to use detached Frame 'C0FD0E3614F1BD1B5216E4135DA566A1'.
  - Chatot: Attempted to use detached Frame 'C0FD0E3614F1BD1B5216E4135DA566A1'.
  - Spiritomb: Attempted to use detached Frame 'C0FD0E3614F1BD1B5216E4135DA566A1'.
  - Gible: Attempted to use detached Frame 'C0FD0E3614F1BD1B5216E4135DA566A1'.
  - Gabite: Attempted to use detached Frame 'C0FD0E3614F1BD1B5216E4135DA566A1'.
  - Garchomp: Attempted to use detached Frame 'C0FD0E3614F1BD1B5216E4135DA566A1'.
  - Munchlax: Attempted to use detached Frame 'C0FD0E3614F1BD1B5216E4135DA566A1'.
  - Riolu: Attempted to use detached Frame 'C0FD0E3614F1BD1B5216E4135DA566A1'.
  - Lucario: Attempted to use detached Frame 'C0FD0E3614F1BD1B5216E4135DA566A1'.
  - Hippopotas: Attempted to use detached Frame 'C0FD0E3614F1BD1B5216E4135DA566A1'.
  - Hippowdon: Attempted to use detached Frame 'C0FD0E3614F1BD1B5216E4135DA566A1'.
  - Skorupi: Attempted to use detached Frame 'C0FD0E3614F1BD1B5216E4135DA566A1'.
  - Drapion: Attempted to use detached Frame 'C0FD0E3614F1BD1B5216E4135DA566A1'.
  - Croagunk: Attempted to use detached Frame 'C0FD0E3614F1BD1B5216E4135DA566A1'.
  - Toxicroak: Attempted to use detached Frame 'C0FD0E3614F1BD1B5216E4135DA566A1'.
  - Carnivine: Attempted to use detached Frame 'C0FD0E3614F1BD1B5216E4135DA566A1'.
  - Finneon: Attempted to use detached Frame 'C0FD0E3614F1BD1B5216E4135DA566A1'.
  - Lumineon: Attempted to use detached Frame 'C0FD0E3614F1BD1B5216E4135DA566A1'.
  - Mantyke: Attempted to use detached Frame 'C0FD0E3614F1BD1B5216E4135DA566A1'.
  - Snover: Attempted to use detached Frame 'C0FD0E3614F1BD1B5216E4135DA566A1'.
  - Abomasnow: Attempted to use detached Frame 'C0FD0E3614F1BD1B5216E4135DA566A1'.
  - Weavile: Attempted to use detached Frame 'C0FD0E3614F1BD1B5216E4135DA566A1'.
  - Magnezone: Attempted to use detached Frame 'C0FD0E3614F1BD1B5216E4135DA566A1'.
  - Lickilicky: Attempted to use detached Frame 'C0FD0E3614F1BD1B5216E4135DA566A1'.
  - Rhyperior: Attempted to use detached Frame 'C0FD0E3614F1BD1B5216E4135DA566A1'.
  - Tangrowth: Attempted to use detached Frame 'C0FD0E3614F1BD1B5216E4135DA566A1'.
  - Electivire: Attempted to use detached Frame 'C0FD0E3614F1BD1B5216E4135DA566A1'.
  - Magmortar: Attempted to use detached Frame 'C0FD0E3614F1BD1B5216E4135DA566A1'.
  - Togekiss: Attempted to use detached Frame 'C0FD0E3614F1BD1B5216E4135DA566A1'.
  - Yanmega: Attempted to use detached Frame 'C0FD0E3614F1BD1B5216E4135DA566A1'.
  - Leafeon: Attempted to use detached Frame 'C0FD0E3614F1BD1B5216E4135DA566A1'.
  - Glaceon: Attempted to use detached Frame 'C0FD0E3614F1BD1B5216E4135DA566A1'.
  - Gliscor: Attempted to use detached Frame 'C0FD0E3614F1BD1B5216E4135DA566A1'.
  - Mamoswine: Attempted to use detached Frame 'C0FD0E3614F1BD1B5216E4135DA566A1'.
  - Porygon-Z: Attempted to use detached Frame 'C0FD0E3614F1BD1B5216E4135DA566A1'.
  - Gallade: Attempted to use detached Frame 'C0FD0E3614F1BD1B5216E4135DA566A1'.
  - Probopass: Attempted to use detached Frame 'C0FD0E3614F1BD1B5216E4135DA566A1'.
  - Dusknoir: Attempted to use detached Frame 'C0FD0E3614F1BD1B5216E4135DA566A1'.
  - Froslass: Attempted to use detached Frame 'C0FD0E3614F1BD1B5216E4135DA566A1'.
  - Rotom: Attempted to use detached Frame 'C0FD0E3614F1BD1B5216E4135DA566A1'.
  - Uxie: Attempted to use detached Frame 'C0FD0E3614F1BD1B5216E4135DA566A1'.
  - Mesprit: Attempted to use detached Frame 'C0FD0E3614F1BD1B5216E4135DA566A1'.
  - Azelf: Attempted to use detached Frame 'C0FD0E3614F1BD1B5216E4135DA566A1'.
  - Dialga: Attempted to use detached Frame 'C0FD0E3614F1BD1B5216E4135DA566A1'.
  - Palkia: Attempted to use detached Frame 'C0FD0E3614F1BD1B5216E4135DA566A1'.
  - Heatran: Attempted to use detached Frame 'C0FD0E3614F1BD1B5216E4135DA566A1'.
  - Regigigas: Attempted to use detached Frame 'C0FD0E3614F1BD1B5216E4135DA566A1'.
  - Giratina: Attempted to use detached Frame 'C0FD0E3614F1BD1B5216E4135DA566A1'.
  - Cresselia: Attempted to use detached Frame 'C0FD0E3614F1BD1B5216E4135DA566A1'.
  - Phione: Attempted to use detached Frame 'C0FD0E3614F1BD1B5216E4135DA566A1'.
  - Manaphy: Attempted to use detached Frame 'C0FD0E3614F1BD1B5216E4135DA566A1'.
  - Darkrai: Attempted to use detached Frame 'C0FD0E3614F1BD1B5216E4135DA566A1'.
  - Shaymin: Attempted to use detached Frame 'C0FD0E3614F1BD1B5216E4135DA566A1'.
  - Arceus: Attempted to use detached Frame 'C0FD0E3614F1BD1B5216E4135DA566A1'.
  - Emboar: Attempted to use detached Frame 'C0FD0E3614F1BD1B5216E4135DA566A1'.
  - Oshawott: Attempted to use detached Frame 'C0FD0E3614F1BD1B5216E4135DA566A1'.
  - Dewott: Attempted to use detached Frame 'C0FD0E3614F1BD1B5216E4135DA566A1'.
  - Samurott: Attempted to use detached Frame 'C0FD0E3614F1BD1B5216E4135DA566A1'.
  - Patrat: Attempted to use detached Frame 'C0FD0E3614F1BD1B5216E4135DA566A1'.
  - Watchog: Attempted to use detached Frame 'C0FD0E3614F1BD1B5216E4135DA566A1'.
  - Lillipup: Attempted to use detached Frame 'C0FD0E3614F1BD1B5216E4135DA566A1'.
  - Herdier: Attempted to use detached Frame 'C0FD0E3614F1BD1B5216E4135DA566A1'.
  - Stoutland: Attempted to use detached Frame 'C0FD0E3614F1BD1B5216E4135DA566A1'.
  - Purrloin: Attempted to use detached Frame 'C0FD0E3614F1BD1B5216E4135DA566A1'.
  - Liepard: Attempted to use detached Frame 'C0FD0E3614F1BD1B5216E4135DA566A1'.
  - Pansage: Attempted to use detached Frame 'C0FD0E3614F1BD1B5216E4135DA566A1'.
  - Simisage: Attempted to use detached Frame 'C0FD0E3614F1BD1B5216E4135DA566A1'.
  - Pansear: Attempted to use detached Frame 'C0FD0E3614F1BD1B5216E4135DA566A1'.
  - Simisear: Attempted to use detached Frame 'C0FD0E3614F1BD1B5216E4135DA566A1'.
  - Panpour: Attempted to use detached Frame 'C0FD0E3614F1BD1B5216E4135DA566A1'.
  - Simipour: Attempted to use detached Frame 'C0FD0E3614F1BD1B5216E4135DA566A1'.
  - Munna: Attempted to use detached Frame 'C0FD0E3614F1BD1B5216E4135DA566A1'.
  - Musharna: Attempted to use detached Frame 'C0FD0E3614F1BD1B5216E4135DA566A1'.
  - Pidove: Attempted to use detached Frame 'C0FD0E3614F1BD1B5216E4135DA566A1'.
  - Tranquill: Attempted to use detached Frame 'C0FD0E3614F1BD1B5216E4135DA566A1'.
  - Unfezant: Attempted to use detached Frame 'C0FD0E3614F1BD1B5216E4135DA566A1'.
  - Blitzle: Attempted to use detached Frame 'C0FD0E3614F1BD1B5216E4135DA566A1'.
  - Zebstrika: Attempted to use detached Frame 'C0FD0E3614F1BD1B5216E4135DA566A1'.
  - Roggenrola: Attempted to use detached Frame 'C0FD0E3614F1BD1B5216E4135DA566A1'.
  - Boldore: Attempted to use detached Frame 'C0FD0E3614F1BD1B5216E4135DA566A1'.
  - Gigalith: Attempted to use detached Frame 'C0FD0E3614F1BD1B5216E4135DA566A1'.
  - Woobat: Attempted to use detached Frame 'C0FD0E3614F1BD1B5216E4135DA566A1'.
  - Swoobat: Attempted to use detached Frame 'C0FD0E3614F1BD1B5216E4135DA566A1'.
  - Drilbur: Attempted to use detached Frame 'C0FD0E3614F1BD1B5216E4135DA566A1'.
  - Excadrill: Attempted to use detached Frame 'C0FD0E3614F1BD1B5216E4135DA566A1'.
  - Audino: Attempted to use detached Frame 'C0FD0E3614F1BD1B5216E4135DA566A1'.
  - Timburr: Attempted to use detached Frame 'C0FD0E3614F1BD1B5216E4135DA566A1'.
  - Gurdurr: Attempted to use detached Frame 'C0FD0E3614F1BD1B5216E4135DA566A1'.
  - Conkeldurr: Attempted to use detached Frame 'C0FD0E3614F1BD1B5216E4135DA566A1'.
  - Tympole: Attempted to use detached Frame 'C0FD0E3614F1BD1B5216E4135DA566A1'.
  - Palpitoad: Attempted to use detached Frame 'C0FD0E3614F1BD1B5216E4135DA566A1'.
  - Seismitoad: Attempted to use detached Frame 'C0FD0E3614F1BD1B5216E4135DA566A1'.
  - Throh: Attempted to use detached Frame 'C0FD0E3614F1BD1B5216E4135DA566A1'.
  - Sawk: Attempted to use detached Frame 'C0FD0E3614F1BD1B5216E4135DA566A1'.
  - Sewaddle: Attempted to use detached Frame 'C0FD0E3614F1BD1B5216E4135DA566A1'.
  - Swadloon: Attempted to use detached Frame 'C0FD0E3614F1BD1B5216E4135DA566A1'.
  - Leavanny: Attempted to use detached Frame 'C0FD0E3614F1BD1B5216E4135DA566A1'.
  - Venipede: Attempted to use detached Frame 'C0FD0E3614F1BD1B5216E4135DA566A1'.
  - Whirlipede: Attempted to use detached Frame 'C0FD0E3614F1BD1B5216E4135DA566A1'.
  - Scolipede: Attempted to use detached Frame 'C0FD0E3614F1BD1B5216E4135DA566A1'.
  - Cottonee: Attempted to use detached Frame 'C0FD0E3614F1BD1B5216E4135DA566A1'.
  - Whimsicott: Attempted to use detached Frame 'C0FD0E3614F1BD1B5216E4135DA566A1'.
  - Petilil: Attempted to use detached Frame 'C0FD0E3614F1BD1B5216E4135DA566A1'.
  - Lilligant: Attempted to use detached Frame 'C0FD0E3614F1BD1B5216E4135DA566A1'.
  - Basculin: Attempted to use detached Frame 'C0FD0E3614F1BD1B5216E4135DA566A1'.
  - Sandile: Attempted to use detached Frame 'C0FD0E3614F1BD1B5216E4135DA566A1'.
  - Krokorok: Attempted to use detached Frame 'C0FD0E3614F1BD1B5216E4135DA566A1'.
  - Krookodile: Attempted to use detached Frame 'C0FD0E3614F1BD1B5216E4135DA566A1'.
  - Darumaka: Attempted to use detached Frame 'C0FD0E3614F1BD1B5216E4135DA566A1'.
  - Darmanitan: Attempted to use detached Frame 'C0FD0E3614F1BD1B5216E4135DA566A1'.
  - Maractus: Attempted to use detached Frame 'C0FD0E3614F1BD1B5216E4135DA566A1'.
  - Dwebble: Attempted to use detached Frame 'C0FD0E3614F1BD1B5216E4135DA566A1'.
  - Crustle: Attempted to use detached Frame 'C0FD0E3614F1BD1B5216E4135DA566A1'.
  - Scraggy: Attempted to use detached Frame 'C0FD0E3614F1BD1B5216E4135DA566A1'.
  - Scrafty: Attempted to use detached Frame 'C0FD0E3614F1BD1B5216E4135DA566A1'.
  - Sigilyph: Attempted to use detached Frame 'C0FD0E3614F1BD1B5216E4135DA566A1'.
  - Yamask: Attempted to use detached Frame 'C0FD0E3614F1BD1B5216E4135DA566A1'.
  - Cofagrigus: Attempted to use detached Frame 'C0FD0E3614F1BD1B5216E4135DA566A1'.
  - Tirtouga: Attempted to use detached Frame 'C0FD0E3614F1BD1B5216E4135DA566A1'.
  - Carracosta: Attempted to use detached Frame 'C0FD0E3614F1BD1B5216E4135DA566A1'.
  - Archen: Attempted to use detached Frame 'C0FD0E3614F1BD1B5216E4135DA566A1'.
  - Archeops: Attempted to use detached Frame 'C0FD0E3614F1BD1B5216E4135DA566A1'.
  - Trubbish: Attempted to use detached Frame 'C0FD0E3614F1BD1B5216E4135DA566A1'.
  - Garbodor: Attempted to use detached Frame 'C0FD0E3614F1BD1B5216E4135DA566A1'.
  - Zorua: Attempted to use detached Frame 'C0FD0E3614F1BD1B5216E4135DA566A1'.
  - Zoroark: Attempted to use detached Frame 'C0FD0E3614F1BD1B5216E4135DA566A1'.
  - Minccino: Attempted to use detached Frame 'C0FD0E3614F1BD1B5216E4135DA566A1'.
  - Cinccino: Attempted to use detached Frame 'C0FD0E3614F1BD1B5216E4135DA566A1'.
  - Gothita: Attempted to use detached Frame 'C0FD0E3614F1BD1B5216E4135DA566A1'.
  - Gothorita: Attempted to use detached Frame 'C0FD0E3614F1BD1B5216E4135DA566A1'.
  - Gothitelle: Attempted to use detached Frame 'C0FD0E3614F1BD1B5216E4135DA566A1'.
  - Solosis: Attempted to use detached Frame 'C0FD0E3614F1BD1B5216E4135DA566A1'.
  - Duosion: Attempted to use detached Frame 'C0FD0E3614F1BD1B5216E4135DA566A1'.
  - Reuniclus: Attempted to use detached Frame 'C0FD0E3614F1BD1B5216E4135DA566A1'.
  - Ducklett: Attempted to use detached Frame 'C0FD0E3614F1BD1B5216E4135DA566A1'.
  - Swanna: Attempted to use detached Frame 'C0FD0E3614F1BD1B5216E4135DA566A1'.
  - Vanillite: Attempted to use detached Frame 'C0FD0E3614F1BD1B5216E4135DA566A1'.
  - Vanillish: Attempted to use detached Frame 'C0FD0E3614F1BD1B5216E4135DA566A1'.
  - Vanilluxe: Attempted to use detached Frame 'C0FD0E3614F1BD1B5216E4135DA566A1'.
  - Deerling: Attempted to use detached Frame 'C0FD0E3614F1BD1B5216E4135DA566A1'.
  - Sawsbuck: Attempted to use detached Frame 'C0FD0E3614F1BD1B5216E4135DA566A1'.
  - Emolga: Attempted to use detached Frame 'C0FD0E3614F1BD1B5216E4135DA566A1'.
  - Karrablast: Attempted to use detached Frame 'C0FD0E3614F1BD1B5216E4135DA566A1'.
  - Escavalier: Attempted to use detached Frame 'C0FD0E3614F1BD1B5216E4135DA566A1'.
  - Foongus: Attempted to use detached Frame 'C0FD0E3614F1BD1B5216E4135DA566A1'.
  - Amoonguss: Attempted to use detached Frame 'C0FD0E3614F1BD1B5216E4135DA566A1'.
  - Frillish: Attempted to use detached Frame 'C0FD0E3614F1BD1B5216E4135DA566A1'.
  - Jellicent: Attempted to use detached Frame 'C0FD0E3614F1BD1B5216E4135DA566A1'.
  - Alomomola: Attempted to use detached Frame 'C0FD0E3614F1BD1B5216E4135DA566A1'.
  - Joltik: Attempted to use detached Frame 'C0FD0E3614F1BD1B5216E4135DA566A1'.
  - Galvantula: Attempted to use detached Frame 'C0FD0E3614F1BD1B5216E4135DA566A1'.
  - Ferroseed: Attempted to use detached Frame 'C0FD0E3614F1BD1B5216E4135DA566A1'.
  - Ferrothorn: Attempted to use detached Frame 'C0FD0E3614F1BD1B5216E4135DA566A1'.
  - Klink: Attempted to use detached Frame 'C0FD0E3614F1BD1B5216E4135DA566A1'.
  - Klang: Attempted to use detached Frame 'C0FD0E3614F1BD1B5216E4135DA566A1'.
  - Klinklang: Attempted to use detached Frame 'C0FD0E3614F1BD1B5216E4135DA566A1'.
  - Tynamo: Attempted to use detached Frame 'C0FD0E3614F1BD1B5216E4135DA566A1'.
  - Eelektrik: Attempted to use detached Frame 'C0FD0E3614F1BD1B5216E4135DA566A1'.
  - Eelektross: Attempted to use detached Frame 'C0FD0E3614F1BD1B5216E4135DA566A1'.
  - Elgyem: Attempted to use detached Frame 'C0FD0E3614F1BD1B5216E4135DA566A1'.
  - Beheeyem: Attempted to use detached Frame 'C0FD0E3614F1BD1B5216E4135DA566A1'.
  - Litwick: Attempted to use detached Frame 'C0FD0E3614F1BD1B5216E4135DA566A1'.
  - Lampent: Attempted to use detached Frame 'C0FD0E3614F1BD1B5216E4135DA566A1'.
  - Chandelure: Attempted to use detached Frame 'C0FD0E3614F1BD1B5216E4135DA566A1'.
  - Axew: Attempted to use detached Frame 'C0FD0E3614F1BD1B5216E4135DA566A1'.
  - Fraxure: Attempted to use detached Frame 'C0FD0E3614F1BD1B5216E4135DA566A1'.
  - Haxorus: Attempted to use detached Frame 'C0FD0E3614F1BD1B5216E4135DA566A1'.
  - Cubchoo: Attempted to use detached Frame 'C0FD0E3614F1BD1B5216E4135DA566A1'.
  - Beartic: Attempted to use detached Frame 'C0FD0E3614F1BD1B5216E4135DA566A1'.
  - Cryogonal: Attempted to use detached Frame 'C0FD0E3614F1BD1B5216E4135DA566A1'.
  - Shelmet: Attempted to use detached Frame 'C0FD0E3614F1BD1B5216E4135DA566A1'.
  - Accelgor: Attempted to use detached Frame 'C0FD0E3614F1BD1B5216E4135DA566A1'.
  - Stunfisk: Attempted to use detached Frame 'C0FD0E3614F1BD1B5216E4135DA566A1'.
  - Mienfoo: Attempted to use detached Frame 'C0FD0E3614F1BD1B5216E4135DA566A1'.
  - Mienshao: Attempted to use detached Frame 'C0FD0E3614F1BD1B5216E4135DA566A1'.
  - Druddigon: Attempted to use detached Frame 'C0FD0E3614F1BD1B5216E4135DA566A1'.
  - Golett: Attempted to use detached Frame 'C0FD0E3614F1BD1B5216E4135DA566A1'.
  - Golurk: Attempted to use detached Frame 'C0FD0E3614F1BD1B5216E4135DA566A1'.
  - Pawniard: Attempted to use detached Frame 'C0FD0E3614F1BD1B5216E4135DA566A1'.
  - Bisharp: Attempted to use detached Frame 'C0FD0E3614F1BD1B5216E4135DA566A1'.
  - Bouffalant: Attempted to use detached Frame 'C0FD0E3614F1BD1B5216E4135DA566A1'.
  - Rufflet: Attempted to use detached Frame 'C0FD0E3614F1BD1B5216E4135DA566A1'.
  - Braviary: Attempted to use detached Frame 'C0FD0E3614F1BD1B5216E4135DA566A1'.
  - Vullaby: Attempted to use detached Frame 'C0FD0E3614F1BD1B5216E4135DA566A1'.
  - Mandibuzz: Attempted to use detached Frame 'C0FD0E3614F1BD1B5216E4135DA566A1'.
  - Heatmor: Attempted to use detached Frame 'C0FD0E3614F1BD1B5216E4135DA566A1'.
  - Durant: Attempted to use detached Frame 'C0FD0E3614F1BD1B5216E4135DA566A1'.
  - Deino: Attempted to use detached Frame 'C0FD0E3614F1BD1B5216E4135DA566A1'.
  - Zweilous: Attempted to use detached Frame 'C0FD0E3614F1BD1B5216E4135DA566A1'.
  - Hydreigon: Attempted to use detached Frame 'C0FD0E3614F1BD1B5216E4135DA566A1'.
  - Larvesta: Attempted to use detached Frame 'C0FD0E3614F1BD1B5216E4135DA566A1'.
  - Volcarona: Attempted to use detached Frame 'C0FD0E3614F1BD1B5216E4135DA566A1'.
  - Cobalion: Attempted to use detached Frame 'C0FD0E3614F1BD1B5216E4135DA566A1'.
  - Terrakion: Attempted to use detached Frame 'C0FD0E3614F1BD1B5216E4135DA566A1'.
  - Virizion: Attempted to use detached Frame 'C0FD0E3614F1BD1B5216E4135DA566A1'.
  - Tornadus: Attempted to use detached Frame 'C0FD0E3614F1BD1B5216E4135DA566A1'.
  - Thundurus: Attempted to use detached Frame 'C0FD0E3614F1BD1B5216E4135DA566A1'.
  - Reshiram: Attempted to use detached Frame 'C0FD0E3614F1BD1B5216E4135DA566A1'.
  - Zekrom: Attempted to use detached Frame 'C0FD0E3614F1BD1B5216E4135DA566A1'.
  - Landorus: Attempted to use detached Frame 'C0FD0E3614F1BD1B5216E4135DA566A1'.
  - Kyurem: Attempted to use detached Frame 'C0FD0E3614F1BD1B5216E4135DA566A1'.
  - Keldeo: Attempted to use detached Frame 'C0FD0E3614F1BD1B5216E4135DA566A1'.
  - Meloetta: Attempted to use detached Frame 'C0FD0E3614F1BD1B5216E4135DA566A1'.
  - Genesect: Attempted to use detached Frame 'C0FD0E3614F1BD1B5216E4135DA566A1'.
  - Chespin: Attempted to use detached Frame 'C0FD0E3614F1BD1B5216E4135DA566A1'.
  - Quilladin: Attempted to use detached Frame 'C0FD0E3614F1BD1B5216E4135DA566A1'.
  - Chesnaught: Attempted to use detached Frame 'C0FD0E3614F1BD1B5216E4135DA566A1'.
  - Fennekin: Attempted to use detached Frame 'C0FD0E3614F1BD1B5216E4135DA566A1'.
  - Braixen: Attempted to use detached Frame 'C0FD0E3614F1BD1B5216E4135DA566A1'.
  - Delphox: Attempted to use detached Frame 'C0FD0E3614F1BD1B5216E4135DA566A1'.
  - Froakie: Attempted to use detached Frame 'C0FD0E3614F1BD1B5216E4135DA566A1'.
  - Frogadier: Attempted to use detached Frame 'C0FD0E3614F1BD1B5216E4135DA566A1'.
  - Greninja: Attempted to use detached Frame 'C0FD0E3614F1BD1B5216E4135DA566A1'.
  - Bunnelby: Attempted to use detached Frame 'C0FD0E3614F1BD1B5216E4135DA566A1'.
  - Diggersby: Attempted to use detached Frame 'C0FD0E3614F1BD1B5216E4135DA566A1'.
  - Fletchling: Attempted to use detached Frame 'C0FD0E3614F1BD1B5216E4135DA566A1'.
  - Fletchinder: Attempted to use detached Frame 'C0FD0E3614F1BD1B5216E4135DA566A1'.
  - Talonflame: Attempted to use detached Frame 'C0FD0E3614F1BD1B5216E4135DA566A1'.
  - Scatter: Attempted to use detached Frame 'C0FD0E3614F1BD1B5216E4135DA566A1'.
  - Spewpa: Attempted to use detached Frame 'C0FD0E3614F1BD1B5216E4135DA566A1'.
  - Vivillon: Attempted to use detached Frame 'C0FD0E3614F1BD1B5216E4135DA566A1'.
  - Litleo: Attempted to use detached Frame 'C0FD0E3614F1BD1B5216E4135DA566A1'.
  - Pyroar: Attempted to use detached Frame 'C0FD0E3614F1BD1B5216E4135DA566A1'.
  - Flabébé: Attempted to use detached Frame 'C0FD0E3614F1BD1B5216E4135DA566A1'.
  - Floette: Attempted to use detached Frame 'C0FD0E3614F1BD1B5216E4135DA566A1'.
  - Florges: Attempted to use detached Frame 'C0FD0E3614F1BD1B5216E4135DA566A1'.
  - Skiddo: Attempted to use detached Frame 'C0FD0E3614F1BD1B5216E4135DA566A1'.
  - Gogoat: Attempted to use detached Frame 'C0FD0E3614F1BD1B5216E4135DA566A1'.
  - Pancham: Attempted to use detached Frame 'C0FD0E3614F1BD1B5216E4135DA566A1'.
  - Pangoro: Attempted to use detached Frame 'C0FD0E3614F1BD1B5216E4135DA566A1'.
  - Furfrou: Attempted to use detached Frame 'C0FD0E3614F1BD1B5216E4135DA566A1'.
  - Espurr: Attempted to use detached Frame 'C0FD0E3614F1BD1B5216E4135DA566A1'.
  - Meowstic: Attempted to use detached Frame 'C0FD0E3614F1BD1B5216E4135DA566A1'.
  - Honedge: Attempted to use detached Frame 'C0FD0E3614F1BD1B5216E4135DA566A1'.
  - Doublade: Attempted to use detached Frame 'C0FD0E3614F1BD1B5216E4135DA566A1'.
  - Aegislash: Attempted to use detached Frame 'C0FD0E3614F1BD1B5216E4135DA566A1'.
  - Spritzee: Attempted to use detached Frame 'C0FD0E3614F1BD1B5216E4135DA566A1'.
  - Aromatisse: Attempted to use detached Frame 'C0FD0E3614F1BD1B5216E4135DA566A1'.
  - Swirlix: Attempted to use detached Frame 'C0FD0E3614F1BD1B5216E4135DA566A1'.
  - Slurpuff: Attempted to use detached Frame 'C0FD0E3614F1BD1B5216E4135DA566A1'.
  - Inkay: Attempted to use detached Frame 'C0FD0E3614F1BD1B5216E4135DA566A1'.
  - Malamar: Attempted to use detached Frame 'C0FD0E3614F1BD1B5216E4135DA566A1'.
  - Binacle: Attempted to use detached Frame 'C0FD0E3614F1BD1B5216E4135DA566A1'.
  - Barbaracle: Attempted to use detached Frame 'C0FD0E3614F1BD1B5216E4135DA566A1'.
  - Skrelp: Attempted to use detached Frame 'C0FD0E3614F1BD1B5216E4135DA566A1'.
  - Dragalge: Attempted to use detached Frame 'C0FD0E3614F1BD1B5216E4135DA566A1'.
  - Clauncher: Attempted to use detached Frame 'C0FD0E3614F1BD1B5216E4135DA566A1'.
  - Clawitzer: Attempted to use detached Frame 'C0FD0E3614F1BD1B5216E4135DA566A1'.
  - Helioptile: Attempted to use detached Frame 'C0FD0E3614F1BD1B5216E4135DA566A1'.
  - Heliolisk: Attempted to use detached Frame 'C0FD0E3614F1BD1B5216E4135DA566A1'.
  - Tyrunt: Attempted to use detached Frame 'C0FD0E3614F1BD1B5216E4135DA566A1'.
  - Tyrantrum: Attempted to use detached Frame 'C0FD0E3614F1BD1B5216E4135DA566A1'.
  - Amaura: Attempted to use detached Frame 'C0FD0E3614F1BD1B5216E4135DA566A1'.
  - Aurorus: Attempted to use detached Frame 'C0FD0E3614F1BD1B5216E4135DA566A1'.
  - Sylveon: Attempted to use detached Frame 'C0FD0E3614F1BD1B5216E4135DA566A1'.
  - Hawlucha: Attempted to use detached Frame 'C0FD0E3614F1BD1B5216E4135DA566A1'.
  - Dedenne: Attempted to use detached Frame 'C0FD0E3614F1BD1B5216E4135DA566A1'.
  - Carbink: Attempted to use detached Frame 'C0FD0E3614F1BD1B5216E4135DA566A1'.
  - Goomy: Attempted to use detached Frame 'C0FD0E3614F1BD1B5216E4135DA566A1'.
  - Sliggoo: Attempted to use detached Frame 'C0FD0E3614F1BD1B5216E4135DA566A1'.
  - Goodra: Attempted to use detached Frame 'C0FD0E3614F1BD1B5216E4135DA566A1'.
  - Klefki: Attempted to use detached Frame 'C0FD0E3614F1BD1B5216E4135DA566A1'.
  - Phantump: Attempted to use detached Frame 'C0FD0E3614F1BD1B5216E4135DA566A1'.
  - Trevenant: Attempted to use detached Frame 'C0FD0E3614F1BD1B5216E4135DA566A1'.
  - Pumpkaboo: Attempted to use detached Frame 'C0FD0E3614F1BD1B5216E4135DA566A1'.
  - Gourgeist: Attempted to use detached Frame 'C0FD0E3614F1BD1B5216E4135DA566A1'.
  - Bergmite: Attempted to use detached Frame 'C0FD0E3614F1BD1B5216E4135DA566A1'.
  - Avalugg: Attempted to use detached Frame 'C0FD0E3614F1BD1B5216E4135DA566A1'.
  - Noibat: Attempted to use detached Frame 'C0FD0E3614F1BD1B5216E4135DA566A1'.
  - Noivern: Attempted to use detached Frame 'C0FD0E3614F1BD1B5216E4135DA566A1'.
  - Xerneas: Attempted to use detached Frame 'C0FD0E3614F1BD1B5216E4135DA566A1'.
  - Yveltal: Attempted to use detached Frame 'C0FD0E3614F1BD1B5216E4135DA566A1'.
  - Zygarde: Attempted to use detached Frame 'C0FD0E3614F1BD1B5216E4135DA566A1'.
  - Diancie: Attempted to use detached Frame 'C0FD0E3614F1BD1B5216E4135DA566A1'.
  - Hoopa: Attempted to use detached Frame 'C0FD0E3614F1BD1B5216E4135DA566A1'.
  - Volcanion: Attempted to use detached Frame 'C0FD0E3614F1BD1B5216E4135DA566A1'.
  - Rowlet: Attempted to use detached Frame 'C0FD0E3614F1BD1B5216E4135DA566A1'.
  - Dartrix: Attempted to use detached Frame 'C0FD0E3614F1BD1B5216E4135DA566A1'.
  - Decidueye: Attempted to use detached Frame 'C0FD0E3614F1BD1B5216E4135DA566A1'.
  - Litten: Attempted to use detached Frame 'C0FD0E3614F1BD1B5216E4135DA566A1'.
  - Torracat: Attempted to use detached Frame 'C0FD0E3614F1BD1B5216E4135DA566A1'.
  - Incineroar: Attempted to use detached Frame 'C0FD0E3614F1BD1B5216E4135DA566A1'.
  - Popplio: Attempted to use detached Frame 'C0FD0E3614F1BD1B5216E4135DA566A1'.
  - Brionne: Attempted to use detached Frame 'C0FD0E3614F1BD1B5216E4135DA566A1'.
  - Primarina: Attempted to use detached Frame 'C0FD0E3614F1BD1B5216E4135DA566A1'.
  - Pikipek: Attempted to use detached Frame 'C0FD0E3614F1BD1B5216E4135DA566A1'.
  - Trumbeak: Attempted to use detached Frame 'C0FD0E3614F1BD1B5216E4135DA566A1'.
  - Toucannon: Attempted to use detached Frame 'C0FD0E3614F1BD1B5216E4135DA566A1'.
  - Yungoos: Attempted to use detached Frame 'C0FD0E3614F1BD1B5216E4135DA566A1'.
  - Gumshoos: Attempted to use detached Frame 'C0FD0E3614F1BD1B5216E4135DA566A1'.
  - Grubbin: Attempted to use detached Frame 'C0FD0E3614F1BD1B5216E4135DA566A1'.
  - Charjabug: Attempted to use detached Frame 'C0FD0E3614F1BD1B5216E4135DA566A1'.
  - Vikavolt: Attempted to use detached Frame 'C0FD0E3614F1BD1B5216E4135DA566A1'.
  - Crabrawler: Attempted to use detached Frame 'C0FD0E3614F1BD1B5216E4135DA566A1'.
  - Crabominable: Attempted to use detached Frame 'C0FD0E3614F1BD1B5216E4135DA566A1'.
  - Oricorio: Attempted to use detached Frame 'C0FD0E3614F1BD1B5216E4135DA566A1'.
  - Cutiefly: Attempted to use detached Frame 'C0FD0E3614F1BD1B5216E4135DA566A1'.
  - Ribombee: Attempted to use detached Frame 'C0FD0E3614F1BD1B5216E4135DA566A1'.
  - Rockruff: Attempted to use detached Frame 'C0FD0E3614F1BD1B5216E4135DA566A1'.
  - Lycanroc: Attempted to use detached Frame 'C0FD0E3614F1BD1B5216E4135DA566A1'.
  - Wishiwashi: Attempted to use detached Frame 'C0FD0E3614F1BD1B5216E4135DA566A1'.
  - Mareanie: Attempted to use detached Frame 'C0FD0E3614F1BD1B5216E4135DA566A1'.
  - Toxapex: Attempted to use detached Frame 'C0FD0E3614F1BD1B5216E4135DA566A1'.
  - Mudbray: Attempted to use detached Frame 'C0FD0E3614F1BD1B5216E4135DA566A1'.
  - Mudsdale: Attempted to use detached Frame 'C0FD0E3614F1BD1B5216E4135DA566A1'.
  - Dewpider: Attempted to use detached Frame 'C0FD0E3614F1BD1B5216E4135DA566A1'.
  - Araquanid: Attempted to use detached Frame 'C0FD0E3614F1BD1B5216E4135DA566A1'.
  - Fomantis: Attempted to use detached Frame 'C0FD0E3614F1BD1B5216E4135DA566A1'.
  - Lurantis: Attempted to use detached Frame 'C0FD0E3614F1BD1B5216E4135DA566A1'.
  - Morelull: Attempted to use detached Frame 'C0FD0E3614F1BD1B5216E4135DA566A1'.
  - Shiinotic: Attempted to use detached Frame 'C0FD0E3614F1BD1B5216E4135DA566A1'.
  - Salandit: Attempted to use detached Frame 'C0FD0E3614F1BD1B5216E4135DA566A1'.
  - Salazzle: Attempted to use detached Frame 'C0FD0E3614F1BD1B5216E4135DA566A1'.
  - Stufful: Attempted to use detached Frame 'C0FD0E3614F1BD1B5216E4135DA566A1'.
  - Bewear: Attempted to use detached Frame 'C0FD0E3614F1BD1B5216E4135DA566A1'.
  - Bounsweet: Attempted to use detached Frame 'C0FD0E3614F1BD1B5216E4135DA566A1'.
  - Steenee: Attempted to use detached Frame 'C0FD0E3614F1BD1B5216E4135DA566A1'.
  - Tsareena: Attempted to use detached Frame 'C0FD0E3614F1BD1B5216E4135DA566A1'.
  - Comfey: Attempted to use detached Frame 'C0FD0E3614F1BD1B5216E4135DA566A1'.
  - Oranguru: Attempted to use detached Frame 'C0FD0E3614F1BD1B5216E4135DA566A1'.
  - Passimian: Attempted to use detached Frame 'C0FD0E3614F1BD1B5216E4135DA566A1'.
  - Wimpod: Attempted to use detached Frame 'C0FD0E3614F1BD1B5216E4135DA566A1'.
  - Golisopod: Attempted to use detached Frame 'C0FD0E3614F1BD1B5216E4135DA566A1'.
  - Sandygast: Attempted to use detached Frame 'C0FD0E3614F1BD1B5216E4135DA566A1'.
  - Palossand: Attempted to use detached Frame 'C0FD0E3614F1BD1B5216E4135DA566A1'.
  - Pyukumuku: Attempted to use detached Frame 'C0FD0E3614F1BD1B5216E4135DA566A1'.
  - Type: Null: Attempted to use detached Frame 'C0FD0E3614F1BD1B5216E4135DA566A1'.
  - Silvally: Attempted to use detached Frame 'C0FD0E3614F1BD1B5216E4135DA566A1'.
  - Minior: Attempted to use detached Frame 'C0FD0E3614F1BD1B5216E4135DA566A1'.
  - Komala: Attempted to use detached Frame 'C0FD0E3614F1BD1B5216E4135DA566A1'.
  - Turtonator: Attempted to use detached Frame 'C0FD0E3614F1BD1B5216E4135DA566A1'.
  - Togedemaru: Attempted to use detached Frame 'C0FD0E3614F1BD1B5216E4135DA566A1'.
  - Mimikyu: Attempted to use detached Frame 'C0FD0E3614F1BD1B5216E4135DA566A1'.
  - Bruxish: Attempted to use detached Frame 'C0FD0E3614F1BD1B5216E4135DA566A1'.
  - Drampa: Attempted to use detached Frame 'C0FD0E3614F1BD1B5216E4135DA566A1'.
  - Dhelmise: Attempted to use detached Frame 'C0FD0E3614F1BD1B5216E4135DA566A1'.
  - Jangmo-o: Attempted to use detached Frame 'C0FD0E3614F1BD1B5216E4135DA566A1'.
  - Hakamo-o: Attempted to use detached Frame 'C0FD0E3614F1BD1B5216E4135DA566A1'.
  - Kommo-o: Attempted to use detached Frame 'C0FD0E3614F1BD1B5216E4135DA566A1'.
  - Tapu Koko: Attempted to use detached Frame 'C0FD0E3614F1BD1B5216E4135DA566A1'.
  - Tapu Lele: Attempted to use detached Frame 'C0FD0E3614F1BD1B5216E4135DA566A1'.
  - Tapu Bulu: Attempted to use detached Frame 'C0FD0E3614F1BD1B5216E4135DA566A1'.
  - Tapu Fini: Attempted to use detached Frame 'C0FD0E3614F1BD1B5216E4135DA566A1'.
  - Cosmog: Attempted to use detached Frame 'C0FD0E3614F1BD1B5216E4135DA566A1'.
  - Cosmoem: Attempted to use detached Frame 'C0FD0E3614F1BD1B5216E4135DA566A1'.
  - Solgaleo: Attempted to use detached Frame 'C0FD0E3614F1BD1B5216E4135DA566A1'.
  - Lunala: Attempted to use detached Frame 'C0FD0E3614F1BD1B5216E4135DA566A1'.
  - Nihilego: Attempted to use detached Frame 'C0FD0E3614F1BD1B5216E4135DA566A1'.
  - Buzzwole: Attempted to use detached Frame 'C0FD0E3614F1BD1B5216E4135DA566A1'.
  - Pheromosa: Attempted to use detached Frame 'C0FD0E3614F1BD1B5216E4135DA566A1'.
  - Xurkitree: Attempted to use detached Frame 'C0FD0E3614F1BD1B5216E4135DA566A1'.
  - Cele Steela: Attempted to use detached Frame 'C0FD0E3614F1BD1B5216E4135DA566A1'.
  - Kartana: Attempted to use detached Frame 'C0FD0E3614F1BD1B5216E4135DA566A1'.
  - Guzzlord: Attempted to use detached Frame 'C0FD0E3614F1BD1B5216E4135DA566A1'.
  - Necrozma: Attempted to use detached Frame 'C0FD0E3614F1BD1B5216E4135DA566A1'.
  - Magearna: Attempted to use detached Frame 'C0FD0E3614F1BD1B5216E4135DA566A1'.
  - Marshadow: Attempted to use detached Frame 'C0FD0E3614F1BD1B5216E4135DA566A1'.
  - Poipole: Attempted to use detached Frame 'C0FD0E3614F1BD1B5216E4135DA566A1'.
  - Naganadel: Attempted to use detached Frame 'C0FD0E3614F1BD1B5216E4135DA566A1'.
  - Stakataka: Attempted to use detached Frame 'C0FD0E3614F1BD1B5216E4135DA566A1'.
  - Blacephalon: Attempted to use detached Frame 'C0FD0E3614F1BD1B5216E4135DA566A1'.
  - Zeraora: Attempted to use detached Frame 'C0FD0E3614F1BD1B5216E4135DA566A1'.
  - Meltan: Attempted to use detached Frame 'C0FD0E3614F1BD1B5216E4135DA566A1'.
  - Melmetal: Attempted to use detached Frame 'C0FD0E3614F1BD1B5216E4135DA566A1'.
  - Grookey: Attempted to use detached Frame 'C0FD0E3614F1BD1B5216E4135DA566A1'.
  - Thwackey: Attempted to use detached Frame 'C0FD0E3614F1BD1B5216E4135DA566A1'.
  - Rillaboom: Attempted to use detached Frame 'C0FD0E3614F1BD1B5216E4135DA566A1'.
  - Scorbunny: Attempted to use detached Frame 'C0FD0E3614F1BD1B5216E4135DA566A1'.
  - Raboot: Attempted to use detached Frame 'C0FD0E3614F1BD1B5216E4135DA566A1'.
  - Cinderace: Attempted to use detached Frame 'C0FD0E3614F1BD1B5216E4135DA566A1'.
  - Sobble: Attempted to use detached Frame 'C0FD0E3614F1BD1B5216E4135DA566A1'.
  - Drizzile: Attempted to use detached Frame 'C0FD0E3614F1BD1B5216E4135DA566A1'.
  - Inteleon: Attempted to use detached Frame 'C0FD0E3614F1BD1B5216E4135DA566A1'.
  - Skwovet: Attempted to use detached Frame 'C0FD0E3614F1BD1B5216E4135DA566A1'.
  - Greedent: Attempted to use detached Frame 'C0FD0E3614F1BD1B5216E4135DA566A1'.
  - Rookidee: Attempted to use detached Frame 'C0FD0E3614F1BD1B5216E4135DA566A1'.
  - Corvisquire: Attempted to use detached Frame 'C0FD0E3614F1BD1B5216E4135DA566A1'.
  - Corviknight: Attempted to use detached Frame 'C0FD0E3614F1BD1B5216E4135DA566A1'.
  - Blip: Attempted to use detached Frame 'C0FD0E3614F1BD1B5216E4135DA566A1'.
  - Dottler: Attempted to use detached Frame 'C0FD0E3614F1BD1B5216E4135DA566A1'.
  - Orbeetle: Attempted to use detached Frame 'C0FD0E3614F1BD1B5216E4135DA566A1'.
  - Nickit: Attempted to use detached Frame 'C0FD0E3614F1BD1B5216E4135DA566A1'.
  - Thievul: Attempted to use detached Frame 'C0FD0E3614F1BD1B5216E4135DA566A1'.
  - Gossifleur: Attempted to use detached Frame 'C0FD0E3614F1BD1B5216E4135DA566A1'.
  - Eldegoss: Attempted to use detached Frame 'C0FD0E3614F1BD1B5216E4135DA566A1'.
  - Wooloo: Attempted to use detached Frame 'C0FD0E3614F1BD1B5216E4135DA566A1'.
  - Dubwool: Attempted to use detached Frame 'C0FD0E3614F1BD1B5216E4135DA566A1'.
  - Chewtle: Attempted to use detached Frame 'C0FD0E3614F1BD1B5216E4135DA566A1'.
  - Drednaw: Attempted to use detached Frame 'C0FD0E3614F1BD1B5216E4135DA566A1'.
  - Yamper: Attempted to use detached Frame 'C0FD0E3614F1BD1B5216E4135DA566A1'.
  - Boltund: Attempted to use detached Frame 'C0FD0E3614F1BD1B5216E4135DA566A1'.
  - Rolycoly: Attempted to use detached Frame 'C0FD0E3614F1BD1B5216E4135DA566A1'.
  - Carkol: Attempted to use detached Frame 'C0FD0E3614F1BD1B5216E4135DA566A1'.
  - Coalossal: Attempted to use detached Frame 'C0FD0E3614F1BD1B5216E4135DA566A1'.
  - Applin: Attempted to use detached Frame 'C0FD0E3614F1BD1B5216E4135DA566A1'.
  - Flapple: Attempted to use detached Frame 'C0FD0E3614F1BD1B5216E4135DA566A1'.
  - Appletun: Attempted to use detached Frame 'C0FD0E3614F1BD1B5216E4135DA566A1'.
  - Silicobra: Attempted to use detached Frame 'C0FD0E3614F1BD1B5216E4135DA566A1'.
  - Sandaconda: Attempted to use detached Frame 'C0FD0E3614F1BD1B5216E4135DA566A1'.
  - Cramorant: Attempted to use detached Frame 'C0FD0E3614F1BD1B5216E4135DA566A1'.
  - Arrokuda: Attempted to use detached Frame 'C0FD0E3614F1BD1B5216E4135DA566A1'.
  - Barraskewda: Attempted to use detached Frame 'C0FD0E3614F1BD1B5216E4135DA566A1'.
  - Toxel: Attempted to use detached Frame 'C0FD0E3614F1BD1B5216E4135DA566A1'.
  - Toxtricity: Attempted to use detached Frame 'C0FD0E3614F1BD1B5216E4135DA566A1'.
  - Sizzlipede: Attempted to use detached Frame 'C0FD0E3614F1BD1B5216E4135DA566A1'.
  - Centiskorch: Attempted to use detached Frame 'C0FD0E3614F1BD1B5216E4135DA566A1'.
  - Clobbopus: Attempted to use detached Frame 'C0FD0E3614F1BD1B5216E4135DA566A1'.
  - Grapploct: Attempted to use detached Frame 'C0FD0E3614F1BD1B5216E4135DA566A1'.
  - Sinistea: Attempted to use detached Frame 'C0FD0E3614F1BD1B5216E4135DA566A1'.
  - Polteageist: Attempted to use detached Frame 'C0FD0E3614F1BD1B5216E4135DA566A1'.
  - Hatenna: Attempted to use detached Frame 'C0FD0E3614F1BD1B5216E4135DA566A1'.
  - Hattrem: Attempted to use detached Frame 'C0FD0E3614F1BD1B5216E4135DA566A1'.
  - Hatterene: Attempted to use detached Frame 'C0FD0E3614F1BD1B5216E4135DA566A1'.
  - Impidimp: Attempted to use detached Frame 'C0FD0E3614F1BD1B5216E4135DA566A1'.
  - Morgrem: Attempted to use detached Frame 'C0FD0E3614F1BD1B5216E4135DA566A1'.
  - Grimmsnarl: Attempted to use detached Frame 'C0FD0E3614F1BD1B5216E4135DA566A1'.
  - Obstagoon: Attempted to use detached Frame 'C0FD0E3614F1BD1B5216E4135DA566A1'.
  - Perrserker: Attempted to use detached Frame 'C0FD0E3614F1BD1B5216E4135DA566A1'.
  - Cursola: Attempted to use detached Frame 'C0FD0E3614F1BD1B5216E4135DA566A1'.
  - Sirfetch'd: Attempted to use detached Frame 'C0FD0E3614F1BD1B5216E4135DA566A1'.
  - Mr.Rime: Attempted to use detached Frame 'C0FD0E3614F1BD1B5216E4135DA566A1'.
  - Runerigus: Attempted to use detached Frame 'C0FD0E3614F1BD1B5216E4135DA566A1'.
  - Milcery: Attempted to use detached Frame 'C0FD0E3614F1BD1B5216E4135DA566A1'.
  - Alcremie: Attempted to use detached Frame 'C0FD0E3614F1BD1B5216E4135DA566A1'.
  - Falinks: Attempted to use detached Frame 'C0FD0E3614F1BD1B5216E4135DA566A1'.
  - Pincurchin: Attempted to use detached Frame 'C0FD0E3614F1BD1B5216E4135DA566A1'.
  - Snom: Attempted to use detached Frame 'C0FD0E3614F1BD1B5216E4135DA566A1'.
  - Frosmoth: Attempted to use detached Frame 'C0FD0E3614F1BD1B5216E4135DA566A1'.
  - Stonjourner: Attempted to use detached Frame 'C0FD0E3614F1BD1B5216E4135DA566A1'.
  - Eiscue: Attempted to use detached Frame 'C0FD0E3614F1BD1B5216E4135DA566A1'.
  - Indeedee: Attempted to use detached Frame 'C0FD0E3614F1BD1B5216E4135DA566A1'.
  - Morpeko: Attempted to use detached Frame 'C0FD0E3614F1BD1B5216E4135DA566A1'.
  - Cufant: Attempted to use detached Frame 'C0FD0E3614F1BD1B5216E4135DA566A1'.
  - Copperajah: Attempted to use detached Frame 'C0FD0E3614F1BD1B5216E4135DA566A1'.
  - Dracozolt: Attempted to use detached Frame 'C0FD0E3614F1BD1B5216E4135DA566A1'.
  - Arctozolt: Attempted to use detached Frame 'C0FD0E3614F1BD1B5216E4135DA566A1'.
  - Dracovish: Attempted to use detached Frame 'C0FD0E3614F1BD1B5216E4135DA566A1'.
  - Arctovish: Attempted to use detached Frame 'C0FD0E3614F1BD1B5216E4135DA566A1'.
  - Duraludon: Attempted to use detached Frame 'C0FD0E3614F1BD1B5216E4135DA566A1'.
  - Dreepy: Attempted to use detached Frame 'C0FD0E3614F1BD1B5216E4135DA566A1'.
  - Drakloak: Attempted to use detached Frame 'C0FD0E3614F1BD1B5216E4135DA566A1'.
  - Dragapult: Attempted to use detached Frame 'C0FD0E3614F1BD1B5216E4135DA566A1'.
  - Zacian: Attempted to use detached Frame 'C0FD0E3614F1BD1B5216E4135DA566A1'.
  - Zamazenta: Attempted to use detached Frame 'C0FD0E3614F1BD1B5216E4135DA566A1'.
  - Eternatus: Attempted to use detached Frame 'C0FD0E3614F1BD1B5216E4135DA566A1'.
  - Kubfu: Attempted to use detached Frame 'C0FD0E3614F1BD1B5216E4135DA566A1'.
  - Urshifu: Attempted to use detached Frame 'C0FD0E3614F1BD1B5216E4135DA566A1'.
  - Zarude: Attempted to use detached Frame 'C0FD0E3614F1BD1B5216E4135DA566A1'.
  - Regieleki: Attempted to use detached Frame 'C0FD0E3614F1BD1B5216E4135DA566A1'.
  - Regidrago: Attempted to use detached Frame 'C0FD0E3614F1BD1B5216E4135DA566A1'.
  - Glastrier: Attempted to use detached Frame 'C0FD0E3614F1BD1B5216E4135DA566A1'.
  - Spectrier: Attempted to use detached Frame 'C0FD0E3614F1BD1B5216E4135DA566A1'.
  - Calyrex: Attempted to use detached Frame 'C0FD0E3614F1BD1B5216E4135DA566A1'.
  - Wyrdeer: Attempted to use detached Frame 'C0FD0E3614F1BD1B5216E4135DA566A1'.
  - Kleavor: Attempted to use detached Frame 'C0FD0E3614F1BD1B5216E4135DA566A1'.
  - Ursaluna: Attempted to use detached Frame 'C0FD0E3614F1BD1B5216E4135DA566A1'.
  - Sneasler: Attempted to use detached Frame 'C0FD0E3614F1BD1B5216E4135DA566A1'.
  - Overqwil: Attempted to use detached Frame 'C0FD0E3614F1BD1B5216E4135DA566A1'.
  - Enamorus: Attempted to use detached Frame 'C0FD0E3614F1BD1B5216E4135DA566A1'.
  - Enamorus: Attempted to use detached Frame 'C0FD0E3614F1BD1B5216E4135DA566A1'.
  - Sprigatito: Attempted to use detached Frame 'C0FD0E3614F1BD1B5216E4135DA566A1'.
  - Floragato: Attempted to use detached Frame 'C0FD0E3614F1BD1B5216E4135DA566A1'.
  - Meowscarada: Attempted to use detached Frame 'C0FD0E3614F1BD1B5216E4135DA566A1'.
  - Fuecoco: Attempted to use detached Frame 'C0FD0E3614F1BD1B5216E4135DA566A1'.
  - Crocalor: Attempted to use detached Frame 'C0FD0E3614F1BD1B5216E4135DA566A1'.
  - Skeledirge: Attempted to use detached Frame 'C0FD0E3614F1BD1B5216E4135DA566A1'.
  - Quaxly: Attempted to use detached Frame 'C0FD0E3614F1BD1B5216E4135DA566A1'.
  - Quaxwell: Attempted to use detached Frame 'C0FD0E3614F1BD1B5216E4135DA566A1'.
  - Quaquaval: Attempted to use detached Frame 'C0FD0E3614F1BD1B5216E4135DA566A1'.
  - Lechonk: Attempted to use detached Frame 'C0FD0E3614F1BD1B5216E4135DA566A1'.
  - Oinkologne: Attempted to use detached Frame 'C0FD0E3614F1BD1B5216E4135DA566A1'.
  - Tarountula: Attempted to use detached Frame 'C0FD0E3614F1BD1B5216E4135DA566A1'.
  - Spidops: Attempted to use detached Frame 'C0FD0E3614F1BD1B5216E4135DA566A1'.
  - Nymble: Attempted to use detached Frame 'C0FD0E3614F1BD1B5216E4135DA566A1'.
  - Lokix: Attempted to use detached Frame 'C0FD0E3614F1BD1B5216E4135DA566A1'.
  - Pawmi: Attempted to use detached Frame 'C0FD0E3614F1BD1B5216E4135DA566A1'.
  - Pawmo: Attempted to use detached Frame 'C0FD0E3614F1BD1B5216E4135DA566A1'.
  - Pawmot: Attempted to use detached Frame 'C0FD0E3614F1BD1B5216E4135DA566A1'.
  - Tandemaus: Attempted to use detached Frame 'C0FD0E3614F1BD1B5216E4135DA566A1'.
  - Maushold: Attempted to use detached Frame 'C0FD0E3614F1BD1B5216E4135DA566A1'.
  - Fidough: Attempted to use detached Frame 'C0FD0E3614F1BD1B5216E4135DA566A1'.
  - Dachsbun: Attempted to use detached Frame 'C0FD0E3614F1BD1B5216E4135DA566A1'.
  - Smoliv: Attempted to use detached Frame 'C0FD0E3614F1BD1B5216E4135DA566A1'.
  - Dolliv: Attempted to use detached Frame 'C0FD0E3614F1BD1B5216E4135DA566A1'.
  - Arboliva: Attempted to use detached Frame 'C0FD0E3614F1BD1B5216E4135DA566A1'.
  - Squawkabilly: Attempted to use detached Frame 'C0FD0E3614F1BD1B5216E4135DA566A1'.
  - Nacli: Attempted to use detached Frame 'C0FD0E3614F1BD1B5216E4135DA566A1'.
  - Naclstack: Attempted to use detached Frame 'C0FD0E3614F1BD1B5216E4135DA566A1'.
  - Garganacl: Attempted to use detached Frame 'C0FD0E3614F1BD1B5216E4135DA566A1'.
  - Charcadet: Attempted to use detached Frame 'C0FD0E3614F1BD1B5216E4135DA566A1'.
  - Armarouge: Attempted to use detached Frame 'C0FD0E3614F1BD1B5216E4135DA566A1'.
  - Ceruledge: Attempted to use detached Frame 'C0FD0E3614F1BD1B5216E4135DA566A1'.
  - Tadbulb: Attempted to use detached Frame 'C0FD0E3614F1BD1B5216E4135DA566A1'.
  - Bellibolt: Attempted to use detached Frame 'C0FD0E3614F1BD1B5216E4135DA566A1'.
  - Wattrel: Attempted to use detached Frame 'C0FD0E3614F1BD1B5216E4135DA566A1'.
  - Kilowattrel: Attempted to use detached Frame 'C0FD0E3614F1BD1B5216E4135DA566A1'.
  - Maschiff: Attempted to use detached Frame 'C0FD0E3614F1BD1B5216E4135DA566A1'.
  - Mabosstiff: Attempted to use detached Frame 'C0FD0E3614F1BD1B5216E4135DA566A1'.
  - Shroodle: Attempted to use detached Frame 'C0FD0E3614F1BD1B5216E4135DA566A1'.
  - Grafaiai: Attempted to use detached Frame 'C0FD0E3614F1BD1B5216E4135DA566A1'.
  - Bramblin: Attempted to use detached Frame 'C0FD0E3614F1BD1B5216E4135DA566A1'.
  - Brambleghast: Attempted to use detached Frame 'C0FD0E3614F1BD1B5216E4135DA566A1'.
  - Toedscool: Attempted to use detached Frame 'C0FD0E3614F1BD1B5216E4135DA566A1'.
  - Toedscruel: Attempted to use detached Frame 'C0FD0E3614F1BD1B5216E4135DA566A1'.
  - Klawf: Attempted to use detached Frame 'C0FD0E3614F1BD1B5216E4135DA566A1'.
  - Capsakid: Attempted to use detached Frame 'C0FD0E3614F1BD1B5216E4135DA566A1'.
  - Scovillain: Attempted to use detached Frame 'C0FD0E3614F1BD1B5216E4135DA566A1'.
  - Rellor: Attempted to use detached Frame 'C0FD0E3614F1BD1B5216E4135DA566A1'.
  - Rabsca: Attempted to use detached Frame 'C0FD0E3614F1BD1B5216E4135DA566A1'.
  - Flittle: Attempted to use detached Frame 'C0FD0E3614F1BD1B5216E4135DA566A1'.
  - Espathra: Attempted to use detached Frame 'C0FD0E3614F1BD1B5216E4135DA566A1'.
  - Tinkatink: Attempted to use detached Frame 'C0FD0E3614F1BD1B5216E4135DA566A1'.
  - Tinkatuff: Attempted to use detached Frame 'C0FD0E3614F1BD1B5216E4135DA566A1'.
  - Tinkaton: Attempted to use detached Frame 'C0FD0E3614F1BD1B5216E4135DA566A1'.
  - Wiglett: Attempted to use detached Frame 'C0FD0E3614F1BD1B5216E4135DA566A1'.
  - Wugtrio: Attempted to use detached Frame 'C0FD0E3614F1BD1B5216E4135DA566A1'.
  - Bombirdier: Attempted to use detached Frame 'C0FD0E3614F1BD1B5216E4135DA566A1'.
  - Finizen: Attempted to use detached Frame 'C0FD0E3614F1BD1B5216E4135DA566A1'.
  - Palafin: Attempted to use detached Frame 'C0FD0E3614F1BD1B5216E4135DA566A1'.
  - Varoom: Attempted to use detached Frame 'C0FD0E3614F1BD1B5216E4135DA566A1'.
  - Revavroom: Attempted to use detached Frame 'C0FD0E3614F1BD1B5216E4135DA566A1'.
  - Cyclizar: Attempted to use detached Frame 'C0FD0E3614F1BD1B5216E4135DA566A1'.
  - Orthworm: Attempted to use detached Frame 'C0FD0E3614F1BD1B5216E4135DA566A1'.
  - Glimmet: Attempted to use detached Frame 'C0FD0E3614F1BD1B5216E4135DA566A1'.
  - Glimmora: Attempted to use detached Frame 'C0FD0E3614F1BD1B5216E4135DA566A1'.
  - Greavard: Attempted to use detached Frame 'C0FD0E3614F1BD1B5216E4135DA566A1'.
  - Houndstone: Attempted to use detached Frame 'C0FD0E3614F1BD1B5216E4135DA566A1'.
  - Flamigo: Attempted to use detached Frame 'C0FD0E3614F1BD1B5216E4135DA566A1'.
  - Cetoddle: Attempted to use detached Frame 'C0FD0E3614F1BD1B5216E4135DA566A1'.
  - Cetitan: Attempted to use detached Frame 'C0FD0E3614F1BD1B5216E4135DA566A1'.
  - Veluza: Attempted to use detached Frame 'C0FD0E3614F1BD1B5216E4135DA566A1'.
  - Dondozo: Attempted to use detached Frame 'C0FD0E3614F1BD1B5216E4135DA566A1'.
  - Tatsugiri: Attempted to use detached Frame 'C0FD0E3614F1BD1B5216E4135DA566A1'.
  - Annihilape: Attempted to use detached Frame 'C0FD0E3614F1BD1B5216E4135DA566A1'.
  - Clodsire: Attempted to use detached Frame 'C0FD0E3614F1BD1B5216E4135DA566A1'.
  - Farigiraf: Attempted to use detached Frame 'C0FD0E3614F1BD1B5216E4135DA566A1'.
  - Dudunsparce: Attempted to use detached Frame 'C0FD0E3614F1BD1B5216E4135DA566A1'.
  - Kingambit: Attempted to use detached Frame 'C0FD0E3614F1BD1B5216E4135DA566A1'.
  - Great Tusk: Attempted to use detached Frame 'C0FD0E3614F1BD1B5216E4135DA566A1'.
  - Scream Tail: Attempted to use detached Frame 'C0FD0E3614F1BD1B5216E4135DA566A1'.
  - Brute Bonnet: Attempted to use detached Frame 'C0FD0E3614F1BD1B5216E4135DA566A1'.
  - Flutter Mane: Attempted to use detached Frame 'C0FD0E3614F1BD1B5216E4135DA566A1'.
  - Slither Wing: Attempted to use detached Frame 'C0FD0E3614F1BD1B5216E4135DA566A1'.
  - Sandy Shocks: Attempted to use detached Frame 'C0FD0E3614F1BD1B5216E4135DA566A1'.
  - Iron Treads: Attempted to use detached Frame 'C0FD0E3614F1BD1B5216E4135DA566A1'.
  - Iron Bundle: Attempted to use detached Frame 'C0FD0E3614F1BD1B5216E4135DA566A1'.
  - Iron Hands: Attempted to use detached Frame 'C0FD0E3614F1BD1B5216E4135DA566A1'.
  - Iron Jugulis: Attempted to use detached Frame 'C0FD0E3614F1BD1B5216E4135DA566A1'.
  - Iron Moth: Attempted to use detached Frame 'C0FD0E3614F1BD1B5216E4135DA566A1'.
  - Iron Thorns: Attempted to use detached Frame 'C0FD0E3614F1BD1B5216E4135DA566A1'.
  - Frigibax: Attempted to use detached Frame 'C0FD0E3614F1BD1B5216E4135DA566A1'.
  - Arctibax: Attempted to use detached Frame 'C0FD0E3614F1BD1B5216E4135DA566A1'.
  - Baxcalibur: Attempted to use detached Frame 'C0FD0E3614F1BD1B5216E4135DA566A1'.
  - Gimmighoul: Attempted to use detached Frame 'C0FD0E3614F1BD1B5216E4135DA566A1'.
  - Gholdengo: Attempted to use detached Frame 'C0FD0E3614F1BD1B5216E4135DA566A1'.
  - Wo-Chien: Attempted to use detached Frame 'C0FD0E3614F1BD1B5216E4135DA566A1'.
  - Chien-Pao: Attempted to use detached Frame 'C0FD0E3614F1BD1B5216E4135DA566A1'.
  - Ting-Lu: Attempted to use detached Frame 'C0FD0E3614F1BD1B5216E4135DA566A1'.
  - Chi-Yu: Attempted to use detached Frame 'C0FD0E3614F1BD1B5216E4135DA566A1'.
  - Roaring Moon: Attempted to use detached Frame 'C0FD0E3614F1BD1B5216E4135DA566A1'.
  - Iron Valiant: Attempted to use detached Frame 'C0FD0E3614F1BD1B5216E4135DA566A1'.
  - Koraidon: Attempted to use detached Frame 'C0FD0E3614F1BD1B5216E4135DA566A1'.
  - Miraidon: Attempted to use detached Frame 'C0FD0E3614F1BD1B5216E4135DA566A1'.
  - Walking Wake: Attempted to use detached Frame 'C0FD0E3614F1BD1B5216E4135DA566A1'.
  - Iron Leaves: Attempted to use detached Frame 'C0FD0E3614F1BD1B5216E4135DA566A1'.
  - Dipplin: Attempted to use detached Frame 'C0FD0E3614F1BD1B5216E4135DA566A1'.
  - Poltchageist: Attempted to use detached Frame 'C0FD0E3614F1BD1B5216E4135DA566A1'.
  - Sinistcha: Attempted to use detached Frame 'C0FD0E3614F1BD1B5216E4135DA566A1'.
  - Okidogi: Attempted to use detached Frame 'C0FD0E3614F1BD1B5216E4135DA566A1'.
  - Munkidori: Attempted to use detached Frame 'C0FD0E3614F1BD1B5216E4135DA566A1'.
  - Fezandipiti: Attempted to use detached Frame 'C0FD0E3614F1BD1B5216E4135DA566A1'.
  - Ogerpon: Attempted to use detached Frame 'C0FD0E3614F1BD1B5216E4135DA566A1'.
  - Archaludon: Attempted to use detached Frame 'C0FD0E3614F1BD1B5216E4135DA566A1'.
  - Hydrapple: Attempted to use detached Frame 'C0FD0E3614F1BD1B5216E4135DA566A1'.
  - Gouging Fire: Attempted to use detached Frame 'C0FD0E3614F1BD1B5216E4135DA566A1'.
  - Raging Bolt: Attempted to use detached Frame 'C0FD0E3614F1BD1B5216E4135DA566A1'.
  - Iron Boulder: Attempted to use detached Frame 'C0FD0E3614F1BD1B5216E4135DA566A1'.
  - Iron Crown: Attempted to use detached Frame 'C0FD0E3614F1BD1B5216E4135DA566A1'.
  - Terapagos: Attempted to use detached Frame 'C0FD0E3614F1BD1B5216E4135DA566A1'.
  - Pecharunt: Attempted to use detached Frame 'C0FD0E3614F1BD1B5216E4135DA566A1'.
==============================

